method,n,z_effect_scale,zx_influence_scale,n_strata,ARI_mean,ARI_sd,ARI_se,ARI_ci95,C1_heterogeneity_mean,C1_heterogeneity_sd,C1_heterogeneity_se,C1_heterogeneity_ci95,W_true_mean,W_true_sd,W_true_se,W_true_ci95,W_est_mean,W_est_sd,W_est_se,W_est_ci95,bias_crude_mean,bias_crude_sd,bias_crude_se,bias_crude_ci95,bias_stratified_mean,bias_stratified_sd,bias_stratified_se,bias_stratified_ci95,bias_reduction_mean,bias_reduction_sd,bias_reduction_se,bias_reduction_ci95,bias_reduction_relative_mean,bias_reduction_relative_sd,bias_reduction_relative_se,bias_reduction_relative_ci95,abs_bias_crude_mean,abs_bias_stratified_mean,abs_bias_crude_se,abs_bias_stratified_se
1A_predicted_prob,500,0.5,0.2,3,-0.0003340502742414603,0.003926542600964788,0.0007168853185178069,0.0014050952242949015,0.8429595937180968,0.20827081115877752,0.03802487378052037,0.07452875260981992,0.02323965331086999,0.02351778630127313,0.00429374068659776,0.00841573174573161,0.0813439542819345,0.08396180519298409,0.015329258224350594,0.030045346119727163,0.03740566224496585,0.027959704418825105,0.005104720270455793,0.010005251730093355,0.03656605774329002,0.027216285061910827,0.004968991086633148,0.009739222529800971,0.0008396045016758335,0.006188694265947596,0.001129895816987458,0.002214595801295418,0.022445919983379747,0.2721334648700358,0.029654739425434333,0.09738170974275408,0.03740566224496585,0.03656605774329002,0.005104720270455793,0.004968991086633148
1A_predicted_prob,500,0.5,0.2,5,0.0017381614359143732,0.0058538317811808365,0.0010687585714644632,0.0020947668000703477,0.8883628016504587,0.20418869220827476,0.03727958423665048,0.07306798510383494,0.02838077334596155,0.022492287619579325,0.004106511099712591,0.008048761755436678,0.1112358107416601,0.09550677134876573,0.017437071020735696,0.034176659200641966,0.021260353339676064,0.019418204887509213,0.0035452629477152877,0.006948715377521964,0.02156085581552369,0.021047300470221898,0.003842693747376541,0.00753167974485802,-0.0003005024758476366,0.005554414674839401,0.0010140927370490874,0.0019876217646162112,-0.014134406472296357,2.4286540784714274,0.047372693679270834,0.8690827004617387,0.021260353339676064,0.02156085581552369,0.0035452629477152877,0.003842693747376541
1A_predicted_prob,500,0.5,0.2,10,0.0008166694881358502,0.006236706413177185,0.001138661595678093,0.002231776727529062,0.965886117967149,0.09074903362765506,0.016568430929887183,0.03247412462257888,0.05464243317356041,0.023084676451425267,0.004214666008384643,0.008260745376433901,0.10067161030138845,0.10209869578316498,0.018640586257432347,0.0365355490645674,0.029780616170744848,0.024411775939357203,0.0044569601169159355,0.008735641829155233,0.032269261192454574,0.026241647619789935,0.004791047449153566,0.009390453000340988,-0.0024886450217096903,0.006307510723628712,0.001151588635012393,0.00225711372462429,-0.08356593454753503,1.223256548847328,0.038542773590352034,0.43773673420747305,0.029780616170744848,0.032269261192454574,0.0044569601169159355,0.004791047449153566
1A_predicted_prob,500,0.5,0.5,3,0.0051402579503884325,0.005802829363861793,0.0010594468466468192,0.0020765158194277654,0.9002362756040718,0.18879561887162716,0.034469206404712745,0.06755964455323697,0.05603232438280461,0.029248285493439115,0.005339981911035907,0.010466364545630378,0.06392385371686307,0.09889692602110169,0.018056025749892343,0.03538981046978899,0.03644767792403281,0.025685119100882142,0.004689439707919987,0.009191301827523174,0.036431183125019286,0.026332026865060924,0.0048075483662753035,0.009422794797899595,1.6494799013526998e-05,0.006226499620023709,0.0011367980987281104,0.0022281242735070965,0.00045256103963353667,0.48456352915867884,0.031188985946752543,0.17339883197015352,0.03644767792403281,0.036431183125019286,0.004689439707919987,0.0048075483662753035
1A_predicted_prob,500,0.5,0.5,5,0.003850918674111056,0.00837354248812079,0.001528792702323897,0.002996433696554838,0.9314589002216189,0.13063718537942495,0.02385097776043171,0.04674791641044615,0.07643002584527081,0.0500709724012411,0.009141667020126122,0.0179176673594472,0.07316415178962442,0.10082401564371764,0.018407862568772634,0.03607941063479436,0.03518681442283844,0.030662097081755824,0.005598107410696997,0.010972290524966113,0.036636912694357336,0.03071925650351083,0.00560854324558672,0.010992744761349971,-0.00145009827151889,0.005528025102542374,0.0010092746823724223,0.0019781783774499477,-0.041211411015874555,0.42684068860707597,0.02992883392696391,0.15274297875927412,0.03518681442283844,0.036636912694357336,0.005598107410696997,0.00560854324558672
1A_predicted_prob,500,0.5,0.5,10,0.005173608384729459,0.006822050767331671,0.0012455303645709946,0.002441239514559149,0.9724033090026606,0.07169797907534198,0.013090200155699398,0.02565679230517082,0.10962105432527804,0.05896114721121186,0.01076478344798785,0.021098975558056187,0.1265761187778158,0.1127599867862817,0.020587062782276982,0.040350643053262886,0.038508860331536436,0.032117354101472144,0.005863799776252453,0.011493047561454807,0.038743406656745354,0.03318361131653125,0.006058470819182623,0.01187460280559794,-0.0002345463252089067,0.007141027713887457,0.0013037673208885691,0.0025553839489415955,-0.006090710636191821,1.3913962128397235,0.033831313875529616,0.4979047402370562,0.038508860331536436,0.038743406656745354,0.005863799776252453,0.006058470819182623
1A_predicted_prob,500,0.5,1.0,3,0.01513208039514263,0.007476807084762054,0.0013650719661462058,0.0026755410536465634,0.8820052326925282,0.17834406984831822,0.03256102335106695,0.06381960576809122,0.1657021674201172,0.06491294390786378,0.011851427884134848,0.023228798652904302,0.09566209139784948,0.08319835475116957,0.015189871881510896,0.029772148887761356,0.035753982136974276,0.027290123632908687,0.004982472103616307,0.009765645323087963,0.037669552172641584,0.02721644365059929,0.004969020040833828,0.009739279280034303,-0.0019155700356673036,0.007706534251200268,0.001407014216522857,0.0027577478643847995,-0.0535764108268757,0.7630672464447382,0.04114553448418232,0.2730601072638094,0.035753982136974276,0.037669552172641584,0.004982472103616307,0.004969020040833828
1A_predicted_prob,500,0.5,1.0,5,0.016457182781185475,0.0084741056895369,0.0015471529469474102,0.003032419776016924,0.9342769001899863,0.1456873428022086,0.02659874799858585,0.05213354607722826,0.19780417701424347,0.061920576423310746,0.011305098826923285,0.022157993700769638,0.09164522259538581,0.10979002418060485,0.02004482427758497,0.03928785558406654,0.0337582410291938,0.026742598813398293,0.004882508205469711,0.009569716082720635,0.03576233672987585,0.028467003079423382,0.005197339910389738,0.010186786224363887,-0.0020040957006820168,0.008449147375954669,0.0015425962031653181,0.0030234885582040233,-0.059366117415564634,0.3598659000467701,0.046048216215079825,0.12877635847324337,0.0337582410291938,0.03576233672987585,0.004882508205469711,0.005197339910389738
1A_predicted_prob,500,0.5,1.0,10,0.013601559823102367,0.009571935997623151,0.0017475884216313052,0.003425273306397358,0.9617088168766664,0.07669690053193653,0.014002874170690538,0.027445633374553455,0.22563627031174366,0.06643455650411266,0.012129235065051352,0.02377330072750065,0.1425833011982469,0.13091419410288335,0.023901552402586335,0.04684704270906922,0.03359510694362512,0.03060793873724683,0.0055882194950420926,0.010952910210282501,0.035483340456856347,0.03177372254489735,0.005801061524583577,0.01137008058818381,-0.0018882335132312167,0.013600053243591221,0.0024830186482620712,0.004866716550593659,-0.0562056110254332,3.10170409968784,0.07573922236908338,1.1099305573754512,0.03359510694362512,0.035483340456856347,0.0055882194950420926,0.005801061524583577
1A_predicted_prob,500,1.0,0.2,3,-0.00017737648393119766,0.0032015871872815268,0.0005845271740978696,0.0011456732612318244,0.9324594792558359,0.16645284150529666,0.03038999201776105,0.05956438435481166,0.0188282091450992,0.013568391080199513,0.0024772379545590535,0.0048553863909357444,0.06936120144758082,0.09187067660450247,0.016773213983182707,0.03287549940703811,0.03772914445975032,0.029837808763294574,0.0054476136420605874,0.01067732273843875,0.03830397973096401,0.02898167830801075,0.005291306321218547,0.010370960389588353,-0.0005748352712136876,0.004300393155008619,0.0007851407790463437,0.0015388759269308336,-0.015235841666829453,0.2909046344181297,0.021504801229897327,0.10409888649768753,0.03772914445975032,0.03830397973096401,0.0054476136420605874,0.005291306321218547
1A_predicted_prob,500,1.0,0.2,5,-0.0010421416159927036,0.006277204633655162,0.0011460555253096283,0.0022462688296068715,0.9727605255235222,0.08713481024307111,0.01590856703802075,0.031180791394520672,0.0277815549826268,0.01837461520534274,0.0033547304111478794,0.006575271605849843,0.08475144055823315,0.12898491072969234,0.023549315061480877,0.04615665752050252,0.029760119919883147,0.020738875698393038,0.0037863833457685244,0.007421311357706308,0.0281057522521436,0.021243252226331846,0.003878469479711264,0.007601800180234077,0.0016543676677395335,0.008646445770916932,0.0015786177969921164,0.003094090882104548,0.05559008741205518,0.5451532577308909,0.05245620919456176,0.19508058788366917,0.029760119919883147,0.0281057522521436,0.0037863833457685244,0.003878469479711264
1A_predicted_prob,500,1.0,0.2,10,-0.0019838076816391364,0.004374266255546074,0.0007986281002320807,0.001565311076454878,0.9564409968275289,0.0988889948547212,0.018054577723647703,0.0353869723383495,0.04303675740316746,0.022193228552275613,0.004051910633983025,0.007941744842606728,0.1395224480624177,0.11814936605931484,0.02157102431520733,0.042279207657806364,0.042854425789660935,0.02687168045025314,0.004906075180224741,0.009615907353240492,0.04564546637639407,0.026890460630057417,0.004909503956262343,0.009622627754274192,-0.0027910405867331437,0.009821609348630763,0.0017931723304162302,0.003514617767615811,-0.06512840938371656,0.7779826485834122,0.04380976376915189,0.2783975153714763,0.042854425789660935,0.04564546637639407,0.004906075180224741,0.004909503956262343
1A_predicted_prob,500,1.0,0.5,3,0.0063155359895160764,0.006200785921696581,0.0011321034411912268,0.0022189227447348045,0.8379492076399474,0.2197585046780767,0.04012223007192906,0.07863957094098097,0.06451668300613463,0.03187459257944273,0.0058194777890158535,0.011406176466471072,0.08025540484035171,0.08645482564863408,0.01578441940431103,0.03093746203244962,0.03490482907580005,0.032826381304235853,0.005993249840531944,0.01174676968744261,0.03412405925341115,0.030424786610973805,0.005554780644703836,0.010887370063619518,0.0007807698223889069,0.007681111642294571,0.0014023727044000962,0.0027486505006241884,0.0223685330386052,0.5281547883749205,0.038728218232641054,0.18899776374557667,0.03490482907580005,0.03412405925341115,0.005993249840531944,0.005554780644703836
1A_predicted_prob,500,1.0,0.5,5,0.004092137144438227,0.0062490353625304675,0.0011409125435684702,0.0022361885853942015,0.9460699082456412,0.13018578873654343,0.02376856438586894,0.04658638619630312,0.08318119158687683,0.039377396216926416,0.0071892960546097295,0.014091020267035069,0.12260654672365255,0.1244668097296519,0.022724426449877946,0.04453987584176077,0.051432534722530586,0.031131904478528403,0.005683882113662037,0.011140408942777591,0.05266178030153145,0.02972238913828084,0.005426540997994317,0.010636020356068861,-0.00122924557900087,0.008920216353183406,0.0016286012381550071,0.003192058426783814,-0.023900155526699773,0.8256246305461893,0.03254892033232428,0.2954459796655842,0.051432534722530586,0.05266178030153145,0.005683882113662037,0.005426540997994317
1A_predicted_prob,500,1.0,0.5,10,0.00545811663277723,0.008233265561101743,0.001503181756581951,0.002946236242900624,0.9821865120029775,0.053181121361658104,0.0097094999344,0.019030619871424,0.09733303604042078,0.03395722491950742,0.006199712692896922,0.012151436878077966,0.13689033460689115,0.11723981012935064,0.02140496288182267,0.04195372724837243,0.04077344872733084,0.023004319088931312,0.004199994828351457,0.008231989863568856,0.03971884855422402,0.025788946926375407,0.0047083959886264435,0.009228456137707829,0.0010546001731068099,0.013696896327406626,0.002500699695443425,0.004901371403069113,0.02586487545263516,0.4663375370126574,0.061170506300114474,0.16687674444304543,0.04077344872733084,0.03971884855422402,0.004199994828351457,0.0047083959886264435
1A_predicted_prob,500,1.0,1.0,3,0.021529711415354463,0.00964197748387462,0.0017603761889583445,0.003450337330358355,0.8076744660392248,0.2304479866579412,0.042073853541401314,0.08246475294114658,0.1874693202344894,0.05031176051371559,0.00918562871371991,0.018003832278891026,0.10907061529065001,0.10792272888426563,0.01970390435914221,0.038619652543918734,0.026448393990883525,0.02001703971672223,0.0036545947291085285,0.007163005669052716,0.026996593394170553,0.018870481484858762,0.0034452627934135754,0.006752715075090608,-0.0005481994032870168,0.012260189625294285,0.0022383941390214965,0.004387252512482133,-0.02072713388480163,1.0430211646385408,0.08581005100132384,0.3732403302875211,0.026448393990883525,0.026996593394170553,0.0036545947291085285,0.0034452627934135754
1A_predicted_prob,500,1.0,1.0,5,0.01926638632095407,0.010813776236272221,0.0019743163921398703,0.0038696601285941458,0.8985211015990161,0.15929708317134456,0.02908353526590733,0.05700372912117837,0.20692550505098603,0.0612114325284141,0.01117562745767263,0.021904229817038354,0.11262641898408363,0.10880053639526442,0.019864169350782713,0.03893377192753412,0.032729600384954156,0.03512235745403471,0.006412435816778176,0.012568374200885224,0.03040120425596624,0.032259852823767886,0.005889816364458134,0.011544040074337942,0.0023283961289879366,0.009549067506840073,0.0017434132255453084,0.0034170899220688044,0.07114037756654934,7.288645385908885,0.04901863969239333,2.6082082544585856,0.032729600384954156,0.03040120425596624,0.006412435816778176,0.005889816364458134
1A_predicted_prob,500,1.0,1.0,10,0.0167746606450282,0.008709191377443713,0.0015900735250184703,0.0031165441090362017,0.9719672300259018,0.06715452498154113,0.012260682723644759,0.024030938138343727,0.23545401350897463,0.06504283985883626,0.011875143531626917,0.023275281321988757,0.09650534656378182,0.07392256646112694,0.013496352386478021,0.02645285067749692,0.03305925765326931,0.02118754967279045,0.00386829963134951,0.007581867277445039,0.03171741593202284,0.022930768257201303,0.00418656634513086,0.008205670036456485,0.0013418417212464626,0.015264578745779828,0.0027869180366258428,0.005462359351786652,0.040588985249454645,0.7316718242780059,0.08328216770767652,0.261825399727373,0.03305925765326931,0.03171741593202284,0.00386829963134951,0.00418656634513086
1A_predicted_prob,500,2.0,0.2,3,0.0009284236916356433,0.004476548809001648,0.0008173022541543627,0.0016019124181425508,0.8626777425897781,0.23612717231242175,0.04311072623847423,0.08449702342740949,0.011113014748187964,0.00864354063788583,0.0015780873946942208,0.0030930512936006727,0.07379614305989703,0.08992332822104374,0.016417678437535516,0.03217864973756961,0.04454653185695933,0.03402142672504265,0.006211434285271656,0.012174411199132446,0.04362893995223808,0.03480952682289749,0.00635532101899403,0.0124564291972283,0.0009175919047212463,0.006641761467073056,0.0012126141923615062,0.002376723817028552,0.020598503777301325,0.5621012977379441,0.02743636778607107,0.20114536611101308,0.04454653185695933,0.04362893995223808,0.006211434285271656,0.00635532101899403
1A_predicted_prob,500,2.0,0.2,5,0.00024909255745183834,0.00519026856518083,0.000947609057553171,0.001857313752804215,0.9746478524147204,0.09412310674915499,0.017184449582992978,0.033681521182666235,0.02175306101568152,0.014740300448279972,0.0026911983533088176,0.0052747487724852824,0.08205915218166154,0.07493635997704981,0.013681444912252497,0.02681563202801489,0.04622900012802579,0.03626476961273472,0.006621010786540898,0.01297718114162016,0.04614224400465712,0.037315294691181194,0.0068128095474375705,0.013353106712977639,8.675612336867673e-05,0.004703120279583405,0.0008586683559292782,0.001682989977621385,0.0018766601728008592,0.19688525928558165,0.018619602598146955,0.07045448519729815,0.04622900012802579,0.04614224400465712,0.006621010786540898,0.0068128095474375705
1A_predicted_prob,500,2.0,0.2,10,0.0011598951043897624,0.005583135354196538,0.0010193363916993464,0.001997899327730719,0.9901604253796942,0.0288381392299511,0.005265099790906292,0.010319595590176332,0.03892883650937238,0.018433004421916387,0.00336539077482536,0.006596165918657706,0.10258831163937968,0.0767160052599533,0.014006362200853799,0.027452469913673446,0.039167968607006484,0.03402854139728395,0.006212733240763595,0.012176957151896645,0.03983641551965602,0.032846894559806585,0.0059969950314665964,0.01175411026167453,-0.0006684469126495119,0.00760831399096686,0.0013890817324782353,0.002722600195657341,-0.017066162387853856,1.0159892402895399,0.036274550522270285,0.3635670803915568,0.039167968607006484,0.03983641551965602,0.006212733240763595,0.0059969950314665964
1A_predicted_prob,500,2.0,0.5,3,0.006107455250239222,0.00569799846502291,0.001040307430640953,0.002039002564056268,0.925489258587135,0.1613816708182897,0.029464127158350156,0.0577496892303663,0.04364770336482008,0.020709982682095868,0.0037811082268417494,0.007410972124609829,0.08520318406294959,0.07890155331529342,0.014405386857660908,0.02823455824101538,0.03467830773785526,0.02509182878192966,0.004581120210973417,0.008978995613507897,0.03290670287566609,0.02307560073127577,0.0042130090161674825,0.008257497671688265,0.0017716048621891334,0.009226950314116812,0.0016846029413403853,0.0033018217650271553,0.0510868314446401,0.6200220073391516,0.046338885427340125,0.22187202585193413,0.03467830773785526,0.03290670287566609,0.004581120210973417,0.0042130090161674825
1A_predicted_prob,500,2.0,0.5,5,0.0062257475373418214,0.00588186645095147,0.0010738769784729913,0.002104798877807063,0.940780793195572,0.14988056426692875,0.027364321993533208,0.053634071107325085,0.06046031268318468,0.03395743329131912,0.006199750736210792,0.012151511442973153,0.09155540476052175,0.09564743437198671,0.017462752457677363,0.03422699481704763,0.04182557898742069,0.031859268128682706,0.005816679939894973,0.011400692682194147,0.03906144318293522,0.03227917776662309,0.005893344600166232,0.011550955416325814,0.00276413580448546,0.011115993512631062,0.0020294934653163734,0.0039778071920200915,0.06608720958332226,0.6805358553407925,0.04813777133677341,0.24352662825200008,0.04182557898742069,0.03906144318293522,0.005816679939894973,0.005893344600166232
1A_predicted_prob,500,2.0,0.5,10,0.006445355190104162,0.008006721448274077,0.001461820649626715,0.0028651684732683615,0.9802712425451332,0.06697893698284112,0.012228624887739696,0.023968104779969805,0.08136435317664038,0.03462220677216893,0.006321121213241683,0.012389397577953699,0.14326055789494468,0.1455156243555605,0.026567396642996212,0.05207209742027257,0.03968155256518391,0.027148952983536513,0.004956697987243376,0.009715128054997017,0.03566937225212194,0.023852769373391255,0.004354899948258252,0.008535603898586173,0.004012180313061932,0.012196174107872486,0.002226706558047402,0.0043643448537729074,0.10110945902308788,1.8947432842649512,0.05128486786027369,0.6780251764825802,0.03968155256518391,0.03566937225212194,0.004956697987243376,0.004354899948258252
1A_predicted_prob,500,2.0,1.0,3,0.018483751842193443,0.009758583295941464,0.0017816654001600839,0.0034920641843137644,0.8674857774060438,0.20911049627541212,0.038178178607047746,0.07482923006981358,0.12532347241500114,0.04813466972092939,0.008788148134737975,0.01722477034408643,0.14620457434225512,0.13235577045594796,0.024164747031566174,0.0473629041818697,0.05111449521220334,0.03711324114989008,0.006775919786641255,0.013280802781816859,0.044907477082280614,0.03306935654332671,0.006037610846987035,0.011833717260094589,0.006207018129922698,0.015046381815009254,0.002747080909638697,0.005384278582891846,0.12143361886200987,0.5822011407776393,0.04854966365264296,0.20833800256864718,0.05111449521220334,0.044907477082280614,0.006775919786641255,0.006037610846987035
1A_predicted_prob,500,2.0,1.0,5,0.020191453821518917,0.007225748155581659,0.0013192350865544745,0.00258570076964677,0.9565720632897843,0.11122415160898641,0.02030665892520546,0.0398010514934027,0.15062647804970725,0.04033929956059353,0.007364914774431771,0.01443523295788627,0.14779199988857966,0.14750695427000216,0.02693096208085439,0.0527846856784746,0.038331364697195454,0.03512003162806649,0.006412011180995634,0.012567541914751443,0.032615632358026524,0.027606447111797668,0.005040224605234975,0.009878840226260552,0.005715732339168901,0.015661115357084653,0.002859315385588613,0.005604258155753682,0.14911371886498803,3.726588579511911,0.061338910679458104,1.333542596659341,0.038331364697195454,0.032615632358026524,0.006412011180995634,0.005040224605234975
1A_predicted_prob,500,2.0,1.0,10,0.02002374219645566,0.008910921473715283,0.0016269042331036796,0.0031887322968832117,0.963686668811704,0.0925878385167242,0.0169041492354185,0.03313213250142026,0.20346996783104462,0.04888732395142881,0.008925563368086717,0.017494104201449964,0.19711394986906847,0.14879716629363204,0.027166521490623215,0.0532463821216215,0.042536636978042705,0.03410060789502138,0.00622589072291399,0.012202745816911421,0.04075823259027174,0.0293298152026993,0.005354867131325454,0.01049553957739789,0.0017784043877709598,0.020254804761740578,0.003698004488622789,0.007248088797700666,0.041808768020118126,3.0895224252533526,0.08394285111469948,1.105571401163162,0.042536636978042705,0.04075823259027174,0.00622589072291399,0.005354867131325454
1A_predicted_prob,2000,0.5,0.2,3,0.0008778525122528041,0.0011420659017110297,0.0002085117521748696,0.0004086830342627444,0.8891647739747578,0.20486304701525487,0.037402704016498825,0.0733092998723377,0.02639557570679209,0.011961207316899362,0.002183807687487208,0.004280263067474928,0.05216307896852115,0.05731595157466894,0.010464413194106641,0.020510249860449015,0.014979145868401792,0.013057641224573743,0.0023839882155028067,0.004672616902385501,0.015572190903369072,0.012730601570420446,0.0023242792169099902,0.0045555872651435805,-0.0005930450349672599,0.0015611946069297499,0.0002850338342902784,0.0005586663152089456,-0.039591378585764,0.4443487739023193,0.02158093776319929,0.15900816661916126,0.014979145868401792,0.015572190903369072,0.0023839882155028067,0.0023242792169099902
1A_predicted_prob,2000,0.5,0.2,5,0.00048167423130495666,0.0011760278370900404,0.00021471232487607525,0.00042083615675710746,0.885387559342371,0.19161906850743035,0.03498469542321579,0.06857000302950295,0.030548380938179128,0.014071570063986471,0.002569105447853268,0.0050354466777924045,0.11238002563655919,0.135690487631778,0.024773580304933516,0.04855621739766969,0.02039103430384553,0.012483022968066387,0.002279077755155017,0.004466992400103833,0.019750414438531736,0.012380731591053986,0.002260401990279031,0.0044303879009469005,0.0006406198653137901,0.002090465894247449,0.000381665108658179,0.0007480636129700308,0.03141674207242051,0.24626888844091813,0.018581042215241397,0.08812618993506523,0.02039103430384553,0.019750414438531736,0.002279077755155017,0.002260401990279031
1A_predicted_prob,2000,0.5,0.2,10,0.0004402510247367922,0.0014858361788727226,0.00027127533064195703,0.0005316996480582358,0.9585740219671904,0.08074632023624574,0.014742193676309223,0.028894699605566076,0.03970682753651823,0.012391533839644276,0.0022623742020205914,0.004434253435960359,0.06339128225146796,0.09262198143459557,0.0169103828508509,0.03314435038766777,0.022311881522198058,0.018442690211195996,0.003367159149917254,0.006599631933837818,0.0218487376988889,0.018048843684631912,0.0032952529409858524,0.006458695764332271,0.00046314382330914667,0.0033918721420326567,0.0006192682947882176,0.0012137658577849064,0.020757721523770867,1.0879600412987696,0.027279880609381028,0.3893215007719443,0.022311881522198058,0.0218487376988889,0.003367159149917254,0.0032952529409858524
1A_predicted_prob,2000,0.5,0.5,3,0.006185911169403927,0.002764824196860501,0.0005047855267188668,0.0009893796323689789,0.8876341105263564,0.20255556344572054,0.03698141708246333,0.07248357748162812,0.0982909028474182,0.02189013319268672,0.0039965732454756995,0.007833283561132371,0.07086861714368681,0.06614400085773282,0.012076187104473774,0.023669326724768597,0.016807774525102688,0.012663609455223865,0.002312048186020606,0.004531614444600388,0.0171431391075332,0.012147027951451988,0.0022177337385520073,0.004346758127561934,-0.0003353645824305066,0.003824828809601008,0.000698315005871368,0.0013686974115078813,-0.019952943914712806,1.1552927020827028,0.042406545615132685,0.41341618398850405,0.016807774525102688,0.0171431391075332,0.002312048186020606,0.0022177337385520073
1A_predicted_prob,2000,0.5,0.5,5,0.006614459781251367,0.0027406384877422,0.0005003698405677496,0.0009807248875127893,0.8496389535235355,0.20408727595190293,0.037261068246212954,0.07303169376257738,0.1113210257142067,0.020042327893807863,0.003659211697451191,0.007172054927004334,0.09897821801589902,0.11369019818664737,0.02075689537135323,0.040683514927852334,0.015934254528852377,0.014480497672657204,0.002643765073071803,0.005181779543220734,0.014946895332631754,0.015066081359967584,0.0027506775380207855,0.00539132797452074,0.00098735919622061,0.003535912243133805,0.0006455662989743588,0.0012653099459897432,0.061964567870608445,0.42128797767619675,0.04226293148045856,0.15075596667160407,0.015934254528852377,0.014946895332631754,0.002643765073071803,0.0027506775380207855
1A_predicted_prob,2000,0.5,0.5,10,0.0057343721805566735,0.00265890799657487,0.00048544796268497505,0.0009514780068625511,0.923066541486384,0.12368971872500852,0.022582549692385434,0.04426179739707545,0.13255462532845033,0.02859676526784572,0.005221031136293122,0.01023322102713452,0.10673814703340552,0.11835131012475796,0.021607894088539827,0.04235147241353806,0.01895649647087424,0.015092680368674461,0.0027555338303794632,0.005400846307543748,0.018028208556991006,0.014011494585498009,0.0025581372162795856,0.005013948943907988,0.0009282879138832234,0.004029340909871223,0.0007356536360716197,0.0014418811267003747,0.048969381832212666,1.5399513322066156,0.03660605977298419,0.5510645069783342,0.01895649647087424,0.018028208556991006,0.0027555338303794632,0.0025581372162795856
1A_predicted_prob,2000,0.5,1.0,3,0.019476378237904646,0.005169282343776571,0.0009437775152665343,0.0018498039299224072,0.9031272525723576,0.1790121868652258,0.032683004271471396,0.06405868837208394,0.20651553466225678,0.025173342136223267,0.004596002445268256,0.009008164792725782,0.06511214089275676,0.0819064036865113,0.014953994967742178,0.02930983013677467,0.01998110868773969,0.015040633657421577,0.0027460314444470754,0.005382221631116267,0.019021303695882428,0.01358171803421177,0.0024796711123375027,0.004860155380181505,0.0009598049918572467,0.005711857085735767,0.0010428376570343998,0.0020439618077874237,0.04803562238997239,0.5561578356437761,0.049690892320080844,0.19901852551535995,0.01998110868773969,0.019021303695882428,0.0027460314444470754,0.0024796711123375027
1A_predicted_prob,2000,0.5,1.0,5,0.020895302875192773,0.003767240892137784,0.0006878009387265836,0.0013480898399041037,0.8703999586999285,0.19726837454048174,0.036016112872733215,0.0705915812305571,0.26734253085418863,0.03229683132606984,0.005896567684409313,0.011557272661442254,0.11753179571039317,0.13031872330566696,0.023792834806596,0.04663395622092816,0.020409193270566724,0.013826062000770158,0.0025242820130956085,0.004947592745667392,0.020006837405833606,0.013673210840049623,0.0024963753368731135,0.0048928956602713024,0.0004023558647331236,0.006946035575047246,0.0012681667898955815,0.0024856069081953397,0.01971444237893416,36.62887368540152,0.061515915476841536,13.107474110687843,0.020409193270566724,0.020006837405833606,0.0025242820130956085,0.0024963753368731135
1A_predicted_prob,2000,0.5,1.0,10,0.01768197881901037,0.00464351173167343,0.0008477853738258045,0.0016616593326985768,0.9259422481467117,0.1287028876847741,0.023497824933668202,0.04605573686998968,0.3144471990922441,0.042978982574502916,0.007846852751558902,0.015379831393055448,0.12373480806216827,0.15684205124308262,0.028635309810405844,0.05612520722839545,0.020448192588193057,0.013831815255705567,0.0025253324089313423,0.004949651521505431,0.02103833078096654,0.01437001364856209,0.002623593542324857,0.00514224334295672,-0.0005901381927734899,0.006133433084306429,0.0011198065517410388,0.002194820841412436,-0.028860164057444848,2.186570060245172,0.05534737490165761,0.7824540471003177,0.020448192588193057,0.02103833078096654,0.0025253324089313423,0.002623593542324857
1A_predicted_prob,2000,1.0,0.2,3,0.00137318631947603,0.001552022316975756,0.0002833592109196849,0.0005553840534025824,0.722855671689318,0.26086183353099873,0.04762663687236184,0.0933482082698292,0.02506351989505423,0.011172879081328142,0.002039879301707007,0.003998163431345734,0.08319569649264567,0.11843731868416628,0.02162359703124865,0.042382250181247354,0.01795063095412967,0.015730073036780305,0.0028719052778161214,0.005628934344519598,0.017473535034226804,0.01658717605526159,0.00302839016359211,0.005935644720640535,0.0004770959199028859,0.002608161679578978,0.0004761829951753225,0.000933318670543632,0.026578225641316844,0.28813651407726437,0.027914817955683072,0.10310832735533472,0.01795063095412967,0.017473535034226804,0.0028719052778161214,0.00302839016359211
1A_predicted_prob,2000,1.0,0.2,5,0.0009348026979417865,0.0015120233834437897,0.0002760564381958156,0.0005410706188637986,0.8814214532803673,0.19400376340197117,0.0354200791520516,0.06942335513802114,0.02634774862978493,0.010225853389264258,0.0018669768570135634,0.0036592746397465844,0.08720147822274012,0.09847538179578129,0.017979062656161,0.03523896280607556,0.021527234174434664,0.016314875732962753,0.0029786751539457768,0.005838203301733722,0.0208577929069249,0.016666112539519547,0.0030428019279381885,0.005963891778758849,0.0006694412675097551,0.0023330040319976507,0.0004259463116918725,0.0008348547709160701,0.031097411868394098,0.23218758066196313,0.020585256655963984,0.08308725866072356,0.021527234174434664,0.0208577929069249,0.0029786751539457768,0.0030428019279381885
1A_predicted_prob,2000,1.0,0.2,10,0.0005213403900408319,0.0014339848660347644,0.00026180861941608807,0.0005131448940555326,0.9344090611478056,0.12164019185455975,0.02220835899266618,0.04352838362562571,0.03419844184919475,0.008070667102514011,0.001473495475387261,0.0028880511317590316,0.09988980576103068,0.10351303815465947,0.018898808664399976,0.03704166498222395,0.015943672017012342,0.013734557645076681,0.0025075756798545105,0.004914848332514841,0.016162586379405944,0.013435001701724217,0.002452884497384882,0.004807653614874369,-0.0002189143623936,0.0025321703080827076,0.00046230893239390165,0.0009061255074920472,-0.013730485810296011,0.715235758590872,0.02952375729215346,0.2559438291574994,0.015943672017012342,0.016162586379405944,0.0025075756798545105,0.002452884497384882
1A_predicted_prob,2000,1.0,0.5,3,0.00691110270393409,0.0026584197806353905,0.0004853588270573129,0.0009513033010323333,0.8996208440326966,0.19905596688126892,0.03634248108895742,0.07123126293435654,0.0847488457034118,0.019627094126577496,0.0035834007304678837,0.007023465431717052,0.10301605253976345,0.0970636202056478,0.017721311433249176,0.034733770409168384,0.019752921684508727,0.012432790227408327,0.0022699065534271083,0.004449016844717132,0.018340666552902275,0.011585517993973157,0.002115216515227033,0.004145824369844985,0.00141225513160645,0.00439448049738726,0.0008023186989785081,0.0015725446499978758,0.07149601229442515,1.0338808287968575,0.038406374789466194,0.3699695031133947,0.019752921684508727,0.018340666552902275,0.0022699065534271083,0.002115216515227033
1A_predicted_prob,2000,1.0,0.5,5,0.007173015816978967,0.002614469658908851,0.0004773346693657384,0.0009355759519568472,0.9343023459395259,0.14496396167344777,0.026466677277953897,0.05187468746478964,0.10130428541111693,0.021551173486600406,0.0039346879531061,0.007711988388087956,0.11734192802674973,0.11164096328216946,0.0203827579770834,0.03995020563508347,0.016987081460628082,0.01316683247046412,0.0024039237183215577,0.004711690487910253,0.014526461058563355,0.011698271376315468,0.0021358023722083293,0.004186172649528325,0.0024606204020647233,0.004770314117235806,0.0008709362161317981,0.0017070349836183242,0.14485245200994923,2.391148976263199,0.04535508846732637,0.8556616720010962,0.016987081460628082,0.014526461058563355,0.0024039237183215577,0.0021358023722083293
1A_predicted_prob,2000,1.0,0.5,10,0.005822935691118423,0.0018526002335638619,0.0003382369793207555,0.0006629444794686809,0.9217503737243007,0.1539547593166219,0.028108164837664148,0.05509200308182173,0.11437437326228532,0.019743953336009708,0.0036047362054872976,0.007065282962755103,0.14440885317974822,0.1257397642537364,0.02295683508571772,0.04499539676800673,0.023596616915125032,0.015783838207177756,0.0028817214100277187,0.0056481739636543285,0.022176215493915085,0.015249093153780988,0.002784090767274481,0.0054568179038579825,0.0014204014212099365,0.005027473350488649,0.000917886853772903,0.0017990582333948899,0.06019512993404974,0.30892022445222117,0.0376337030847024,0.11054568259599981,0.023596616915125032,0.022176215493915085,0.0028817214100277187,0.002784090767274481
1A_predicted_prob,2000,1.0,1.0,3,0.021120121612086495,0.0036571428411155,0.0006676998766991637,0.0013086917583303608,0.8917478400795237,0.19810970405559508,0.03616971792397404,0.07089264713098911,0.21655637957703663,0.019748535783831206,0.0036055728421674395,0.007066922770648181,0.09414496634114528,0.0958233491220113,0.01749486994993948,0.03428994510188138,0.021490479534040426,0.018229431133752236,0.003328223547481025,0.006523318153062808,0.02067987110422467,0.01844535137284786,0.0033676450093392185,0.006600584218304868,0.0008106084298157581,0.0055787978615830435,0.001018544477516872,0.001996347175933069,0.03771942029175157,1.5849603216319903,0.0470877204985834,0.5671707669935431,0.021490479534040426,0.02067987110422467,0.003328223547481025,0.0033676450093392185
1A_predicted_prob,2000,1.0,1.0,5,0.02177425313106505,0.004191756536643845,0.0007653065368965215,0.001500000812317182,0.8864826567497107,0.18982536257670501,0.03465721102328611,0.06792813360564078,0.2575776877584357,0.028083710961559996,0.005127360664033837,0.01004962690150632,0.1244807274799603,0.1380301554305114,0.025200743248411765,0.049393456766887056,0.021001607039988917,0.013225986416286976,0.0024147237018190965,0.004732858455565429,0.01707521976179826,0.011896544517938687,0.002172001929613147,0.004257123782041768,0.003926387278190637,0.006570933723548843,0.001199682874753039,0.0023513784345159565,0.18695651579017114,1.6092069275499956,0.0514120945043668,0.5758473034896399,0.021001607039988917,0.01707521976179826,0.0024147237018190965,0.002172001929613147
1A_predicted_prob,2000,1.0,1.0,10,0.017996814815760587,0.002798511598128675,0.0005109359765783025,0.001001434514093473,0.8984273982942244,0.14760348825005398,0.02694858669366777,0.052819229919588824,0.2835350346438142,0.032392840093428306,0.005914096406942812,0.011591628957607911,0.13683163774360885,0.12341309896097134,0.02253204606418046,0.0441628102857937,0.016777336237707944,0.0158410522953747,0.0028921672255985712,0.005668647762173199,0.015387101424206986,0.012915949826396638,0.002358119023840791,0.0046219132867279505,0.001390234813500957,0.008868609167401028,0.001619179098227551,0.003173591032526,0.08286385835054866,7.252986362741664,0.08899981503441483,2.595447836898625,0.016777336237707944,0.015387101424206986,0.0028921672255985712,0.002358119023840791
1A_predicted_prob,2000,2.0,0.2,3,0.0009409877064387704,0.0014652924834715594,0.0002675245821800463,0.0005243481810728907,0.803441542775158,0.250390365358712,0.045714817096308896,0.08960104150876544,0.010931241321348492,0.006319698865292363,0.0011538138750534766,0.002261475195104814,0.07557478958845394,0.10580519992553271,0.019317298233519395,0.03786190453769801,0.02737676445734959,0.017005031513361007,0.003104679783651345,0.006085172375956636,0.02730717597302236,0.01653606522162795,0.0030190586447540976,0.005917354943718031,6.958848432722875e-05,0.0021560463363676607,0.0003936384044849796,0.00077153127279056,0.0025418812524629075,0.30865927671420157,0.014301128854222375,0.11045230364720353,0.02737676445734959,0.02730717597302236,0.003104679783651345,0.0030190586447540976
1A_predicted_prob,2000,2.0,0.2,5,0.0010692385317163636,0.001433345968621179,0.0002616919732409706,0.0005129162675523023,0.8083646377391016,0.23896016089660835,0.0436279568227121,0.08551079537251571,0.015426705270355758,0.006873690031376034,0.0012549583611610156,0.0024597183878755906,0.07844873981437825,0.08952032414622464,0.016344100296687213,0.03203443658150694,0.02625393628578978,0.016143549594091307,0.002947395423629059,0.005776895030312956,0.024647441928308186,0.015871493359691218,0.0028977249781321117,0.005679540957138939,0.0016064943574815743,0.0028106094929274054,0.0005131447398714989,0.0010057636901481379,0.061190609285935005,0.1778842749135355,0.019495240952958015,0.0636550702637879,0.02625393628578978,0.024647441928308186,0.002947395423629059,0.0028977249781321117
1A_predicted_prob,2000,2.0,0.2,10,0.0012316744782172302,0.0018641408634386,0.00034034400042415953,0.0006670742408313527,0.8928659547592536,0.15163764052508524,0.027685118760816235,0.054262832771199816,0.0206408696231362,0.00772395451399572,0.0014101947068197694,0.002763981625366748,0.14796468552491165,0.16576477429668166,0.030264368707348367,0.0593181626664028,0.027840431018423806,0.019136473727872572,0.003493826110620262,0.006847899176815713,0.027935337420051998,0.01812263095562223,0.0033087245919119004,0.006485100200147325,-9.490640162816485e-05,0.004137563232278026,0.0007554122384742207,0.0014806079874094726,-0.0034089415341804763,0.5411191930325386,0.027284889265251622,0.19363701637097028,0.027840431018423806,0.027935337420051998,0.003493826110620262,0.0033087245919119004
1A_predicted_prob,2000,2.0,0.5,3,0.007342220230768502,0.0029541971330087078,0.0005393601363553196,0.0010571458672564264,0.8386475770499505,0.2310977806391998,0.04219248914849013,0.08269727873104066,0.05492706404244692,0.016427610791648884,0.0029992576655004646,0.00587854502438091,0.09569545003892392,0.09605955395225259,0.01753799485451109,0.03437446991484174,0.02554123621379747,0.019449930279751226,0.003551055185374171,0.006960068163333374,0.024077810842274474,0.0187948711221399,0.003431458292999486,0.006725658254278992,0.0014634253715229632,0.004644652727159749,0.0008479936901477608,0.0016620676326896111,0.05729657559536794,0.6583221746538511,0.03208205266290649,0.23557756470699637,0.02554123621379747,0.024077810842274474,0.003551055185374171,0.003431458292999486
1A_predicted_prob,2000,2.0,0.5,5,0.00828860173139932,0.0026006298031252535,0.00047480786896397347,0.000930623423169388,0.9017440580038574,0.19482198205219597,0.03556946475595145,0.06971615092166485,0.0641982001922031,0.015426250623921419,0.002816435148149968,0.005520212890373937,0.10452849607993797,0.13952589865958348,0.025473827350677897,0.04992870160732868,0.024993987412729284,0.01780697207101813,0.003251093428053705,0.006372143118985261,0.02275172019773874,0.015732614980715556,0.002872369371160538,0.005629843967474655,0.0022422672149905233,0.005143580045168142,0.0009390849390240109,0.0018406064804870612,0.08971226471245519,1.2697168053627579,0.032987450870086726,0.4543623234811782,0.024993987412729284,0.02275172019773874,0.003251093428053705,0.002872369371160538
1A_predicted_prob,2000,2.0,0.5,10,0.006888948208282677,0.0023869595644504774,0.0004357971991007443,0.0008541625102374587,0.9180015139531197,0.14917470422703327,0.027235450171435794,0.053381482336014155,0.07004268689188829,0.015436454744454391,0.0028182981571484383,0.005523864388010939,0.1585137561354318,0.14575865434806035,0.02661176764601037,0.052159064586180325,0.024688305712769396,0.019598230501888966,0.0035781309776901265,0.007013136716272648,0.019738272447397336,0.017140112608435336,0.003129342104606249,0.0061335105250282474,0.004950033265372031,0.008188122030246173,0.0014949397131902755,0.00293008183785294,0.20050113292350324,1.734104886611142,0.05277928220400024,0.6205414641382156,0.024688305712769396,0.019738272447397336,0.0035781309776901265,0.003129342104606249
1A_predicted_prob,2000,2.0,1.0,3,0.023130818152465763,0.003756164664893191,0.0006857787055552779,0.0013441262628883447,0.8608714801709425,0.22653495195983936,0.041359434417251054,0.08106449145781207,0.15832087846472073,0.02126588247788125,0.0038826011794631386,0.007609898311747751,0.11144944023201002,0.13661408920781618,0.02494220611071466,0.04888672397700074,0.02616806231489193,0.020640113033875026,0.0037683518327032476,0.007385969592098365,0.02260059727942983,0.016494478635706036,0.0030114660076877445,0.005902473375067979,0.00356746503546207,0.010402119716119339,0.0018991585381292655,0.0037223507347333602,0.13632897203213623,1.0776520849503006,0.0625532967145989,0.38563284596557207,0.02616806231489193,0.02260059727942983,0.0037683518327032476,0.0030114660076877445
1A_predicted_prob,2000,2.0,1.0,5,0.022974177089869773,0.0037150734243225274,0.0006782765057631366,0.0013294219512957476,0.9467721538885306,0.1414642249578233,0.02582771569646171,0.050622322765064946,0.16353111586614552,0.020666816592013637,0.0037732272130893037,0.007395525337655035,0.17044262408960817,0.14722005779263106,0.026878582190079416,0.05268202109255565,0.03202407342222617,0.021248603042573696,0.003879446400630173,0.007603714945235139,0.024932762740810153,0.01687427408147291,0.0030808068519824934,0.006038381429885687,0.007091310681416,0.009588638091256334,0.0017506377927781246,0.0034312500738451243,0.2214368730648214,8.13233711621854,0.042965116361398575,2.910119462742412,0.03202407342222617,0.024932762740810153,0.003879446400630173,0.0030808068519824934
1A_predicted_prob,2000,2.0,1.0,10,0.018661773827684587,0.003948175031784819,0.0007208348419624071,0.0014128362902463179,0.95856704425411,0.10652866005249914,0.019449383377184416,0.03812079141928146,0.192001961930559,0.024766468279358418,0.004521717782113588,0.008862566852942632,0.14469390782516364,0.12950613449787085,0.023644477066593946,0.046343175050524134,0.03131467766652145,0.018727617145086015,0.003419179452894703,0.006701591727673618,0.023994663557928498,0.01900615757039886,0.0034700337442683457,0.006801266138765957,0.007320014108592923,0.006722525397554299,0.001227359601213958,0.0024056248183793576,0.2337566487685353,0.3165096629832784,0.043727111932094304,0.11326152829507562,0.03131467766652145,0.023994663557928498,0.003419179452894703,0.0034700337442683457
1A_predicted_prob,10000,0.5,0.2,3,0.0013305953155341335,0.0006230705102933918,0.0001137565911346485,0.00022296291862391107,0.7850288085744683,0.2684949383418101,0.04902024476858937,0.09607967974643516,0.03662406175233289,0.005263666844051441,0.0009610096885596672,0.0018835789895769476,0.10441730904949302,0.12574830916742877,0.022958395166378136,0.04499845452610115,0.008755299425527914,0.0045119580274468486,0.0008237670633830507,0.0016145834442307795,0.008068072053708939,0.00473354671869647,0.000864223438278206,0.0016938779390252836,0.0006872273718189465,0.0014492642958548634,0.0002645982488755165,0.0005186125677960124,0.07849273204925689,0.20605882612250206,0.031082416690162706,0.07373720393034838,0.008755299425527914,0.008068072053708939,0.0008237670633830507,0.000864223438278206
1A_predicted_prob,10000,0.5,0.2,5,0.0013191255728411567,0.0005360618235665196,9.78710509949124e-05,0.00019182725995002832,0.874399366334155,0.15753617365756303,0.028762038645099467,0.056373595744394954,0.04152569681605335,0.006275379161425149,0.001145722241203469,0.002245615592758799,0.08154832196114523,0.0766796578304299,0.013999726098501367,0.027439463153062678,0.010691209229192809,0.006552117104326271,0.0011962474458183095,0.0023446449938038863,0.01013427144734706,0.006618647512229315,0.0012083941808744818,0.0023684525945139845,0.0005569377818457471,0.001265579191358532,0.00023106209047207173,0.0004528816973252606,0.0520930579419403,0.2701091759989299,0.022137004636702453,0.09665732727338132,0.010691209229192809,0.01013427144734706,0.0011962474458183095,0.0012083941808744818
1A_predicted_prob,10000,0.5,0.2,10,0.0010869737454433101,0.00041155808789905,7.51398828220012e-05,0.00014727417033112233,0.9068008840868613,0.12267943829886246,0.022398098566116725,0.04390027318958878,0.04573187552485694,0.006781863815100786,0.0012381932644862485,0.002426858798393047,0.07124746986241529,0.11521452250463625,0.021035197642658626,0.04122898737961091,0.009164545048220486,0.006279846976156843,0.0011465379488405701,0.002247214379727517,0.009086570758759276,0.005943212285509433,0.0010850771442717834,0.0021267512027726954,7.797428946119333e-05,0.0014031619776222676,0.0002561811556590917,0.0005021150650918198,0.008508255352659422,0.7875474479745108,0.02760414522558097,0.28182023487602703,0.009164545048220486,0.009086570758759276,0.0011465379488405701,0.0010850771442717834
1A_predicted_prob,10000,0.5,0.5,3,0.007439231976467168,0.0009456329241956037,0.00017264816123383498,0.00033839039601831655,0.8522895737286788,0.22877531408926816,0.041768466709007204,0.08186619474965412,0.11349899374879707,0.006571402520136815,0.00119976846490841,0.002351546191220484,0.10673902124927888,0.10425523816999364,0.01903431522792638,0.0373072578467357,0.009604178445154097,0.007529275763143734,0.0013746513923835824,0.0026943167290718216,0.00872256916789019,0.007143222811005663,0.0013041680889577544,0.0025561694543571986,0.0008816092772638734,0.0018708552288556077,0.0003415698702235688,0.0006694769456381948,0.09179434579422385,0.535495643174124,0.03366698437317528,0.1916246548986406,0.009604178445154097,0.00872256916789019,0.0013746513923835824,0.0013041680889577544
1A_predicted_prob,10000,0.5,0.5,5,0.007751260570009035,0.0012022141871701262,0.00021949327642193866,0.00043020682178699976,0.859123929873167,0.23258395316605954,0.04246382588759197,0.08322909873968026,0.13098490594545967,0.01293496179919115,0.002361590119294867,0.00462871663381794,0.11337499697371592,0.13778658872174673,0.025156274254862533,0.049306297539530565,0.007860905759720095,0.0058691879182217205,0.0010715622056822742,0.0021002619231372576,0.007380368330339088,0.005700185760408015,0.0010407067743150693,0.0020397852776575355,0.0004805374293810041,0.0023590851223946425,0.0004307080455367938,0.0008441877692521158,0.061130033111873705,5.221047810083477,0.05313677274628573,1.8683279641385035,0.007860905759720095,0.007380368330339088,0.0010715622056822742,0.0010407067743150693
1A_predicted_prob,10000,0.5,0.5,10,0.005897775314790812,0.0009972865260109264,0.00018207877553071567,0.0003568744000402027,0.9140119341055404,0.15389749068855993,0.028097709064521845,0.055071509766462814,0.14108170708210332,0.01105671029881916,0.00201866988082098,0.00395659296640912,0.09060360359766964,0.12964352606834686,0.023669561220714206,0.04639233999259984,0.0078067074889041094,0.005652457504680558,0.0010319928268843015,0.002022705940693231,0.007270027245985913,0.005776998408446815,0.001054730780992588,0.0020672723307454724,0.0005366802429181973,0.0025268492425291264,0.0004613374431826816,0.000904221388638056,0.0687460422567382,1.1246876334565281,0.058208697131081955,0.40246430083427837,0.0078067074889041094,0.007270027245985913,0.0010319928268843015,0.001054730780992588
1A_predicted_prob,10000,0.5,1.0,3,0.022284662102828198,0.0022491882970385384,0.0004106437221215458,0.0008048616953582298,0.8394086869616931,0.23420224066499007,0.04275928341015626,0.08380819548390626,0.24437923292245906,0.011856434343604047,0.002164678847190298,0.0042427705404929844,0.10272620872265992,0.12815524753247065,0.02339783997873082,0.045859766358312404,0.009142303606812573,0.00898724195006759,0.0016408383819362456,0.0032160432285950414,0.007402173397818785,0.008327827711805572,0.0015204463642575145,0.0029800748739447283,0.0017401302089937634,0.0031468402010305717,0.0005745317876561785,0.0011260823038061099,0.19033826525921704,0.7415950127473762,0.0591427327387452,0.26537636711651186,0.009142303606812573,0.007402173397818785,0.0016408383819362456,0.0015204463642575145
1A_predicted_prob,10000,0.5,1.0,5,0.022191131648329584,0.0021384805550383273,0.00039043134626021994,0.0007652454386700311,0.8430492086581826,0.20643783222385634,0.03769021914382433,0.0738728295218957,0.2983311180983041,0.016898502945288413,0.0030852304170673173,0.0060470516174519415,0.12329063202329375,0.1533559124204653,0.02799883085315851,0.05487770847219068,0.008831800715457134,0.006551899140187456,0.001196207651193124,0.002344566996338523,0.007917394613247638,0.005994101466545928,0.001094368195067334,0.0021449616623319748,0.00091440610220948,0.0039279812247633725,0.0007171479740865563,0.0014056100292096504,0.10353563578593117,1.7416356505852553,0.07614389408399762,0.6232363134167435,0.008831800715457134,0.007917394613247638,0.001196207651193124,0.001094368195067334
1A_predicted_prob,10000,0.5,1.0,10,0.01856445383915888,0.0018954863513489834,0.00034606687735900035,0.0006782910796236407,0.8751726706751317,0.18136093748208115,0.033111825503073344,0.06489917798602375,0.3381747926885633,0.02137042071044991,0.0039016871621629975,0.007647306837839475,0.12027658757120943,0.1607526235808209,0.0293492793711175,0.057524587567390296,0.0081446740788962,0.0054562899254349114,0.000996177690816294,0.001952508273999936,0.007642191757067873,0.00497166043524697,0.0009076968562135725,0.0017790858381786022,0.0005024823218283226,0.0035908618062894864,0.0006555986707294993,0.0012849733946298184,0.06169458924456128,1.5081820279625684,0.0773294304606829,0.5396960074588042,0.0081446740788962,0.007642191757067873,0.000996177690816294,0.0009076968562135725
1A_predicted_prob,10000,1.0,0.2,3,0.0011582647190067766,0.00043450470728414705,7.93293431739022e-05,0.00015548551262084832,0.8554810229489846,0.23223402821868522,0.04239993862522173,0.08310387970543458,0.026222326073683456,0.004849579691833283,0.0008854080638786804,0.0017353998052022136,0.11972512068369298,0.12877525317693167,0.023511037004481428,0.0460816325287836,0.010186001567935072,0.006384852389712924,0.0011657092267288447,0.0022847900843885357,0.009311171875598611,0.006723389818087801,0.0012275174220890814,0.0024059341472945995,0.0008748296923364333,0.00141913723241808,0.0002590978247969447,0.0005078317366020115,0.0858854857327308,0.3188113901203207,0.028469400654395835,0.11408519077287314,0.010186001567935072,0.009311171875598611,0.0011657092267288447,0.0012275174220890814
1A_predicted_prob,10000,1.0,0.2,5,0.0013919478208776531,0.0005218577813182612,9.52777595458699e-05,0.000186744408709905,0.8921205331891823,0.1644820288211958,0.030030172496527938,0.058859138093194756,0.031139275885892163,0.004432617815744158,0.0008092815888274511,0.0015861919141018043,0.09015887795313346,0.09392237314873705,0.017147800809326933,0.033609689586280786,0.012429654215470192,0.008578122576391296,0.0015661437453779485,0.003069641740940779,0.011739118281386369,0.007734020498355853,0.001412032495718949,0.0027675836916091403,0.0006905359340838037,0.0017371285025119271,0.00031715482203698405,0.0006216234511924887,0.055555522471764984,0.5824252759663525,0.022335031810336366,0.20841820831585592,0.012429654215470192,0.011739118281386369,0.0015661437453779485,0.001412032495718949
1A_predicted_prob,10000,1.0,0.2,10,0.0009690016855276885,0.00035700513183761973,6.517992128419003e-05,0.00012775264571701246,0.8813918827183057,0.17147569295302786,0.031307035031401004,0.061361788661545964,0.032556700245059945,0.004170108269205791,0.0007613541220942791,0.001492254079304787,0.06015987992044782,0.07403351180415339,0.013516608142153268,0.026492551958620405,0.009597526877213543,0.006750118597006845,0.001232397407138591,0.0024154989179916383,0.008348550265278715,0.006816023291387825,0.0012444299030579067,0.002439082609993497,0.0012489766119347975,0.0018547684865696265,0.0003386328463479674,0.0006637203788420162,0.13013525545837745,0.37500230546912766,0.03747330344464564,0.13419285159029765,0.009597526877213543,0.008348550265278715,0.001232397407138591,0.0012444299030579067
1A_predicted_prob,10000,1.0,0.5,3,0.007608574289516836,0.001051246684406519,0.00019193050751732159,0.0003761837947339503,0.85499669341992,0.25839041240810423,0.04717541917299382,0.09246382157906788,0.09553082734111519,0.008532923660301969,0.0015578915900723125,0.0030534675165417324,0.12058009281628278,0.13291238916886602,0.024266371239897746,0.04756208763019958,0.011706322970318773,0.008077407100138791,0.0014747260249661355,0.0028904630089336253,0.010547652813953375,0.007694919312350721,0.001404893628518877,0.002753591511896999,0.001158670156365369,0.002656940375885798,0.0004850887259396356,0.0009507739028416858,0.09897814704952113,1.7499363952637652,0.039463891168376744,0.6262066967516906,0.011706322970318773,0.010547652813953375,0.0014747260249661355,0.001404893628518877
1A_predicted_prob,10000,1.0,0.5,5,0.007530147754523237,0.0010603364089830606,0.00019359005658134857,0.00037943651089944317,0.8625685828963872,0.19915789287185562,0.036361090143704214,0.07126773668166025,0.10660230407361793,0.007691058194311373,0.0014041886880364301,0.002752209828551403,0.11931881555075155,0.10550052186937692,0.019261671885474944,0.03775287689553089,0.010642870479296289,0.0077303446799649395,0.0014113613861689504,0.0027662683168911428,0.008642039527660237,0.007256802911391467,0.0013249048833127565,0.002596813571293003,0.00200083095163601,0.002606304274723362,0.0004758438809960423,0.0009326540067522429,0.18799730350268695,0.39102007092345276,0.043035826606391984,0.13992473534426939,0.010642870479296289,0.008642039527660237,0.0014113613861689504,0.0013249048833127565
1A_predicted_prob,10000,1.0,0.5,10,0.006309111446755597,0.0009406703731560254,0.00017174212751811907,0.0003366145699355134,0.8433670426745372,0.2186705691255335,0.03992360112418247,0.07825025820339765,0.11683322761292655,0.009234076694831339,0.0016859040344972907,0.0033043719076146895,0.18356933049465501,0.16826192946972232,0.03072028477997006,0.06021175816874132,0.012296833443721927,0.008779229642891144,0.0016028607043098346,0.003141606980447276,0.010402601241634085,0.007013945572181237,0.001280565402332381,0.0025099081885714665,0.0018942322020878263,0.0038283394228504765,0.0006989559532271715,0.0013699536683252562,0.15404227525379155,1.0659926094487893,0.04679313521790127,0.38146055624154573,0.012296833443721927,0.010402601241634085,0.0016028607043098346,0.001280565402332381
1A_predicted_prob,10000,1.0,1.0,3,0.022601039817787945,0.002612771611138552,0.000477024649676567,0.0009349683133660713,0.808886391924598,0.2366213079370883,0.04320094264783982,0.08467384758976605,0.2281868468360129,0.011990328574407816,0.0021891244773673073,0.004290683975639922,0.11650573673002965,0.08915426605287101,0.01627726753832484,0.03190344437511669,0.013989392531575964,0.008894543617344677,0.0016239140593110927,0.0031828715562497415,0.009989850292394912,0.006734203539206255,0.0012294917284181304,0.0024098037876995357,0.003999542239181004,0.004579245864357133,0.0008360520854235479,0.0016386620874301538,0.28589820681302214,4.551626249432607,0.044808457087507705,1.6287785351626247,0.013989392531575964,0.009989850292394912,0.0016239140593110927,0.0012294917284181304
1A_predicted_prob,10000,1.0,1.0,5,0.02269005307917239,0.0020864799533205536,0.00038093737873866443,0.0007466372623277823,0.8681130728934305,0.21826627660944803,0.039849787747218965,0.07810558398454917,0.26468981170016137,0.015650514360170543,0.0028573799172079794,0.005600464637727639,0.16293263388334503,0.170292375399325,0.031090991792449375,0.06093834391320078,0.01221864266589868,0.006846948081696172,0.0012500759714705728,0.0024501489040823225,0.008813691477163882,0.006366622964838692,0.0011623810043241906,0.0022782667684754137,0.0034049511887347564,0.0040761503222850074,0.0007441998264324838,0.0014586316598076683,0.2786685298717969,0.6240380078039032,0.055622247892412886,0.223309133161658,0.01221864266589868,0.008813691477163882,0.0012500759714705728,0.0011623810043241906
1A_predicted_prob,10000,1.0,1.0,10,0.019598358057868172,0.0018719694993093725,0.0003417733072444649,0.0006698756821991512,0.9233737378425286,0.11787533121730794,0.021520992627037484,0.042181145548993465,0.29178995824699766,0.016398992754025427,0.0029940327505811647,0.005868304191139082,0.14194354266480752,0.13350396911298934,0.024374378466552406,0.047773781794442714,0.014564627784353181,0.01127578012844186,0.0020586663766053686,0.004034986098146522,0.00991886926214741,0.007798266501532397,0.001423762157442063,0.002790573828586443,0.004645758522205739,0.007040223650278293,0.0012853631010462609,0.0025193116780506714,0.318975437683119,13.86009833592625,0.06334226719470963,4.959772491780059,0.014564627784353181,0.00991886926214741,0.0020586663766053686,0.001423762157442063
1A_predicted_prob,10000,2.0,0.2,3,0.0014479765220741596,0.0006047844054702722,0.00011041802043447295,0.00021641932005156698,0.9012324098112863,0.1747386815442574,0.03190277251683381,0.06252943413299426,0.014067318711491073,0.003481082302654545,0.0006355557672319734,0.0012456893037746679,0.0910245049113471,0.11029289579828577,0.020136635653762624,0.03946780588137474,0.02013620679954496,0.011177033705920445,0.002040637828909397,0.003999650144662418,0.01902623340487972,0.010814027054363929,0.001974362185048756,0.003869749882695562,0.001109973394665214,0.001554479227455159,0.0002838077793501315,0.0005562632475262577,0.055123261581239036,0.3555296408980866,0.013517858852010557,0.12722464806530762,0.02013620679954496,0.01902623340487972,0.002040637828909397,0.001974362185048756
1A_predicted_prob,10000,2.0,0.2,5,0.00150506759151996,0.00046390201295367533,8.469653232226059e-05,0.00016600520335163075,0.8202547943735602,0.23265563068858602,0.042476912352909915,0.08325474821170344,0.015636748016107087,0.0031055596423020825,0.0005669950232555085,0.0011113102455807965,0.11280498161394142,0.11827965524916083,0.02159481175796657,0.04232583104561448,0.022003254078725734,0.009806203380659488,0.0017903595983568734,0.003509104812779472,0.020036116575201143,0.009325386997011994,0.0017025749385762767,0.003337046879609502,0.0019671375035245466,0.0015211957547166574,0.0002777310764131363,0.0005443529097697472,0.0894021173634747,1.1636922894927788,0.011890088905446508,0.4164219377406843,0.022003254078725734,0.020036116575201143,0.0017903595983568734,0.0017025749385762767
1A_predicted_prob,10000,2.0,0.2,10,0.00115459345710495,0.000504520178157445,9.211236076445262e-05,0.00018054022709832713,0.8739343326048844,0.17475275735638043,0.03190534239677214,0.06253447109767339,0.019011258462779658,0.004051241106350209,0.0007396520466133983,0.0014497180113622605,0.14667734447045458,0.11445915965962271,0.02089728788622023,0.04095868425699165,0.02106052011210459,0.01045182269607425,0.0019082330192281096,0.003740136717687095,0.01933053300391396,0.009946951820092047,0.0018160566300938277,0.0035594709949839025,0.0017299871081905929,0.001416939457537389,0.0002586965678374538,0.0005070452729614095,0.08214360799172826,0.16820851828776562,0.011415262891348739,0.060192645222743264,0.02106052011210459,0.01933053300391396,0.0019082330192281096,0.0018160566300938277
1A_predicted_prob,10000,2.0,0.5,3,0.008131463314488097,0.0012824627266045227,0.00023414458817362595,0.00045892339282030685,0.8668697199629657,0.23029104342683143,0.04204519975875913,0.0824085915271679,0.05855368937340143,0.006466948819030497,0.0011806979154714659,0.002314167914324073,0.10488222303988388,0.10185833037861236,0.018596701739393238,0.03644953540921075,0.02026179276624269,0.005258206666853763,0.000960012801153286,0.0018816250902604404,0.016274065236480457,0.005437790032267913,0.0009928000878832936,0.0019458881722512554,0.003987727529762186,0.0021279391098063933,0.00038850675047947473,0.0007614732309397705,0.19681020212614242,0.1274310343045476,0.020321084700431993,0.04560060998301271,0.02026179276624269,0.016274065236480457,0.000960012801153286,0.0009928000878832936
1A_predicted_prob,10000,2.0,0.5,5,0.00830777207390698,0.0008635337159627636,0.00015765896513302152,0.00030901157166072216,0.8414982667731882,0.22624025714692161,0.04130563075171278,0.08095903627335704,0.06702862726076511,0.006117254170906816,0.0011168526997994087,0.0021890312916068412,0.20016387126034157,0.1752589134801265,0.03199775343897051,0.0627155967403822,0.02233848641251708,0.009200841669364085,0.0016798361767813995,0.003292478906491543,0.017703196203052645,0.008995276845357142,0.0016423053464020055,0.0032189184789479307,0.0046352902094643844,0.0024150810305783514,0.00044093145288352895,0.0008642256476517167,0.2075024298363881,0.16716605650429223,0.022369772613449034,0.05981960506443491,0.02233848641251708,0.017703196203052645,0.0016798361767813995,0.0016423053464020055
1A_predicted_prob,10000,2.0,0.5,10,0.006700609670025709,0.0010033552381102137,0.00018318676570131039,0.00035904606077456834,0.9136390303844949,0.1581074197240555,0.02886633343060081,0.05657801352397759,0.06800405387121501,0.007713925877062359,0.0014083637365966256,0.0027603929237293864,0.17407310826558972,0.17831358578206216,0.0325554577474893,0.06380869718507903,0.020236625219083215,0.009486131120841892,0.0017319226661122898,0.003394568425580088,0.016501509849716416,0.008340240563784311,0.0015227126306014238,0.0029845167559787904,0.003735115369366759,0.003498934199698237,0.0006388150628003367,0.00125207752308866,0.18457204839888863,2.1430645451535346,0.027481047122967648,0.7668857984658244,0.020236625219083215,0.016501509849716416,0.0017319226661122898,0.0015227126306014238
1A_predicted_prob,10000,2.0,1.0,3,0.02325064342399166,0.0022639630848405273,0.0004133412169753797,0.0008101487852717441,0.83525999421197,0.2555684169444014,0.046660195648778054,0.09145398347160498,0.1584445101505054,0.010714214816152774,0.00195613904692098,0.003834032531965121,0.19850253874804868,0.14661034326372543,0.026767264056372666,0.05246383755049042,0.025021803993017743,0.009946061967341838,0.0018158941659524451,0.0035591525652667925,0.016738118746451376,0.009059663305932936,0.001654060652020432,0.0032419588779600468,0.008283685246566311,0.0031246893963714738,0.0005704876225299524,0.0011181557401587067,0.33105867382215537,0.19344745432073032,0.025060592369726097,0.06922428248996396,0.025021803993017743,0.016738118746451376,0.0018158941659524451,0.001654060652020432
1A_predicted_prob,10000,2.0,1.0,5,0.02411156266393099,0.0018481646124508925,0.00033742714940738236,0.0006613572128384694,0.9036496893081567,0.15693607624435527,0.028652476348461336,0.056158853642984216,0.17986100329480864,0.013564473369811909,0.0024765226817746993,0.0048539844562784104,0.15207120981103966,0.15853636537733054,0.028944647834014983,0.05673150975466937,0.02107067633450972,0.011766365102199881,0.0021482345287721512,0.004210539676393416,0.012876732570852532,0.009321070159425704,0.0017017867954685778,0.0033355021191184124,0.008193943763657147,0.005232898519386062,0.0009553921867343769,0.0018725686859993786,0.3888790105060407,0.3378053476015776,0.03637056494335585,0.12088209116580838,0.02107067633450972,0.012876732570852532,0.0021482345287721512,0.0017017867954685778
1A_predicted_prob,10000,2.0,1.0,10,0.0199812489806103,0.001539280356769087,0.00028103285790900964,0.0005508244015016588,0.9022623005104193,0.14317136480800063,0.026139395364714414,0.05123321491484025,0.18584770660689331,0.012362788742725646,0.0022571260893539226,0.004423967135133688,0.270584793820731,0.20054822611657963,0.036614929103899116,0.07176526104364227,0.025519354095438075,0.006803449120197366,0.001242134183990258,0.0024345830006209054,0.013990578601644108,0.006808359921869444,0.001243030769607335,0.0024363403084303762,0.01152877549379392,0.004160453342704814,0.000759591381749066,0.0014887991082281693,0.45176595969781574,0.18962808618571292,0.031157629562812615,0.06785753915575984,0.025519354095438075,0.013990578601644108,0.001242134183990258,0.001243030769607335
1B_residual,500,0.5,0.2,3,0.0007177117147279634,0.005072384045465836,0.0009260863873436495,0.0018151293191935528,1.0,0.0,0.0,0.0,0.04770588815196583,0.03165875132504395,0.005780070747724379,0.011328938665539783,0.052180177395458646,0.057272342996267905,0.010456451393409649,0.020494644731082912,0.03740566224496585,0.027959704418825105,0.005104720270455793,0.010005251730093355,0.029497830539963757,0.02673271718644773,0.0048807040754744865,0.009566179987929994,0.00790783170500209,0.025823803282486478,0.004714759859464599,0.009240929324550614,0.21140734397948935,0.7444149476083439,0.11411757820028998,0.26638546784675604,0.03740566224496585,0.029497830539963757,0.005104720270455793,0.0048807040754744865
1B_residual,500,0.5,0.2,5,0.0026321012118211778,0.006042405474896712,0.0011031872600645483,0.0021622470297265146,1.0,0.0,0.0,0.0,0.06825696441730561,0.04204902422496051,0.007677066363030686,0.015047050071540145,0.07054907251633516,0.05094226925260172,0.009300743333383934,0.01822945693343251,0.021260353339676064,0.019418204887509213,0.0035452629477152877,0.006948715377521964,0.01984219809431954,0.014571595745060447,0.002660397229471968,0.005214378569765058,0.001418155245356527,0.0233823522519149,0.004269013925301836,0.008367267293591598,0.06670421806724924,3.2429136454026026,0.1922064095503972,1.1604617443438323,0.021260353339676064,0.01984219809431954,0.0035452629477152877,0.002660397229471968
1B_residual,500,0.5,0.2,10,0.005803668214004224,0.00801259232814006,0.001462892520738382,0.0028672693406472287,1.0,0.0,0.0,0.0,0.10528940295792331,0.044247178980373315,0.008078392677839634,0.015833649648565682,0.09514991371445997,0.09686155931960928,0.017684420331491583,0.0346614638497235,0.029780616170744848,0.024411775939357203,0.0044569601169159355,0.008735641829155233,0.015218748618528063,0.012691945605141268,0.002317221635521476,0.0045417544056220935,0.01456186755221678,0.0244009384227754,0.0044549814661495385,0.008731763673653095,0.4889713318464416,1.9200199717328617,0.09380565706380568,0.6870703229272995,0.029780616170744848,0.015218748618528063,0.0044569601169159355,0.002317221635521476
1B_residual,500,0.5,0.5,3,0.007127841976442729,0.006938633885694295,0.0012668154324881626,0.0024829582476767987,1.0,0.0,0.0,0.0,0.0845456765843388,0.03402040543418897,0.0062112478239255454,0.012174045734894069,0.04871320664610311,0.07190632752939165,0.013128239205067508,0.025731348841932317,0.03644767792403281,0.025685119100882142,0.004689439707919987,0.009191301827523174,0.02968996501891889,0.026589882854585287,0.004854626213625406,0.009515067378705796,0.006757712905113911,0.020215285965963073,0.003690789376658529,0.007233947178250716,0.1854085991211537,9.105370090185266,0.09561395790163667,3.2583148406471816,0.03644767792403281,0.02968996501891889,0.004689439707919987,0.004854626213625406
1B_residual,500,0.5,0.5,5,0.00736587744400887,0.007437445629829883,0.0013578855805586815,0.0026614557378950156,1.0,0.0,0.0,0.0,0.10233698407373552,0.04342796653275567,0.0079288256321899,0.015540498239092204,0.057037710367231084,0.06837868151847577,0.012484182106710262,0.024468996929152113,0.03518681442283844,0.030662097081755824,0.005598107410696997,0.010972290524966113,0.022737904881834824,0.016649044973847796,0.003039685831031482,0.005957784228821705,0.012448909541003588,0.02215917109443184,0.004045692621345586,0.007929557537837348,0.35379473092976266,0.7409393258598226,0.07345827224375309,0.2651417325771825,0.03518681442283844,0.022737904881834824,0.005598107410696997,0.003039685831031482
1B_residual,500,0.5,0.5,10,0.006944872245530573,0.007359884580831394,0.0013437249351852694,0.002633700872963128,0.9496261664122322,0.17217871250292505,0.03143538825334961,0.06161336097656523,0.13854621020897043,0.055384324164616174,0.01011174789237958,0.019819025869063978,0.11285181128317484,0.09969587687608633,0.018201893551763385,0.03567571136145623,0.038508860331536436,0.032117354101472144,0.005863799776252453,0.011493047561454807,0.014097355617364554,0.01166014846292408,0.0021288421123342362,0.004172530540175103,0.024411504714171868,0.03150622246411113,0.0057522229151232215,0.011274356913641514,0.6339191683161896,2.373833706387235,0.06873654785283416,0.8494654822528641,0.038508860331536436,0.014097355617364554,0.005863799776252453,0.0021288421123342362
1B_residual,500,0.5,1.0,3,0.0150187356090487,0.009110230165592068,0.0016632928552529336,0.0032600539962957496,0.9991345121045453,0.004740472435881722,0.0008654878954546272,0.0016963562750910693,0.17330128749412996,0.055038317174328964,0.010048575947834655,0.019695208857755924,0.07803707537075665,0.07447493888108973,0.013597201331330468,0.026650514609407715,0.035753982136974276,0.027290123632908687,0.004982472103616307,0.009765645323087963,0.03454069745294975,0.023090165593624732,0.0042156681840526435,0.00826270964074318,0.0012132846840245297,0.019466887913267235,0.0035541512115070456,0.006966136374553809,0.03393425323580479,1.8685501343449091,0.09685718193426915,0.6686520781612101,0.035753982136974276,0.03454069745294975,0.004982472103616307,0.0042156681840526435
1B_residual,500,0.5,1.0,5,0.015014753428335274,0.007501365843310132,0.0013695557614932408,0.002684329292526752,0.9775744925795656,0.09749775805274213,0.017800573797222607,0.03488912464255631,0.19726655348276054,0.05316795614212318,0.009707096305162071,0.01902590875811766,0.06801071226542722,0.07196334354767846,0.013138648858185779,0.025751751762044126,0.0337582410291938,0.026742598813398293,0.004882508205469711,0.009569716082720635,0.02039345657697438,0.018445381133209215,0.003367650442812963,0.006600594867913407,0.013364784452219416,0.020627317984150566,0.003766015786917085,0.007381390942357486,0.3958969438206714,1.4407855877899818,0.08034413025415851,0.5155785010811297,0.0337582410291938,0.02039345657697438,0.004882508205469711,0.003367650442812963
1B_residual,500,0.5,1.0,10,0.014634426059807635,0.010580740092056168,0.0019317700078394838,0.0037862692153653884,0.8939994061225608,0.20461339232058512,0.0373571235138796,0.07321996208720401,0.23320734310372265,0.0665574484354802,0.012151671959366476,0.023817277040358294,0.13120042934542456,0.11580597001785481,0.021143180690848674,0.0414406341540634,0.03359510694362512,0.03060793873724683,0.0055882194950420926,0.010952910210282501,0.015047113803512724,0.009809838221363897,0.0017910232264391212,0.0035104055238206777,0.018547993140112372,0.031570972053141334,0.005764044518623565,0.011297527256502187,0.552104006432758,4.868201150605309,0.08894947069753979,1.7420634086439664,0.03359510694362512,0.015047113803512724,0.0055882194950420926,0.0017910232264391212
1B_residual,500,1.0,0.2,3,0.0043519607302846776,0.005445386398068724,0.000994186988184682,0.001948606496841977,0.9838356836776884,0.08853560676378985,0.016164316322311554,0.03168205999173065,0.0853066867588403,0.0279919900443613,0.00511061479225224,0.01001680499281439,0.050793996394130764,0.07337217875661092,0.013395865799432385,0.026255896966887474,0.03772914445975032,0.029837808763294574,0.0054476136420605874,0.01067732273843875,0.037116088586869746,0.025813026086289572,0.004712792221643365,0.009237072754420995,0.0006130558728805836,0.021976685484455628,0.004012375459677565,0.007864255900968028,0.016248867597159156,10.298114628887214,0.10510072607081539,3.685132992250107,0.03772914445975032,0.037116088586869746,0.0054476136420605874,0.004712792221643365
1B_residual,500,1.0,0.2,5,0.008311723206572561,0.007958532051948618,0.0014530225098267114,0.0028479241192603546,0.9954743290345898,0.024788120756013977,0.004525670965410289,0.008870315092204166,0.14081996135162284,0.06168077166980799,0.011261316669293142,0.02207218067181456,0.05923897107581989,0.07452576091954505,0.013606480123623924,0.02666870104230289,0.029760119919883147,0.020738875698393038,0.0037863833457685244,0.007421311357706308,0.018351443705368474,0.01167351677624489,0.0021312828212547708,0.004177314329659351,0.011408676214514642,0.021157947554884964,0.0038628950487739227,0.007571274295596888,0.38335451084296135,1.6554071021626857,0.0923522989509223,0.5923798236497245,0.029760119919883147,0.018351443705368474,0.0037863833457685244,0.0021312828212547708
1B_residual,500,1.0,0.2,10,0.006772652918020397,0.006128016633265484,0.0011188176476021228,0.0021928825893001605,1.0,0.0,0.0,0.0,0.15410474155946954,0.034521645221729465,0.006302761270043886,0.012353412089286017,0.13058778457275358,0.10479487951648668,0.019132839807405277,0.037500366022514345,0.042854425789660935,0.02687168045025314,0.004906075180224741,0.009615907353240492,0.01565761929815042,0.014358017810065354,0.002621403411877907,0.005137950687280697,0.027196806491510468,0.023791950123302406,0.0043437959231901815,0.008513840009452756,0.634632386045691,1.375287313901646,0.05558335457151409,0.49214024478475155,0.042854425789660935,0.01565761929815042,0.004906075180224741,0.002621403411877907
1B_residual,500,1.0,0.5,3,0.010098477084234118,0.0064796973520795855,0.0011830254685134944,0.002318729918286449,1.0,0.0,0.0,0.0,0.12468257056079964,0.03741136621088473,0.00683034972692938,0.013387485464781584,0.06293594762825704,0.07136215415528682,0.013028887194337205,0.025536618900900924,0.03490482907580005,0.032826381304235853,0.005993249840531944,0.01174676968744261,0.029310956081956045,0.02374770011837762,0.004335717014567842,0.00849800534855297,0.005593872993843994,0.023947751780465064,0.004372241283898406,0.008569592916440875,0.16026071870159386,2.36821698088751,0.1080791503554467,0.8474555628459285,0.03490482907580005,0.029310956081956045,0.005993249840531944,0.004335717014567842
1B_residual,500,1.0,0.5,5,0.012566097370832861,0.0077595887217441935,0.0014167005932873241,0.002776733162843155,0.9814899139914711,0.07090603083163186,0.01294561084988052,0.025373397265765818,0.17236655691540356,0.04266533849190704,0.007789589438536977,0.015267595299532475,0.09290489335862982,0.0865631495938953,0.015804196560423537,0.03097622525843013,0.051432534722530586,0.031131904478528403,0.005683882113662037,0.011140408942777591,0.021011822789101384,0.019666921493159257,0.0035906721794955027,0.007037717471811185,0.03042071193342916,0.027892728342251476,0.005092492167804937,0.009981284648897677,0.5914682622107496,0.5752252588057227,0.0627440072129521,0.20584171526449913,0.051432534722530586,0.021011822789101384,0.005683882113662037,0.0035906721794955027
1B_residual,500,1.0,0.5,10,0.010260031293942802,0.008657367252994973,0.001580611777690627,0.0030979990842736286,0.9626883315283535,0.11133375111648244,0.020326668966054468,0.03984027117346676,0.1932601478134339,0.0508041564124835,0.009275527494045983,0.018180033888330126,0.12474880101497296,0.10740064473961024,0.019608585271494363,0.03843282713212895,0.04077344872733084,0.023004319088931312,0.004199994828351457,0.008231989863568856,0.019284799296758404,0.01454913280163258,0.0026562960758641668,0.005206340308693767,0.021488649430572403,0.02578197111721644,0.004707122385948704,0.00922595987645946,0.5270255546514118,0.5661172585638401,0.07678262223983259,0.2025824592361546,0.04077344872733084,0.019284799296758404,0.004199994828351457,0.0026562960758641668
1B_residual,500,1.0,1.0,3,0.022867649930702713,0.009579122827427148,0.0017489005512315052,0.00342784508041375,0.9826917130384625,0.05750089884412577,0.010498179791250138,0.02057643239085027,0.22173230512199407,0.04849581122113775,0.008854083250109767,0.017354003170215144,0.08306469567820449,0.08321038644317075,0.015192068557882228,0.029776454373449165,0.026448393990883525,0.02001703971672223,0.0036545947291085285,0.007163005669052716,0.0235574006590753,0.020044845595210484,0.00365967136473495,0.007172955874880501,0.0028909933318082264,0.02663272122282573,0.004862447393829408,0.00953039689190564,0.10930695197616602,2.151680771417158,0.1741808649057971,0.7699690754361257,0.026448393990883525,0.0235574006590753,0.0036545947291085285,0.00365967136473495
1B_residual,500,1.0,1.0,5,0.021193981864794827,0.012412004718713949,0.0022661116561000644,0.004441578845956126,0.9386924053902135,0.16394888279336825,0.029932833794566127,0.05866835423734961,0.2453764773282078,0.05314285623208769,0.009702513709522808,0.019016926870664703,0.08560645235186802,0.08417448144613,0.01536808741811516,0.030121451339505712,0.032729600384954156,0.03512235745403471,0.006412435816778176,0.012568374200885224,0.02548595731766515,0.02065682209650902,0.0037714024762097163,0.007391948853371044,0.0072436430672890035,0.029774321340971438,0.005436022477619175,0.010654604056133582,0.2213177974094337,10.473877536224485,0.13343079405449365,3.7480289408760314,0.032729600384954156,0.02548595731766515,0.006412435816778176,0.0037714024762097163
1B_residual,500,1.0,1.0,10,0.016475011319834337,0.009088900516993622,0.0016593986120259244,0.0032524212795708115,0.9558097724488944,0.1280318337492689,0.023375307807741937,0.0458156033031742,0.2592642312507317,0.049620922030349277,0.009059499440075782,0.01775661890254853,0.08873592282895139,0.04646672973503867,0.008483625349792242,0.016627905685592793,0.03305925765326931,0.02118754967279045,0.00386829963134951,0.007581867277445039,0.019284879085054957,0.013642366627828098,0.002490743979939045,0.004881858200680528,0.013774378568214311,0.024936103975110476,0.004552688881154083,0.008923270207062002,0.4166572254187374,1.3758389466625291,0.10050038784914982,0.49233764403305996,0.03305925765326931,0.019284879085054957,0.00386829963134951,0.002490743979939045
1B_residual,500,2.0,0.2,3,0.00934721171294659,0.007025053977268088,0.0012825935103470388,0.002513883280280196,1.0,0.0,0.0,0.0,0.0896867701324752,0.027929503343135726,0.0050992063336504625,0.009994444413954907,0.054988350275224286,0.06628109419615148,0.012101216809118971,0.023718384945873184,0.04454653185695933,0.03402142672504265,0.006211434285271656,0.012174411199132446,0.03153601136098321,0.024581419725790775,0.0044879326931060205,0.0087963480784878,0.013010520495976115,0.023029505673931402,0.004204593248601814,0.008241002767259555,0.2920658456140517,3.6933974000132817,0.07246575147977212,1.321665285614561,0.04454653185695933,0.03153601136098321,0.006211434285271656,0.0044879326931060205
1B_residual,500,2.0,0.2,5,0.016508669238998193,0.008075277645843464,0.001474337241581893,0.0028897009935005104,1.0,0.0,0.0,0.0,0.15349362443134998,0.03791699215183674,0.006922663971435777,0.013568421384014123,0.06302456947553593,0.055281034006631716,0.010092889775880794,0.019782063960726355,0.04622900012802579,0.03626476961273472,0.006621010786540898,0.01297718114162016,0.030011910456320526,0.019575171418674053,0.003573920984346061,0.007004885129318279,0.016217089671705258,0.03208499973239945,0.005857892703660799,0.011481469699175165,0.35079905744865647,0.9191844832428383,0.08859500526091685,0.3289259429741435,0.04622900012802579,0.030011910456320526,0.006621010786540898,0.003573920984346061
1B_residual,500,2.0,0.2,10,0.02025426788929242,0.009487165274447595,0.0017321114758648793,0.0033949384926951634,0.9796920020536979,0.11123148572958265,0.02030799794630213,0.03980367597475218,0.2312937886002798,0.06579494107816031,0.012012457799410558,0.023544417286844692,0.09873388717780232,0.0765632506594666,0.013978473154037382,0.027397807381913268,0.039167968607006484,0.03402854139728395,0.006212733240763595,0.012176957151896645,0.017027629340524254,0.011137050974508584,0.0020333380142744145,0.003985342507977853,0.022140339266482227,0.034469860828939866,0.0062933067766913625,0.01233488128231507,0.565266467828043,2.6207366385707944,0.08101802998103504,0.9378185618273186,0.039167968607006484,0.017027629340524254,0.006212733240763595,0.0020333380142744145
1B_residual,500,2.0,0.5,3,0.015284734943116218,0.005908015635678955,0.0010786511445848622,0.00211415624338633,0.9988136497845141,0.006497907741227087,0.001186350215485839,0.0023252464223522448,0.13340236432518332,0.04185012048612729,0.007640751674853661,0.014975873282713175,0.07670888039030217,0.06702073390368281,0.01223625592653278,0.02398306161600425,0.03467830773785526,0.02509182878192966,0.004581120210973417,0.008978995613507897,0.026739852362114406,0.019268684111765837,0.0035179643138185147,0.006895210055084288,0.007938455375740842,0.021123827662231955,0.00385666563715202,0.007559064648817959,0.22891703469933578,1.0240245463975712,0.09387430002858327,0.36644247775395095,0.03467830773785526,0.026739852362114406,0.004581120210973417,0.0035179643138185147
1B_residual,500,2.0,0.5,5,0.022220817528458083,0.010399612733874885,0.0018987008278870815,0.00372145362265868,0.971680565775936,0.11616575371028028,0.021208867905569983,0.04156938109491717,0.1815780579252872,0.07288737773141486,0.013307353646965213,0.026082413148051816,0.07244533631325631,0.07679779485555065,0.014021294869679762,0.027481737944572333,0.04182557898742069,0.031859268128682706,0.005816679939894973,0.011400692682194147,0.02230974672045877,0.01876780764233619,0.0034265172002084596,0.006715973712408581,0.019515832266961904,0.02887803034676628,0.005272382879080876,0.010333870442998517,0.4666004091140359,0.9558579618277029,0.08242516209449315,0.3420493787431106,0.04182557898742069,0.02230974672045877,0.005816679939894973,0.0034265172002084596
1B_residual,500,2.0,0.5,10,0.020767420221144632,0.008962331256643991,0.0016362903323658454,0.003207129051437057,0.9806062606525923,0.10315502275012013,0.0188334442933998,0.0369135508150636,0.24520424162527876,0.06285896511902378,0.011476424379039911,0.022493791782918226,0.1311039994689309,0.12675774073846569,0.023142691313616404,0.04535967497468815,0.03968155256518391,0.027148952983536513,0.004956697987243376,0.009715128054997017,0.02181757183106906,0.012885127139352628,0.002352491596848482,0.0046108835298230245,0.01786398073411481,0.027720083104077576,0.005060971604007038,0.009919504343853794,0.45018351297545944,8.796354556142367,0.08163159345562765,3.147735051952178,0.03968155256518391,0.02181757183106906,0.004956697987243376,0.002352491596848482
1B_residual,500,2.0,1.0,3,0.023387625725770265,0.010468730798310196,0.0019113200022278533,0.0037461872043665924,0.9527754535162404,0.13477048502567304,0.024605611578157778,0.04822699869318924,0.19697853438480475,0.05845197234646715,0.010671821261609411,0.020916769672754444,0.12231228087631284,0.1093207535399669,0.019959147572434204,0.03911992924197104,0.05111449521220334,0.03711324114989008,0.006775919786641255,0.013280802781816859,0.03934779779404722,0.02812587751966002,0.005135059189048415,0.010064716010534894,0.011766697418156091,0.026532830106851223,0.004844209854658207,0.009494651315130087,0.2302027510847232,0.8576833566919257,0.0782515094098793,0.3069180474825192,0.05111449521220334,0.03934779779404722,0.006775919786641255,0.005135059189048415
1B_residual,500,2.0,1.0,5,0.026793307664585587,0.009627259273634189,0.0017576890237067486,0.003445070486465227,0.9847223914347303,0.06437805343129158,0.011753770690863752,0.023037390554092953,0.24486316051897594,0.04219797701215363,0.0077042612968803315,0.015100352141885449,0.11002832719264187,0.11516629157327123,0.02102639191963259,0.04121172816247988,0.038331364697195454,0.03512003162806649,0.006412011180995634,0.012567541914751443,0.030128599586074688,0.018786570713634022,0.003429942852674427,0.0067226879912418765,0.008202765111120744,0.028217539879189325,0.005151794369711198,0.010097516964633948,0.21399616674020816,1.945171773899535,0.10585371015097025,0.6960707797409146,0.038331364697195454,0.030128599586074688,0.006412011180995634,0.003429942852674427
1B_residual,500,2.0,1.0,10,0.026522578120775776,0.009158219878726248,0.0016720545380568643,0.003277226894591454,0.9964429585799117,0.01732236976803472,0.0031626175571327158,0.006198730411980123,0.3195214999794322,0.05820800015577365,0.01062727823752715,0.020829465345553213,0.1551050427813226,0.12452039493131271,0.022734209724443975,0.04455905105991019,0.042536636978042705,0.03410060789502138,0.00622589072291399,0.012202745816911421,0.02447235073811515,0.0182728393082767,0.0033361487596034146,0.006538851568822692,0.01806428623992754,0.03183295026664747,0.00581187497766097,0.0113912749562155,0.4246759387502188,3.2468435140109335,0.09010268706325791,1.1618680297645776,0.042536636978042705,0.02447235073811515,0.00622589072291399,0.0033361487596034146
1B_residual,2000,0.5,0.2,3,0.002795703890912367,0.002003968798080219,0.00036587297174835046,0.0007171110246267669,1.0,0.0,0.0,0.0,0.05158208507716218,0.015282478371816887,0.0027901860462763105,0.005468764650701568,0.037480023795736665,0.04252779428550883,0.007764477417037495,0.015218375737393491,0.014979145868401792,0.013057641224573743,0.0023839882155028067,0.004672616902385501,0.015233918050333395,0.008390537081445285,0.0015318954763637144,0.0030025151336728804,-0.00025477218193159653,0.011209117352590026,0.0020464954745787155,0.004011131130174282,-0.017008458570994867,2.6930816148986443,0.13872121785885305,0.9637068791258532,0.014979145868401792,0.015233918050333395,0.0023839882155028067,0.0015318954763637144
1B_residual,2000,0.5,0.2,5,0.003049037548150854,0.0016853742203866546,0.0003077058261144846,0.0006031034191843898,1.0,0.0,0.0,0.0,0.0691592573848627,0.016899043351967787,0.0030853290813768236,0.006047244999498574,0.07367365602656793,0.09373431365359644,0.017113466000113084,0.03354239336022164,0.02039103430384553,0.012483022968066387,0.002279077755155017,0.004466992400103833,0.012051570508157559,0.008415125271416505,0.0015363846451288677,0.0030113139044525804,0.00833946379568795,0.014385297667783731,0.0026263840096905355,0.00514771265899345,0.4089769881910913,11.415785458436174,0.09543113350808655,4.085086362053631,0.02039103430384553,0.012051570508157559,0.002279077755155017,0.0015363846451288677
1B_residual,2000,0.5,0.2,10,0.002427066105843792,0.0017700279857455154,0.00032316141840275047,0.0006333963800693909,1.0,0.0,0.0,0.0,0.07542935942745754,0.01986138849933931,0.003626176834820607,0.007107306596248389,0.06013836790297467,0.08599931221782088,0.01570125441054338,0.03077445864466502,0.022311881522198058,0.018442690211195996,0.003367159149917254,0.006599631933837818,0.007600693784154904,0.006465336842268144,0.001180403610126494,0.0023135910758479285,0.014711187738043141,0.020698560114995164,0.003779022760953192,0.007406884611468256,0.6593432169047247,2.120494266793699,0.08063777135397904,0.7588091280824141,0.022311881522198058,0.007600693784154904,0.003367159149917254,0.001180403610126494
1B_residual,2000,0.5,0.5,3,0.007631951120164529,0.0027567402204968744,0.0005033096013159679,0.000986486818579297,1.0,0.0,0.0,0.0,0.11163792332221516,0.015407799785621075,0.0028130665013693084,0.005513610342683844,0.05481787024178407,0.050111641912934594,0.00914909222311187,0.017932220757299267,0.016807774525102688,0.012663609455223865,0.002312048186020606,0.004531614444600388,0.015148883592391495,0.010207505977624652,0.0018636270932712816,0.003652709102811712,0.0016588909327112003,0.012544182835766629,0.0022902439682061684,0.00448887817768409,0.09869783356705619,2.3462244121571576,0.1275330209832327,0.8395856231984119,0.016807774525102688,0.015148883592391495,0.002312048186020606,0.0018636270932712816
1B_residual,2000,0.5,0.5,5,0.008729690582670206,0.0028098675882146135,0.0005130092872225937,0.0010054982029562836,1.0,0.0,0.0,0.0,0.13321146915408505,0.024751595057341317,0.004519002315713071,0.00885724453879762,0.06684127717168635,0.07385278508147172,0.013483612107901022,0.026427879731486,0.015934254528852377,0.014480497672657204,0.002643765073071803,0.005181779543220734,0.00968879423782989,0.008874924923627025,0.001620332192278445,0.0031758510968657523,0.0062454602910224635,0.01512103799589867,0.002760711201082137,0.005410993954120988,0.39195183431479297,2.104595936042755,0.12547715614553398,0.7531199834881536,0.015934254528852377,0.00968879423782989,0.002643765073071803,0.001620332192278445
1B_residual,2000,0.5,0.5,10,0.00796928020727125,0.002654220826400369,0.0004845922064064952,0.0009498007245567306,1.0,0.0,0.0,0.0,0.1606020874539528,0.0276411630327688,0.005046562836241794,0.009891263159033915,0.10199918283514381,0.11402705619863056,0.020818396948633078,0.040804058019320834,0.01895649647087424,0.015092680368674461,0.0027555338303794632,0.005400846307543748,0.010386988330422993,0.007142755518148312,0.0013040827733447771,0.002556002235755763,0.008569508140451232,0.017805236840287612,0.0032507766197158445,0.006371522174643055,0.4520618118236084,12.27943007128145,0.11410083489899767,4.394137617654105,0.01895649647087424,0.010386988330422993,0.0027555338303794632,0.0013040827733447771
1B_residual,2000,0.5,1.0,3,0.01948100536174293,0.004738350558419848,0.0008651004954045837,0.001695596970992984,1.0,0.0,0.0,0.0,0.20924136673813756,0.026156296716337138,0.004775464577445385,0.009359910571792954,0.05304185705466043,0.06629682777340802,0.012104089354176856,0.02372401513418664,0.01998110868773969,0.015040633657421577,0.0027460314444470754,0.005382221631116267,0.01306028083604185,0.011110025854473227,0.0020284039249868647,0.0039756716929742544,0.006920827851697813,0.01366333394738463,0.0024945720712362222,0.004889361259622996,0.346368560416491,2.1484304616274796,0.09737237927407218,0.7688059670155437,0.01998110868773969,0.01306028083604185,0.0027460314444470754,0.0020284039249868647
1B_residual,2000,0.5,1.0,5,0.01900547318329454,0.0037485758057094905,0.000684393175768397,0.001341410624506058,0.9649346194759777,0.11065066969205054,0.020201955931129764,0.039595833625014336,0.23888587620109455,0.025984673564800664,0.004744130620283167,0.009298496015755007,0.07805472489121054,0.08214782131397362,0.014998071594522343,0.029396220325263792,0.020409193270566724,0.013826062000770158,0.0025242820130956085,0.004947592745667392,0.012448230092676553,0.009701511881548686,0.0017712456331428674,0.00347164144096002,0.007960963177890166,0.017485776020342358,0.0031924513206081405,0.0062572045883919555,0.3900675089088963,50.9801968639455,0.1192568654094959,18.24302915484556,0.020409193270566724,0.012448230092676553,0.0025242820130956085,0.0017712456331428674
1B_residual,2000,0.5,1.0,10,0.018048506409197737,0.004118371085537863,0.0007519082479087086,0.0014737401659010688,1.0,0.0,0.0,0.0,0.3097267586886527,0.03719439504245787,0.006790736392504165,0.013309843329308162,0.11380092928030451,0.14752213089413313,0.026933732940648825,0.0527901165636717,0.020448192588193057,0.013831815255705567,0.0025253324089313423,0.004949651521505431,0.01089646295793253,0.008722738419259964,0.001592546865148546,0.00312139185569115,0.009551729630260488,0.014029760465038003,0.0025614720943651615,0.005020485304955717,0.46711852840117374,1.6909248653917184,0.08601540936172795,0.6050896919900014,0.020448192588193057,0.01089646295793253,0.0025253324089313423,0.001592546865148546
1B_residual,2000,1.0,0.2,3,0.00665649995320737,0.0027432184991187086,0.0005008408840442608,0.0009816481327267511,1.0,0.0,0.0,0.0,0.09049860865439253,0.01916453981999795,0.003498950254539624,0.006857942498897663,0.06328924104615559,0.08797638929080012,0.016062217647475716,0.0314819465890524,0.01795063095412967,0.015730073036780305,0.0028719052778161214,0.005628934344519598,0.013878041070475262,0.010889956588053345,0.0019882249578429367,0.003896920917372156,0.00407258988365441,0.008768038360003633,0.0016008174649481974,0.0031376022312984667,0.2268772554046341,0.5980717944887395,0.06664934837348997,0.21401724306139666,0.01795063095412967,0.013878041070475262,0.0028719052778161214,0.0019882249578429367
1B_residual,2000,1.0,0.2,5,0.009147355630297567,0.002470256305597118,0.00045100503379830555,0.0008839698662446788,1.0,0.0,0.0,0.0,0.1271768578552193,0.022136796472342287,0.004041607592934219,0.007921550882151069,0.0587023454105389,0.06644507640154045,0.012131155726759298,0.023777065224448224,0.021527234174434664,0.016314875732962753,0.0029786751539457768,0.005838203301733722,0.013752309007113415,0.008418904218417988,0.0015370745833009774,0.0030126661832699155,0.007774925167321217,0.019678033590847875,0.003592700961683922,0.007041693884900487,0.3611669341412471,4.752916056019191,0.12335745293107653,1.7008091673693297,0.021527234174434664,0.013752309007113415,0.0029786751539457768,0.0015370745833009774
1B_residual,2000,1.0,0.2,10,0.007604686761538886,0.0029330999374274757,0.0005355083330486732,0.0010495963327753995,1.0,0.0,0.0,0.0,0.14251272923512387,0.025211331379901242,0.0046029383005032525,0.009021759068986375,0.09534713531573952,0.10147190620767241,0.01852615066099689,0.03631125529555391,0.015943672017012342,0.013734557645076681,0.0025075756798545105,0.004914848332514841,0.007649974461606717,0.006430979675960692,0.0011741308784603114,0.0023012965217822103,0.008293697555405615,0.01559658392125797,0.0028475336112317893,0.005581165878014307,0.5201874164593965,1.7128735923720697,0.10932572487333696,0.6129439430687664,0.015943672017012342,0.007649974461606717,0.0025075756798545105,0.0011741308784603114
1B_residual,2000,1.0,0.5,3,0.012569617056552445,0.002836174746795654,0.0005178122952821608,0.0010149120987530352,1.0,0.0,0.0,0.0,0.14856527055660412,0.023647803600899565,0.004317478489221528,0.008462257838874195,0.08152671444013396,0.07786344283382915,0.014215854681700734,0.02786307517613344,0.019752921684508727,0.012432790227408327,0.0022699065534271083,0.004449016844717132,0.01561537855613642,0.010462405573015353,0.001910165179369424,0.003743923751564071,0.004137543128372307,0.01226046823087325,0.0022384450052082452,0.0043873522102081605,0.20946486775256057,11.814442801066491,0.09961984266363116,4.22774405997911,0.019752921684508727,0.01561537855613642,0.0022699065534271083,0.001910165179369424
1B_residual,2000,1.0,0.5,5,0.015521023045587017,0.0027240210051215864,0.0004973359172076628,0.0009747783977270191,1.0,0.0,0.0,0.0,0.1961631898782104,0.02618072615059124,0.004779924761514739,0.009368652532568888,0.08055107059510418,0.07516919803108882,0.013723955130400088,0.026898952055584173,0.016987081460628082,0.01316683247046412,0.0024039237183215577,0.004711690487910253,0.010078652498270084,0.007718230992555447,0.001409149739552702,0.002761933489523296,0.006908428962357998,0.013778908505487299,0.002515673002085063,0.004930719084086724,0.4066872216024897,2.412880735554456,0.10477908288229572,0.8634382821894508,0.016987081460628082,0.010078652498270084,0.0024039237183215577,0.001409149739552702
1B_residual,2000,1.0,0.5,10,0.011301875601534322,0.0022481498667755112,0.00041045413156172715,0.0008044900978609852,1.0,0.0,0.0,0.0,0.19977497597411073,0.017199239402089526,0.0031401371308187,0.006154668776404652,0.136443034685366,0.11994265881338038,0.021898433279744754,0.042920929228299716,0.023596616915125032,0.015783838207177756,0.0028817214100277187,0.0056481739636543285,0.011296437867790386,0.007645849372811604,0.0013959347242585474,0.0027360320595467527,0.012300179047334613,0.016414394513835247,0.00299684471433887,0.005873815640104185,0.5212687518544423,1.9324730849019554,0.07631697794230102,0.6915266122432994,0.023596616915125032,0.011296437867790386,0.0028817214100277187,0.0013959347242585474
1B_residual,2000,1.0,1.0,3,0.02410184938459532,0.003978129327635159,0.0007263037231395454,0.001423555297353509,0.9889681119458431,0.06042413939133493,0.011031888054156874,0.02162250058614747,0.2543371620055002,0.03230711756049218,0.005898445685284279,0.011560953543157188,0.0811059850755406,0.08312961753421746,0.015177322240089297,0.029747551590575023,0.021490479534040426,0.018229431133752236,0.003328223547481025,0.006523318153062808,0.01862941491833414,0.013884270444713555,0.0025349093723572996,0.004968422369820307,0.00286106461570628,0.010483188171295364,0.001913959545329934,0.0037513607088466706,0.13313172519833383,1.5519285924718451,0.07720203314141504,0.5553505145195935,0.021490479534040426,0.01862941491833414,0.003328223547481025,0.0025349093723572996
1B_residual,2000,1.0,1.0,5,0.023891553265014607,0.00435309814406923,0.0007947633495135303,0.0015577361650465193,0.9641065298479291,0.11858612275094052,0.021650764812588902,0.04243549903267425,0.2914318210915843,0.02227549228825838,0.004066929868603828,0.007971182542463503,0.09266341597958586,0.10375215843010818,0.018942465854006676,0.037127233073853086,0.021001607039988917,0.013225986416286976,0.0024147237018190965,0.004732858455565429,0.011681756200552994,0.01015010043304711,0.0018531463227076193,0.003632166792506934,0.009319850839435893,0.012853890459966575,0.002346788585541383,0.0045997056276611105,0.4437684612272814,1.910207006933949,0.08448321860202462,0.683558798572072,0.021001607039988917,0.011681756200552994,0.0024147237018190965,0.0018531463227076193
1B_residual,2000,1.0,1.0,10,0.019790407467589543,0.0034891241910240487,0.0006370240084536119,0.0012485670565690792,0.9875798873359615,0.05185674041978439,0.009467702162201943,0.018556696237915806,0.3124743412125106,0.032047473968839196,0.005851041467930947,0.011468041277144656,0.11622238576586337,0.10637548670038703,0.019421417877130923,0.038065979039176606,0.016777336237707944,0.0158410522953747,0.0028921672255985712,0.005668647762173199,0.009653878164506786,0.007384557329083025,0.0013482295421096242,0.0026425299025348635,0.007123458073201149,0.018060948005449218,0.003297462877504158,0.006463027239908149,0.4245881451186996,9.468341679528573,0.1330763242590236,3.3882025557621778,0.016777336237707944,0.009653878164506786,0.0028921672255985712,0.0013482295421096242
1B_residual,2000,2.0,0.2,3,0.011660150416395685,0.003191955487358864,0.000582768674326282,0.0011422266016795127,1.0,0.0,0.0,0.0,0.10021094737839939,0.020436022565769915,0.0037310901816522616,0.007312936756038432,0.0546371146406104,0.07604486887167006,0.013883830021178706,0.027212306841510263,0.02737676445734959,0.017005031513361007,0.003104679783651345,0.006085172375956636,0.018035489273522207,0.0116411403716735,0.0021253717255498832,0.004165728582077771,0.00934127518382735,0.013100430033273016,0.0023918003474139283,0.004687928680931299,0.341211803841181,1.866855012391505,0.0647609578454885,0.6680454865605636,0.02737676445734959,0.018035489273522207,0.003104679783651345,0.0021253717255498832
1B_residual,2000,2.0,0.2,5,0.019380716884532426,0.003137947921773326,0.000572908287010569,0.0011229002425407152,1.0,0.0,0.0,0.0,0.17349517760007613,0.029760800841964533,0.005433553983520905,0.010649765807700974,0.05079157364755905,0.05938249611951979,0.010841710881874661,0.021249753328474334,0.02625393628578978,0.016143549594091307,0.002947395423629059,0.005776895030312956,0.009494474182841717,0.0070402978192331935,0.0012853766423828162,0.0025193382190703195,0.016759462102948028,0.01839190261249088,0.00335788664543315,0.006581457825048974,0.6383599746914637,0.5856853050496644,0.06735331274052085,0.2095847947409971,0.02625393628578978,0.009494474182841717,0.002947395423629059,0.0012853766423828162
1B_residual,2000,2.0,0.2,10,0.01701892859877836,0.002755142255247362,0.0005030178541115454,0.0009859149940586289,1.0,0.0,0.0,0.0,0.20438509861878984,0.02603299466450558,0.0047529528057204465,0.009315787499212075,0.13862502284503508,0.15659606064988835,0.028590398278130317,0.05603718062513542,0.027840431018423806,0.019136473727872572,0.003493826110620262,0.006847899176815713,0.0077312164457040925,0.0065863854813898925,0.001202503966860589,0.0023569077750467543,0.020109214572719684,0.018898249416045385,0.003450332500842297,0.006762651701650902,0.7223025591598116,0.6389390533270598,0.04953602337378888,0.22864140382044157,0.027840431018423806,0.0077312164457040925,0.003493826110620262,0.001202503966860589
1B_residual,2000,2.0,0.5,3,0.018709532925120773,0.003209606097656327,0.0005859912201308331,0.0011485427914564327,1.0,0.0,0.0,0.0,0.14714602926660644,0.020520996772665185,0.0037466042782931448,0.007343344385454564,0.08128835812453107,0.08288228046545792,0.015132164876133695,0.02965904315722204,0.02554123621379747,0.019449930279751226,0.003551055185374171,0.006960068163333374,0.01773630871205561,0.01484544156267907,0.002710394406668023,0.0053123730370693255,0.007804927501741818,0.011119660076586841,0.002030162885245412,0.003979119255081007,0.3055814306092831,0.7519871931172769,0.06104637394937054,0.26909516110187975,0.02554123621379747,0.01773630871205561,0.003551055185374171,0.002710394406668023
1B_residual,2000,2.0,0.5,5,0.02464390838916263,0.004338033586368816,0.0007920129501564119,0.0015523453823065674,0.9811169985342794,0.10342645856178306,0.018883001465720636,0.03701068287281244,0.20654703881094041,0.032898284749606085,0.00600637755352915,0.011772500004917133,0.07383716229608579,0.09182286141925258,0.016764484164665156,0.032858388962743706,0.024993987412729284,0.01780697207101813,0.003251093428053705,0.006372143118985261,0.010079063329209952,0.006857539532830767,0.001252009697038283,0.002453939006195035,0.01491492408351931,0.019801437684426503,0.003615231363597753,0.007085853472651595,0.596740481509695,6.317084333226515,0.07656888653777562,2.260539596820821,0.024993987412729284,0.010079063329209952,0.003251093428053705,0.001252009697038283
1B_residual,2000,2.0,0.5,10,0.01993974882885882,0.003475882813235597,0.0006346064746845509,0.0012438286903817197,0.9678839216230336,0.1117052293641127,0.020394491304670997,0.03997320295715515,0.238716207695089,0.025039093315912263,0.0045714920762006585,0.00896012446935329,0.1490891085333069,0.13641704644831362,0.02490623118932379,0.04881621313107463,0.024688305712769396,0.019598230501888966,0.0035781309776901265,0.007013136716272648,0.007499603366777043,0.007812479294809581,0.0014263570466030867,0.00279565981134205,0.01718870234599233,0.022919914539620393,0.004184584736480241,0.008201786083501273,0.6962285118294664,4.713758283542991,0.08129277741223338,1.686796738448575,0.024688305712769396,0.007499603366777043,0.0035781309776901265,0.0014263570466030867
1B_residual,2000,2.0,1.0,3,0.028726951711442735,0.004609174574564182,0.0008415162953226933,0.001649371938832479,0.984367630820386,0.06693446755674068,0.012220505918474856,0.02395219160021072,0.23075178981738823,0.030601087440067187,0.005586968625037605,0.010950458505073707,0.0990534996032081,0.12202065078370934,0.022277820971899343,0.04366452910492271,0.02616806231489193,0.020640113033875026,0.0037683518327032476,0.007385969592098365,0.017546591402058175,0.016096991651415718,0.002938895145150908,0.00576023448449578,0.008621470912833726,0.017233721007402517,0.003146432581835005,0.006167007860396609,0.32946539216728243,1.647398351842435,0.09627333606354559,0.5895139291539436,0.02616806231489193,0.017546591402058175,0.0037683518327032476,0.002938895145150908
1B_residual,2000,2.0,1.0,5,0.028441924872468945,0.0043209101729101106,0.0007888866568854717,0.0015462178474955246,0.9384763714753002,0.12950267422421072,0.023643845309947682,0.04634193680749746,0.26586219635619746,0.03315687588693535,0.006053589619891201,0.011865035654986754,0.1214973506956638,0.10541143809332154,0.019245407487590523,0.03772099867567742,0.03202407342222617,0.021248603042573696,0.003879446400630173,0.007603714945235139,0.01766489176527201,0.01316174892234718,0.0024029955936629536,0.004709871363579389,0.014359181656954134,0.015469975417198299,0.0028244181666833004,0.005535859606699269,0.4483871076497168,18.895355343698046,0.056442544804431664,6.761616071161878,0.03202407342222617,0.01766489176527201,0.003879446400630173,0.0024029955936629536
1B_residual,2000,2.0,1.0,10,0.022528253333020717,0.004114830453243559,0.0007512618198502346,0.0014724731669064598,0.992381953932624,0.029555738392894878,0.00539611487383667,0.010576385152719874,0.2998225801043091,0.027825091094727496,0.005080143352406122,0.009957080970715999,0.12681960313201548,0.11321709743872395,0.02067051938748316,0.04051421799946699,0.03131467766652145,0.018727617145086015,0.003419179452894703,0.006701591727673618,0.011940188283031675,0.007623592015409034,0.0013918711053519332,0.002728067366489789,0.019374489383489728,0.016794438971197822,0.003066231021722967,0.006009812802577016,0.6187031394611179,0.5419646763706375,0.04544851822057865,0.1939395686978677,0.03131467766652145,0.011940188283031675,0.003419179452894703,0.0013918711053519332
1B_residual,10000,0.5,0.2,3,0.00357566898577001,0.0008361448768470452,0.00015265847013050193,0.0002992106014557838,1.0,0.0,0.0,0.0,0.06324499976096641,0.006143190140087458,0.0011215879382564073,0.002198312358982558,0.07878099223937055,0.09588653396537357,0.017506405871273462,0.034312555507695984,0.008755299425527914,0.0045119580274468486,0.0008237670633830507,0.0016145834442307795,0.006662688560625252,0.005050746001978316,0.000922135839170852,0.0018073862447748699,0.0020926108649026534,0.005820707815471888,0.0010627109903935238,0.0020829135411713066,0.2390107708710928,0.736030461409156,0.11069228871548276,0.2633851179934905,0.008755299425527914,0.006662688560625252,0.0008237670633830507,0.000922135839170852
1B_residual,10000,0.5,0.2,5,0.004247180542238003,0.0008675905591353665,0.00015839963997232,0.0003104632943457472,1.0,0.0,0.0,0.0,0.07763482440440445,0.008494695448282451,0.0015509121053869192,0.0030397877265583616,0.054688799389052065,0.05234776207764814,0.009557350041613795,0.018732406081563038,0.010691209229192809,0.006552117104326271,0.0011962474458183095,0.0023446449938038863,0.007961000621181106,0.004276583069132327,0.0007807936720028169,0.001530355597125521,0.00273020860801171,0.00823061828824339,0.001502698432895154,0.0029452889284745016,0.25536948622768985,3.287230726585243,0.11701275380283438,1.1763204081742253,0.010691209229192809,0.007961000621181106,0.0011962474458183095,0.0007807936720028169
1B_residual,10000,0.5,0.2,10,0.0032241736542613264,0.0006429975286459938,0.00011739475028649501,0.00023009371056153022,1.0,0.0,0.0,0.0,0.08233681507073436,0.009599547609761564,0.0017526295892370694,0.003435153994904656,0.06711247883545683,0.1065692287097161,0.019456790166746223,0.038135308726822595,0.009164545048220486,0.006279846976156843,0.0011465379488405701,0.002247214379727517,0.008416422567439599,0.003619305268068471,0.0006607917126061278,0.0012951517567080105,0.0007481224807809098,0.008208068098744378,0.0014985813504069456,0.0029372194467976133,0.0816322552668507,9.608440419804376,0.1542948636772648,3.4383362461092264,0.009164545048220486,0.008416422567439599,0.0011465379488405701,0.0006607917126061278
1B_residual,10000,0.5,0.5,3,0.009248433541610496,0.0012337182015910654,0.0002252450962053775,0.00044148038856253985,1.0,0.0,0.0,0.0,0.1294214261050838,0.008219444021834794,0.0015006583003033004,0.0029412902685944688,0.08517589001203067,0.08297199901513806,0.015148545167295848,0.029691148527899863,0.009604178445154097,0.007529275763143734,0.0013746513923835824,0.0026943167290718216,0.006053325592686939,0.0048695008003189705,0.0008890451440413865,0.0017425284823211176,0.003550852852467131,0.0071143947653976285,0.0012989048320016518,0.0025458534707232376,0.36971958327771215,2.915078093415382,0.09961227187386625,1.043147298719801,0.009604178445154097,0.006053325592686939,0.0013746513923835824,0.0008890451440413865
1B_residual,10000,0.5,0.5,5,0.009622287278032824,0.001064734406007925,0.0001943930173074682,0.0003810103139226377,1.0,0.0,0.0,0.0,0.14522330120931193,0.011290562655084005,0.0020613652843716433,0.004040275957368421,0.07383975796719791,0.09034670535621732,0.01649497617329101,0.03233015329965038,0.007860905759720095,0.0058691879182217205,0.0010715622056822742,0.0021002619231372576,0.007600635948680607,0.004209355123814125,0.0007685195846209827,0.0015062983858571259,0.00026026981103950334,0.007735212627437416,0.0014122501477154257,0.0027680102895222343,0.03310939209742625,17.687785816025837,0.17586596451741496,6.329492865388085,0.007860905759720095,0.007600635948680607,0.0010715622056822742,0.0007685195846209827
1B_residual,10000,0.5,0.5,10,0.007739814799929773,0.0011274820731383035,0.00020584912154684613,0.0004034642782318184,1.0,0.0,0.0,0.0,0.16724326095811362,0.014038856940940462,0.0025631328760470206,0.005023740437052161,0.08647324926542269,0.12339254762188596,0.02252829392017913,0.04415545608355109,0.0078067074889041094,0.005652457504680558,0.0010319928268843015,0.002022705940693231,0.007608644053895921,0.003979603101166367,0.0007265727961421109,0.0014240826804385372,0.00019806343500820063,0.007011242222529145,0.0012800718404706228,0.0025089408073224206,0.025370930739969655,2.532307358633449,0.16122014871228277,0.9061745504017782,0.0078067074889041094,0.007608644053895921,0.0010319928268843015,0.0007265727961421109
1B_residual,10000,0.5,1.0,3,0.021816019137097954,0.002100373726018665,0.0003834740229771994,0.0007516090850353108,0.9981353509659124,0.01021310337799991,0.0018646490340875873,0.003654712106811671,0.2396211371820164,0.011508211799306363,0.002101102399675737,0.004118160703364445,0.08428268048276473,0.10291276726856616,0.018789214696091003,0.03682686080433836,0.009142303606812573,0.00898724195006759,0.0016408383819362456,0.0032160432285950414,0.0073009664180492435,0.005970544209966049,0.0010900672481267554,0.0021365318063284403,0.0018413371887633326,0.008425931861420903,0.001538357649500574,0.003015180993021125,0.20140844889369236,2.336387971193403,0.14245582891009106,0.8360656980054865,0.009142303606812573,0.0073009664180492435,0.0016408383819362456,0.0010900672481267554
1B_residual,10000,0.5,1.0,5,0.02011241197840613,0.0015239137910038642,0.00027822731967534325,0.0005453255465636727,0.9402122623731918,0.15647202647464314,0.0285677528395692,0.055992795565555635,0.25507758480454634,0.014713200645190829,0.002686250628823527,0.005265051232494113,0.08158171308425509,0.10176914831882147,0.018580419397435825,0.036417622018974215,0.008831800715457134,0.006551899140187456,0.001196207651193124,0.002344566996338523,0.008100073683017649,0.004097335683026067,0.0007480677264214046,0.0014662127437859531,0.0007317270324394732,0.009086080896686638,0.0016588838221440127,0.0032514122914022647,0.08285139758179094,4.103192111405192,0.177645144181176,1.4683084397666641,0.008831800715457134,0.008100073683017649,0.001196207651193124,0.0007480677264214046
1B_residual,10000,0.5,1.0,10,0.018755513194179774,0.0017858213382365708,0.000326044876875411,0.0006390479586758055,0.9823471458126146,0.050070749219676525,0.009141626272933676,0.017917587494950003,0.3395986443023287,0.02166133958954689,0.003954801439658175,0.007751410821730024,0.1142022069613055,0.15335954323823475,0.02799949374675668,0.05487900774364309,0.0081446740788962,0.0054562899254349114,0.000996177690816294,0.001952508273999936,0.006705076598472786,0.003779572180426611,0.0006900523136462135,0.0013525025347465784,0.0014395974804234102,0.007518820194635785,0.001372742475475801,0.00269057525193257,0.17675323364425088,2.80629367503527,0.14992733846282003,1.0042192945499144,0.0081446740788962,0.006705076598472786,0.000996177690816294,0.0006900523136462135
1B_residual,10000,1.0,0.2,3,0.006933731514074593,0.0008468383157272722,0.00015461081602783627,0.00030303719941455906,1.0,0.0,0.0,0.0,0.0907655364611521,0.00976448437659963,0.0017827427851567956,0.0034941758589073194,0.08904747451145335,0.09784470148942392,0.017863916712705603,0.03501327675690298,0.010186001567935072,0.006384852389712924,0.0011657092267288447,0.0022847900843885357,0.006669952588258328,0.005306333317316519,0.000968799485178492,0.0018988469909498444,0.003516048979676716,0.006401624131449154,0.0011687713138213728,0.0022907917750898906,0.34518441374926323,1.52904035775962,0.09372017831010143,0.5471600649167326,0.010186001567935072,0.006669952588258328,0.0011657092267288447,0.000968799485178492
1B_residual,10000,1.0,0.2,5,0.010046408374560166,0.0010395694522314187,0.00018979854636014577,0.0003720051508658857,1.0,0.0,0.0,0.0,0.13766356303930827,0.011664533420913335,0.0021296426924690454,0.0041740996772393285,0.06130473130972322,0.06333404625477061,0.011563161930604483,0.022663797383984788,0.012429654215470192,0.008578122576391296,0.0015661437453779485,0.003069641740940779,0.006429742270891278,0.003854994359356452,0.0007038224565582351,0.0013794920148541409,0.005999911944578911,0.010519077763323495,0.0019205120583744224,0.0037642036344138676,0.4827094817417612,2.941764964003278,0.09966427116442758,1.0526970727131393,0.012429654215470192,0.006429742270891278,0.0015661437453779485,0.0007038224565582351
1B_residual,10000,1.0,0.2,10,0.008046259589870017,0.0008352963423615568,0.0001525035496376609,0.00029890695728981533,1.0,0.0,0.0,0.0,0.14495233090940832,0.009955590094592173,0.0018176337560277078,0.003562562161814307,0.056494247479818994,0.06793852156686185,0.012403820261907153,0.02431148771333802,0.009597526877213543,0.006750118597006845,0.001232397407138591,0.0024154989179916383,0.008270500333497055,0.003905778822485185,0.0007130943885670339,0.0013976650015913863,0.0013270265437165,0.008470610726790551,0.0015465148569694714,0.003031169119660164,0.13826755170304517,2.458490021081051,0.14551164386904128,0.8797593554056627,0.009597526877213543,0.008270500333497055,0.001232397407138591,0.0007130943885670339
1B_residual,10000,1.0,0.5,3,0.01328333556336694,0.0012722455006485573,0.00023227918646322277,0.00045526720546791664,1.0,0.0,0.0,0.0,0.15501348701404333,0.009462691030973379,0.0017276431107886455,0.003386180497145745,0.09675400874730136,0.10578632332818044,0.01931385185412647,0.037855149634087884,0.011706322970318773,0.008077407100138791,0.0014747260249661355,0.0028904630089336253,0.007748458014551013,0.005279753327600883,0.0009639466651966556,0.001889335463785445,0.003957864955767723,0.009372510367446513,0.0017111784495671628,0.003353909761151639,0.3380963403967988,7.261503934573181,0.11350784228475523,2.598495810833789,0.011706322970318773,0.007748458014551013,0.0014747260249661355,0.0009639466651966556
1B_residual,10000,1.0,0.5,5,0.015488133749892724,0.001513968472438302,0.0002764115612353655,0.0005417666600213163,1.0,0.0,0.0,0.0,0.19916291269576486,0.013035020679903279,0.002379858287976451,0.004664522244433845,0.08079763537509016,0.06959178357235875,0.01270566322653278,0.024903099924004246,0.010642870479296289,0.0077303446799649395,0.0014113613861689504,0.0027662683168911428,0.006859317249902581,0.0039016424777535887,0.0007123391987953296,0.0013961848296388459,0.0037835532293936905,0.010018373565997033,0.0018290963972033487,0.0035850289385185633,0.35550120024047105,4.207716658520105,0.12883875482002616,1.5057120685816592,0.010642870479296289,0.006859317249902581,0.0014113613861689504,0.0007123391987953296
1B_residual,10000,1.0,0.5,10,0.01211328888211834,0.0008896320308884972,0.0001624238437322542,0.0003183507337152182,0.984178771949453,0.08665643490718111,0.015821228050547063,0.031009606979072242,0.20222015535402474,0.014772742728681194,0.0026971214762397033,0.005286358093429818,0.17462609818602445,0.15926349979168536,0.029077403807708464,0.05699171146310859,0.012296833443721927,0.008779229642891144,0.0016028607043098346,0.003141606980447276,0.006177928172965472,0.004508438769892108,0.0008231245378002502,0.0016133240940884904,0.00611890527075644,0.01095579410917649,0.0020002451896593935,0.003920480571732411,0.4976000771873855,2.099262213997673,0.10618508104411054,0.7512113355668449,0.012296833443721927,0.006177928172965472,0.0016028607043098346,0.0008231245378002502
1B_residual,10000,1.0,1.0,3,0.02601761841394816,0.0025095205100151537,0.0004581736639523896,0.0008980203813466835,0.9978943095458158,0.011533341608799555,0.0021056904541841464,0.004127153290200926,0.2627190688952232,0.013053943473843903,0.002383313101673885,0.004671293679280815,0.09934412942257034,0.07556777414482607,0.013796724839858967,0.027041580686123574,0.013989392531575964,0.008894543617344677,0.0016239140593110927,0.0031828715562497415,0.0053644494435382386,0.0046309304314341515,0.000845488353177872,0.001657157172228629,0.008624943088037696,0.008881431874633916,0.0016215201935607967,0.0031781795793791616,0.616534497017655,12.415949793778834,0.06494806462131571,4.442990572937465,0.013989392531575964,0.0053644494435382386,0.0016239140593110927,0.000845488353177872
1B_residual,10000,1.0,1.0,5,0.024693504060797886,0.0017977335443300298,0.0003282197382044236,0.0006433106868806703,0.9555565794060333,0.13341222800754968,0.024357628908919154,0.04774095266148154,0.29664559069911284,0.01493580421355664,0.002726892294081893,0.0053447088964005095,0.11514981039002968,0.11730988133220875,0.021417756074634975,0.04197880190628455,0.01221864266589868,0.006846948081696172,0.0012500759714705728,0.0024501489040823225,0.00604127536440731,0.004454752362840973,0.0008133227857424798,0.0015941126600552604,0.006177367301491339,0.009580253709061853,0.0017491070210252373,0.0034282497612094652,0.5055690284430644,1.1390270681833679,0.09877017787577676,0.4075956016506302,0.01221864266589868,0.00604127536440731,0.0012500759714705728,0.0008133227857424798
1B_residual,10000,1.0,1.0,10,0.02072108270265247,0.0015821222125621812,0.00028885467485009666,0.0005661551627061895,0.98007636709751,0.05205866070671474,0.009504567594191831,0.01862895248461599,0.31800607362128464,0.01511284988530297,0.0027592162634565995,0.005408063876374935,0.1255441922232527,0.12276209885467469,0.022413190249794816,0.04392985288959784,0.014564627784353181,0.01127578012844186,0.0020586663766053686,0.004034986098146522,0.005410865324541246,0.0035749519798467214,0.0006526939471199344,0.0012792801363550714,0.009153762459811891,0.013188435542537404,0.0024078678816168734,0.004719421047969072,0.6284927150452719,30.563461176115176,0.08216579646434662,10.936994119439882,0.014564627784353181,0.005410865324541246,0.0020586663766053686,0.0006526939471199344
1B_residual,10000,2.0,0.2,3,0.012799080581863187,0.0013072462359107447,0.00023866941720734493,0.00046779205772639606,1.0,0.0,0.0,0.0,0.10709616762592172,0.00740592202516712,0.0013521301841027914,0.002650175160841471,0.07020330544997815,0.0833465067721136,0.01521692061611457,0.029825164407584554,0.02013620679954496,0.011177033705920445,0.002040637828909397,0.003999650144662418,0.009057971948519726,0.007309757539381804,0.0013345730314042905,0.0026157631415524092,0.011078234851025206,0.007986877673536945,0.0014581976886101889,0.00285806746967597,0.5501649323186124,2.2539784174431454,0.04726544025455739,0.8065758179307588,0.02013620679954496,0.009057971948519726,0.002040637828909397,0.0013345730314042905
1B_residual,10000,2.0,0.2,5,0.020000452580269144,0.0014150874035584323,0.0002583584305901232,0.0005063825239566415,1.0,0.0,0.0,0.0,0.17738957236578706,0.013811381221227742,0.002521601681723228,0.0049423392961775265,0.07794097629940426,0.08101517613006072,0.014791279822229449,0.02899090845156972,0.022003254078725734,0.009806203380659488,0.0017903595983568734,0.003509104812779472,0.00459058647790615,0.00337373741936338,0.0006159573625615298,0.0012072764306205984,0.017412667600819547,0.009541460297475232,0.0017420243454890456,0.0034143677171585294,0.7913678376170439,5.892393485876527,0.028892387735942052,2.1085659288752336,0.022003254078725734,0.00459058647790615,0.0017903595983568734,0.0006159573625615298
1B_residual,10000,2.0,0.2,10,0.016844451582450102,0.0010920448735709663,0.00019937920368756515,0.0003907832392276277,1.0,0.0,0.0,0.0,0.1982921343994369,0.015067641250719771,0.0027509623338048575,0.005391886174257521,0.13859611290554572,0.10797547978224037,0.019713535311392017,0.03863852921032835,0.02106052011210459,0.01045182269607425,0.0019082330192281096,0.003740136717687095,0.003524552269103637,0.0028915203797237415,0.0005279169791535323,0.0010347172791409232,0.017535967843000908,0.011410157571734008,0.0020832002289090288,0.004083072448661696,0.8326464754743692,0.7556647679232932,0.03188437561364537,0.2704111643449494,0.02106052011210459,0.003524552269103637,0.0019082330192281096,0.0005279169791535323
1B_residual,10000,2.0,0.5,3,0.019252758888985852,0.001470153890370752,0.0002684121495866793,0.0005260878131898915,1.0,0.0,0.0,0.0,0.14891821626704332,0.009854497856767645,0.0017991769230126509,0.0035263867691047958,0.08616518988534701,0.08221353138745224,0.015010068557688864,0.02941973437307017,0.02026179276624269,0.005258206666853763,0.000960012801153286,0.0018816250902604404,0.006829246094794526,0.004895724604842918,0.0008938329338018439,0.001751912550251614,0.013432546671448125,0.0039785719726635116,0.0007263845386952108,0.0014237136958426132,0.66294956356614,0.17792747218090268,0.0349529267504923,0.06367052820739083,0.02026179276624269,0.006829246094794526,0.000960012801153286,0.0008938329338018439
1B_residual,10000,2.0,0.5,5,0.024797720770983057,0.001362362836138603,0.0002487322856199424,0.0004875152798150871,0.9657717824944103,0.10877432770980627,0.019859384321373384,0.03892439326989183,0.2117608457411783,0.014399107086104677,0.002628905252997338,0.005152654295874783,0.14401267622624928,0.12172250240056837,0.022223386773589343,0.04355783807623511,0.02233848641251708,0.009200841669364085,0.0016798361767813995,0.003292478906491543,0.004019224933171888,0.003162261342786928,0.0005773472900569924,0.001131600688511705,0.01831926147934515,0.01025195387935828,0.0018717421327423755,0.0036686145801750557,0.8200762191784056,0.8193055209884516,0.031250783436462155,0.29318471535147955,0.02233848641251708,0.004019224933171888,0.0016798361767813995,0.0005773472900569924
1B_residual,10000,2.0,0.5,10,0.019505601223759713,0.0016061384619757211,0.0002932394220335853,0.0005747492671858272,0.9704851089331521,0.09527432621750495,0.017394632540144436,0.03409347977868309,0.2259461854475799,0.013192202905596875,0.002408555704860201,0.004720769181525994,0.16587940372306967,0.16949421016140043,0.030945267423973452,0.06065272415098796,0.020236625219083215,0.009486131120841892,0.0017319226661122898,0.003394568425580088,0.0042636382934810296,0.0035377833600173654,0.0006459079166159771,0.001265979516567315,0.01597298692560216,0.010418240440585484,0.0019021017662737433,0.003728119461896537,0.7893108041818948,2.3528459413159104,0.03804487469794903,0.8419551069768909,0.020236625219083215,0.0042636382934810296,0.0017319226661122898,0.0006459079166159771
1B_residual,10000,2.0,1.0,3,0.02906256334541712,0.00253758707827092,0.00046329789480087016,0.0009080638738097056,0.9591410046422167,0.12454445392856493,0.022738602276279305,0.04456766046150744,0.23385068876497353,0.011756205721275649,0.0021463796880713216,0.00420690418861979,0.17424526001279833,0.12729999757711025,0.023241693414445423,0.04555371909231303,0.025021803993017743,0.009946061967341838,0.0018158941659524451,0.0035591525652667925,0.0104420773147457,0.006181449143400421,0.0011285730446371324,0.0022120031674887795,0.014579726678272004,0.005906286743237882,0.001078335493455037,0.0021135375671718724,0.5826808763405098,0.20142291249587616,0.0260719535625574,0.07207826354462198,0.025021803993017743,0.0104420773147457,0.0018158941659524451,0.0011285730446371324
1B_residual,10000,2.0,1.0,5,0.03011576431998993,0.0018271319621011623,0.00033358713039382696,0.0006538307755719009,0.9067286158745255,0.16330360560878854,0.02981502283795355,0.058437444762388956,0.28800541042059885,0.014928359346240486,0.002725533053492996,0.005342044784846272,0.1190623170859911,0.11977799493354084,0.021868369905946605,0.04286200501565535,0.02107067633450972,0.011766365102199881,0.0021482345287721512,0.004210539676393416,0.005416699998980293,0.004613898358296451,0.0008423787362916731,0.0016510623231316792,0.015653976335529382,0.011662830710411572,0.0021293318214854733,0.0041734903701115275,0.7429270938916763,0.6091045421776562,0.042749745217364694,0.21796526111797865,0.02107067633450972,0.005416699998980293,0.0021482345287721512,0.0008423787362916731
1B_residual,10000,2.0,1.0,10,0.024088880337034404,0.0016954647857658162,0.00030954810287320045,0.0006067142816314729,0.9590055521791176,0.10112440517718464,0.018462705943278743,0.03618690364882633,0.2999569159171726,0.01434053144535848,0.0026182108530783343,0.005131693272033535,0.2388885638604511,0.180192914449246,0.032898574648816875,0.06448120631168107,0.025519354095438075,0.006803449120197366,0.001242134183990258,0.0024345830006209054,0.005381186895541044,0.0038362947149877752,0.0007004083842122188,0.001372800433055949,0.020138167199896986,0.0068937880285628835,0.00125862773663432,0.002466910363803267,0.7891331075458918,0.1481684669073205,0.026704832793215706,0.05302140493558347,0.025519354095438075,0.005381186895541044,0.001242134183990258,0.0007004083842122188
2A_PCA_cum60,500,0.5,0.2,3,0.0014917018508091432,0.0054270706910084275,0.000990843012880155,0.0019420523052451038,0.8165547189196753,0.2733034756359927,0.049898159550132264,0.09780039271825923,0.024709721242920965,0.0194259352277173,0.0035466743082850074,0.0069514816442386145,0.08922422028431057,0.10191599660178902,0.0186072301031399,0.0364701710021542,0.03740566224496585,0.027959704418825105,0.005104720270455793,0.010005251730093355,0.03744980774645915,0.029066969497702974,0.005306878290735509,0.010401481449841597,-4.4145501493289954e-05,0.005145538151118743,0.0009394424386237206,0.0018413071797024924,-0.001180182326520507,0.23574485175371027,0.025094963675762128,0.08436021177252938,0.03740566224496585,0.03744980774645915,0.005104720270455793,0.005306878290735509
2A_PCA_cum60,500,0.5,0.2,5,0.0017368312953388867,0.005873476020908799,0.0010723451025391446,0.0021017964009767236,0.8727813380944113,0.16120433675190857,0.0294317505355598,0.05768623104969721,0.022000630091516492,0.017876438536669727,0.003263776211462884,0.006397001374467253,0.13249752503900275,0.12611839646824674,0.02302596355401287,0.045130888565865224,0.021260353339676064,0.019418204887509213,0.0035452629477152877,0.006948715377521964,0.019778430945038516,0.01879948747330212,0.0034323011195544566,0.006727310194326735,0.0014819223946375222,0.005542256247272218,0.0010118729220349744,0.00198327092718855,0.06970356376307185,1.1942270287723884,0.04605305444559193,0.4273486538614587,0.021260353339676064,0.019778430945038516,0.0035452629477152877,0.0034323011195544566
2A_PCA_cum60,500,0.5,0.2,10,5.5454342205406584e-05,0.005187374661021516,0.0009470807053573997,0.0018562781825005033,0.9591896420028196,0.07317244136045634,0.013359398906948646,0.026184421857619346,0.053182744383322024,0.02145688375350108,0.003917473081852887,0.007678247240431658,0.11970055492693611,0.09448899613051759,0.017251251538900947,0.03381245301624586,0.029780616170744848,0.024411775939357203,0.0044569601169159355,0.008735641829155233,0.030631105088560547,0.026859898040398122,0.004903924016338286,0.00961169107202304,-0.0008504889178157001,0.008683818789416063,0.0015854411454167938,0.0031074646450169156,-0.028558472831437864,1.6062227642325049,0.0529027064052121,0.5747794343609841,0.029780616170744848,0.030631105088560547,0.0044569601169159355,0.004903924016338286
2A_PCA_cum60,500,0.5,0.5,3,0.0031744805095739615,0.005704717816172822,0.001041534210706488,0.0020414070529847167,0.8724527844148209,0.2403353480006382,0.04387903048860122,0.08600289975765839,0.03836503571228901,0.025871943492205885,0.004723549019060048,0.009258156077357695,0.06671996748616905,0.08401296979750018,0.015338599560363693,0.03006365513831284,0.03644767792403281,0.025685119100882142,0.004689439707919987,0.009191301827523174,0.036172502404798336,0.025285795477338505,0.004616533522466803,0.009048405704034933,0.00027517551923446674,0.004884540757469154,0.0008917910519730754,0.0017479104618672277,0.007549877932087168,1.429478840392109,0.024315353635252824,0.5115324334879356,0.03644767792403281,0.036172502404798336,0.004689439707919987,0.004616533522466803
2A_PCA_cum60,500,0.5,0.5,5,0.002150439495511003,0.00615965931050413,0.00112459478363661,0.0022042057759277555,0.9712900420748161,0.06168245164582478,0.011261623389546631,0.022072781843511396,0.0542145053606058,0.03982868995605167,0.007271690641602981,0.014252513657541842,0.11974658410072532,0.13346749605678546,0.024367719428011067,0.04776073007890169,0.03518681442283844,0.030662097081755824,0.005598107410696997,0.010972290524966113,0.035006907590266714,0.03069345979263397,0.005603833432101155,0.010983513526918265,0.00017990683257172334,0.0052208397452834345,0.0009531905658704209,0.0018682535091060248,0.005112904806038876,0.4201294016656474,0.027037223965271504,0.15034137557077007,0.03518681442283844,0.035006907590266714,0.005598107410696997,0.005603833432101155
2A_PCA_cum60,500,0.5,0.5,10,0.002278397065110787,0.006335589050186944,0.001156715012623373,0.0022671614247418113,0.987174325248383,0.05282128720633338,0.009643803506455944,0.01890185487265365,0.07193679829150132,0.03455343416344107,0.00630856511019544,0.012364787615983062,0.13714214386725135,0.1351897369357196,0.024682156154294317,0.04837702606241686,0.038508860331536436,0.032117354101472144,0.005863799776252453,0.011493047561454807,0.035936896199458515,0.030648020594185033,0.005595537407439342,0.010967253318581111,0.002571964132077926,0.009692278618075548,0.0017695598775816588,0.0034683373600600514,0.06678889247656172,0.5520485416776562,0.04399470668245949,0.1975480335549263,0.038508860331536436,0.035936896199458515,0.005863799776252453,0.005595537407439342
2A_PCA_cum60,500,0.5,1.0,3,0.01256662919869756,0.00731747051231684,0.0013359812211582727,0.0026185231934702144,0.8950718047093673,0.216784931657306,0.03957933239864076,0.07757549150133589,0.1087911754798592,0.06340943153255865,0.011576925336320583,0.02269077365918834,0.08290207368616338,0.06721142334238718,0.012271070895551576,0.02405129895528109,0.035753982136974276,0.027290123632908687,0.004982472103616307,0.009765645323087963,0.03696874981955345,0.026901268733167432,0.004911477236888075,0.009626495384300627,-0.0012147676825791718,0.008505979541821236,0.0015529722895776495,0.003043825687572193,-0.0339757310927038,0.5847826872582612,0.044629349542464045,0.20926179711256118,0.035753982136974276,0.03696874981955345,0.004982472103616307,0.004911477236888075
2A_PCA_cum60,500,0.5,1.0,5,0.013614673644513726,0.006721558500127266,0.0012271830707034316,0.002405278818578726,0.8620761209252302,0.2005455413965534,0.03661443894332613,0.07176430032891921,0.1301806823769658,0.07132810716097851,0.013022671092071234,0.025524435340459617,0.12649658527091626,0.11690108674698597,0.021343120736064147,0.04183251664268573,0.0337582410291938,0.026742598813398293,0.004882508205469711,0.009569716082720635,0.03889045461947951,0.029194871084108797,0.005330229818740564,0.010447250444731505,-0.005132213590285682,0.008852768007169092,0.0016162869112955225,0.003167922346139224,-0.15202846575588502,0.45329572869858853,0.0501430734518645,0.16220979327491977,0.0337582410291938,0.03889045461947951,0.004882508205469711,0.005330229818740564
2A_PCA_cum60,500,0.5,1.0,10,0.008662252075968345,0.004719152040977951,0.0008615953417133893,0.001688726869758243,0.9848821532271572,0.05435861187635546,0.00992447930644937,0.019451979440640765,0.1268579418242691,0.05664666139264541,0.010342218084036299,0.020270747444711145,0.12256731623710072,0.08916601679691857,0.01627941292085228,0.03190764932487047,0.03359510694362512,0.03060793873724683,0.0055882194950420926,0.010952910210282501,0.033170795175281056,0.02973821144857155,0.005429429743413673,0.0106416822970908,0.00042431176834408364,0.014438942674138488,0.0026361782030498715,0.005166909277977748,0.012630165727886777,0.6947395168851814,0.07787469618760084,0.24860934325899334,0.03359510694362512,0.033170795175281056,0.0055882194950420926,0.005429429743413673
2A_PCA_cum60,500,1.0,0.2,3,0.0010792150934742998,0.003554305698632975,0.0006489244691368131,0.0012718919595081537,0.8325400771757289,0.221574877490057,0.040453852859249295,0.07928955160412862,0.013654538563446493,0.011925874726532896,0.0021773568685676072,0.00426761946239251,0.09125660294913754,0.11364641947206754,0.020748902508181913,0.04066784891603655,0.03772914445975032,0.029837808763294574,0.0054476136420605874,0.01067732273843875,0.039516952393640545,0.030366972150518177,0.005544225216656657,0.010866681424647048,-0.0017878079338902234,0.00420369218637481,0.0007674856784285648,0.001504271929719987,-0.04738532928562611,0.3442314891774853,0.021091824374933187,0.1231816563957214,0.03772914445975032,0.039516952393640545,0.0054476136420605874,0.005544225216656657
2A_PCA_cum60,500,1.0,0.2,5,-0.0009276792824999702,0.005497228747804097,0.001003652062979394,0.001967158043439612,0.9381042730332327,0.11469318643905406,0.020940015134938508,0.04104242966447948,0.02368260561242915,0.0119012825364078,0.0021728669694776165,0.0042588192601761285,0.10224503853330397,0.10152687677261306,0.018536186867135825,0.03633092625958621,0.029760119919883147,0.020738875698393038,0.0037863833457685244,0.007421311357706308,0.02938285724430901,0.02152965053518938,0.003930758417775465,0.007704286498839911,0.00037726267557413803,0.006345980275503994,0.0011586121821254621,0.0022708798769659057,0.012676786134926954,0.3809867117776574,0.03892315965167587,0.13633434388489019,0.029760119919883147,0.02938285724430901,0.0037863833457685244,0.003930758417775465
2A_PCA_cum60,500,1.0,0.2,10,-0.0005245878299021632,0.005763851799892976,0.0010523305496393785,0.0020625678772931816,0.9891135385233034,0.03480667038478001,0.006354799507130344,0.012455407033975475,0.03834967901789591,0.01960211983612273,0.0035788410697212966,0.0070145284966537415,0.12654437569408808,0.09285804932087191,0.016953482752989604,0.03322882619585962,0.042854425789660935,0.02687168045025314,0.004906075180224741,0.009615907353240492,0.04522152235936293,0.026292526768133498,0.004800336668238373,0.009408659869747212,-0.0023670965697020095,0.00896599848379558,0.0016369598733773187,0.0032084413518195447,-0.055235755142776455,0.897575163916449,0.04013164605688747,0.32119314736451154,0.042854425789660935,0.04522152235936293,0.004906075180224741,0.004800336668238373
2A_PCA_cum60,500,1.0,0.5,3,0.0031654834028035043,0.004189989367062835,0.000764983897349036,0.0014993684388041105,0.830370681281771,0.23909631347217541,0.04365281476834561,0.08555951694595738,0.034074398781361884,0.02629326220928263,0.004800470940807405,0.009408923043982515,0.06422440859908755,0.06158462539052202,0.011243762840631437,0.022037775167637615,0.03490482907580005,0.032826381304235853,0.005993249840531944,0.01174676968744261,0.0367282228430296,0.033858219208997224,0.0061816368059075,0.0121160081395787,-0.0018233937672295587,0.005336353340184294,0.0009742803664123257,0.0019095895181681583,-0.05223901149235921,1.0387081943579124,0.02831814687136399,0.37169695369398875,0.03490482907580005,0.0367282228430296,0.005993249840531944,0.0061816368059075
2A_PCA_cum60,500,1.0,0.5,5,0.004036175576754814,0.005781079657507926,0.0010554759117171104,0.0020687327869655363,0.9586035907736876,0.10649607008954111,0.01944343329123096,0.03810912925081268,0.04226945871647437,0.02557729339160765,0.004669753516837109,0.009152716893000734,0.09303745998663479,0.08246499494697253,0.015055979312335464,0.029509719452177507,0.051432534722530586,0.031131904478528403,0.005683882113662037,0.011140408942777591,0.05100394308580367,0.029206421426205192,0.00533233861304493,0.010451383681568062,0.0004285916367269168,0.0066698444726465056,0.00121774142423988,0.002386773191510165,0.008333084088487763,1.5272504144827654,0.023335659229005976,0.5465195419412658,0.051432534722530586,0.05100394308580367,0.005683882113662037,0.00533233861304493
2A_PCA_cum60,500,1.0,0.5,10,0.0008806829379715364,0.005136254465748543,0.0009377474773257074,0.0018379850555583865,0.9784205404879993,0.05115610072617953,0.009339783440578312,0.01830597554353349,0.06293382669350983,0.03555965500306987,0.006492275060760936,0.012724859119091434,0.13335077886218877,0.13131740357621502,0.023975168043900846,0.04699132936604566,0.04077344872733084,0.023004319088931312,0.004199994828351457,0.008231989863568856,0.039355282286482905,0.026309879504488248,0.004803504829950352,0.00941486946670269,0.00141816644084793,0.013051057490920066,0.0023827861956912315,0.004670260943554814,0.03478161610345509,0.32163302793455273,0.058505770754082836,0.11509490089711659,0.04077344872733084,0.039355282286482905,0.004199994828351457,0.004803504829950352
2A_PCA_cum60,500,1.0,1.0,3,0.012467834967969936,0.010473116242210088,0.0019121206710774013,0.0037477565153117066,0.7987828782896416,0.23028994780492082,0.04204499972648081,0.08240819946390239,0.10778888917285769,0.05320236644455379,0.009713378738112679,0.01903822232670085,0.10474385044765616,0.10402425810557464,0.01899214423072095,0.03722460269221306,0.026448393990883525,0.02001703971672223,0.0036545947291085285,0.007163005669052716,0.02789721853903772,0.020041369554944552,0.0036590367295134675,0.007171711989846397,-0.0014488245481541968,0.008116586378224874,0.001481879149764307,0.0029044831335380415,-0.05477930148248644,0.827741307264238,0.058017018360048196,0.2962034227013928,0.026448393990883525,0.02789721853903772,0.0036545947291085285,0.0036590367295134675
2A_PCA_cum60,500,1.0,1.0,5,0.010475552201314133,0.005458652523579207,0.0009966090402489442,0.0019533537188879306,0.9433178442072376,0.11154067392350235,0.020364447729076834,0.039914317548990594,0.07722303002467967,0.0425021397889626,0.007759793568217558,0.015209195393706413,0.08389378289654617,0.0931961726664487,0.01701521534752011,0.033349822081139416,0.032729600384954156,0.03512235745403471,0.006412435816778176,0.012568374200885224,0.03512837555225977,0.0332190866605282,0.0060649477012300855,0.011887297494410967,-0.0023987751673055996,0.010795507966561252,0.001970981077670775,0.003863122912234719,-0.07329069524503984,4.860107266441561,0.06629539645153464,1.7391670493935452,0.032729600384954156,0.03512837555225977,0.006412435816778176,0.0060649477012300855
2A_PCA_cum60,500,1.0,1.0,10,0.008998164558751836,0.008567271710571997,0.0015641626573853844,0.0030657588084753535,0.9904096112277407,0.045470501370106685,0.008301739767158998,0.016271409943631635,0.14032859264415973,0.05917791788210763,0.010804360176739565,0.021176545946409546,0.11283476557936883,0.09650557530220101,0.017619426839342978,0.034534076605112235,0.03305925765326931,0.02118754967279045,0.00386829963134951,0.007581867277445039,0.036742407232399764,0.022353557053347038,0.004081182479532295,0.007999117659883297,-0.0036831495791304603,0.01565210024402807,0.0028576694586620963,0.005601032138977708,-0.11141053491762909,0.9776356474219876,0.09111481465329935,0.34984242344793737,0.03305925765326931,0.036742407232399764,0.00386829963134951,0.004081182479532295
2A_PCA_cum60,500,2.0,0.2,3,0.00021879123791821676,0.0039209898730031304,0.0007158715337310437,0.0014031082061128457,0.8635944110757661,0.24700102132611093,0.04509601036904185,0.08838818032332203,0.012275180322110838,0.010108520970736676,0.0018455549862288322,0.003617287773008511,0.08341387892131055,0.12160556914468301,0.022202037779599032,0.0435159940480141,0.04454653185695933,0.03402142672504265,0.006211434285271656,0.012174411199132446,0.04415804916948637,0.03331484303815955,0.006082430343914642,0.011921563474072699,0.0003884826874729672,0.005901782520018851,0.0010775131385680032,0.002111925751593286,0.008720829013589615,1.025266076281505,0.023968505916433593,0.3668867535171391,0.04454653185695933,0.04415804916948637,0.006211434285271656,0.006082430343914642
2A_PCA_cum60,500,2.0,0.2,5,-0.00012412826350995213,0.005250394302437612,0.0009585864650805604,0.0018788294715578985,0.8584348992085179,0.22998307664824558,0.041988972974894574,0.08229838703079337,0.015792856337993644,0.00964591461104485,0.0017610950067459784,0.003451746213222118,0.11298530789070063,0.12583526133380568,0.022974270387360995,0.04502956995922755,0.04622900012802579,0.03626476961273472,0.006621010786540898,0.01297718114162016,0.045640994097789475,0.03358555999862694,0.006131856272563717,0.012018438294224885,0.0005880060302363269,0.0073609631886295546,0.001343921861125854,0.002634086847806674,0.012719419165629797,0.3476333870290292,0.028294225954873926,0.1243990099075791,0.04622900012802579,0.045640994097789475,0.006621010786540898,0.006131856272563717
2A_PCA_cum60,500,2.0,0.2,10,-0.00023319754982475567,0.005063125837915575,0.0009243960776378686,0.0018118163121702226,0.9784546885742287,0.06968038385025961,0.01272183935013529,0.024934805126265166,0.03905929218177414,0.0185269432308587,0.0033825415763863178,0.006629781489717183,0.11127555936677976,0.09601575842144897,0.017529998921131405,0.034358797885417555,0.039167968607006484,0.03402854139728395,0.006212733240763595,0.012176957151896645,0.041267445234878616,0.03379676054004595,0.006170416039461215,0.012094015437343982,-0.002099476627872104,0.008743601254357384,0.0015963558802806683,0.00312885752535011,-0.053601876802376935,0.8762313077380495,0.042903856826469806,0.31355534652238204,0.039167968607006484,0.041267445234878616,0.006212733240763595,0.006170416039461215
2A_PCA_cum60,500,2.0,0.5,3,0.0019444007609475476,0.005249727860489161,0.0009584647899844157,0.0018785909883694547,0.8394544010971269,0.2502130539919141,0.045682444617876475,0.08953759145103789,0.02556658574968425,0.01904691809890596,0.003477475564574736,0.006815852106566483,0.07687841467887588,0.10227241899785468,0.018672303631914966,0.03659771511855333,0.03467830773785526,0.02509182878192966,0.004581120210973417,0.008978995613507897,0.03211709462107579,0.02496426901658045,0.004557831090669474,0.008933348937712169,0.002561213116779454,0.007663197134605141,0.0013991019777440628,0.002742239876378363,0.07385634662857621,0.3397418649752294,0.039870227632819284,0.1215750650081942,0.03467830773785526,0.03211709462107579,0.004581120210973417,0.004557831090669474
2A_PCA_cum60,500,2.0,0.5,5,0.0038076440529439715,0.007464872189867169,0.0013628929624277452,0.002671270206358381,0.9239756484921388,0.16019123492764006,0.02924678429482597,0.057323697217858904,0.043730536553857724,0.03753888227061416,0.006853630867715375,0.013433116500722134,0.09601471169075614,0.10316604825418706,0.018835457265828238,0.03691749624102335,0.04182557898742069,0.031859268128682706,0.005816679939894973,0.011400692682194147,0.03927712218178944,0.032465330430746245,0.005927331271259543,0.011617569291668704,0.002548456805631227,0.00840175297888152,0.0015339432097065445,0.0030065286910248273,0.06093058045646449,0.37491292586966446,0.03715033540854284,0.1341608675113972,0.04182557898742069,0.03927712218178944,0.005816679939894973,0.005927331271259543
2A_PCA_cum60,500,2.0,0.5,10,0.002101045222627947,0.006435962587823125,0.0011750406295366832,0.002303079633891899,0.9618924299628318,0.08736645336266853,0.015950859091985542,0.03126368382029166,0.053649787966143614,0.029306533635071224,0.0053506165180707945,0.010487208375418756,0.10024192098784297,0.08601962055751025,0.015704962189127827,0.03078172589069054,0.03968155256518391,0.027148952983536513,0.004956697987243376,0.009715128054997017,0.03943874847520308,0.028976813517056336,0.0052904181359707874,0.010369219546502743,0.00024280408998081674,0.014211689679931375,0.0025946876726539296,0.005085587838401702,0.006118815275233502,3.3560131364183006,0.0652937201054329,1.2009338774253109,0.03968155256518391,0.03943874847520308,0.004956697987243376,0.0052904181359707874
2A_PCA_cum60,500,2.0,1.0,3,0.013153984721974533,0.008292099955149802,0.0015139233981743742,0.0029672898604217735,0.916075742714336,0.19402047626890853,0.03542313049012566,0.06942933576064629,0.06841845625762719,0.04529345068078753,0.008269414881705017,0.016208053168141834,0.10231014765645864,0.12031455347596702,0.02196633164498291,0.0430540100241665,0.05111449521220334,0.03711324114989008,0.006775919786641255,0.013280802781816859,0.046975446523448004,0.03178400230755213,0.0058029383438808506,0.011373759154006466,0.004139048688755326,0.010812077827078255,0.0019740063064640667,0.0038690523606695706,0.0809760259114749,0.5041621825943209,0.033265305963995746,0.180412120031326,0.05111449521220334,0.046975446523448004,0.006775919786641255,0.0058029383438808506
2A_PCA_cum60,500,2.0,1.0,5,0.010600385700856934,0.007257840044357691,0.0013250942370196675,0.0025971847045585484,0.9317028974372124,0.14048502703751228,0.025648939433389546,0.05027192128944351,0.08313477247072308,0.04685084527485615,0.008553754931741013,0.016765359666212384,0.1220157376758324,0.11956670630134845,0.021829794055947878,0.04278639634965784,0.038331364697195454,0.03512003162806649,0.006412011180995634,0.012567541914751443,0.03630625049924134,0.03403362879518421,0.006213662068293254,0.012178777653854778,0.0020251141979540765,0.010486119145821449,0.0019144946656177372,0.003752409544610765,0.05283177924792959,1.9178418158457609,0.04848562222113845,0.6862908798533894,0.038331364697195454,0.03630625049924134,0.006412011180995634,0.006213662068293254
2A_PCA_cum60,500,2.0,1.0,10,0.00949850551657088,0.00701101482759248,0.001280030324025198,0.002508859435089388,0.9563858627296773,0.09830014159068362,0.017947068318389728,0.035176253904043865,0.11464525638771811,0.049549870328523225,0.009046527233462696,0.017731193377586885,0.156656831919557,0.1285911634584377,0.023477426974006788,0.0460157568690533,0.042536636978042705,0.03410060789502138,0.00622589072291399,0.012202745816911421,0.039041148527188145,0.03247002523816422,0.005928188421901532,0.011619249306927003,0.00349548845085455,0.012184252281441856,0.0022245299402931626,0.004360078682974599,0.0821759475874626,5.466554896137391,0.04990532340874676,1.9561815465904429,0.042536636978042705,0.039041148527188145,0.00622589072291399,0.005928188421901532
2A_PCA_cum60,2000,0.5,0.2,3,0.0006380300864652209,0.0012112878817015,0.00022114989881352021,0.0004334538016744996,0.8649100758739047,0.2087008149949302,0.038103381380811895,0.0746826275063913,0.014118287075485946,0.013104337985388344,0.0023925138385896666,0.004689327123635747,0.07978453598942353,0.10108954702177934,0.01845634174393591,0.03617442981811438,0.014979145868401792,0.013057641224573743,0.0023839882155028067,0.004672616902385501,0.015167731859109333,0.012719517433858891,0.00232225553970158,0.004551620857815097,-0.0001885859907075418,0.0014174328438277808,0.00025878664743772425,0.0005072218289779395,-0.012589902813174403,0.34092027254580404,0.017959698050689924,0.1219967527416421,0.014979145868401792,0.015167731859109333,0.0023839882155028067,0.00232225553970158
2A_PCA_cum60,2000,0.5,0.2,5,0.0004553631116677349,0.0014483568402593149,0.00026443257090897775,0.0005182878389815964,0.9220311652830535,0.15942953531100174,0.029107717607467352,0.057051126510636006,0.016230294310082237,0.008329405963227907,0.0015207345122259903,0.002980639643962941,0.08677889393318787,0.10865257380374496,0.019837155201102002,0.038880824194159926,0.02039103430384553,0.012483022968066387,0.002279077755155017,0.004466992400103833,0.02073222169395669,0.012541544123401567,0.0022897622074444643,0.00448793392659115,-0.000341187390111133,0.001708814389758763,0.0003119853959534331,0.0006114913760687288,-0.016732225792333244,1.0481433387313641,0.015477201594160215,0.3750732767463383,0.02039103430384553,0.02073222169395669,0.002279077755155017,0.0022897622074444643
2A_PCA_cum60,2000,0.5,0.2,10,0.000564871349389387,0.001335798490782284,0.0002438823218942712,0.00047800935091277155,0.9346458670176292,0.11745862894525376,0.021444913548981575,0.04203203055600389,0.01961162499494141,0.013985266791956172,0.0025533486982274346,0.005004563448525772,0.07372622393020523,0.08475935878418508,0.01547487092192394,0.030330747006970922,0.022311881522198058,0.018442690211195996,0.003367159149917254,0.006599631933837818,0.02227668229428329,0.018111484141071593,0.0033066894713206633,0.0064811113637885,3.519922791476181e-05,0.002173945959544428,0.00039690641361323214,0.000777936570681935,0.0015776001624850933,0.37428090797339464,0.017740564555645544,0.1339347028118217,0.022311881522198058,0.02227668229428329,0.003367159149917254,0.0033066894713206633
2A_PCA_cum60,2000,0.5,0.5,3,0.003817055731219056,0.0022865514041381877,0.00041746526098053227,0.0008182319115218432,0.8150854232945479,0.2298310132254865,0.041961210119289036,0.08224397183380651,0.04106593459264034,0.021576918573032972,0.00393938834130078,0.007721201148949528,0.0743605783620051,0.0909969345837016,0.016613691245105113,0.03256283484040602,0.016807774525102688,0.012663609455223865,0.002312048186020606,0.004531614444600388,0.01710379308606753,0.01284795241023375,0.0023457044509459643,0.00459758072385409,-0.00029601856096484006,0.0020192181087438196,0.00036865710222730316,0.0007225679203655142,-0.0176120021435755,0.4918138837657302,0.02203763857235064,0.1759933380453733,0.016807774525102688,0.01710379308606753,0.002312048186020606,0.0023457044509459643
2A_PCA_cum60,2000,0.5,0.5,5,0.00371688088741623,0.002339528477271661,0.00042713750697580033,0.0008371895136725687,0.8199879217570744,0.19934124584617868,0.03639456566371169,0.0713333487008749,0.05311872394096315,0.023599941225450023,0.004308740054991697,0.008445130507783727,0.07730144019882211,0.09712991560919602,0.0177334152625766,0.03475749391465014,0.015934254528852377,0.014480497672657204,0.002643765073071803,0.005181779543220734,0.01450530973822083,0.01490158765672244,0.00272064523407581,0.005332464658788587,0.0014289447906315263,0.0024110807645320335,0.00044020110756699886,0.0008627941708313178,0.08967754268291228,0.34311710199546536,0.0325854244879894,0.12278287806409524,0.015934254528852377,0.01450530973822083,0.002643765073071803,0.00272064523407581
2A_PCA_cum60,2000,0.5,0.5,10,0.0027812217902189354,0.001990968898474328,0.0003634995256618674,0.0007124590702972601,0.9394209147077478,0.1107722749705703,0.020224157915848754,0.03963934951506356,0.062250335276178605,0.03119943488007289,0.005696211421743137,0.011164574386616548,0.08565556081502694,0.09136833200006869,0.01668149882601958,0.032695737698998376,0.01895649647087424,0.015092680368674461,0.0027555338303794632,0.005400846307543748,0.018304502068670195,0.013839257948603552,0.0025266912525276123,0.00495231485495412,0.0006519944022040294,0.00335071683159881,0.000611754397492969,0.0011990386190862193,0.03439424596236984,1.35173477377794,0.030247771832309353,0.48371207654338266,0.01895649647087424,0.018304502068670195,0.0027555338303794632,0.0025266912525276123
2A_PCA_cum60,2000,0.5,1.0,3,0.011983670733235897,0.004061673064277354,0.0007415566528386125,0.0014534510395636804,0.8454886141542861,0.2485651834175126,0.04538158598939357,0.08894790853921139,0.0838708592194398,0.037295899247143764,0.006809268440033527,0.013346166142465712,0.05076792934604969,0.06656511861750365,0.012153072336604615,0.023820021779745043,0.01998110868773969,0.015040633657421577,0.0027460314444470754,0.005382221631116267,0.019422921302558516,0.015841090847851954,0.0028921742642857174,0.005668661558000006,0.0005581873851811433,0.0059876798922619,0.0010931957813706485,0.0021426637314864707,0.02793575641394086,0.5232667816302033,0.05460877712457251,0.1872486129961016,0.01998110868773969,0.019422921302558516,0.0027460314444470754,0.0028921742642857174
2A_PCA_cum60,2000,0.5,1.0,5,0.012005250301002728,0.004465655867308257,0.0008153134841933431,0.0015980144290189523,0.9166576348551224,0.15367103269560833,0.028056363680832867,0.054990472814432416,0.10404423562067121,0.044686498312747014,0.008158601047269362,0.01599085805264795,0.09079619895192871,0.090698456917461,0.01655919692820129,0.03245602597927452,0.020409193270566724,0.013826062000770158,0.0025242820130956085,0.004947592745667392,0.01953194538138149,0.014105541879138823,0.002575307824346048,0.005047603335718254,0.000877247889185219,0.003667004894993203,0.0006695004331565467,0.0013122208489868316,0.04298297720813704,20.72211716227563,0.03293864602828111,7.415314392574958,0.020409193270566724,0.01953194538138149,0.0025242820130956085,0.002575307824346048
2A_PCA_cum60,2000,0.5,1.0,10,0.010576861241419643,0.003500434148012966,0.000639088914642693,0.0012526142726996781,0.9209685045116277,0.14367343581947323,0.026231060570865404,0.05141287871889619,0.13366374394188868,0.05714829791212741,0.010433803963165856,0.020450255767805077,0.14279046726208153,0.11906217808854537,0.02173768022826454,0.042605853247398504,0.020448192588193057,0.013831815255705567,0.0025253324089313423,0.004949651521505431,0.019131578925074263,0.014127591352566618,0.002579333489005219,0.00505549363845023,0.001316613663118798,0.004505423476694958,0.0008225740230997266,0.0016122450852754642,0.06438777693628617,0.7766082241950202,0.04024568963745357,0.2779056839206194,0.020448192588193057,0.019131578925074263,0.0025253324089313423,0.002579333489005219
2A_PCA_cum60,2000,1.0,0.2,3,0.0005537482581790488,0.001115152157595008,0.00020359799725511393,0.0003990520746200233,0.9044620267686349,0.17952510082270706,0.03277664911966197,0.06424223227453746,0.008933739857697675,0.006143653184077623,0.0011216724781359176,0.0021984780571463985,0.03544902096795045,0.04038844642965828,0.00737388772403761,0.014452819939113716,0.01795063095412967,0.015730073036780305,0.0028719052778161214,0.005628934344519598,0.017569015158672503,0.01531324427315174,0.002795803105664003,0.005479774087101446,0.00038161579545718333,0.001980456609830369,0.00036158025312143355,0.0007086972961180098,0.02125918562040152,0.27323945375328684,0.01949942330615109,0.09777748278176236,0.01795063095412967,0.017569015158672503,0.0028719052778161214,0.002795803105664003
2A_PCA_cum60,2000,1.0,0.2,5,0.0006907128671077976,0.0015283157837975038,0.0002790310099256938,0.0005469007794543598,0.9174036912415559,0.15446763111218625,0.028201801988177073,0.05527553189682706,0.011936398549273667,0.009587693607883443,0.0017504653544952841,0.003430912094810757,0.07480520021266915,0.06419029334902723,0.011719490546712017,0.02297020147155555,0.021527234174434664,0.016314875732962753,0.0029786751539457768,0.005838203301733722,0.021837436864191727,0.01628153125113062,0.002972587312323184,0.00582627113215344,-0.0003102026897570788,0.0022351653587537375,0.0004080834955811831,0.0007998436513391189,-0.014409779131099532,0.3364706590339152,0.01922585377394546,0.1204044789957831,0.021527234174434664,0.021837436864191727,0.0029786751539457768,0.002972587312323184
2A_PCA_cum60,2000,1.0,0.2,10,0.0005106161627555285,0.001604458466512383,0.0002929326982296598,0.0005741480885301331,0.9363910411196991,0.1104987620722515,0.020174221521122814,0.039541474181400714,0.017116703653593447,0.008790278351080849,0.001604877913212099,0.003145560709895714,0.13494952972652347,0.14540319985746694,0.026546870831788867,0.05203186683030618,0.015943672017012342,0.013734557645076681,0.0025075756798545105,0.004914848332514841,0.01620636528679006,0.013239940886584667,0.0024172714278724566,0.004737851998630015,-0.00026269326977771003,0.0025359335646851296,0.00046299600590417724,0.0009074721715721873,-0.016476334278415772,0.5323461959140529,0.029878539263383713,0.19049763967073827,0.015943672017012342,0.01620636528679006,0.0025075756798545105,0.0024172714278724566
2A_PCA_cum60,2000,1.0,0.5,3,0.00332158438011844,0.0021864881533599874,0.0003991962944376934,0.000782424737097879,0.913591763500822,0.1660602775748934,0.030318319977779465,0.05942390715644775,0.03321696877870268,0.02063798579860084,0.0037679634544549832,0.007385208370731767,0.06211334151974839,0.07580545969887259,0.013840120086373765,0.02712663536929258,0.019752921684508727,0.012432790227408327,0.0022699065534271083,0.004449016844717132,0.018529341231385867,0.012530849295008226,0.0022878096078579047,0.004484106831401493,0.0012235804531228634,0.002994105029830179,0.0005466462881258892,0.0010714267247267427,0.061944277037379036,0.8089291955834474,0.02796507457540242,0.2894715949924342,0.019752921684508727,0.018529341231385867,0.0022699065534271083,0.0022878096078579047
2A_PCA_cum60,2000,1.0,0.5,5,0.00333363499352892,0.0025707443825520792,0.000469351562634488,0.0009199290627635965,0.8730596656849695,0.19642161531135183,0.0358615164958765,0.07028857233191795,0.04228416338297652,0.020613102497360848,0.0037634204059902032,0.007376303995740798,0.12169991387611725,0.10566682235780227,0.019292034061753175,0.037812386761036224,0.016987081460628082,0.01316683247046412,0.0024039237183215577,0.004711690487910253,0.015313193322736448,0.01326047312901277,0.0024210200853171356,0.004745199367221586,0.0016738881378916249,0.0029439136569129683,0.0005374826390795857,0.001053465972595988,0.09853888920067277,2.0220294373677032,0.03354258848070213,0.7235739413933701,0.016987081460628082,0.015313193322736448,0.0024039237183215577,0.0024210200853171356
2A_PCA_cum60,2000,1.0,0.5,10,0.0032684999205495543,0.0025102697093907713,0.0004583104484184211,0.0008982884789001054,0.9208723588164285,0.13644303938216348,0.024910976828058894,0.04882551458299543,0.05333781027976649,0.02484308032390639,0.004535705163772093,0.008889982120993303,0.10005135277958728,0.10796519086603044,0.019711656820891866,0.03863484736894806,0.023596616915125032,0.015783838207177756,0.0028817214100277187,0.0056481739636543285,0.022846864017523224,0.015421183221910556,0.0028155099713535357,0.00551839954385293,0.0007497528976018046,0.004769863445683965,0.0008708539351401416,0.0017068737128746775,0.03177374537623778,0.6107143291713439,0.0362256509437355,0.21854131599546983,0.023596616915125032,0.022846864017523224,0.0028817214100277187,0.0028155099713535357
2A_PCA_cum60,2000,1.0,1.0,3,0.012076665903790989,0.004941769579893533,0.0009022395576335053,0.0017683895329616704,0.8669443554204391,0.22061355928997411,0.04027834097154074,0.07894554830421985,0.06603757648125999,0.027324228689109272,0.004988698806484988,0.009777849660710576,0.05297435348724934,0.07164160902450264,0.013079908439561926,0.025636620541541377,0.021490479534040426,0.018229431133752236,0.003328223547481025,0.006523318153062808,0.021795287721927813,0.018141968430465297,0.003312255115637479,0.006492020026649458,-0.00030480818788738935,0.004973534706394629,0.0009080390497423906,0.0017797565374950855,-0.01418340560547171,1.0692158563376282,0.04264653060850994,0.382613980327437,0.021490479534040426,0.021795287721927813,0.003328223547481025,0.003312255115637479
2A_PCA_cum60,2000,1.0,1.0,5,0.012466450388161658,0.0037869155048750646,0.0006913930151287125,0.0013551303096522764,0.9347664657802297,0.1417883502605404,0.025886892609713826,0.0507383095150391,0.09862379898710015,0.04354963496545202,0.007951039147231262,0.015584036728573274,0.09858802687234404,0.10068435972933182,0.01838236500390659,0.03602943540765692,0.021001607039988917,0.013225986416286976,0.0024147237018190965,0.004732858455565429,0.018692036863672254,0.012673960843563424,0.0023139380823189635,0.004535318641345168,0.0023095701763166635,0.005053674901807716,0.0009226705806725972,0.0018084343381182906,0.1099711165873658,6.269303208125401,0.041939599352350435,2.243441340794128,0.021001607039988917,0.018692036863672254,0.0024147237018190965,0.0023139380823189635
2A_PCA_cum60,2000,1.0,1.0,10,0.01088629286295551,0.002865360283798672,0.0005231408209386457,0.0010253560090397456,0.9375242128125424,0.07902143032196085,0.01442727330455356,0.028277455676924978,0.09304512760218854,0.06027896966415601,0.011005383809409285,0.021570552266442198,0.10073687847918913,0.11620047865628529,0.021215207784315016,0.04158180725725743,0.016777336237707944,0.0158410522953747,0.0028921672255985712,0.005668647762173199,0.01686916108072348,0.014077027125728012,0.0025701017664577813,0.005037399462257251,-9.182484301553003e-05,0.004715347492290469,0.0008609007293343023,0.0016873654294952325,-0.005473147924946131,2.9130297794741185,0.051793474472399084,1.0424143189894857,0.016777336237707944,0.01686916108072348,0.0028921672255985712,0.0025701017664577813
2A_PCA_cum60,2000,2.0,0.2,3,0.0006544784023481134,0.0013837908779468127,0.0002526444929071158,0.0004951832060979469,0.8553928074466403,0.22674650484191727,0.04139805851245749,0.08114019468441667,0.006345911145565972,0.00633788763795908,0.0011571346754144412,0.0022679839638123046,0.06510783440146997,0.06996134779549029,0.012773136113684786,0.025035346782822182,0.02737676445734959,0.017005031513361007,0.003104679783651345,0.006085172375956636,0.027266232777641113,0.016804972027827755,0.0030681540859615317,0.006013582008484602,0.00011053167970846669,0.0016187497215618967,0.00029554191248488585,0.0005792621484703763,0.004037426697397928,0.16302755560639978,0.010726800800760253,0.058338661537694604,0.02737676445734959,0.027266232777641113,0.003104679783651345,0.0030681540859615317
2A_PCA_cum60,2000,2.0,0.2,5,0.0006673351772412049,0.0016074550683832858,0.0002934798003765117,0.0005752204087379628,0.8094930853396548,0.2007917257937118,0.036659385859202614,0.07185239628403713,0.007636013479724357,0.004979605023408615,0.0009091473329289798,0.0017819287725408003,0.09026666340033707,0.10326295243935904,0.018853149468540022,0.03695217295833844,0.02625393628578978,0.016143549594091307,0.002947395423629059,0.005776895030312956,0.02571205076277745,0.01595077905196826,0.002912200498847962,0.005707912977742005,0.0005418855230123334,0.0021941947268980483,0.0004006033158269828,0.0007851824990208863,0.020640162949798535,0.13133953843180646,0.015073778091399145,0.0469992502223925,0.02625393628578978,0.02571205076277745,0.002947395423629059,0.002912200498847962
2A_PCA_cum60,2000,2.0,0.2,10,0.0005130031112702466,0.001568447608705099,0.00028635804518427295,0.000561261768561175,0.917611867782823,0.12835863656860283,0.023434973566410427,0.045932548190164436,0.014977624680693028,0.0068906841344921685,0.0012580610457014409,0.002465799649574824,0.0943617493742728,0.10771299906113375,0.019665613107438577,0.03854460169057961,0.027840431018423806,0.019136473727872572,0.003493826110620262,0.006847899176815713,0.027615181968489066,0.01880406198616965,0.003433136307516838,0.006728947162733003,0.00022524904993474556,0.0030065903301750435,0.0005489257816712589,0.0010758945320756674,0.008090717050525553,0.2205129029308382,0.019551260111665903,0.07890952888869586,0.027840431018423806,0.027615181968489066,0.003493826110620262,0.003433136307516838
2A_PCA_cum60,2000,2.0,0.5,3,0.0031229220025470157,0.0021551803045021848,0.0003934802894222331,0.0007712213672675769,0.7982432387858538,0.2213504023256257,0.04041286948886306,0.0792092241981716,0.014594276099213715,0.011712175801305277,0.002138340961280348,0.004191148284109482,0.0704279352867708,0.07925041124467176,0.014469079310089264,0.02835939544777496,0.02554123621379747,0.019449930279751226,0.003551055185374171,0.006960068163333374,0.025119676749872547,0.018921561537255282,0.0034545886923922817,0.006770993837088872,0.0004215594639249222,0.0027108219626810555,0.0004949261127802806,0.0009700551810493499,0.016505053255691515,0.6040816510318396,0.01890657534727279,0.21616784260546695,0.02554123621379747,0.025119676749872547,0.003551055185374171,0.0034545886923922817
2A_PCA_cum60,2000,2.0,0.5,5,0.0028098863149461292,0.0028860731194145545,0.0005269224500375508,0.0010327680020735996,0.8949646733031732,0.19973389047795942,0.03646625243768156,0.07147385477785587,0.02482572613304154,0.016772605548360502,0.0030622448023244512,0.0060019998125559245,0.0993943669731189,0.12879624508435344,0.023514869584888083,0.04608914438638064,0.024993987412729284,0.01780697207101813,0.003251093428053705,0.006372143118985261,0.024183911181302645,0.019014976269500865,0.003471643811077019,0.006804421869710957,0.0008100762314266366,0.003924627839316048,0.00071653573246872,0.0014044100356386913,0.032410844178231146,0.8513886818594113,0.029831770705133317,0.30466552702253946,0.024993987412729284,0.024183911181302645,0.003251093428053705,0.003471643811077019
2A_PCA_cum60,2000,2.0,0.5,10,0.0034561453964327676,0.0023289359757804914,0.00042520358964009345,0.0008333990356945831,0.8716941807720999,0.1623239708378132,0.029636166817227014,0.05808688696176494,0.03181568979807559,0.01331330795229949,0.0024306663601624473,0.004764106065918396,0.12032309289537162,0.13826589869539985,0.02524378388306487,0.049477816410807146,0.024688305712769396,0.019598230501888966,0.0035781309776901265,0.007013136716272648,0.02306810142868937,0.015746890424930868,0.0028749756987655824,0.005634952369580541,0.0016202042840799998,0.0057787512649713465,0.00105505080734544,0.002067899582397062,0.0656263861493751,3.2626908867848017,0.0361707584859409,1.1675389392809323,0.024688305712769396,0.02306810142868937,0.0035781309776901265,0.0028749756987655824
2A_PCA_cum60,2000,2.0,1.0,3,0.0127269504039841,0.005133383440116116,0.0009372233021583557,0.001836957672230377,0.9221367502139868,0.16207255256561412,0.029590264330876213,0.057996918088517375,0.05434759315335632,0.025790747628562607,0.004708724750362203,0.009229100510709918,0.09076855760107903,0.09662404290518165,0.017641055965504998,0.0345764696923898,0.02616806231489193,0.020640113033875026,0.0037683518327032476,0.007385969592098365,0.023757667797832085,0.018420292895059066,0.003363069978158664,0.006591617157190982,0.002410394517059823,0.007308574848940109,0.0013343571026598032,0.002615339921213214,0.09211207494290163,0.9577495324182131,0.04634466453193947,0.3427262685857141,0.02616806231489193,0.023757667797832085,0.0037683518327032476,0.003363069978158664
2A_PCA_cum60,2000,2.0,1.0,5,0.011704447712212235,0.004880171105563501,0.0008909932663340182,0.0017463468020146756,0.8855631301108227,0.18468067609623173,0.03371792407773708,0.06608713119236467,0.051260387639333896,0.02156058421029322,0.003936406108322435,0.007715355972311972,0.11456514029290135,0.10530245617200162,0.019225510202034796,0.0376819999959882,0.03202407342222617,0.021248603042573696,0.003879446400630173,0.007603714945235139,0.02817496650091875,0.019351114997324143,0.003533014065636985,0.006924707568648491,0.003849106921307406,0.006167696371094208,0.0011260621434303504,0.0022070818011234866,0.12019416988458331,4.5584504766960405,0.031604909246066085,1.6312205535263111,0.03202407342222617,0.02817496650091875,0.003879446400630173,0.003533014065636985
2A_PCA_cum60,2000,2.0,1.0,10,0.009971867214323917,0.003768762433758885,0.0006880787329492702,0.0013486343165805697,0.9424904643640702,0.11622027385008368,0.021218821875706204,0.04158889087638416,0.07202563043888162,0.028834958098046887,0.0052645189983388475,0.010318457236744141,0.09712611809126709,0.09724112658131885,0.01775371951526785,0.034797290249924985,0.03131467766652145,0.018727617145086015,0.003419179452894703,0.006701591727673618,0.026893339730851555,0.01740878903343474,0.003178395484153588,0.006229655148941032,0.004421337935669873,0.007595997575815324,0.001386833073009537,0.0027181928230986924,0.14119059384081578,0.6583321512438568,0.04115031277628733,0.23558113478387988,0.03131467766652145,0.026893339730851555,0.003419179452894703,0.003178395484153588
2A_PCA_cum60,10000,0.5,0.2,3,0.0004582869919367079,0.0004429590752420488,8.087289252056609e-05,0.00015851086934030954,0.842864921419409,0.2571107520258969,0.04694178622056694,0.0920059009923112,0.0113155759879138,0.008703775524675824,0.0015890847301087705,0.00311460607101319,0.08078275068123335,0.10261984084100609,0.01873573389206965,0.03672203842845652,0.008755299425527914,0.0045119580274468486,0.0008237670633830507,0.0016145834442307795,0.008411804175514851,0.0047652336131132015,0.000870008647227982,0.0017052169485668445,0.00034349525001303824,0.0006545110651997892,0.00011949682484888636,0.00023421377670381727,0.039232838686422356,0.11020806447195992,0.01525404297556627,0.03943744938111373,0.008755299425527914,0.008411804175514851,0.0008237670633830507,0.000870008647227982
2A_PCA_cum60,10000,0.5,0.2,5,0.0005965566224674789,0.0004845950670340798,8.847454982343119e-05,0.00017341011765392513,0.853771922900023,0.22140956043662216,0.04042367023281378,0.079230393656315,0.013450624504434032,0.010259119901429789,0.0018730504633877572,0.0036711789082400042,0.07329750777594593,0.09882734890234891,0.018043322764083304,0.03536491261760327,0.010691209229192809,0.006552117104326271,0.0011962474458183095,0.0023446449938038863,0.01032129293717673,0.006640112717438076,0.001212313173239254,0.0023761338195489377,0.0003699162920160725,0.0008061208337413716,0.00014717685490500695,0.0002884666356138136,0.03460004234189029,0.17791203454324772,0.01447934308647849,0.06366500391970373,0.010691209229192809,0.01032129293717673,0.0011962474458183095,0.001212313173239254
2A_PCA_cum60,10000,0.5,0.2,10,0.00031988120554721493,0.00043081851328975794,7.865633930654654e-05,0.0001541664250408312,0.9202012161435766,0.14236861330863695,0.02599283366329022,0.050945953980048836,0.015854221304797817,0.008814608817337064,0.0016093200282798147,0.0031542672554284367,0.06793064706816897,0.07979817870434738,0.014569087508066477,0.028555411515810297,0.009164545048220486,0.006279846976156843,0.0011465379488405701,0.002247214379727517,0.008876689715549757,0.005932399276900507,0.0010831029680285814,0.0021228818173360197,0.0002878553326707224,0.0009202738163492,0.00016801824276527447,0.00032931575581993794,0.03140966967330516,0.25807614975738835,0.01697372887500702,0.09235136413378596,0.009164545048220486,0.008876689715549757,0.0011465379488405701,0.0010831029680285814
2A_PCA_cum60,10000,0.5,0.5,3,0.003420108220487733,0.0016148382126219582,0.00029482777192479004,0.0005778624329725885,0.8205432806522855,0.251142410833985,0.045852121186667795,0.08987015752586888,0.030817950024459674,0.01819298574317606,0.003321569559969139,0.006510276337539513,0.07848490538181781,0.08063516336799058,0.01472189930158756,0.02885492263111162,0.009604178445154097,0.007529275763143734,0.0013746513923835824,0.0026943167290718216,0.009047888821257474,0.00709451191904855,0.0012952747375173854,0.002538738485534075,0.0005562896238966098,0.0013511377370197942,0.00024668287228740807,0.0004834984296833198,0.057921625162775436,0.43080057052348464,0.023604132216568194,0.154160004304381,0.009604178445154097,0.009047888821257474,0.0013746513923835824,0.0012952747375173854
2A_PCA_cum60,10000,0.5,0.5,5,0.00354771765894181,0.0012634025342769374,0.0002306646890775575,0.00045210279059201266,0.9293813089779123,0.17909168055554117,0.032697517767259744,0.06408713482382909,0.04426580667626863,0.018837488048285302,0.0034392390435932754,0.00674090852544282,0.05838183309129528,0.09765189248486249,0.01782871476567613,0.034944280940725214,0.007860905759720095,0.0058691879182217205,0.0010715622056822742,0.0021002619231372576,0.007759960570764753,0.005597473638962772,0.0010219541923668128,0.002003030217038953,0.00010094518895535137,0.0013337249097069024,0.00024350373951767044,0.00047726732945463406,0.012841419556585132,12.549284808570041,0.030474689092627613,4.490703895204331,0.007860905759720095,0.007759960570764753,0.0010715622056822742,0.0010219541923668128
2A_PCA_cum60,10000,0.5,0.5,10,0.0024654951786253934,0.0010891148962393735,0.00019884426546173443,0.0003897347603049995,0.8682271086799732,0.16980161093888202,0.031001390870647218,0.060762726106468545,0.04294522840796122,0.024274575797884532,0.004431910912790108,0.008686545389068611,0.08252663945852742,0.10739002022404642,0.019606645509215405,0.03842902519806219,0.0078067074889041094,0.005652457504680558,0.0010319928268843015,0.002022705940693231,0.007556535223024953,0.005783505907276033,0.001055918882293155,0.002069601009294584,0.00025017226587913,0.0014754925034124134,0.000269386842516249,0.0005279982113318481,0.032045810123503826,1.0063219310507376,0.03459472447435194,0.3601076782091163,0.0078067074889041094,0.007556535223024953,0.0010319928268843015,0.001055918882293155
2A_PCA_cum60,10000,0.5,1.0,3,0.013316407893705091,0.0024983070506273664,0.00045612637573426987,0.000894007696439169,0.900020316263926,0.17744126040949587,0.032396193652809754,0.06349653955950711,0.06807292431539676,0.02087241630227478,0.003810764412798155,0.007469098249084384,0.06523667381354942,0.07921198232159049,0.014462063180745183,0.02834564383426056,0.009142303606812573,0.00898724195006759,0.0016408383819362456,0.0032160432285950414,0.008431792421626588,0.008514009983092524,0.001554438440854651,0.003046699344075116,0.0007105111851859543,0.001911708021622716,0.0003490285356021118,0.0006840959297801391,0.07771686609231976,0.4471826011588205,0.0358063221989557,0.16002223867930093,0.009142303606812573,0.008431792421626588,0.0016408383819362456,0.001554438440854651
2A_PCA_cum60,10000,0.5,1.0,5,0.01242903093602321,0.0022350072799698422,0.0004080546344759156,0.0007997870835727946,0.8430880376177818,0.19369381855473677,0.03536349122391401,0.06931244279887146,0.08065508334189403,0.026377490151664552,0.004815848788812347,0.0094390636260722,0.0730048571221722,0.07843225444927494,0.014319704999284272,0.028066621798597174,0.008831800715457134,0.006551899140187456,0.001196207651193124,0.002344566996338523,0.008228215383927193,0.006685444619564215,0.001220589608362288,0.0023923556323900844,0.0006035853315299119,0.0016252173046460592,0.00029672272620079744,0.000581576543353563,0.06834227254172132,0.6420055985746042,0.03448092302162861,0.22973875294415924,0.008831800715457134,0.008228215383927193,0.001196207651193124,0.001220589608362288
2A_PCA_cum60,10000,0.5,1.0,10,0.01030167768963853,0.0023123372698701946,0.0004221730944226055,0.0008274592650683067,0.9274320979752069,0.12691447065918918,0.023171306151288488,0.04541576005652544,0.08313789063033544,0.027548322683687246,0.005029612585095587,0.00985804066678735,0.06014025771142886,0.08789734633436455,0.016047786444058496,0.03145366143035465,0.0081446740788962,0.0054562899254349114,0.000996177690816294,0.001952508273999936,0.007919731977180261,0.005185770250687922,0.0009467877814469983,0.0018557040516361167,0.00022494210171591968,0.0017725857418787341,0.00032362839864633747,0.0006343116613468214,0.02761830609020799,1.2979477984460874,0.03881649063891954,0.464464654613086,0.0081446740788962,0.007919731977180261,0.000996177690816294,0.0009467877814469983
2A_PCA_cum60,10000,1.0,0.2,3,0.0005862703009477876,0.0004352594522188833,7.94671401158748e-05,0.0001557555946271146,0.8254815622889687,0.2635571396302174,0.048118730189002944,0.09431271117044576,0.00789253271576744,0.004486094388760538,0.0008190450306071656,0.0016053282599900445,0.0913768899018761,0.0985128138043923,0.017985896774657326,0.03525235767832836,0.010186001567935072,0.006384852389712924,0.0011657092267288447,0.0022847900843885357,0.009994686759746768,0.006659007353610618,0.0012157628460551053,0.0023828951782680066,0.00019131480818828883,0.0008345415103220311,0.00015236573679260228,0.00029863684411350047,0.018782130251241203,0.1622252591920311,0.015676356485256903,0.05805156345297718,0.010186001567935072,0.009994686759746768,0.0011657092267288447,0.0012157628460551053
2A_PCA_cum60,10000,1.0,0.2,5,0.00046829312173520644,0.0005613584388503314,0.00010248955993473696,0.00020087953747208444,0.830100448333274,0.22177330999690292,0.040490081512629894,0.07936055976475459,0.010281537140525977,0.006324422230970157,0.0011546762396965008,0.0022631654298051417,0.07303630285377291,0.07831756834085032,0.014298766276412056,0.02802558190176763,0.012429654215470192,0.008578122576391296,0.0015661437453779485,0.003069641740940779,0.012005975393020936,0.008398797855350986,0.0015334036804339154,0.003005471213650474,0.00042367882244923706,0.0008374700287399193,0.00015290040865845118,0.00029968480097056433,0.03408613104634384,0.23261638374668717,0.011925596008212191,0.08324070387391459,0.012429654215470192,0.012005975393020936,0.0015661437453779485,0.0015334036804339154
2A_PCA_cum60,10000,1.0,0.2,10,0.00048305841585428153,0.00040057801932826887,7.313520574227776e-05,0.0001433450032548644,0.9050285426984188,0.14148161505984586,0.025830890680180067,0.05062854573315293,0.009839084255656626,0.006114008819958017,0.0011162601824921826,0.002187869957684678,0.13400796119073768,0.12636030420613065,0.023070129662304227,0.045217454138116286,0.009597526877213543,0.006750118597006845,0.001232397407138591,0.0024154989179916383,0.009504898428127958,0.006760905191395107,0.0012343667608269609,0.0024193588512208433,9.262844908558169e-05,0.0008365138141613518,0.0001527258285602856,0.0002993426239781598,0.009651283113934706,0.24300667649251928,0.015900495601794042,0.08695882238168462,0.009597526877213543,0.009504898428127958,0.001232397407138591,0.0012343667608269609
2A_PCA_cum60,10000,1.0,0.5,3,0.0029173490327318572,0.0011832844402344766,0.00021603719328709882,0.00042343289884271365,0.8815317891448003,0.2200453637789997,0.040174603138729455,0.07874222215190974,0.027844837022941184,0.016113450101445825,0.002941900033265262,0.005766124065199913,0.08260837799975683,0.1220265520098336,0.02227889838345441,0.04366664083157064,0.011706322970318773,0.008077407100138791,0.0014747260249661355,0.0028904630089336253,0.011119707736986574,0.007976737910722278,0.0014563464296697406,0.0028544390021526915,0.0005866152333321775,0.0015558348323706497,0.0002840552778138912,0.0005567483445152268,0.050110972917760344,0.5460645776132428,0.02407162187239219,0.19540669951535836,0.011706322970318773,0.011119707736986574,0.0014747260249661355,0.0014563464296697406
2A_PCA_cum60,10000,1.0,0.5,5,0.003075872251155453,0.0014027119636770779,0.00025609899472943425,0.0005019540296696912,0.8492181565907565,0.2186229371860083,0.03991490476160392,0.07823321333274368,0.030760660605963497,0.018098055325496566,0.0033042377162503236,0.006476305923850634,0.08046167771839914,0.11207748976034694,0.020462456443432097,0.04010641462912691,0.010642870479296289,0.0077303446799649395,0.0014113613861689504,0.0027662683168911428,0.009513680568764529,0.007689407928159158,0.0014038873920372782,0.0027516192883930654,0.0011291899105317187,0.0013737507594003995,0.000250811426437817,0.0004915903958181213,0.10609824790486622,0.31375332815928814,0.02597480232273391,0.11227518654577312,0.010642870479296289,0.009513680568764529,0.0014113613861689504,0.0014038873920372782
2A_PCA_cum60,10000,1.0,0.5,10,0.0026717667829344633,0.0010010926826886659,0.0001827736814873146,0.00035823641571513663,0.8961293100381932,0.14986395477837486,0.027361289529683346,0.053628127478179355,0.0381452977980143,0.015581971691879484,0.002844865795349777,0.005575936958885563,0.08423601979498224,0.09360565416062502,0.017089976097933876,0.033496353151950396,0.012296833443721927,0.008779229642891144,0.0016028607043098346,0.003141606980447276,0.011283467655719423,0.008419231513822328,0.001537134338992952,0.003012783304426186,0.001013365788002473,0.0015400705554662753,0.0002811771277927967,0.0005511071704738815,0.0824086780259573,0.3787055386502781,0.021969733706896314,0.13551803656498923,0.012296833443721927,0.011283467655719423,0.0016028607043098346,0.001537134338992952
2A_PCA_cum60,10000,1.0,1.0,3,0.01256194236975485,0.0023425574176420007,0.00042769051329785804,0.0008382734060638018,0.8234227729690318,0.26974246541617164,0.04924801100849812,0.09652610157665631,0.06661546172271123,0.022003800949542508,0.004017326043639341,0.007873959045533108,0.07935274499405777,0.09781808921805632,0.017859057998927442,0.035003753677897785,0.013989392531575964,0.008894543617344677,0.0016239140593110927,0.0031828715562497415,0.012327611751258395,0.008411042443061142,0.001535639226065983,0.003009852883089327,0.0016617807803175446,0.0022276739635471512,0.00040671576020057196,0.000797162889993121,0.11878863049747901,1.9334975488959874,0.027671124312366,0.6918932119753697,0.013989392531575964,0.012327611751258395,0.0016239140593110927,0.001535639226065983
2A_PCA_cum60,10000,1.0,1.0,5,0.012739444205566641,0.0028497970021403728,0.0005202993674609601,0.0010197867602234818,0.8915664826628711,0.22178093408950986,0.04049147347513034,0.07936328801125546,0.0619038699846349,0.019896015240441173,0.0036324987838854007,0.007119697616415385,0.09017105625585359,0.08445846752368619,0.015419935945013471,0.030223074452226405,0.01221864266589868,0.006846948081696172,0.0012500759714705728,0.0024501489040823225,0.01090448097581333,0.00730726520315903,0.0013341179951475903,0.0026148712704892768,0.0013141616900853165,0.0020137910504307212,0.00036766626147430987,0.0007206258724896473,0.10755381968515021,0.308447636855537,0.032948462312062304,0.11037656929642711,0.01221864266589868,0.01090448097581333,0.0012500759714705728,0.0013341179951475903
2A_PCA_cum60,10000,1.0,1.0,10,0.010118247549656945,0.00227923670037735,0.0004161297848967727,0.0008156143783976744,0.909341939812495,0.18359249934918087,0.03351925109409963,0.06569773214443528,0.08486518227419189,0.03647283763428283,0.006658998636173355,0.013051637326899774,0.07776477107086495,0.09111332856308624,0.016634941781127364,0.03260448589100964,0.014564627784353181,0.01127578012844186,0.0020586663766053686,0.004034986098146522,0.012334266121338346,0.009879484474891795,0.001803738834473439,0.00353532811556794,0.002230361663014807,0.003425310513587127,0.000625373278250425,0.001225731625370833,0.15313550720540348,3.2253721688720836,0.036318538555100255,1.15418460758386,0.014564627784353181,0.012334266121338346,0.0020586663766053686,0.001803738834473439
2A_PCA_cum60,10000,2.0,0.2,3,0.0006490230446616112,0.0004780893012958473,8.72867649405398e-05,0.000171082059283458,0.8405864101760038,0.23920538726574003,0.043672728827401606,0.08559854850170714,0.0050556180300336175,0.003343269325882506,0.000610394675200313,0.0011963735633926133,0.08076999506963078,0.10399704527299786,0.018987175869968977,0.0372148647051392,0.02013620679954496,0.011177033705920445,0.002040637828909397,0.003999650144662418,0.019565142899690472,0.010970854697059086,0.0020029948642302556,0.003925869933891301,0.0005710638998544617,0.0008708820038332681,0.0001590005728082605,0.0003116411227041906,0.028360053387383455,0.08952984228289669,0.007628644900885134,0.032037842602971926,0.02013620679954496,0.019565142899690472,0.002040637828909397,0.0020029948642302556
2A_PCA_cum60,10000,2.0,0.2,5,0.0005776797107382761,0.00047608180003636257,8.692024703252653e-05,0.000170363684183752,0.8087202465293124,0.22821769717750243,0.04166666025533372,0.0816666541004541,0.0047301358009645,0.00323990044049471,0.000591522185109959,0.0011593834828155195,0.11046435963334629,0.11561352112183877,0.021108044490343692,0.041371767201073634,0.022003254078725734,0.009806203380659488,0.0017903595983568734,0.003509104812779472,0.02147238573301523,0.00979795890553516,0.001788854370023412,0.0035061545652458875,0.0005308683457104634,0.0007836875312096082,0.00014308111295967876,0.00028043898140097035,0.024126810689505507,0.3206410579687004,0.006697065987851124,0.11473992900369549,0.022003254078725734,0.02147238573301523,0.0017903595983568734,0.001788854370023412
2A_PCA_cum60,10000,2.0,0.2,10,0.0004099468890192433,0.00030579421694781005,5.583013019231471e-05,0.00010942705517693684,0.8789709177647281,0.192612703302683,0.03516610748697643,0.0689255706744738,0.006848914548195434,0.004361667443018127,0.0007963278822923023,0.0015608026492929124,0.09127471283345417,0.11148503772519174,0.020354289995467314,0.03989440839111594,0.02106052011210459,0.01045182269607425,0.0019082330192281096,0.003740136717687095,0.020456858992143338,0.010263644543588949,0.0018738765462461607,0.003672798030642475,0.0006036611199612116,0.0008221357152349418,0.00015010075885494044,0.00029419748735568326,0.02866316295836846,0.04397756404248386,0.006905619451053175,0.015737169182128374,0.02106052011210459,0.020456858992143338,0.0019082330192281096,0.0018738765462461607
2A_PCA_cum60,10000,2.0,0.5,3,0.003315347434399,0.0016311382281484874,0.0002978037339886449,0.000583695318617744,0.8579344809565707,0.26993876233001535,0.04928384975772507,0.09659634552514113,0.018306130674225256,0.009595620105033157,0.001751912528258917,0.0034337485553874772,0.09227365542694772,0.12207990916421393,0.022288640022473875,0.043685734444048795,0.02026179276624269,0.005258206666853763,0.000960012801153286,0.0018816250902604404,0.01851379153687054,0.005431076722499045,0.000991574410817984,0.0019434858452032488,0.0017480012293721134,0.001524464409198062,0.0002783278483438549,0.0005455225827539556,0.08627080779764085,0.08091062567818705,0.014215016032463064,0.02895349555285585,0.02026179276624269,0.01851379153687054,0.000960012801153286,0.000991574410817984
2A_PCA_cum60,10000,2.0,0.5,5,0.003767919388181467,0.001698996103703353,0.00031019283037057096,0.000607977947526319,0.8675012830712947,0.21810685438165103,0.03982068136377492,0.07804853547299884,0.01877231289777256,0.011537172849158886,0.0021063899397734897,0.00412852428195604,0.12712041092595075,0.1089108622232591,0.01988431199900542,0.03897325151805062,0.02233848641251708,0.009200841669364085,0.0016798361767813995,0.003292478906491543,0.020395406418068238,0.008876203512781834,0.0016205656296524016,0.0031763086341187073,0.0019430799944488019,0.0019014351139992921,0.0003471529678566065,0.0006804198169989487,0.086983511710089,0.11149097696173094,0.015139007550387384,0.03989653371961616,0.02233848641251708,0.020395406418068238,0.0016798361767813995,0.0016205656296524016
2A_PCA_cum60,10000,2.0,0.5,10,0.002632251385784517,0.00098067491660806,0.0001790459244685774,0.0003509300119584117,0.8937594376899831,0.18278682992291045,0.03337215665454611,0.06540942704291038,0.020410220226114655,0.007790678669015726,0.001422376815098079,0.002787858557592235,0.13787334018985717,0.13927827335916568,0.025428617363061956,0.04984009003160143,0.020236625219083215,0.009486131120841892,0.0017319226661122898,0.003394568425580088,0.018239075377436777,0.008817567689867129,0.0016098602420229812,0.003155326074365043,0.0019975498416463996,0.0018720303167400637,0.00034178441093735796,0.0006698974454372216,0.09870963265963639,0.28580415625406375,0.015170420959880832,0.10227370382726685,0.020236625219083215,0.018239075377436777,0.0017319226661122898,0.0016098602420229812
2A_PCA_cum60,10000,2.0,1.0,3,0.012343150974115516,0.0029583356203349283,0.000540115717309493,0.0010586268059266063,0.7523154495816261,0.29800018190179917,0.05440714058941939,0.106637995555262,0.037566266693559905,0.01425998518103605,0.0026035051844476116,0.005102870161517318,0.10717171938856676,0.08772720803903666,0.016016723583309644,0.0313927782232869,0.025021803993017743,0.009946061967341838,0.0018158941659524451,0.0035591525652667925,0.021459943286978662,0.010587287016965274,0.0019329653073244869,0.003788612002355994,0.0035618607060390493,0.0025996410889445615,0.00047462735527741007,0.0009302696163437237,0.14235027606454786,0.17945416312865686,0.022695751784023714,0.06421684754673446,0.025021803993017743,0.021459943286978662,0.0018158941659524451,0.0019329653073244869
2A_PCA_cum60,10000,2.0,1.0,5,0.012030262892828903,0.003121529633699424,0.000569910731432671,0.0011170250336080352,0.8300540902813559,0.23688067312495462,0.04324829603584847,0.084766660230263,0.041951708116431584,0.01581897525993425,0.002888136528827379,0.005660747596501663,0.0750523708921605,0.09609945561885712,0.017545279868804876,0.034388748542857554,0.02107067633450972,0.011766365102199881,0.0021482345287721512,0.004210539676393416,0.017775675319841935,0.010391343610376663,0.001897191099396824,0.0037184945548177748,0.0032950010146677493,0.002900006127838664,0.0005294662577068156,0.0010377538651053584,0.1563785121254606,0.20709263996801439,0.020716190715158865,0.07410714946380124,0.02107067633450972,0.017775675319841935,0.0021482345287721512,0.001897191099396824
2A_PCA_cum60,10000,2.0,1.0,10,0.01078785268278924,0.0016337412651939618,0.00029827898135792084,0.0005846268034615248,0.9286950829427095,0.12490638293372348,0.02280468116972622,0.04469717509266339,0.04178510482026444,0.01933545241755623,0.0035301544828877816,0.0069191027864600515,0.12433168326833648,0.1271451675210284,0.023213425443013483,0.045498313868306425,0.025519354095438075,0.006803449120197366,0.001242134183990258,0.0024345830006209054,0.02094044687406359,0.007676683493961841,0.0014015642388234913,0.002747065908094043,0.004578907221374437,0.0031985058536895716,0.0005839646021260323,0.0011445706201670231,0.1794288054568366,0.1825246262397505,0.02494167568090184,0.06531559865991765,0.025519354095438075,0.02094044687406359,0.001242134183990258,0.0014015642388234913
2B_clustering,500,0.5,0.2,3,0.0013566692785018232,0.0056527546396346676,0.0010320470760566312,0.002022812269070997,0.8718264576938505,0.2010229899644475,0.03670160872688751,0.07193515310469953,0.019645374142226044,0.018281098947626282,0.003337656756532956,0.0065418072428045934,0.09367596465783974,0.05857930896433979,0.010695069640944499,0.020962336496251215,0.03740566224496585,0.027959704418825105,0.005104720270455793,0.010005251730093355,0.037213080785380874,0.02738715327418988,0.005000187211375088,0.009800366934295172,0.00019258145958499326,0.005686006246128433,0.001038117961039938,0.0020347112036382784,0.00514845742668002,0.2692242394380663,0.027620071764887764,0.09634065679203524,0.03740566224496585,0.037213080785380874,0.005104720270455793,0.005000187211375088
2B_clustering,500,0.5,0.2,5,0.00032654620481047716,0.006138148095079984,0.001120667390994224,0.0021965080863486793,0.9244697736617683,0.16858314492960164,0.030778930431035162,0.060326703644828915,0.022322833740507683,0.015454098373488653,0.0028215194283545443,0.005530178079574907,0.2144497676235064,0.10697582920723703,0.019531024921541237,0.03828080884622082,0.021260353339676064,0.019418204887509213,0.0035452629477152877,0.006948715377521964,0.022401193754942223,0.02023917705474089,0.003695151272740852,0.007242496494572069,-0.0011408404152661665,0.006313276908632974,0.0011526413915449204,0.002259177127428044,-0.053660463541644,0.40468448161168047,0.05521123424479359,0.14481448191065463,0.021260353339676064,0.022401193754942223,0.0035452629477152877,0.003695151272740852
2B_clustering,500,0.5,0.2,10,0.002372479006523194,0.0058535394730266765,0.0010687052035412046,0.002094662198940761,0.9709592302516076,0.08568760170936225,0.01564434411824531,0.030662914471760807,0.052428526237020025,0.025660841751963925,0.004685007290707009,0.009182614289785737,0.29270455939172035,0.08373955151587337,0.015288680440203256,0.029965813662798383,0.029780616170744848,0.024411775939357203,0.0044569601169159355,0.008735641829155233,0.030986052927117834,0.023786720089286364,0.004342841053987813,0.008511968465816115,-0.0012054367563729732,0.007113857415096121,0.0012988067257078458,0.0025456611823873776,-0.040477226846540315,2.0582543685385377,0.045404497002602635,0.7365368665316442,0.029780616170744848,0.030986052927117834,0.0044569601169159355,0.004342841053987813
2B_clustering,500,0.5,0.5,3,0.0062339701250825165,0.006952655111626519,0.0012693753463971478,0.0024879756789384097,0.8333777531793412,0.24683706006997172,0.045066075276193746,0.08832950754133974,0.042461209801622275,0.02522274708844291,0.004605022514195978,0.009025844127824116,0.1090687746236964,0.07249065540357552,0.013234922390957358,0.025940447886276422,0.03644767792403281,0.025685119100882142,0.004689439707919987,0.009191301827523174,0.035340989814366806,0.02528830374736599,0.0046169914678249255,0.009049303276936854,0.0011066881096659868,0.004571483396402724,0.0008346348591567011,0.001635884323947134,0.03036374805475006,2.305084065075102,0.022545897098409085,0.8248637390663953,0.03644767792403281,0.035340989814366806,0.004689439707919987,0.0046169914678249255
2B_clustering,500,0.5,0.5,5,0.005134765681721344,0.00584884236491927,0.0010678476328527156,0.0020929813603913225,0.9272501225238491,0.14863726987634424,0.02713732853241895,0.053189163923541144,0.05347958011635483,0.028694084321123713,0.005238799083211589,0.010268046203094714,0.18166489946702666,0.10335671348911873,0.01887026781586294,0.03698572491909136,0.03518681442283844,0.030662097081755824,0.005598107410696997,0.010972290524966113,0.03700348586981303,0.03299657989679119,0.006024323709998006,0.011807674471596093,-0.0018166714469745797,0.008304838054163042,0.001516249046230803,0.002971848130612374,-0.05162932413101462,0.4832814302032158,0.0425868523028693,0.17294003875116437,0.03518681442283844,0.03700348586981303,0.005598107410696997,0.006024323709998006
2B_clustering,500,0.5,0.5,10,0.005497711099982529,0.006526096158485576,0.0011914966928167864,0.0023353335179209012,0.9818046971164058,0.052861428075321404,0.009651132192930144,0.018916219098143082,0.09233840866580222,0.027142621381048844,0.004955542000074159,0.00971286232014535,0.2809290654770961,0.07957549183678539,0.014528430634525188,0.028475724043669368,0.038508860331536436,0.032117354101472144,0.005863799776252453,0.011493047561454807,0.03615640598382661,0.031513624871360335,0.005753574403599965,0.011277005831055932,0.0023524543477098222,0.009183936889780083,0.0016767498004121293,0.0032864296088077733,0.06108865148063869,0.539304621310391,0.04258941862834445,0.19298768021954188,0.038508860331536436,0.03615640598382661,0.005863799776252453,0.005753574403599965
2B_clustering,500,0.5,1.0,3,0.02537239417773505,0.010672839066336223,0.0019485849030849085,0.0038192264100464206,0.8995145368205532,0.17759226273818493,0.032423762780029355,0.06355057504885754,0.16439445933492328,0.07017339902647074,0.012811851194536362,0.02511122834129127,0.11035404615943557,0.1052211103520206,0.019210658555180678,0.037652890768154125,0.035753982136974276,0.027290123632908687,0.004982472103616307,0.009765645323087963,0.03634574841872483,0.027854507573343963,0.0050855140420396575,0.009967607522397729,-0.00059176628175054,0.008073041518501833,0.0014739289824530712,0.0028889008056080193,-0.016551059389230627,0.48603169784595135,0.04146624321167109,0.17392420938753825,0.035753982136974276,0.03634574841872483,0.004982472103616307,0.0050855140420396575
2B_clustering,500,0.5,1.0,5,0.02562285406603082,0.008273521201411995,0.0015105313973368642,0.002960641538780254,0.9127523366481556,0.1493704885259848,0.027271195330416154,0.05345154284761566,0.16584343086870307,0.05141149396916115,0.009386411653983457,0.018397366841807573,0.1797310659331312,0.08245999634917466,0.015055066697412202,0.029507930726927915,0.0337582410291938,0.026742598813398293,0.004882508205469711,0.009569716082720635,0.033417379298605956,0.028492690148865563,0.0052020297061796325,0.01019597822411208,0.0003408617305878506,0.007586050649757331,0.0013850170210829374,0.002714633361322557,0.010097141325967507,0.5874906882481942,0.0411939741993999,0.21023084282147717,0.0337582410291938,0.033417379298605956,0.004882508205469711,0.0052020297061796325
2B_clustering,500,0.5,1.0,10,0.024317912865999405,0.010243971398338042,0.0018702847377691618,0.003665758086027557,0.9849388063664585,0.05135648656338471,0.009376368721658923,0.01837768269445149,0.20742316779344364,0.0735444939043717,0.013427326097241857,0.026317559150594038,0.2793295151196974,0.0969047830377235,0.01769231186663505,0.0346769312586047,0.03359510694362512,0.03060793873724683,0.0055882194950420926,0.010952910210282501,0.03437257165932539,0.030923599110340247,0.0056458509306600135,0.011065867824093627,-0.0007774647157002835,0.010261759558892065,0.0018735323966998158,0.003672123497531639,-0.023142200946254077,3.9416852261563187,0.056423296076454604,1.4105139431277698,0.03359510694362512,0.03437257165932539,0.0055882194950420926,0.0056458509306600135
2B_clustering,500,1.0,0.2,3,-0.0004361821518382466,0.004608077032074017,0.0008413159123961321,0.0016489791882964189,0.8862166773727344,0.1737315121004409,0.03171888937563107,0.06216902317623689,0.013878832200609734,0.0144850563609264,0.0026445973718710273,0.005183410848867214,0.093448742380327,0.09525906634569858,0.017391846481473443,0.03408801910368795,0.03772914445975032,0.029837808763294574,0.0054476136420605874,0.01067732273843875,0.03887477476095542,0.031020959922325824,0.00566362650164052,0.011100707943215419,-0.0011456303012050825,0.004193412877243523,0.0007656089419329732,0.0015005935261886275,-0.030364597915207403,1.8634916251573503,0.019806613655085435,0.666841913896153,0.03772914445975032,0.03887477476095542,0.0054476136420605874,0.00566362650164052
2B_clustering,500,1.0,0.2,5,0.0006981761022086032,0.005210975032097934,0.0009513895238920818,0.0018647234668284804,0.91699048001107,0.1552730463182886,0.02834885001369038,0.055563746026833144,0.02230312734025803,0.014627706518326199,0.002670641608217538,0.005234457552106374,0.1674004293559043,0.07201993823727658,0.013148981587561745,0.02577200391162102,0.029760119919883147,0.020738875698393038,0.0037863833457685244,0.007421311357706308,0.029706691884476964,0.02143997067258323,0.003914385189874348,0.007672194972153722,5.3428035406196533e-05,0.008978014871064609,0.0016391537554996405,0.003212741360779295,0.001795289654410559,0.9581954710525409,0.055048031493910105,0.3428858456765798,0.029760119919883147,0.029706691884476964,0.0037863833457685244,0.003914385189874348
2B_clustering,500,1.0,0.2,10,0.0004169501754755544,0.005784210621645152,0.001056047544945343,0.0020698531880928724,0.9736916240733443,0.06206894816867667,0.011332187677534394,0.022211087847967412,0.04233634761099309,0.019866158115042637,0.003627047643524388,0.0071090133813078,0.277932650953064,0.08319612384596253,0.015189464575809044,0.029771350568585726,0.042854425789660935,0.02687168045025314,0.004906075180224741,0.009615907353240492,0.042932904717667135,0.029120902533920537,0.005316725070912543,0.010420781138988583,-7.84789280062334e-05,0.008739617057736031,0.001595628468826318,0.003127431798899583,-0.001831291087445397,0.35855901575311117,0.037212154745750944,0.1283086959348884,0.042854425789660935,0.042932904717667135,0.004906075180224741,0.005316725070912543
2B_clustering,500,1.0,0.5,3,0.00331958376559752,0.006266775140953308,0.0011441513691709145,0.0022425366835749925,0.9291223900655513,0.19115992124033077,0.034900866984746697,0.06840569929010352,0.030450492426613723,0.022678308133191667,0.0041404736435339835,0.008115328341326607,0.10190879608827487,0.08373952927117824,0.015288676378896155,0.029965805702636465,0.03490482907580005,0.032826381304235853,0.005993249840531944,0.01174676968744261,0.035376067763975214,0.034386115038750435,0.006278016957230414,0.01230491323617161,-0.0004712386881751785,0.00475641877252012,0.0008683992848834344,0.0017020625983715314,-0.013500673134706043,0.3744744688797644,0.024371604384705505,0.134003967692606,0.03490482907580005,0.035376067763975214,0.005993249840531944,0.006278016957230414
2B_clustering,500,1.0,0.5,5,0.004765898131912338,0.005938900915417294,0.0010842899993873773,0.0021252083987992596,0.9051963595029797,0.14984682211366349,0.027358161547372483,0.05362199663285007,0.052931986107866334,0.028500893591111902,0.005203527442968803,0.010198913788218853,0.17181603046351218,0.0989103843611171,0.018058482895363347,0.03539462647491216,0.051432534722530586,0.031131904478528403,0.005683882113662037,0.011140408942777591,0.050966175736650556,0.0326392033385806,0.005959075975846174,0.0116797889126585,0.0004663589858800084,0.0057577090478078755,0.0010512090416786547,0.002060369721690163,0.00906739262212053,0.5568589993443833,0.020638202748428435,0.19926943372323985,0.051432534722530586,0.050966175736650556,0.005683882113662037,0.005959075975846174
2B_clustering,500,1.0,0.5,10,0.0072946480541592395,0.0072945655394834105,0.0013317993643916352,0.002610326754207605,0.9664647536041066,0.08190347132217667,0.014953459593711211,0.029308780803673974,0.07206475207334222,0.03530002179254849,0.0064448727387342525,0.012631950567919135,0.29784261535326445,0.09270404877018582,0.01692536622782994,0.03317371780654668,0.04077344872733084,0.023004319088931312,0.004199994828351457,0.008231989863568856,0.04060668394009818,0.028490085282466614,0.005201554124817636,0.010195046084642567,0.0001667647872326597,0.013230555936486733,0.002415557978249224,0.0047344936373684785,0.004090033893082934,0.3439758403129848,0.05931921590503016,0.12309017362446154,0.04077344872733084,0.04060668394009818,0.004199994828351457,0.005201554124817636
2B_clustering,500,1.0,1.0,3,0.023304198712210625,0.012569555751510732,0.0022948764076404092,0.004497957758975202,0.8787765570633275,0.22790088673568673,0.041608818846855175,0.08155328493983614,0.1309998627125193,0.05135699310413682,0.009376461202924333,0.01837786395773169,0.09959781776539142,0.10945637961830113,0.019983909393264075,0.039168462410797585,0.026448393990883525,0.02001703971672223,0.0036545947291085285,0.007163005669052716,0.024170165362733673,0.018846915025466995,0.0034409601662771087,0.006744281925903133,0.0022782286281498435,0.010113949798581363,0.0018465461500526146,0.0036192304541031247,0.0861386377159662,1.2073307234426482,0.06640435431721026,0.4320377507777322,0.026448393990883525,0.024170165362733673,0.0036545947291085285,0.0034409601662771087
2B_clustering,500,1.0,1.0,5,0.027386275754857272,0.013017641508903185,0.0023766852999806205,0.0046583031879620165,0.9045289840166171,0.17253902565816848,0.03150117213431384,0.061742297383255124,0.1413412711454251,0.07049316294412264,0.012870231831461085,0.025225654389663725,0.17198294366457165,0.10809169805010464,0.0197347537670265,0.03868011738337194,0.032729600384954156,0.03512235745403471,0.006412435816778176,0.012568374200885224,0.030044122436377725,0.035023345870706844,0.006394358857563851,0.012532943360825147,0.002685477948576413,0.012701275956519481,0.0023189251168279084,0.0045450932289827,0.08205043498823006,4.167213332344129,0.0696323978429321,1.4912181394532862,0.032729600384954156,0.030044122436377725,0.006412435816778176,0.006394358857563851
2B_clustering,500,1.0,1.0,10,0.02147668709104976,0.00868298196676144,0.0015852883632019375,0.0031071651918757976,0.9865748049448521,0.04621256513997586,0.008437221455780554,0.016536954053329885,0.18872629925738232,0.03904115659664205,0.007127907379690823,0.013970698464194013,0.2788536913463307,0.0910565955904337,0.016624583804835325,0.032584184257477236,0.03305925765326931,0.02118754967279045,0.00386829963134951,0.007581867277445039,0.0326672684678663,0.0212475404316305,0.0038792523953023596,0.007603334694792624,0.00039198918540300976,0.015003745718634985,0.0027392966590559804,0.005369021451749722,0.011857168406933183,0.7432022626585176,0.08238476193162121,0.2659515141106737,0.03305925765326931,0.0326672684678663,0.00386829963134951,0.0038792523953023596
2B_clustering,500,2.0,0.2,3,0.0012388151140707326,0.003989116576470782,0.0007283097111502764,0.0014274870338545416,0.8977484394580048,0.20392222929003503,0.03723093498629763,0.07297263257314335,0.011532691830397132,0.009914112870382607,0.0018100610855869483,0.0035477197277504185,0.11494329357888562,0.10242548488849594,0.018700249512277913,0.03665248904406471,0.04454653185695933,0.03402142672504265,0.006211434285271656,0.012174411199132446,0.04322801054300164,0.03468815868992821,0.006333162330930843,0.012412998168624453,0.0013185213139576936,0.004268931918489013,0.0007793967694034125,0.0015276176680306885,0.02959874223635439,0.4605661618943987,0.018353961756949422,0.16481148438085041,0.04454653185695933,0.04322801054300164,0.006211434285271656,0.006333162330930843
2B_clustering,500,2.0,0.2,5,0.0016038626096184553,0.004905926415655299,0.0008956955211049576,0.001755563221365717,0.975699378581072,0.09120786811061884,0.016652202262047347,0.0326383164336128,0.021220224720214342,0.012936821756323732,0.0023619296994540364,0.004629382210929911,0.166986774754415,0.10895772096848826,0.019892867196264884,0.03899001970467917,0.04622900012802579,0.03626476961273472,0.006621010786540898,0.01297718114162016,0.046175018539842995,0.03516732128000283,0.006420645050696333,0.012584464299364813,5.3981588182806677e-05,0.006898346083194473,0.001259459919747674,0.0024685414427054408,0.00116769966975927,0.5335655537511489,0.027202307666523866,0.1909339812688631,0.04622900012802579,0.046175018539842995,0.006621010786540898,0.006420645050696333
2B_clustering,500,2.0,0.2,10,0.002000084070138428,0.005801623518219414,0.0010592266903604191,0.0020760843131064216,0.9909067887996486,0.03127061612206664,0.005709207279046873,0.011190046266931871,0.04324570529965862,0.01706765738397637,0.003116113650991157,0.006107582755942667,0.286532458641066,0.09048332325196472,0.016519919074377592,0.03237904138578008,0.039167968607006484,0.03402854139728395,0.006212733240763595,0.012176957151896645,0.038882105849298146,0.035416342916354246,0.006466109973208507,0.012673575547488674,0.0002858627577083565,0.01000079352090326,0.0018258867347834096,0.0035787380001754826,0.00729838099536273,0.6942107769613767,0.04662501718506537,0.24842013610722335,0.039167968607006484,0.038882105849298146,0.006212733240763595,0.006466109973208507
2B_clustering,500,2.0,0.5,3,0.005251749567127097,0.00663818831456861,0.0012119618269521423,0.002375445180826199,0.9054715649452204,0.19631557895895302,0.03584215699516837,0.07025062771053,0.02382241082888707,0.014826465500072364,0.002706929867487249,0.0053055825402750076,0.07740326658451106,0.049448755965984116,0.009028066361045887,0.01769501006764994,0.03467830773785526,0.02509182878192966,0.004581120210973417,0.008978995613507897,0.034230427334454895,0.026634321973499443,0.004862739649580386,0.009530969713177555,0.0004478804034003513,0.006777502250631673,0.001237396955404333,0.0024252980325924927,0.012915290065075857,0.325777628503242,0.035892149341139885,0.11657802716301888,0.03467830773785526,0.034230427334454895,0.004581120210973417,0.004862739649580386
2B_clustering,500,2.0,0.5,5,0.0045683065398482705,0.005856535078928826,0.0010692521238498721,0.0020957341627457493,0.9141829295926047,0.15836881903989208,0.028914058197867513,0.056671554067820325,0.03776787745522576,0.027780985337822976,0.00507209077974864,0.009941297928307335,0.16710851063856055,0.09944331299893308,0.018155781907520787,0.035585332538740744,0.04182557898742069,0.031859268128682706,0.005816679939894973,0.011400692682194147,0.040397764207895114,0.03347877922851755,0.006112360860398155,0.011980227286380384,0.0014278147795255532,0.00944345067743987,0.0017241303189070864,0.0033792954250578895,0.03413735838432741,0.33577157084001197,0.041624587928476314,0.12015431349843869,0.04182557898742069,0.040397764207895114,0.005816679939894973,0.006112360860398155
2B_clustering,500,2.0,0.5,10,0.004672868056560063,0.0068477446319137976,0.0012502214009780326,0.002450433945916944,0.9653431197365507,0.08934609575350481,0.01631229068973704,0.03197208975188459,0.060451440025313725,0.020726393255889087,0.0037841043739911323,0.0074168445730226195,0.29525055541364914,0.08307489047081247,0.015167330491044986,0.02972796776244817,0.03968155256518391,0.027148952983536513,0.004956697987243376,0.009715128054997017,0.038584938967389334,0.028588846657510273,0.005219585402458182,0.010230387388818036,0.0010966135977945578,0.01657709123197242,0.0030265489351907994,0.005932035912973967,0.02763535010363305,2.1273959879213202,0.07560000227240912,0.7612788772692567,0.03968155256518391,0.038584938967389334,0.004956697987243376,0.005219585402458182
2B_clustering,500,2.0,1.0,3,0.021765759511297875,0.009313182973671633,0.0017003467989509982,0.0033326797259439563,0.9005290067574513,0.1822631780416298,0.0332765513386603,0.0652220406237742,0.09276388100285934,0.04172068464961861,0.00761712003238521,0.014929555263475012,0.1290471788483833,0.10724031106033378,0.019579312480538524,0.0383754524618555,0.05111449521220334,0.03711324114989008,0.006775919786641255,0.013280802781816859,0.04539671099276095,0.03445964206015465,0.006291441093300165,0.012331224542868323,0.005717784219442379,0.01395981145651116,0.0025487012110834034,0.0049954543737234704,0.11186228477274085,0.647910362215314,0.046443482712637374,0.23185174547609125,0.05111449521220334,0.04539671099276095,0.006775919786641255,0.006291441093300165
2B_clustering,500,2.0,1.0,5,0.023007171320322175,0.009511295172080679,0.0017365169722795227,0.0034035732656678645,0.9461338368728535,0.10052695217556004,0.01835362644793242,0.03597310783794755,0.10572165921282982,0.05270515239208388,0.009622600287297235,0.01886029656310258,0.15517258149904622,0.07115969066692819,0.012991922587788803,0.025464168272066053,0.038331364697195454,0.03512003162806649,0.006412011180995634,0.012567541914751443,0.03639775339871782,0.02909312078119724,0.005311652840028016,0.01041083956645491,0.001933611298477623,0.013023190457970837,0.0023776983948388874,0.00466028885388422,0.05044462449360976,4.533026541126273,0.05728824170316127,1.62212271502506,0.038331364697195454,0.03639775339871782,0.006412011180995634,0.005311652840028016
2B_clustering,500,2.0,1.0,10,0.02058465119310662,0.007694045070840298,0.0014047340145868883,0.002753278668590301,0.984704698561206,0.05843177903701056,0.010668134484576057,0.020909543589769073,0.12341564307388067,0.04714639758158609,0.008607715153513905,0.016871121700887254,0.2510764126814068,0.10361504742876981,0.018917432924568295,0.03707816853215386,0.042536636978042705,0.03410060789502138,0.00622589072291399,0.012202745816911421,0.03574500579970188,0.028203440862984347,0.0051492202533064985,0.010092471696480736,0.006791631178340804,0.020741380192852484,0.003786840601805386,0.007422207579538556,0.15966544750227074,2.2016743223363475,0.07826542396499997,0.7878590378740317,0.042536636978042705,0.03574500579970188,0.00622589072291399,0.0051492202533064985
2B_clustering,2000,0.5,0.2,3,0.0006821530116983732,0.0011571851568857622,0.00021127213787882886,0.0004140933902425046,0.8320712339803628,0.27062841012261785,0.04940976164197241,0.09684313281826593,0.009767708169662815,0.005801302632602442,0.0010591681049301543,0.002075969485663102,0.1036375490025681,0.07749427059482275,0.014148453360731235,0.02773096858703322,0.014979145868401792,0.013057641224573743,0.0023839882155028067,0.004672616902385501,0.0149280683461454,0.012543256247802417,0.0022900747971629975,0.004488546602439475,5.10775222563837e-05,0.0015878073237219968,0.0002898926293914818,0.0005681895536073043,0.0034099088629705454,0.28326446883021117,0.01915432407675902,0.10136488835444343,0.014979145868401792,0.0149280683461454,0.0023839882155028067,0.0022900747971629975
2B_clustering,2000,0.5,0.2,5,0.0006546382937431257,0.0015998045646375078,0.0002920830158838982,0.0005724827111324405,0.8346750459956288,0.22787565774711266,0.041604212684806824,0.08154425686222137,0.014268588891631878,0.008612769853369008,0.001572469443763556,0.0030820401097765696,0.17651336224962716,0.08784464469588162,0.016038164485320302,0.03143480239122779,0.02039103430384553,0.012483022968066387,0.002279077755155017,0.004466992400103833,0.0197194104757524,0.012365068807649909,0.002257542370351121,0.004424783045888197,0.0006716238280931209,0.001993310455576569,0.0003639270335433954,0.0007132969857450549,0.032937212408419625,0.9476521691323287,0.017715854975774215,0.33911297353895187,0.02039103430384553,0.0197194104757524,0.002279077755155017,0.002257542370351121
2B_clustering,2000,0.5,0.2,10,0.0007754646831507672,0.001399323540693107,0.000255480356161871,0.0005007414980772671,0.9496404774935902,0.10281149121474305,0.01877072430301966,0.03679061963391853,0.022852240116891444,0.009876556853787513,0.001803204326433891,0.0035342804798104265,0.2633996562932666,0.03835750523621618,0.007003090289166042,0.013726056966765442,0.022311881522198058,0.018442690211195996,0.003367159149917254,0.006599631933837818,0.022610126946723597,0.01878542332667111,0.003429733369433835,0.006722277404090316,-0.0002982454245255433,0.0032973306325441896,0.0006020074556657435,0.0011799346131048574,-0.013367112236985168,0.6974484639859664,0.027025552248411473,0.24957872752932955,0.022311881522198058,0.022610126946723597,0.003367159149917254,0.003429733369433835
2B_clustering,2000,0.5,0.5,3,0.005583052958792626,0.0026297074485272815,0.0004801166963992492,0.0009410287249425284,0.8384008071567318,0.2439802597933113,0.04454449729158911,0.08730721469151466,0.044295409379276014,0.02171833777595005,0.003965207837134808,0.007771807360784223,0.10381494156885417,0.07663188971717483,0.013991004874114945,0.027422369553265293,0.016807774525102688,0.012663609455223865,0.002312048186020606,0.004531614444600388,0.01732202744240816,0.01254581409725036,0.0022905417944434447,0.004489461917109152,-0.000514252917305469,0.002446513182846104,0.0004466701524928574,0.0008754734988860005,-0.030596133743787668,0.53381714046497,0.027500621986195076,0.191024010418171,0.016807774525102688,0.01732202744240816,0.002312048186020606,0.0022905417944434447
2B_clustering,2000,0.5,0.5,5,0.0059488453115954815,0.0021854434464203152,0.0003990055579187465,0.0007820508935207431,0.9005340309199178,0.19034803768484476,0.03475263800561097,0.06811517049099751,0.052474199760348166,0.02151511431287463,0.003928104478821233,0.007699084778489616,0.16802089969815143,0.0875107675526062,0.015977207137717858,0.031315325989927,0.015934254528852377,0.014480497672657204,0.002643765073071803,0.005181779543220734,0.015151613365401155,0.015042908772563496,0.0027464468217417923,0.0053830357706139125,0.0007826411634512068,0.002788766904645061,0.0005091568470993195,0.0009979474203146662,0.04911689856805557,0.41759501202035865,0.03382845113859536,0.1494344558836584,0.015934254528852377,0.015151613365401155,0.002643765073071803,0.0027464468217417923
2B_clustering,2000,0.5,0.5,10,0.0058802593128309665,0.001931566606311601,0.00035265420053352147,0.0006912022330457021,0.9199276571060853,0.14453676591840842,0.026388682360785395,0.051721817427139376,0.07136657900064748,0.018704478358946085,0.003414954907853994,0.006693311619393827,0.2626037282410665,0.03808899768465735,0.006954067741549625,0.013629972773437265,0.01895649647087424,0.015092680368674461,0.0027555338303794632,0.005400846307543748,0.019206070966791285,0.013906891312342521,0.0025390393588475405,0.004976517143341179,-0.0002495744959170367,0.003337144083614839,0.0006092763640802511,0.0011941816735972922,-0.013165644627450401,0.7197419250272876,0.0330497746266007,0.25755634010749645,0.01895649647087424,0.019206070966791285,0.0027555338303794632,0.0025390393588475405
2B_clustering,2000,0.5,1.0,3,0.02951017603127954,0.0066272029311388245,0.0012099561795163635,0.0023715141118520722,0.8950350334872288,0.19718219023584876,0.036000377843483096,0.07056074057322687,0.18173253108138607,0.03728396271338944,0.006807089137101639,0.013341894708719212,0.08816744495472625,0.07659486446269587,0.013984245018423113,0.0274091202361093,0.01998110868773969,0.015040633657421577,0.0027460314444470754,0.005382221631116267,0.01911555004322343,0.014132888583948903,0.0025803006267120193,0.005057389228355557,0.0008655586445162341,0.004587990217409821,0.0008376485785627968,0.0016417912139830818,0.04331884972165545,0.3679738733456113,0.04026151015341917,0.13167775945590768,0.01998110868773969,0.01911555004322343,0.0027460314444470754,0.0025803006267120193
2B_clustering,2000,0.5,1.0,5,0.027879361065669572,0.004947974237443821,0.0009033723679341345,0.0017706098411509035,0.8577118621304048,0.20894077806602002,0.0381471924431466,0.07476849718856733,0.23079355879802885,0.04154020529464017,0.007584169161089985,0.014864971555736371,0.19378263418335243,0.12010937599368987,0.021928871533204473,0.042980588205080765,0.020409193270566724,0.013826062000770158,0.0025242820130956085,0.004947592745667392,0.020125637524074973,0.012684637343290308,0.0023158873355641676,0.004539139177705769,0.00028355574649175833,0.005380050851546113,0.000982258403972228,0.001925226471785567,0.013893530368036866,23.031820283998737,0.04747055610240471,8.24183103983475,0.020409193270566724,0.020125637524074973,0.0025242820130956085,0.0023158873355641676
2B_clustering,2000,0.5,1.0,10,0.0226578589906271,0.0034647432838103135,0.0006325726841691442,0.0012398424609715226,0.9663582219663719,0.08151423457735031,0.014882395011927452,0.029169494223377807,0.23333474457346318,0.03888688285711671,0.007099740977301255,0.01391549231551046,0.2379019001031382,0.07188320835461195,0.013124018240554928,0.02572307575148766,0.020448192588193057,0.013831815255705567,0.0025253324089313423,0.004949651521505431,0.01924840723388532,0.014087741419555906,0.0025720579199302067,0.005041233523063205,0.0011997853543077338,0.004573343262309308,0.0008349744226603579,0.0016365498684143016,0.058674396239817406,0.7537280515722296,0.04068765025247227,0.2697181192994112,0.020448192588193057,0.01924840723388532,0.0025253324089313423,0.0025720579199302067
2B_clustering,2000,1.0,0.2,3,0.0003506422580441959,0.0010609914041527812,0.00019370964179118622,0.00037967089791072497,0.9428298358123127,0.1471033677744022,0.0268572776050062,0.05264026410581215,0.00786505607399975,0.007504153817158005,0.0013700647735486458,0.0026853269561553455,0.08673222131963859,0.07126830487220441,0.01301175273788723,0.02550303536625897,0.01795063095412967,0.015730073036780305,0.0028719052778161214,0.005628934344519598,0.017733565598389765,0.015738721692332147,0.0028734842990620667,0.00563202922616165,0.00021706535573992058,0.0013903453315321783,0.0002538411669340576,0.0004975286871907529,0.012092352424524,0.2813685933369052,0.014199828093386825,0.1006864580221589,0.01795063095412967,0.017733565598389765,0.0028719052778161214,0.0028734842990620667
2B_clustering,2000,1.0,0.2,5,0.0006554729654644508,0.0016860678282421093,0.0003078324610039831,0.0006033516235678069,0.8821446067832138,0.20521801998044079,0.0374675129166111,0.07343632531655776,0.01132335557690439,0.005761141421378992,0.0010518357044888831,0.002061597980798211,0.15375630980459606,0.08496034551732555,0.015511565911090708,0.030402669185737786,0.021527234174434664,0.016314875732962753,0.0029786751539457768,0.005838203301733722,0.021278104409591863,0.016309276543073344,0.002977652886410382,0.005836199657364349,0.0002491297648427767,0.0020694499781057423,0.00037782814487902905,0.0007405431639628969,0.011572771626122913,0.15334217418270005,0.01751829752902356,0.05487279230694407,0.021527234174434664,0.021278104409591863,0.0029786751539457768,0.002977652886410382
2B_clustering,2000,1.0,0.2,10,0.0011430293937470795,0.0013250177281843524,0.00024191403294027283,0.00047415150456293475,0.9396271404763012,0.10826271072596765,0.01976597626708966,0.038741313483495736,0.021216290289904478,0.009962198838801197,0.0018188403421210626,0.0035649270705572825,0.2603875771117524,0.04586776654616577,0.008374270133238606,0.016413569461147668,0.015943672017012342,0.013734557645076681,0.0025075756798545105,0.004914848332514841,0.015600897656649234,0.014448172508808338,0.002637863332600112,0.005170212131896219,0.00034277436036310455,0.00281507780350275,0.0005139605380368506,0.001007362654552227,0.021499085028678366,0.3708732073279285,0.03293860137731121,0.13271527279682718,0.015943672017012342,0.015600897656649234,0.0025075756798545105,0.002637863332600112
2B_clustering,2000,1.0,0.5,3,0.005671254900377153,0.002752026676112727,0.0005024490297876347,0.000984800098383764,0.857850462079268,0.22854552720765342,0.041726513556180816,0.0817839665701144,0.03568557337354017,0.017887377831435135,0.0032657734442982883,0.006400915950824645,0.08510997715627848,0.08297936768292219,0.015149890495817223,0.029693785371801756,0.019752921684508727,0.012432790227408327,0.0022699065534271083,0.004449016844717132,0.01944230998240131,0.012150006152582098,0.00221827748119859,0.004347823863149236,0.0003106117021074112,0.0026247015926350063,0.00047920275633530946,0.0009392374024172065,0.01572484856004941,0.23075837674554905,0.023941842013924908,0.08257582460751768,0.019752921684508727,0.01944230998240131,0.0022699065534271083,0.00221827748119859
2B_clustering,2000,1.0,0.5,5,0.006367362045132358,0.0026639640016191384,0.0004863710586895103,0.0009532872750314403,0.8295519641178757,0.1973656066461269,0.03603386494525841,0.07062637529270649,0.04820640586211458,0.01945021065474387,0.003551106374610181,0.006960168494235954,0.14578760095657237,0.07708797485079087,0.014074274246056367,0.02758557752227048,0.016987081460628082,0.01316683247046412,0.0024039237183215577,0.004711690487910253,0.015957569755672123,0.012896904196247089,0.0023546417834225215,0.004615097895508142,0.0010295117049559566,0.0035009952362335854,0.0006391913548677542,0.0012528150555407983,0.060605567080025846,1.1527739796096554,0.03680172794798446,0.41251487072697635,0.016987081460628082,0.015957569755672123,0.0024039237183215577,0.0023546417834225215
2B_clustering,2000,1.0,0.5,10,0.005590716238950927,0.0015787276224493662,0.0002882349103240057,0.0005649404242350512,0.8801152892380159,0.153542010294233,0.02803280752094728,0.05494430274105667,0.05659205416754878,0.016278171514638385,0.0029719739111684932,0.005825068865890247,0.24938356838561085,0.06489779538233427,0.011848662154419695,0.0232233778226626,0.023596616915125032,0.015783838207177756,0.0028817214100277187,0.0056481739636543285,0.023858220947930567,0.015994591999589178,0.0029201996120888844,0.005723591239694213,-0.00026160403280554,0.003655179669601808,0.0006673414522583969,0.0013079892464264579,-0.011086505906609423,0.6235959273888414,0.028391610471860354,0.22315093671682507,0.023596616915125032,0.023858220947930567,0.0028817214100277187,0.0029201996120888844
2B_clustering,2000,1.0,1.0,3,0.02984244817139866,0.005957027835441657,0.0010875995070525227,0.0021316950338229443,0.8905395506400902,0.20487463048348803,0.03740481885878064,0.07331344496321006,0.16813321226721634,0.03416068246173874,0.006236858788021805,0.012224243224522738,0.10186325645732187,0.08176582772994836,0.014928329426924717,0.029259525676772445,0.021490479534040426,0.018229431133752236,0.003328223547481025,0.006523318153062808,0.020664448185097065,0.01859136037149378,0.00339430248339159,0.006652832867447516,0.0008260313489433565,0.004724730170600504,0.0008626137641877093,0.0016907229778079103,0.03843708315744876,1.0524113844188845,0.04026963979039444,0.3766005772806898,0.021490479534040426,0.020664448185097065,0.003328223547481025,0.00339430248339159
2B_clustering,2000,1.0,1.0,5,0.02610445377465973,0.004695793046811025,0.000857330592371437,0.0016803679610480164,0.8427867697824059,0.21638518427375272,0.03950634884554883,0.0774324437372757,0.1709469450225688,0.032725061006499266,0.005974751369664121,0.011710512684541676,0.15213301304044796,0.09962055347194713,0.018188141442578347,0.03564875722745356,0.021001607039988917,0.013225986416286976,0.0024147237018190965,0.004732858455565429,0.01622436472681801,0.013460831785928488,0.002457600403978528,0.004816896791797915,0.004777242313170867,0.0068194950766287,0.0012450637614216534,0.0024403249723864407,0.22747032186987481,5.863137667213828,0.05921928186548269,2.098096868619604,0.021001607039988917,0.01622436472681801,0.0024147237018190965,0.002457600403978528
2B_clustering,2000,1.0,1.0,10,0.0227976517976921,0.0037662371682086024,0.00068761768464741,0.0013477306619089236,0.9383595612493563,0.12350469377534883,0.022548768912842142,0.0441955870691706,0.17965689508614444,0.028280983990999074,0.005163377626770891,0.010120220148470945,0.23495830689812794,0.06964322437640791,0.012715054989450756,0.02492150777932348,0.016777336237707944,0.0158410522953747,0.0028921672255985712,0.005668647762173199,0.014877166852148486,0.011360624048842891,0.002074156686295641,0.004065347105139457,0.001900169385559422,0.008738072047489718,0.0015953463898384906,0.0031268789240834413,0.11325810954951998,6.097750092572584,0.08224644016364481,2.182051846811063,0.016777336237707944,0.014877166852148486,0.0028921672255985712,0.002074156686295641
2B_clustering,2000,2.0,0.2,3,0.0003548707074642664,0.0011008689505239788,0.0002009902523530073,0.0003939408946118943,0.8698296882493072,0.25537796457600637,0.04662542396267797,0.09138583096684882,0.003320931398327786,0.004091748477807675,0.0007470476469775634,0.0014642133880760242,0.11102529586391305,0.09507227526100023,0.017357743251263394,0.03402117677247625,0.02737676445734959,0.017005031513361007,0.003104679783651345,0.006085172375956636,0.02698190020812509,0.016830285282744172,0.003072775632868732,0.006022640240422715,0.0003948642492244772,0.0014708446303329378,0.0002685382608728991,0.0005263349913108822,0.014423335154877814,0.16093410324462118,0.009680449862724372,0.05758952923104365,0.02737676445734959,0.02698190020812509,0.003104679783651345,0.003072775632868732
2B_clustering,2000,2.0,0.2,5,0.0010728294817759789,0.0015129184274801628,0.000276219850132043,0.0005413909062588043,0.9133375251968656,0.1667533328512562,0.030444853980600095,0.05967191380197619,0.007606677272901407,0.005248375999218138,0.0009582179750134968,0.0018781072310264538,0.15270516220906377,0.08500828230583982,0.015520317931225248,0.030419823145201485,0.02625393628578978,0.016143549594091307,0.002947395423629059,0.005776895030312956,0.025793159897808175,0.016542711204281028,0.003020272029626057,0.0059197331780670714,0.00046077638798161226,0.0020677115751087066,0.00037751075736719203,0.0007399210844396964,0.017550754407483105,0.1453632569176624,0.01476783106107635,0.052017573432865415,0.02625393628578978,0.025793159897808175,0.002947395423629059,0.003020272029626057
2B_clustering,2000,2.0,0.2,10,0.0009839416348845986,0.0015614162989850487,0.00028507430953678066,0.0005587456466920901,0.9357926128307642,0.1104562089631446,0.02016645242187287,0.03952624674687083,0.015446688983619308,0.0050072859918926065,0.0009142011632130702,0.0017918342798976176,0.26440003684423413,0.055880328763425746,0.010202305528177682,0.019996518835228256,0.027840431018423806,0.019136473727872572,0.003493826110620262,0.006847899176815713,0.02716708585929251,0.019402240823201324,0.003542348321671656,0.006943002710476446,0.0006733451591312962,0.0025424502785727286,0.00046418578963652564,0.0009098041476875902,0.024185874086708692,0.16210759085750104,0.017062649102017394,0.05800945638024141,0.027840431018423806,0.02716708585929251,0.003493826110620262,0.003542348321671656
2B_clustering,2000,2.0,0.5,3,0.00573840001269048,0.002614195811951229,0.00047728467198040716,0.000935477957081598,0.7723249494351558,0.298715549453173,0.054537748237684286,0.1068939865458612,0.024669697151039924,0.018768273016615128,0.0034266021655385455,0.006716140244455549,0.11104009193474354,0.08023767321643703,0.014649327860790219,0.028712682607148828,0.02554123621379747,0.019449930279751226,0.003551055185374171,0.006960068163333374,0.024222462873789662,0.019523110254705107,0.0035644159597208055,0.0069862552810527785,0.0013187733400077757,0.003158202734632316,0.0005766062929775406,0.0011301483342359795,0.05163310534262244,0.33142262588006427,0.02328940098087768,0.11859806353124301,0.02554123621379747,0.024222462873789662,0.003551055185374171,0.0035644159597208055
2B_clustering,2000,2.0,0.5,5,0.005852008988910312,0.002385859617574691,0.0004355963771954358,0.0008537688993030542,0.9378709496917297,0.15217403215744885,0.027783050026383756,0.054454778051712165,0.02857758841281631,0.012006851459588663,0.0021921411296768464,0.004296596614166619,0.15559409642672178,0.06923166136814171,0.01263991420829673,0.02477423184826159,0.024993987412729284,0.01780697207101813,0.003251093428053705,0.006372143118985261,0.02382522266033014,0.017359192393591277,0.0031693404180140133,0.0062119072193074654,0.0011687647523991465,0.0037346243657533362,0.0006818460029771754,0.0013364181658352637,0.04676183648087695,0.33818035219367215,0.02659184013701379,0.12101628483565706,0.024993987412729284,0.02382522266033014,0.003251093428053705,0.0031693404180140133
2B_clustering,2000,2.0,0.5,10,0.005606912175141676,0.0020256801312502157,0.0003698369007252562,0.0007248803254215021,0.9149525233698047,0.13421213479552488,0.02450367123947766,0.04802719562937621,0.03519390730067454,0.00990475070512834,0.0018083517958879971,0.0035443695199404743,0.24527956950281857,0.06014509995233464,0.010980942655765524,0.021522647605300427,0.024688305712769396,0.019598230501888966,0.0035781309776901265,0.007013136716272648,0.021813374089104,0.01804079972148776,0.003293784320963922,0.006455817269089286,0.002874931623665362,0.004802180014285937,0.0008767541063416295,0.0017184380484295938,0.11644912604020508,0.5044523803342048,0.03202856060589219,0.18051596595886335,0.024688305712769396,0.021813374089104,0.0035781309776901265,0.003293784320963922
2B_clustering,2000,2.0,1.0,3,0.028090092771761985,0.004697137704947307,0.0008575760922358951,0.0016808491407823544,0.864552498699986,0.22053044288979057,0.04026316606244769,0.07891580548239747,0.11303387027508319,0.0209838340232925,0.0038311064125005623,0.007508968568501102,0.11131349115736584,0.1044856039673934,0.01907637407583088,0.037389693188628524,0.02616806231489193,0.020640113033875026,0.0037683518327032476,0.007385969592098365,0.023306054899265953,0.01829109572195695,0.0033394819094673543,0.0065453845425560144,0.002862007415625927,0.008203695963360376,0.0014977831113488509,0.002935654898243748,0.1093702461109336,0.8950228270750278,0.05175867130540678,0.32027980535574496,0.02616806231489193,0.023306054899265953,0.0037683518327032476,0.0033394819094673543
2B_clustering,2000,2.0,1.0,5,0.02772108145116485,0.006123549360227309,0.0011180020388642752,0.0021912839961739793,0.8491945680489192,0.18284009429972875,0.03338188135477772,0.06542848745536434,0.10373455878707331,0.02922766103684051,0.005336216417664126,0.010458984178621686,0.167957313444571,0.11227063228417819,0.020497719282470715,0.0401755297936426,0.03202407342222617,0.021248603042573696,0.003879446400630173,0.007603714945235139,0.025302589517906326,0.017735084264534726,0.0032379685703135294,0.006346418397814518,0.006721483904319822,0.009308516099301261,0.0016994947481624332,0.0033310097063983693,0.2098884740769682,10.852310889937712,0.04401486653630807,3.8834495773121946,0.03202407342222617,0.025302589517906326,0.003879446400630173,0.0032379685703135294
2B_clustering,2000,2.0,1.0,10,0.022317865231377253,0.003821898403544172,0.000697779989371375,0.001367648779167895,0.9781553357007851,0.06703956518585644,0.01223969403254386,0.023989800303785967,0.10771304370261059,0.024270143864597755,0.0044311017561785996,0.008684959442110054,0.21280026346696318,0.06695499033924045,0.012224252848780823,0.023959535583610414,0.03131467766652145,0.018727617145086015,0.003419179452894703,0.006701591727673618,0.026308675230467395,0.018345263762256023,0.003349371595323238,0.006564768326833547,0.005006002436054013,0.007445139294072511,0.0013592902450438676,0.0026642088802859803,0.15986121554129795,0.4321345899076004,0.042551619846105865,0.1546373770101495,0.03131467766652145,0.026308675230467395,0.003419179452894703,0.003349371595323238
2B_clustering,10000,0.5,0.2,3,0.0005956617331051505,0.0004611278974517315,8.419005044308079e-05,0.00016501249886843834,0.7772481425222285,0.27423580567599737,0.05006837894811567,0.09813402273830672,0.0071900695657856435,0.005517663161929186,0.0010073828595012985,0.001974470404622545,0.11260298383576929,0.09721249560789107,0.017748492238604606,0.03478704478766503,0.008755299425527914,0.0045119580274468486,0.0008237670633830507,0.0016145834442307795,0.008744219600941324,0.00458749823994661,0.0008375587561780018,0.0016416151621088835,1.1079824586593422e-05,0.000624047357045347,0.00011393493813507234,0.00022331247874474177,0.0012654992191682979,0.10357656713647273,0.013020096823736739,0.037064398536401665,0.008755299425527914,0.008744219600941324,0.0008237670633830507,0.0008375587561780018
2B_clustering,10000,0.5,0.2,5,0.0007748396924423587,0.00043001043655692086,7.850880535495655e-05,0.00015387725849571484,0.8836363146911138,0.21725272138932117,0.03966473872810543,0.07774288790708664,0.011349371641581325,0.006035512329210473,0.0011019287496030407,0.00215978034922196,0.1620865200105954,0.09432881063043035,0.017222005801639937,0.033755131371214275,0.010691209229192809,0.006552117104326271,0.0011962474458183095,0.0023446449938038863,0.01049946751425419,0.0063441375109830845,0.0011582757408933712,0.0022702204521510075,0.00019174171493862782,0.0006383181775987827,0.00011654042157881403,0.0002284192262944755,0.017934520859909875,0.10849060577312844,0.010329107398753307,0.038822864678770524,0.010691209229192809,0.01049946751425419,0.0011962474458183095,0.0011582757408933712
2B_clustering,10000,0.5,0.2,10,0.0008245029097268133,0.0003210472138272078,5.86149336791154e-05,0.00011488527001106618,0.9127775012634536,0.13347745905837335,0.024369538414914453,0.047764295293232326,0.017001869008110466,0.004933248014928603,0.0009006837398479928,0.0017653401301020658,0.27037277342286803,0.045839314168703654,0.008369075463588388,0.01640338790863324,0.009164545048220486,0.006279846976156843,0.0011465379488405701,0.002247214379727517,0.00919941338147762,0.006260726581022632,0.001143047058266097,0.00224037223420155,-3.4868333257121306e-05,0.0007492850834231234,0.00013680011406432829,0.0002681282235660834,-0.003804698768315351,0.15451991460745165,0.014975139954157626,0.05529424130532522,0.009164545048220486,0.00919941338147762,0.0011465379488405701,0.001143047058266097
2B_clustering,10000,0.5,0.5,3,0.00772677496274072,0.0011445085519725916,0.00020895771705765407,0.000409557125433002,0.8934644133185211,0.2251076090406567,0.04109883844587384,0.08055372335391273,0.06607177867901086,0.017291010409626766,0.003156892147803074,0.006187508609694025,0.1333804506223781,0.09567688303796387,0.01746812902389207,0.03423753288682846,0.009604178445154097,0.007529275763143734,0.0013746513923835824,0.0026943167290718216,0.009394496456941617,0.007418625246204257,0.0013544494643411295,0.002654720950108614,0.0002096819882124882,0.001341221273321615,0.00024487238200135013,0.00047994986872264625,0.021832371129909434,0.4767410625842998,0.025151370445973615,0.17059959825671672,0.009604178445154097,0.009394496456941617,0.0013746513923835824,0.0013544494643411295
2B_clustering,10000,0.5,0.5,5,0.006907028120457693,0.0010902220275711605,0.00019904639906324792,0.0003901309421639659,0.9237168627365975,0.15409963549671865,0.028134615488292207,0.055143846357052724,0.06816574845860905,0.0109458231391112,0.0019984247479177372,0.003916912505918765,0.14542790234504005,0.07340256810938424,0.013401414110773027,0.02626677165711513,0.007860905759720095,0.0058691879182217205,0.0010715622056822742,0.0021002619231372576,0.007819485913771067,0.006176819560267878,0.0011277278022659525,0.0022103464924412668,4.141984594903516e-05,0.0015780950541175308,0.00028811941967583584,0.0005647140625646383,0.005269093309993256,9.077742661953115,0.0367063126218521,3.248428492423427,0.007860905759720095,0.007819485913771067,0.0010715622056822742,0.0011277278022659525
2B_clustering,10000,0.5,0.5,10,0.005378679066226699,0.0007272608163451811,0.00013277905143395917,0.00026024694081055994,0.9300102619837186,0.12308544194181373,0.022472224350674617,0.04404555972732225,0.06358737652337965,0.014611316185008986,0.002667649156456583,0.0052285923466549025,0.2636454369860486,0.057387607939008975,0.010477495796485924,0.02053589176111241,0.0078067074889041094,0.005652457504680558,0.0010319928268843015,0.002022705940693231,0.0074742767121747265,0.005783647072491226,0.001055944655417387,0.0020696515246180786,0.00033243077672938484,0.0015008332284816373,0.0002740134047642326,0.0005370662733378958,0.04258271200783126,0.4079852612162385,0.03530099022232429,0.145995650722544,0.0078067074889041094,0.0074742767121747265,0.0010319928268843015,0.001055944655417387
2B_clustering,10000,0.5,1.0,3,0.03156627882188356,0.002278954819862596,0.0004160783207912887,0.0008155135087509259,0.9543615924685854,0.11794812517824768,0.021534282925189767,0.04220719453337194,0.21009663952481109,0.01602801104306727,0.0029263010667432833,0.005735550090816835,0.10563495653699369,0.10550202535254051,0.019261946382689455,0.03775341491007133,0.009142303606812573,0.00898724195006759,0.0016408383819362456,0.0032160432285950414,0.0077263936723821775,0.00829426131212739,0.0015143180061648563,0.0029680632920831185,0.0014159099344303603,0.002100256750978767,0.000383452666354527,0.0007515672260548729,0.15487452564748583,0.5028966658371398,0.038983195913748186,0.17995926067578422,0.009142303606812573,0.0077263936723821775,0.0016408383819362456,0.0015143180061648563
2B_clustering,10000,0.5,1.0,5,0.02962326137855261,0.002006768406172148,0.0003663841079163916,0.0007181128515161276,0.8327314446306763,0.19931003029997735,0.03638886651077858,0.07132217836112602,0.22913668894290135,0.018492539886828526,0.003376260413860005,0.00661747041116561,0.14935490735985382,0.10480479238686556,0.019134649641643988,0.03750391329762222,0.008831800715457134,0.006551899140187456,0.001196207651193124,0.002344566996338523,0.00791015510168511,0.006117483533275616,0.0011168945754471535,0.0021891133678764206,0.0009216456137719993,0.003067459597163617,0.0005600389385340742,0.0010976763195267856,0.1043553453554481,1.535162503443291,0.059630105871244676,0.5493508466137019,0.008831800715457134,0.00791015510168511,0.001196207651193124,0.0011168945754471535
2B_clustering,10000,0.5,1.0,10,0.021904505747273467,0.0013122923155242815,0.00023959070108444527,0.00046959777412551275,0.9267754087599731,0.11902213188596424,0.021730368825432504,0.042591522897847706,0.24001628741367073,0.018231665209195964,0.0033286314319862574,0.006524117606693064,0.2229685707888033,0.07443490989803331,0.013589893072339135,0.026636190421784705,0.0081446740788962,0.0054562899254349114,0.000996177690816294,0.001952508273999936,0.007910028361294315,0.005261714943844718,0.0009606533219685935,0.0018828805110584431,0.0002346457176018867,0.002978175105373168,0.0005437378951377364,0.0010657262744699632,0.02880971237509411,1.5189723698068527,0.06565602059310004,0.5435572816979243,0.0081446740788962,0.007910028361294315,0.000996177690816294,0.0009606533219685935
2B_clustering,10000,1.0,0.2,3,0.0006716021644815534,0.00044167112978674985,8.063774692766492e-05,0.00015804998397822323,0.8338937426512538,0.23585317646765036,0.04306070167019291,0.08439897527357809,0.00629652853312239,0.004944999205946588,0.0009028292039806936,0.0017695452398021594,0.1124219614808863,0.07641606558741361,0.013951600959340232,0.027345137880306854,0.010186001567935072,0.006384852389712924,0.0011657092267288447,0.0022847900843885357,0.009924955625652957,0.00655457979594674,0.0011966970697358794,0.0023455262566823235,0.00026104594228210597,0.0009665213724480326,0.00017646185266687988,0.00034586523122708457,0.02562791106412865,0.19332944247866843,0.017863713641311937,0.06918205249463659,0.010186001567935072,0.009924955625652957,0.0011657092267288447,0.0011966970697358794
2B_clustering,10000,1.0,0.2,5,0.0008663757378833236,0.0005314067551467869,9.702115566817324e-05,0.00019016146510961954,0.8629798764872252,0.21003088028076553,0.03834621696748075,0.07515858525626228,0.009511290135763933,0.00473581943998728,0.0008646383785175055,0.0016946912218943108,0.14160958784424396,0.07592510429369116,0.01386196410086233,0.027169449637690166,0.012429654215470192,0.008578122576391296,0.0015661437453779485,0.003069641740940779,0.012127094326164633,0.008336017051122642,0.0015219415262158556,0.002983005391383077,0.00030255988930553556,0.0008201124511773068,0.00014973136306688838,0.00029347347161110123,0.024341778464680663,0.21362479129664966,0.011379000003793875,0.0764446497965321,0.012429654215470192,0.012127094326164633,0.0015661437453779485,0.0015219415262158556
2B_clustering,10000,1.0,0.2,10,0.0008078221800898298,0.00041991366126980373,7.666539482735164e-05,0.00015026417386160922,0.9044851733793033,0.16534117977991616,0.030187031283325713,0.0591665813153184,0.010890711687019517,0.002465986002014588,0.0004502253865984566,0.0008824417577329749,0.2622851678160954,0.043767267717824535,0.007990773269806717,0.015661915608821166,0.009597526877213543,0.006750118597006845,0.001232397407138591,0.0024154989179916383,0.009244093213658232,0.006553765202202082,0.001196548345946162,0.0023452347580544776,0.000353433663555292,0.0009793379520471504,0.00017880182925237897,0.0003504515853346628,0.03682549349191555,0.24500502767871069,0.01794001011909171,0.08767392316971417,0.009597526877213543,0.009244093213658232,0.001232397407138591,0.001196548345946162
2B_clustering,10000,1.0,0.5,3,0.007256474506407397,0.001684579337019359,0.00030756070093086686,0.000602818973824499,0.8743697555836347,0.24828455267603838,0.045330350060248624,0.08884748611808731,0.054016208459255415,0.015139970750622312,0.0027641678333614208,0.005417768953388385,0.12801362388811077,0.09104789007297805,0.01662299440207359,0.032581069028064236,0.011706322970318773,0.008077407100138791,0.0014747260249661355,0.0028904630089336253,0.011065446829486087,0.007454681925364208,0.0013610324831826734,0.00266762366703804,0.0006408761408326527,0.002167530880457424,0.0003957351857718549,0.0007756409641128356,0.054746152353528865,1.5042156529115163,0.03160689780817047,0.5382766583753059,0.011706322970318773,0.011065446829486087,0.0014747260249661355,0.0013610324831826734
2B_clustering,10000,1.0,0.5,5,0.0066526177434079875,0.001194671021449292,0.00021811608908183845,0.00042750753460040337,0.8630074868454762,0.19059689704644686,0.03479807330094291,0.0682042236698481,0.04721263465152271,0.01148686310156229,0.002097204678566474,0.004110521169990289,0.16530790854595828,0.0806796958628536,0.014730029785580382,0.02887085837973755,0.010642870479296289,0.0077303446799649395,0.0014113613861689504,0.0027662683168911428,0.009342413572133139,0.007649770177567231,0.0013966505619946242,0.0027374351015094635,0.0013004569071631068,0.001382403628493641,0.00025239121696765286,0.0004946867852565996,0.12219042876571184,0.3005468060896845,0.026677060031596436,0.10754929331721479,0.010642870479296289,0.009342413572133139,0.0014113613861689504,0.0013966505619946242
2B_clustering,10000,1.0,0.5,10,0.005096207536704259,0.0007903169534414931,0.00014429147432622197,0.00028281128967939505,0.8941674811292544,0.17809021796614602,0.03251467655035666,0.06372876603869905,0.04657653267343385,0.010080712747242171,0.0018404779224648036,0.003607336728031015,0.2446453959619737,0.0591633331186601,0.010801697375427535,0.021171326855837967,0.012296833443721927,0.008779229642891144,0.0016028607043098346,0.003141606980447276,0.01182990226529016,0.008090970197632424,0.0014772022964484367,0.002895316501038936,0.0004669311784317434,0.001908240820356953,0.00034839551415388883,0.0006828552077416221,0.0379716599861859,0.6037673705184129,0.026448753626095382,0.21605537876809602,0.012296833443721927,0.01182990226529016,0.0016028607043098346,0.0014772022964484367
2B_clustering,10000,1.0,1.0,3,0.031259016252083306,0.0022245801186919385,0.00040615090399503153,0.0007960557718302618,0.8867513164316176,0.1918660121681348,0.035029780961016034,0.06865837068359143,0.18548045580395683,0.018658003770324984,0.003406469847674477,0.006676680901441975,0.12225271490972635,0.09331185114113645,0.01703633525085487,0.03339121709167555,0.013989392531575964,0.008894543617344677,0.0016239140593110927,0.0031828715562497415,0.009581041062080489,0.006671614980396124,0.0012180646732507811,0.002387406759571531,0.004408351469495439,0.00407476659452685,0.0007439471934636209,0.001458136499188697,0.31512100754519723,4.202180872246424,0.0376526754189649,1.503731112904786,0.013989392531575964,0.009581041062080489,0.0016239140593110927,0.0012180646732507811
2B_clustering,10000,1.0,1.0,5,0.02990555865126603,0.00263265585080558,0.00048065499854472375,0.0009420837971476586,0.890656467739969,0.19473938826160508,0.03555438526187929,0.0696865951132834,0.19576759465064927,0.01989799546841479,0.003632860322395452,0.007120406231895086,0.15561114788796165,0.11318672274676153,0.02066497375282813,0.040503348555543134,0.01221864266589868,0.006846948081696172,0.0012500759714705728,0.0024501489040823225,0.009522877826087774,0.006962419043178449,0.0012711579882507904,0.0024914696569715493,0.002695764839810877,0.003620616988766464,0.0006610311989446071,0.0012956211499314297,0.22062719350444582,0.35370662895335797,0.05356438918143087,0.12657229161901784,0.01221864266589868,0.009522877826087774,0.0012500759714705728,0.0012711579882507904
2B_clustering,10000,1.0,1.0,10,0.02249486701913593,0.001635312647064528,0.0002985658751235754,0.0005851891152422078,0.9205329862497842,0.12235296335454654,0.0223384926689627,0.04378344563116689,0.18124889031912783,0.018340213027970745,0.0033484494616232343,0.006562960944781539,0.20317633072541905,0.07336893202772315,0.013395273030549073,0.02625473513987618,0.014564627784353181,0.01127578012844186,0.0020586663766053686,0.004034986098146522,0.011238411599486664,0.009356716241237323,0.0017082948498335438,0.003348257905673746,0.003326216184866486,0.004946244605672533,0.0009030565818216971,0.0017699909003705263,0.22837632613171766,21.474829335621763,0.05086784143257139,7.684668984519896,0.014564627784353181,0.011238411599486664,0.0020586663766053686,0.0017082948498335438
2B_clustering,10000,2.0,0.2,3,0.0006859924875839465,0.0004046772067129144,7.388361154161475e-05,0.00014481187862156491,0.8163659261199554,0.24970280060943337,0.045589285522000464,0.0893549996231209,0.004194471091440803,0.0033609919368787038,0.0006136303664738152,0.0012027155182886776,0.10829633876749495,0.08288536775983463,0.015132728536390954,0.02966014793132627,0.02013620679954496,0.011177033705920445,0.002040637828909397,0.003999650144662418,0.01977247737071101,0.011013018485428069,0.0020106928835634443,0.003940958051784351,0.00036372942883394364,0.0007658231133798678,0.00013981953141899666,0.00027404628158123344,0.018063453184348988,0.112370302884766,0.006729804053414188,0.04021119646000046,0.02013620679954496,0.01977247737071101,0.002040637828909397,0.0020106928835634443
2B_clustering,10000,2.0,0.2,5,0.0007406238762947985,0.00042600273099190755,7.777710177435763e-05,0.00015244311947774095,0.7611536471059668,0.24857692238716622,0.04538372922222062,0.08895210927555242,0.005728410004852274,0.0024463874522117485,0.0004466471973246554,0.0008754285067563245,0.16480329063627502,0.0836636267104,0.01527481853065927,0.029938644320092172,0.022003254078725734,0.009806203380659488,0.0017903595983568734,0.003509104812779472,0.02131200294450669,0.009452778704326096,0.0017258333758212866,0.003382633416609722,0.000691251134219013,0.0009064898616022195,0.00016550164844975724,0.0003243832309615242,0.03141585929725699,1.5645073533330862,0.006827168949669393,0.5598517662847813,0.022003254078725734,0.02131200294450669,0.0017903595983568734,0.0017258333758212866
2B_clustering,10000,2.0,0.2,10,0.0009506635475088702,0.00036600207743143587,6.68225313009833e-05,0.00013097216134992727,0.8788120484405827,0.1824860953163724,0.033317250278605,0.06530181054606579,0.007695935841209926,0.002562069355519222,0.00046776772663686695,0.0009168247442082593,0.2523535755506988,0.042859472197544574,0.007825033241786891,0.015337065153902306,0.02106052011210459,0.01045182269607425,0.0019082330192281096,0.003740136717687095,0.020565817195068437,0.010310425550527445,0.0018824175505005008,0.0036895383989809815,0.0004947029170361302,0.0009577828664435303,0.00017486642704769314,0.00034273819701347854,0.023489586885929725,0.12425220709274348,0.008165079177940536,0.04446308127440601,0.02106052011210459,0.020565817195068437,0.0019082330192281096,0.0018824175505005008
2B_clustering,10000,2.0,0.5,3,0.007815330962369586,0.0016047048048674622,0.0002929776732542783,0.0005742362395783854,0.7319871420489562,0.28384713776781956,0.051823160079570454,0.10157339375595809,0.031205149811991427,0.0085817100504506,0.00156679872553353,0.0030709255020457188,0.12240384413103027,0.10280452861704915,0.0187694531124144,0.036788128100332225,0.02026179276624269,0.005258206666853763,0.000960012801153286,0.0018816250902604404,0.01785183164739527,0.005685608042044283,0.0010380452592534783,0.0020345687081368175,0.0024099611188473833,0.001427420728525473,0.00026061017735461985,0.0005107959476150549,0.11894115918817183,0.08356940968346314,0.014922719084362159,0.029904929190001973,0.02026179276624269,0.01785183164739527,0.000960012801153286,0.0010380452592534783
2B_clustering,10000,2.0,0.5,5,0.006646871998036339,0.0008923868996659664,0.00016292681165638306,0.0003193365508465108,0.878573810831196,0.1658060937378819,0.03027191257068466,0.05933294863854193,0.030470724714107132,0.0058753645823221646,0.0010726899051015893,0.002102472213999115,0.16399560793964757,0.09707732568687025,0.01772381370032484,0.03473867485263669,0.02233848641251708,0.009200841669364085,0.0016798361767813995,0.003292478906491543,0.020147032935026142,0.009535433875347539,0.0017409240763755836,0.003412211189696144,0.002191453477490893,0.001279335215026977,0.00023357358529366582,0.000457804227175585,0.09810214698624287,0.13909761151848457,0.013932318206312716,0.04977544102219275,0.02233848641251708,0.020147032935026142,0.0016798361767813995,0.0017409240763755836
2B_clustering,10000,2.0,0.5,10,0.005232632838048667,0.0008890828637359572,0.00016232357998649185,0.000318154216773524,0.8766155547414971,0.16465114094431374,0.03006104800472103,0.05891965408925322,0.02764158091089919,0.005264840864371093,0.0009612240343636814,0.0018839991073528156,0.24464781656607448,0.05315413685017442,0.009704573259185709,0.019020963588003988,0.020236625219083215,0.009486131120841892,0.0017319226661122898,0.003394568425580088,0.019588449872996773,0.008831462944870165,0.0016123971568921308,0.0031602984275085765,0.0006481753460864486,0.0018338714284277238,0.00033481758297136167,0.0006562424626238688,0.032029814214042496,0.8000290037715604,0.01553137442950342,0.2862867022557252,0.020236625219083215,0.019588449872996773,0.0017319226661122898,0.0016123971568921308
2B_clustering,10000,2.0,1.0,3,0.031276318188644917,0.0022493370682512273,0.0004106708839045782,0.0008049149324529732,0.7995550321212073,0.2382436947329623,0.04349714859620606,0.08525441124856388,0.12117862569910036,0.011726114792783307,0.0021408858613008114,0.004196136288149591,0.1603776670341615,0.12453260756250734,0.022736439435641236,0.04456342129385682,0.025021803993017743,0.009946061967341838,0.0018158941659524451,0.0035591525652667925,0.01774923987966478,0.0099950390226451,0.0018248361119490367,0.0035766787794201116,0.007272564113352937,0.0032568825607761694,0.0005946226818940994,0.0011654604565124347,0.29064907212055335,0.23313552016450817,0.029336479935317215,0.08342647445520374,0.025021803993017743,0.01774923987966478,0.0018158941659524451,0.0018248361119490367
2B_clustering,10000,2.0,1.0,5,0.029556549897969433,0.0022821435737119663,0.00041666050492916593,0.0008166545896611652,0.8593438814720188,0.19850902814689672,0.03624262419482776,0.07103554342186241,0.11638354025035437,0.013402042086336156,0.0024468669224399706,0.004795859167982342,0.12849359293123874,0.09993931291745742,0.01824633868881962,0.03576282383008646,0.02107067633450972,0.011766365102199881,0.0021482345287721512,0.004210539676393416,0.013851342592302937,0.009577160865530216,0.0017485423476355335,0.0034271430013656456,0.007219333742206747,0.0040364690818753,0.0007369550562717563,0.0014444319102926424,0.34262468027107895,0.244887548703805,0.028677871307987785,0.08763188385844974,0.02107067633450972,0.013851342592302937,0.0021482345287721512,0.0017485423476355335
2B_clustering,10000,2.0,1.0,10,0.022225648290850896,0.0015875201387135723,0.00028984019682238465,0.0005680867857718739,0.9210806367022877,0.12227184394301767,0.022323682358447398,0.043754417422556896,0.09482544633511465,0.012257721949264238,0.002237943605079406,0.004386369465955635,0.22240386148395122,0.09062844896978169,0.016546415284151753,0.032430973956937434,0.025519354095438075,0.006803449120197366,0.001242134183990258,0.0024345830006209054,0.01789690474972103,0.007524964545724716,0.0013738642753733472,0.0026927739797317604,0.007622449345716994,0.0033744904873558965,0.000616094853337142,0.0012075459125407983,0.29869287902861386,0.1869301039941357,0.02789592811130065,0.06689207862779145,0.025519354095438075,0.01789690474972103,0.001242134183990258,0.0013738642753733472
GMM,500,0.5,0.2,3,0.0004742554892148548,0.005675323350129706,0.00103616754000061,0.0020308883784011956,0.8229929314660286,0.25278059414218956,0.04615121117041183,0.09045637389400718,0.013626908177566975,0.009678696479198124,0.0017670801296342145,0.0034634770540830605,0.08773722292560146,0.07351399702201766,0.01342175815377556,0.0263066459814001,0.03740566224496585,0.027959704418825105,0.005104720270455793,0.010005251730093355,0.03781485291579344,0.027537976284433042,0.005027723599675426,0.009854338255363835,-0.0004091906708275625,0.004245887551729703,0.0007751894629042471,0.0015193713472923243,-0.010939270855514716,0.17322836377438766,0.02103579161920731,0.061988973860109355,0.03740566224496585,0.03781485291579344,0.005104720270455793,0.005027723599675426
GMM,500,0.5,0.2,5,0.0012894772804144868,0.005913916669574995,0.001079728521044017,0.002116267901246273,0.9139496192359998,0.13596288243690574,0.024823312564705415,0.04865369262682261,0.022241107067998707,0.01593547359719995,0.002909406117904802,0.005702435991093412,0.13135416043043766,0.08096564237324351,0.014782236236907194,0.0289731830243381,0.021260353339676064,0.019418204887509213,0.0035452629477152877,0.006948715377521964,0.021398768547714487,0.020537485356372828,0.003749614668039141,0.007349244749356716,-0.0001384152080384166,0.004820242631737033,0.0008800518740168134,0.0017249016730729542,-0.006510484836586006,0.6635741009382561,0.04128351621719034,0.23745694239126067,0.021260353339676064,0.021398768547714487,0.0035452629477152877,0.003749614668039141
GMM,500,0.5,0.2,10,0.0010257578868066368,0.005704097753772621,0.0010414210033186043,0.0020411851665044643,0.9854052993400172,0.05557262083739915,0.010146126004108384,0.019886406968052432,0.04267341923843458,0.014656442888852072,0.002675888127670154,0.005244740730233502,0.19926664088821291,0.05104271805577532,0.00931908269184146,0.01826540207600926,0.029780616170744848,0.024411775939357203,0.0044569601169159355,0.008735641829155233,0.02989711740499964,0.026312680845453233,0.00480401628249628,0.00941587191369271,-0.00011650123425479217,0.011671168369847837,0.0021308540628688193,0.004176473963222886,-0.003911981994826341,1.0190393809390257,0.07159497980466288,0.36465855920525087,0.029780616170744848,0.02989711740499964,0.0044569601169159355,0.00480401628249628
GMM,500,0.5,0.5,3,0.0011699833150393968,0.005510896225483153,0.0010061473915890665,0.00197204888751457,0.8169362853334221,0.2431867436611953,0.044399621729821044,0.08702325859044925,0.029932838300473167,0.028210222862471823,0.005150458471341259,0.010094898603828867,0.07123726142150247,0.05465215207708119,0.009978072169606729,0.01955702145242919,0.03644767792403281,0.025685119100882142,0.004689439707919987,0.009191301827523174,0.03613666404864843,0.024213779970648885,0.004420811164130391,0.008664789881695566,0.0003110138753843904,0.005126051413072963,0.0009358846632904314,0.0018343339400492455,0.008533160220319691,2.9574866171299297,0.025282253737646573,1.0583229940315153,0.03644767792403281,0.03613666404864843,0.004689439707919987,0.004420811164130391
GMM,500,0.5,0.5,5,0.0016741059941781265,0.0051640802186798335,0.0009428277415123853,0.001847942373364275,0.9530543469639913,0.12545413238489925,0.022904686079816234,0.04489318471643982,0.041409224412005036,0.023808480301228,0.004346813906966656,0.008519755257654646,0.09905856390035903,0.06169691919896086,0.011264264791281476,0.02207795899091169,0.03518681442283844,0.030662097081755824,0.005598107410696997,0.010972290524966113,0.03667926800686782,0.033232405499467516,0.006067379377405698,0.011892063579715168,-0.0014924535840293704,0.006752934768106774,0.0012329115672843327,0.002416506671877292,-0.042415137843813566,0.46289836735545,0.03373139308744166,0.1656460533868234,0.03518681442283844,0.03667926800686782,0.005598107410696997,0.006067379377405698
GMM,500,0.5,0.5,10,0.003501111178174627,0.005717787986196644,0.001043920486357313,0.0020460841532603333,0.9744096642418183,0.07367008547664076,0.013450255876296625,0.026362501517541385,0.07329212799465387,0.02240967479494843,0.004091428130516071,0.0080191991358115,0.22201405696189036,0.07951047473268434,0.014516560189678585,0.028452457971770026,0.038508860331536436,0.032117354101472144,0.005863799776252453,0.011493047561454807,0.03805534396254326,0.0318306684085841,0.005811458369282859,0.011390458403794403,0.00045351636899317483,0.008588849266961773,0.0015681021621755577,0.003073480237864093,0.011776935621794382,0.5676486428316059,0.04045983514068938,0.203130458058495,0.038508860331536436,0.03805534396254326,0.005863799776252453,0.005811458369282859
GMM,500,0.5,1.0,3,0.015645562298456966,0.010585606618976067,0.0019326585100297286,0.003788010679658268,0.8848487120212761,0.19108711569907075,0.03488757457232687,0.06837964616176066,0.07599920639038854,0.05406136149196196,0.009870209059529568,0.019345609756677953,0.0685077064321496,0.07675442899143008,0.014013377382344917,0.027466219669396035,0.035753982136974276,0.027290123632908687,0.004982472103616307,0.009765645323087963,0.035988456117762364,0.0258096065196461,0.004712167897047524,0.009235849078213147,-0.00023447398078808008,0.008198342611494432,0.0014968057274904376,0.0029337392258812576,-0.006557982265858131,0.6373018570882134,0.042170710982988906,0.22805554067053677,0.035753982136974276,0.035988456117762364,0.004982472103616307,0.004712167897047524
GMM,500,0.5,1.0,5,0.0141793718427552,0.008102919884785906,0.0014793840008514674,0.002899592641668876,0.9323210733811055,0.12957182170684367,0.023656469855291937,0.046366680916372194,0.09312034499420571,0.05485554861576447,0.010015207127058497,0.019629805969034655,0.11283954120110982,0.0770928859042708,0.014075170877647057,0.027587334920188233,0.0337582410291938,0.026742598813398293,0.004882508205469711,0.009569716082720635,0.034249126048843136,0.028412498102698157,0.005187388708640171,0.010167281868934735,-0.0004908850196493121,0.008565849199262994,0.001563902943541302,0.003065249769340952,-0.014541190674739912,0.5272791187880096,0.04628829702865721,0.18868440940827075,0.0337582410291938,0.034249126048843136,0.004882508205469711,0.005187388708640171
GMM,500,0.5,1.0,10,0.015301667617283897,0.009650740650303049,0.001761976116934352,0.0034534731891913296,0.9748022791356732,0.07321453039047143,0.013367083277336241,0.026199483223579033,0.1416796127596631,0.05279330744433728,0.009638695124189647,0.01889184244341171,0.1940444409148969,0.07307179218260569,0.013341022965247598,0.02614840501188529,0.03359510694362512,0.03060793873724683,0.0055882194950420926,0.010952910210282501,0.03378488487000417,0.0326556377232017,0.005962076470238072,0.011685669881666621,-0.00018977792637905026,0.010195840680216228,0.001861497311094415,0.003648534729745053,-0.005648975212298124,1.842048034122193,0.05537920875529104,0.6591684233938905,0.03359510694362512,0.03378488487000417,0.0055882194950420926,0.005962076470238072
GMM,500,1.0,0.2,3,3.607225798802653e-05,0.005327529829716028,0.000972669421172375,0.001906432065497855,0.8086915574625834,0.24578131477340392,0.044873323438223686,0.08795171393891843,0.013165655580700857,0.012544901115971467,0.0022903751076297683,0.004489135210954346,0.08050697352529627,0.068178321439072,0.01244760152833927,0.02439729899554497,0.03772914445975032,0.029837808763294574,0.0054476136420605874,0.01067732273843875,0.03754414765615731,0.029354823250057335,0.005359432955211172,0.010504488592213897,0.0001849968035930168,0.0034709635334877324,0.0006337083411896896,0.0012420683487317917,0.004903286471029444,0.7959246295470503,0.01667181936075954,0.28481797080221666,0.03772914445975032,0.03754414765615731,0.0054476136420605874,0.005359432955211172
GMM,500,1.0,0.2,5,-0.002253270515275526,0.0059001142121423295,0.001077208548615725,0.002111328755286821,0.910511461972323,0.1801151225565988,0.03288437185735225,0.0644533688404104,0.018298947839787624,0.013523994003691484,0.0024691321944621436,0.0048394991011458015,0.08612184608441634,0.047037305163834565,0.008587797694162142,0.0168320834805578,0.029760119919883147,0.020738875698393038,0.0037863833457685244,0.007421311357706308,0.030189131708316854,0.021230388651818692,0.0038761209230675966,0.007597197009212489,-0.0004290117884337167,0.0052862979595418,0.0009651415460448586,0.0018916774302479228,-0.014415660608513736,0.31705806116426,0.03254356944415138,0.11345777006383168,0.029760119919883147,0.030189131708316854,0.0037863833457685244,0.0038761209230675966
GMM,500,1.0,0.2,10,-0.0012038771358350569,0.005427491963042349,0.0009909199262787634,0.0019422030555063762,0.9951934554458091,0.026326528759839877,0.004806544554190936,0.009420827326214234,0.04795991528154845,0.020536615075598678,0.0037494557772353525,0.007348933323381291,0.20003831691384685,0.07217318397495008,0.013176960303350176,0.025826842194566345,0.042854425789660935,0.02687168045025314,0.004906075180224741,0.009615907353240492,0.043060326651323526,0.02798052926325269,0.005108522349472302,0.010012703804965712,-0.00020590086166261012,0.00801719795752367,0.001463733389773353,0.002868917443955772,-0.004804658045663546,1.0251508225685064,0.034164780026134274,0.3668455105056214,0.042854425789660935,0.043060326651323526,0.004906075180224741,0.005108522349472302
GMM,500,1.0,0.5,3,0.0021780107124586227,0.005270422295774718,0.0009622430596579926,0.0018859963969296656,0.8462302458087573,0.2183464927928535,0.03986443315159501,0.07813428897712622,0.01870177148847736,0.015029282384805883,0.0027439589950910732,0.005378159630378503,0.07856796012098273,0.059502161968870496,0.010863558776892126,0.021292575202708566,0.03490482907580005,0.032826381304235853,0.005993249840531944,0.01174676968744261,0.0357954725874497,0.033126433024623494,0.0060480315390901256,0.011854141816616646,-0.0008906435116496616,0.004447176118970195,0.0008119395591860847,0.001591401536004726,-0.025516340725104447,0.6870100956196054,0.023670347792985373,0.24584340538169747,0.03490482907580005,0.0357954725874497,0.005993249840531944,0.0060480315390901256
GMM,500,1.0,0.5,5,0.00348490108825379,0.0066852050538866985,0.0012205458698537615,0.0023922699049133724,0.9259610916534717,0.15410515781050296,0.028135623720235304,0.055145822491661195,0.03906014129621927,0.023973326902052464,0.004376910640899859,0.008578744856163723,0.12085113713774277,0.07887594517779305,0.014400711472806027,0.028225394486699813,0.051432534722530586,0.031131904478528403,0.005683882113662037,0.011140408942777591,0.051156986380892736,0.03075563898412504,0.005615185747363518,0.011005764064832495,0.0002755483416378509,0.0065614816668553375,0.0011979571731977553,0.0023479960594676003,0.0053574715522846095,0.8589088034524047,0.023203033435798614,0.3073565679738934,0.051432534722530586,0.051156986380892736,0.005683882113662037,0.005615185747363518
GMM,500,1.0,0.5,10,0.0037443568216909574,0.006259271553890399,0.0011427814078720615,0.0022398515594292405,0.9626971334253779,0.08141447903671857,0.014864182225314077,0.02913379716161559,0.06234891862842118,0.033891813438620494,0.006187770245029725,0.012128029680258261,0.19378929340993617,0.06623615267047399,0.012093011646658217,0.023702302827450106,0.04077344872733084,0.023004319088931312,0.004199994828351457,0.008231989863568856,0.04073440042047279,0.024499165689751322,0.00447291522944447,0.008766913849711162,3.90483068580368e-05,0.011799109126877686,0.0021542127424186647,0.004222256975140583,0.0009576895768415028,0.41344625780341143,0.05282141000434916,0.1479498432538162,0.04077344872733084,0.04073440042047279,0.004199994828351457,0.00447291522944447
GMM,500,1.0,1.0,3,0.013134373028671311,0.009895835158877254,0.0018067240472899304,0.003541179132688264,0.8395039026078523,0.23249620655330153,0.04244780562120789,0.08319769901756746,0.0617878816050194,0.039732959793628925,0.00725421278513879,0.014218257058872029,0.06505307347986544,0.05229384466188417,0.00954750611332836,0.018713111982123585,0.026448393990883525,0.02001703971672223,0.0036545947291085285,0.007163005669052716,0.025985982768130664,0.02081204249652678,0.0037997417143679504,0.007447493760161183,0.00046241122275285406,0.007146498560262431,0.0013047661562113088,0.002557341666174165,0.01748352746530657,0.6573242969576504,0.04923441480086238,0.23522047875942062,0.026448393990883525,0.025985982768130664,0.0036545947291085285,0.0037997417143679504
GMM,500,1.0,1.0,5,0.013494435205304297,0.010419316901834627,0.0019022983003098887,0.003728504668607382,0.9139803395298505,0.17177693866468063,0.03136203472194231,0.06146958805500692,0.08407950144132549,0.05360145207985558,0.009786241473056368,0.01918103328719048,0.11909356300301885,0.08386047268536238,0.015310757524272937,0.030009084747574955,0.032729600384954156,0.03512235745403471,0.006412435816778176,0.012568374200885224,0.03239125632374802,0.031152280952025588,0.005687602331720975,0.011147700570173112,0.00033834406120613334,0.01352093397076392,0.0024685735114417648,0.004838404082425859,0.010337555522421549,4.200119329727711,0.07449380945169423,1.502993399388826,0.032729600384954156,0.03239125632374802,0.006412435816778176,0.005687602331720975
GMM,500,1.0,1.0,10,0.014479137265971153,0.00863769736784365,0.001577020564423655,0.003090960306270364,0.9765718867512228,0.07208530006368735,0.013160914969803383,0.02579539334081463,0.133030114599732,0.0428578634903343,0.007824739533377728,0.015336489485420346,0.20463305805594745,0.07872795006488525,0.01437369138555932,0.028172435115696268,0.03305925765326931,0.02118754967279045,0.00386829963134951,0.007581867277445039,0.035188902967000425,0.023941797782284262,0.0043711542375280835,0.008567462305555043,-0.0021296453137311126,0.010396525628815979,0.0018981372021943644,0.003720348916300954,-0.06441903009641581,0.46256103878880583,0.057633241432976316,0.16552534190953203,0.03305925765326931,0.035188902967000425,0.00386829963134951,0.0043711542375280835
GMM,500,2.0,0.2,3,0.0009349780797847769,0.005610860612209895,0.0010243983081082019,0.002007820683892076,0.7929462544606803,0.25539738934342004,0.046628970423773564,0.09139278203059618,0.012922344807918922,0.011765524510072314,0.0021480810583488414,0.004210238874363729,0.08674056533961738,0.07505252213848211,0.01370265312430084,0.026857200123629646,0.04454653185695933,0.03402142672504265,0.006211434285271656,0.012174411199132446,0.044340018599664535,0.034922505172859414,0.0063759479492553174,0.012496857980540422,0.00020651325729476334,0.004340158039435761,0.0007924008204454543,0.0015531056080730903,0.0046358997813323866,0.22118862874200226,0.017894338338732347,0.07915133426474505,0.04454653185695933,0.044340018599664535,0.006211434285271656,0.0063759479492553174
GMM,500,2.0,0.2,5,0.0006727924508234434,0.006653838478516392,0.0012148191428930939,0.0023810455200704637,0.960139241075069,0.08725843435638896,0.015931137609859338,0.0312250297153243,0.014848603242847131,0.009269123603828389,0.0016923026953734625,0.0033169132829319863,0.1232057930096782,0.07477439619212486,0.013651874506085062,0.02675767403192672,0.04622900012802579,0.03626476961273472,0.006621010786540898,0.01297718114162016,0.04828395205107727,0.03695460721813082,0.006746957325704495,0.013224036358380811,-0.0020549519230514597,0.008259624016351264,0.0015079941300890022,0.002955668494974444,-0.04445157622618989,0.27893603963114094,0.03341978422933574,0.09981597985799218,0.04622900012802579,0.04828395205107727,0.006621010786540898,0.006746957325704495
GMM,500,2.0,0.2,10,3.100258455122328e-05,0.005796211314605552,0.0010582385616920446,0.0020741475809164076,0.9930049408475168,0.02190082744068401,0.003998525739096923,0.007837110448629968,0.03594334451561105,0.018435434930678465,0.003365834522983761,0.006597035665048172,0.20132857935060286,0.07698922426759774,0.014056244938729145,0.027550240079909125,0.039167968607006484,0.03402854139728395,0.006212733240763595,0.012176957151896645,0.03807466682446593,0.03487723405625281,0.006367682611999022,0.012480657919518082,0.001093301782540567,0.011135148410384427,0.0020329906551784477,0.003984661684149757,0.02791316020267076,0.9495853933250429,0.05171014680683896,0.3398047689316738,0.039167968607006484,0.03807466682446593,0.006212733240763595,0.006367682611999022
GMM,500,2.0,0.5,3,0.002868001871196219,0.006824306480421537,0.0012459421995518543,0.0024420467111216345,0.8593256299010824,0.23548896241895215,0.04299420558678214,0.08426864295009298,0.013335294441347666,0.014568319095625178,0.002659798997869057,0.005213206035823352,0.07207984502433465,0.08012770906155256,0.014629251244741147,0.028673332439692646,0.03467830773785526,0.02509182878192966,0.004581120210973417,0.008978995613507897,0.03413471376713713,0.024104517863462516,0.004400862723868217,0.008625690938781705,0.0005435939707181317,0.005385335809462187,0.0009832233008609276,0.001927117669687418,0.015675331530804137,0.3120768143052364,0.027829085302194388,0.11167525376796154,0.03467830773785526,0.03413471376713713,0.004581120210973417,0.004400862723868217
GMM,500,2.0,0.5,5,0.005829329995933574,0.006763940150401084,0.00123492086599652,0.002420444897353179,0.8668334244004169,0.19491604545734556,0.03558663830556351,0.06974981107890448,0.02861033479472468,0.02334269654489319,0.004261773816878634,0.008353076681082122,0.10802524671349589,0.06838672784888444,0.012485651158933585,0.02447187627150983,0.04182557898742069,0.031859268128682706,0.005816679939894973,0.011400692682194147,0.03992100058155809,0.030812169273874347,0.005625506718989518,0.011025993169219454,0.0019045784058625997,0.008189075234089942,0.0014951137436059866,0.002930422937467734,0.045536211380012515,0.4910651376455854,0.03468116062737449,0.1757254026873394,0.04182557898742069,0.03992100058155809,0.005816679939894973,0.005625506718989518
GMM,500,2.0,0.5,10,0.005119493462738503,0.005309953619706466,0.0009694604589398132,0.0019001424995220338,0.9799856383857279,0.08246108315999104,0.015055265121012159,0.02950831963718383,0.05486440085797106,0.021027980309406988,0.0038391663847455564,0.0075247661141012905,0.20135316644620724,0.07138944230575998,0.013033869306192786,0.02554638384013786,0.03968155256518391,0.027148952983536513,0.004956697987243376,0.009715128054997017,0.03815448809028389,0.02734521398853385,0.004992530180441934,0.009785359153666191,0.0015270644748999996,0.01231750890002294,0.0022488591589377364,0.004407763951517964,0.03848298204541134,4.26118271145812,0.0558570585289208,1.5248446499082045,0.03968155256518391,0.03815448809028389,0.004956697987243376,0.004992530180441934
GMM,500,2.0,1.0,3,0.01263518622419216,0.00877255740821273,0.0016016425264957226,0.003139219351931616,0.9130414523221897,0.18057132250212862,0.03296766219098535,0.06461661789433128,0.035390619621736175,0.027443763069490063,0.0050105226986623085,0.009820624489378125,0.07989305738482212,0.0692271793838583,0.012639095913665261,0.02477262799078391,0.05111449521220334,0.03711324114989008,0.006775919786641255,0.013280802781816859,0.050522717245583056,0.0389787528117307,0.007116514059467608,0.01394836755655651,0.0005917779666202801,0.008708046356274488,0.0015898644737107352,0.003116134368473041,0.01157749801036867,0.3758786269024959,0.03129824079614915,0.1345064391878626,0.05111449521220334,0.050522717245583056,0.006775919786641255,0.007116514059467608
GMM,500,2.0,1.0,5,0.015357370629281587,0.010548600912411388,0.0019259022232824313,0.0037747683576335655,0.9610681643394096,0.12065847760281288,0.022029123312430825,0.043177081692364415,0.0631319643067289,0.034159846722478515,0.0062367062036068,0.012223944159069328,0.10532499973988602,0.0707741213039273,0.012921527575255973,0.025326194047501707,0.038331364697195454,0.03512003162806649,0.006412011180995634,0.012567541914751443,0.03514191365302171,0.03646297151445709,0.0066571973373788194,0.013048106781262486,0.0031894510441737097,0.00865224962696913,0.0015796774312855505,0.003096167765319679,0.08320734389107476,5.301617461817387,0.04395723808360461,1.8971594437324355,0.038331364697195454,0.03514191365302171,0.006412011180995634,0.0066571973373788194
GMM,500,2.0,1.0,10,0.01404492438505502,0.006432104003668014,0.0011743361516760877,0.002301698857285132,0.9945447862800972,0.0298794361040238,0.005455213719902704,0.0106922188910093,0.08777729884887865,0.03814640579854082,0.0069645489812022255,0.013650516003156362,0.1764246427123718,0.06068826029491087,0.01108010971308927,0.02171701503765497,0.042536636978042705,0.03410060789502138,0.00622589072291399,0.012202745816911421,0.04028359964145952,0.03109485890657533,0.005677118548523911,0.011127152355106865,0.002253037336583202,0.014227552653545191,0.002597583842146395,0.005091264330606934,0.05296698320899684,1.027254775029672,0.058314121016515306,0.36759840022458207,0.042536636978042705,0.04028359964145952,0.00622589072291399,0.005677118548523911
GMM,2000,0.5,0.2,3,0.0006088953048304839,0.0012406817852336955,0.00022651646681942498,0.00044397227496607297,0.8735040895586933,0.2119622141598792,0.03869882867803559,0.07584970420894975,0.009568361809693818,0.007758394995287215,0.0014164826496513314,0.0027763059933166093,0.08124964761717016,0.07872660154683313,0.014373445180973868,0.028171952554708782,0.014979145868401792,0.013057641224573743,0.0023839882155028067,0.004672616902385501,0.01526372409227944,0.012547386385190993,0.002290828853634104,0.004490024553122844,-0.0002845782238776433,0.0011629271946162194,0.00021232048574250123,0.0004161481520553024,-0.018998294454022346,0.39219180701685724,0.015835031398701738,0.14034403572027246,0.014979145868401792,0.01526372409227944,0.0023839882155028067,0.002290828853634104
GMM,2000,0.5,0.2,5,0.00031703340103099166,0.0015697533464552418,0.0002865964391909194,0.000561729020814202,0.9333155037478439,0.16701234945272178,0.030492143725730433,0.05976460170243165,0.01140070171924017,0.008119324030462975,0.001482378974392778,0.002905462789809845,0.11166869298728108,0.05996345458667071,0.010947778901018721,0.021457646645996694,0.02039103430384553,0.012483022968066387,0.002279077755155017,0.004466992400103833,0.02034105007559712,0.012325050122165358,0.00225023599143059,0.004410462543203956,4.998422824841469e-05,0.0020636123186086206,0.0003767623389491598,0.0007384541843403532,0.00245128459417987,0.2339601740707287,0.018435360586285074,0.08372157306563059,0.02039103430384553,0.02034105007559712,0.002279077755155017,0.00225023599143059
GMM,2000,0.5,0.2,10,0.0005211022536955234,0.0017193822262892458,0.000313914810104024,0.0006152730278038871,0.9894123903160038,0.057990726539848145,0.010587609683996113,0.020751714980632382,0.019795577147215797,0.007349253564373638,0.0013417839860108956,0.0026298966125813555,0.16689986562860176,0.04977863758951004,0.009088294229883078,0.017813056690570834,0.022311881522198058,0.018442690211195996,0.003367159149917254,0.006599631933837818,0.023176728706981294,0.019034328751456577,0.0034751770747139706,0.006811347066439382,-0.000864847184783209,0.0030154749546961253,0.0005505478847596455,0.0010790738541289052,-0.0387617325738665,1.5510024095313841,0.024680587813959414,0.5550190842108671,0.022311881522198058,0.023176728706981294,0.003367159149917254,0.0034751770747139706
GMM,2000,0.5,0.5,3,0.004112676388072613,0.002241783847820365,0.0004092918608339808,0.0008022120472346024,0.9169719159739762,0.1895737150929375,0.03461126668881981,0.06783808271008682,0.03297704784780649,0.02200461725981021,0.004017475080821856,0.007874251158410837,0.06740533208303036,0.06353348891796831,0.011599575012458577,0.02273516702441881,0.016807774525102688,0.012663609455223865,0.002312048186020606,0.004531614444600388,0.016728596675224954,0.012558119426587288,0.0022927884299285663,0.0044938653226599895,7.917784987773101e-05,0.002587246056775391,0.00047236434237072446,0.0009258341110466199,0.004710787246668513,0.4079121921813736,0.028018754179079817,0.14596950330422556,0.016807774525102688,0.016728596675224954,0.002312048186020606,0.0022927884299285663
GMM,2000,0.5,0.5,5,0.0040867766778532565,0.0024998371862509144,0.0004564057389999564,0.0008945552484399145,0.8447584806941408,0.22177484951025808,0.040490362588027295,0.0793611106725335,0.035475483024477235,0.015242724226529935,0.0027829279655669768,0.0054545388125112745,0.10358215969374242,0.06440147139764918,0.011758046207005404,0.02304577056573059,0.015934254528852377,0.014480497672657204,0.002643765073071803,0.005181779543220734,0.015877592036005233,0.014656958415421036,0.002675982249513759,0.005244925209046967,5.6662492847158206e-05,0.0027081493482895196,0.0004944381623836949,0.0009690987982720419,0.0035560178070800363,0.3955931683323776,0.031019004091397226,0.14156119723517996,0.015934254528852377,0.015877592036005233,0.002643765073071803,0.002675982249513759
GMM,2000,0.5,0.5,10,0.0032927519688248663,0.002677550854159279,0.0004888516672300874,0.0009581492677709712,0.9461468685029402,0.1081895663605695,0.019752621994128673,0.0387151391084922,0.04255432773882371,0.017126902455558524,0.003126930271700008,0.0061287833325320154,0.15056884822447072,0.05585667378834046,0.010197986740360538,0.019988054011106652,0.01895649647087424,0.015092680368674461,0.0027555338303794632,0.005400846307543748,0.019067892953826538,0.015035496073689623,0.0027450934542800546,0.005380383170388907,-0.00011139648295229334,0.002722305977919089,0.0004970227975124819,0.0009741646831244645,-0.00587642780528852,0.4926123898403994,0.026327763773516016,0.17627907977444876,0.01895649647087424,0.019067892953826538,0.0027555338303794632,0.0027450934542800546
GMM,2000,0.5,1.0,3,0.024054557130637,0.006849369255906784,0.00125051801538084,0.0024510153101464463,0.8571277101277973,0.24245140877053978,0.0442653685608435,0.08676012237925326,0.12772059660373283,0.04485000470254854,0.008188453093266204,0.016049368062801758,0.07097086820885182,0.05192630393031106,0.009480402663500177,0.018581589220460347,0.01998110868773969,0.015040633657421577,0.0027460314444470754,0.005382221631116267,0.0194576573513578,0.014276828584358959,0.002606580355095983,0.005108897495988126,0.000523451336381879,0.002957616028922202,0.0005399843384931806,0.001058369303446634,0.02619731189906771,0.42584237720777535,0.025984376660950867,0.15238573761303728,0.01998110868773969,0.0194576573513578,0.0027460314444470754,0.002606580355095983
GMM,2000,0.5,1.0,5,0.01967780000916603,0.004179886353248096,0.0007631393478273299,0.0014957531217415665,0.9211022301482192,0.12907785199692082,0.023566283737675595,0.046189916125844166,0.1554391046636544,0.04802667646669859,0.008768431354271107,0.01718612545437137,0.1313598980758627,0.08160162872123225,0.014898350926593449,0.02920076781612316,0.020409193270566724,0.013826062000770158,0.0025242820130956085,0.004947592745667392,0.020026301669627555,0.013823084446710852,0.0025237383885874506,0.004946527241631403,0.0003828916009391601,0.003115783239709634,0.0005688615882284976,0.0011149687129278552,0.018760741586555496,10.180113085343454,0.027705218516113687,3.642906682200134,0.020409193270566724,0.020026301669627555,0.0025242820130956085,0.0025237383885874506
GMM,2000,0.5,1.0,10,0.014251441040928937,0.0035038993771746756,0.000639721576035624,0.001253854289029823,0.9562551523614058,0.08728718533252658,0.015936386795919626,0.031235318120002464,0.1288144012146249,0.028997500797870744,0.005294195099422619,0.010376622394868333,0.15555147554731721,0.05486650550667442,0.010017207572495664,0.0196337268420915,0.020448192588193057,0.013831815255705567,0.0025253324089313423,0.004949651521505431,0.019312089046637622,0.012419018640751865,0.0022673922172056476,0.004444088745723069,0.00113610354155543,0.004193919473726787,0.000765701433373452,0.001500774809411966,0.055560095918278374,0.526485708126884,0.03474340356387725,0.18840049104951456,0.020448192588193057,0.019312089046637622,0.0025253324089313423,0.0022673922172056476
GMM,2000,1.0,0.2,3,0.0007825384919446965,0.001052755140933216,0.0001922059127395509,0.0003767235889695198,0.8347567272480068,0.25884484526015217,0.047258386880973176,0.09262643828670743,0.0056078092626920045,0.004455074603142211,0.0008133816185031216,0.0015942279722661182,0.08169871883401451,0.07837860897268252,0.014309910720071676,0.028047425011340485,0.01795063095412967,0.015730073036780305,0.0028719052778161214,0.005628934344519598,0.017940461404374997,0.01555461673056541,0.0028398714855593105,0.0055661481116962485,1.016954975468292e-05,0.0014745015163521104,0.0002692059138605411,0.0005276435911666606,0.0005665288189958817,0.1148617590841263,0.014982310113025253,0.0411027526107986,0.01795063095412967,0.017940461404374997,0.0028719052778161214,0.0028398714855593105
GMM,2000,1.0,0.2,5,0.000545461865748664,0.001525964918520394,0.00027860180261171755,0.0005460595331189664,0.877448755852855,0.1986342718351872,0.03626549045924837,0.07108036130012681,0.008371010061423621,0.005823184619539572,0.001063163190879654,0.002083799854124122,0.11835932878454385,0.06317978649681472,0.011534998080888571,0.022608596238541598,0.021527234174434664,0.016314875732962753,0.0029786751539457768,0.005838203301733722,0.021467768050205924,0.016453142494477803,0.0030039190953574367,0.005887681426900575,5.946612422872052e-05,0.0016660019713214814,0.00030416895351361676,0.0005961711488866888,0.002762367136757371,0.1940846364926934,0.014146995111370573,0.0694522952018625,0.021527234174434664,0.021467768050205924,0.0029786751539457768,0.0030039190953574367
GMM,2000,1.0,0.2,10,0.0010744552491246512,0.0019411478790107481,0.0003544034935958319,0.0006946308474478305,0.9565301506384586,0.11730426786413442,0.021416731200271592,0.04197679315253232,0.017212407284485746,0.009680858082461954,0.0017674747825902066,0.003464250573876805,0.16437771393033324,0.052660429260197504,0.009614434997905087,0.018844292595893968,0.015943672017012342,0.013734557645076681,0.0025075756798545105,0.004914848332514841,0.015152908573575865,0.013612140225626108,0.0024852254191662934,0.004871041821565935,0.0007907634434364768,0.0024210545258001584,0.00044202205891023994,0.0008663632354640703,0.04959732253603244,0.3219257491831392,0.027741185645854673,0.1151996498506457,0.015943672017012342,0.015152908573575865,0.0025075756798545105,0.0024852254191662934
GMM,2000,1.0,0.5,3,0.004996844242790896,0.0038703923305906086,0.0007066337286198228,0.0013850021080948527,0.8620475396731803,0.2184082009498696,0.03987569946812161,0.07815637095751836,0.03004804707606551,0.018439513906492334,0.003366579238672019,0.006598495307797157,0.0877089661598371,0.06938145701260011,0.012667263026125359,0.024827835531205704,0.019752921684508727,0.012432790227408327,0.0022699065534271083,0.004449016844717132,0.019724098176595563,0.011809335080910461,0.002156079737650585,0.004225916285795147,2.8823507913169983e-05,0.0027617854772113053,0.000504230734952934,0.0009882922405077504,0.0014592022574446695,1.9595207502743612,0.025471856299554913,0.7012054949921471,0.019752921684508727,0.019724098176595563,0.0022699065534271083,0.002156079737650585
GMM,2000,1.0,0.5,5,0.00425327458960742,0.0027668895187506408,0.0005051626011814464,0.0009901186983156348,0.9072502756296507,0.18825084642980894,0.03436974501968241,0.06736470023857752,0.03023470524288032,0.012587334811704189,0.0022981224050801423,0.004504319913957079,0.09704007819356845,0.06205176517937063,0.011329050507251632,0.0222049389942132,0.016987081460628082,0.01316683247046412,0.0024039237183215577,0.004711690487910253,0.015950099551615568,0.01225649601972441,0.002237719781991781,0.00438593077270389,0.001036981909012504,0.0031737308297214574,0.0005794413222960099,0.0011357049917001792,0.06104532502631399,1.8385561087137883,0.03168497658586561,0.6579188539345554,0.016987081460628082,0.015950099551615568,0.0024039237183215577,0.002237719781991781
GMM,2000,1.0,0.5,10,0.0033027308989478227,0.0028965707814103897,0.0005288390521296121,0.0010365245421740396,0.9140493689655227,0.16213363351986457,0.029601416136368516,0.05801877562728229,0.031116606146061578,0.011844372293836723,0.002162476628274527,0.004238454191418073,0.15971701959372114,0.05826610187026905,0.010637886110746769,0.020850256777063664,0.023596616915125032,0.015783838207177756,0.0028817214100277187,0.0056481739636543285,0.02377347670028803,0.01618612167886497,0.002955167987345911,0.005792129255197985,-0.00017685978516299375,0.0023707507375106125,0.00043283788571885713,0.00084836225600896,-0.0074951331285815215,0.30872672706413956,0.018277380645216557,0.110476440444943,0.023596616915125032,0.02377347670028803,0.0028817214100277187,0.002955167987345911
GMM,2000,1.0,1.0,3,0.025119009747170563,0.006362407170584111,0.0011616113091205123,0.002276758165876204,0.8433503699512684,0.23767428247319364,0.0433931886164743,0.08505064968828963,0.11221078670848281,0.036850810348612296,0.006728006696759923,0.013186893125649449,0.08466718781931495,0.060681800113758386,0.011078930250775007,0.021714703291519016,0.021490479534040426,0.018229431133752236,0.003328223547481025,0.006523318153062808,0.021154078036789096,0.01779265770653236,0.003248479994611969,0.006367020789439459,0.00033640149725130996,0.0038351019847660483,0.0007001906224630662,0.0013723736200276096,0.015653512836625083,1.1443276349909155,0.03214085012093869,0.4094923851225608,0.021490479534040426,0.021154078036789096,0.003328223547481025,0.003248479994611969
GMM,2000,1.0,1.0,5,0.02030148217271515,0.004833295903210669,0.0008824350644285965,0.001729572726280049,0.9051755758914125,0.16718940009512984,0.030524468602619658,0.05982795846113453,0.11516431570571654,0.03293751919482084,0.006013540750420923,0.011786539870825008,0.1278735832888426,0.08769029534597546,0.016009984278427015,0.03137956918571695,0.021001607039988917,0.013225986416286976,0.0024147237018190965,0.004732858455565429,0.019549869385037843,0.014413080435301788,0.002631456425850389,0.005157654594666762,0.0014517376549510637,0.00416167583311155,0.000759814576939767,0.0014892365708019434,0.06912507467580153,1.6601446881661162,0.038118288889557934,0.5940751470282282,0.021001607039988917,0.019549869385037843,0.0024147237018190965,0.002631456425850389
GMM,2000,1.0,1.0,10,0.014574143085687283,0.004343033612691188,0.0007929258258913729,0.0015541346187470909,0.9577433905806196,0.07884837229151943,0.0143956773755435,0.02821552765606526,0.107487430666898,0.029009558569748347,0.005296396537306158,0.01038093721312007,0.13794691991444452,0.056836727645668786,0.010376919275436762,0.02033876177985605,0.016777336237707944,0.0158410522953747,0.0028921672255985712,0.005668647762173199,0.014965939340512843,0.01218509333745177,0.0022246834954094147,0.004360379651002453,0.0018113968971950997,0.007066062162382911,0.0012900805463569507,0.0025285578708596234,0.10796689483542043,2.003531473693395,0.06565591157151485,0.7169545301047813,0.016777336237707944,0.014965939340512843,0.0028921672255985712,0.0022246834954094147
GMM,2000,2.0,0.2,3,0.00022910020927529673,0.0013641148935144222,0.0002490521660688689,0.00048814224549498296,0.8606005287304945,0.22380073805224057,0.04086023753917232,0.08008606557677775,0.0034126318636544003,0.003082979919021539,0.0005628725486611824,0.0011032301953759175,0.11270946483007414,0.08774425183799771,0.016019835341028493,0.031398877268415844,0.02737676445734959,0.017005031513361007,0.003104679783651345,0.006085172375956636,0.027384693669827213,0.016665389542210845,0.003042669927293191,0.005963633057494654,-7.92921247765233e-06,0.0013959314777603664,0.0002548610530336246,0.0004995276639459042,-0.0002896329290473787,0.3214686419964315,0.009318706110523534,0.11503607614463876,0.02737676445734959,0.027384693669827213,0.003104679783651345,0.003042669927293191
GMM,2000,2.0,0.2,5,0.000650245930863427,0.0011936038693784574,0.00021792125466134362,0.0004271256591362335,0.8920225745691405,0.15892431266718607,0.029015476994607273,0.056870334909430255,0.006791882081562544,0.00491274358682718,0.0008969401605813622,0.0017580027147394697,0.11704036154358136,0.05883480926178376,0.010741717399730946,0.021053766103472652,0.02625393628578978,0.016143549594091307,0.002947395423629059,0.005776895030312956,0.02638332023848629,0.016100510040127136,0.0029395375121053467,0.005761493523726479,-0.00012938395269650323,0.0014443489508513877,0.00026370083376340853,0.0005168536341762807,-0.004928173485609477,0.12212511391867677,0.010100533886334868,0.04370191075768297,0.02625393628578978,0.02638332023848629,0.002947395423629059,0.0029395375121053467
GMM,2000,2.0,0.2,10,0.00047797414528630007,0.001995997808564693,0.0003644176748272535,0.0007142586426614169,0.9471629253862294,0.10921397739297678,0.019939653004330878,0.03908171988848852,0.013613513283288126,0.0054281703440214575,0.00099104378113371,0.0019424458110220717,0.16117747286985817,0.06099458911324859,0.011136037447695094,0.021826633397482385,0.027840431018423806,0.019136473727872572,0.003493826110620262,0.006847899176815713,0.027846651515467613,0.018675829239994723,0.0034097243182865575,0.0066830596638416525,-6.22049704380332e-06,0.002798313549964571,0.000510899818095985,0.0010013636434681307,-0.00022343393461432548,0.22592867601587896,0.018357633015675445,0.08084753839756656,0.027840431018423806,0.027846651515467613,0.003493826110620262,0.0034097243182865575
GMM,2000,2.0,0.5,3,0.003999029406170886,0.0027177604352033443,0.0004961928987519764,0.0009725380815538737,0.9323575228935864,0.17460778909839983,0.0318788749350994,0.062482594872794825,0.014093607569945533,0.012581006086781213,0.002296966943279956,0.0045020552088287135,0.06250780561899397,0.06062419419624738,0.011068412897286155,0.021694089278680863,0.02554123621379747,0.019449930279751226,0.003551055185374171,0.006960068163333374,0.025286375445792254,0.01888234357131128,0.0034474285041899487,0.0067569598682123,0.0002548607680052047,0.0028758103611152427,0.000525048735296632,0.0010290955211813987,0.009978403780923517,0.2871493056326274,0.020228720080746235,0.10275505935039772,0.02554123621379747,0.025286375445792254,0.003551055185374171,0.0034474285041899487
GMM,2000,2.0,0.5,5,0.003701388585809398,0.002787343727739195,0.0005088970117344318,0.0009974381429994864,0.8598313406145093,0.17027817471182555,0.031088399113490862,0.06093326226244209,0.019936962631963137,0.01054611627743101,0.0019254485930737916,0.0037738792424246315,0.09365127900099503,0.04074996868700646,0.007439892355834205,0.014582189017435042,0.024993987412729284,0.01780697207101813,0.003251093428053705,0.006372143118985261,0.024669483991753182,0.01766066709295803,0.003224381915800767,0.006319788554969503,0.0003245034209760966,0.00278704891025131,0.0005088431856716113,0.000997332643916358,0.012983259358242072,0.9133926926769877,0.020207659794751313,0.32685337733785236,0.024993987412729284,0.024669483991753182,0.003251093428053705,0.003224381915800767
GMM,2000,2.0,0.5,10,0.00441588300717215,0.002283181186114486,0.0004168499461687683,0.0008170258944907858,0.9174428168407683,0.12509807818827687,0.022839679774754748,0.04476577235851931,0.022234859571612118,0.00743962811900911,0.0013582840467436727,0.0026622367316175987,0.1528985815913492,0.041709585686695035,0.0076150936482658246,0.014925583550601015,0.024688305712769396,0.019598230501888966,0.0035781309776901265,0.007013136716272648,0.02341837023442511,0.019220348185967285,0.0035091394215192606,0.00687791326617775,0.0012699354783442768,0.00394107167302678,0.0007195379520204639,0.0014102943859601092,0.05143874566035711,1.0975591482611662,0.028636430900006803,0.39275649708321453,0.024688305712769396,0.02341837023442511,0.0035781309776901265,0.0035091394215192606
GMM,2000,2.0,1.0,3,0.024400349562983648,0.006083262569971543,0.001110646710933421,0.0021768675534295048,0.9233051154682497,0.15207805118385995,0.027765526378275108,0.05442043170141921,0.07561621784067625,0.025139071421690914,0.004589745497464526,0.008995901175030472,0.09412925851842532,0.09036982369318516,0.01649919698484078,0.032338426090287926,0.02616806231489193,0.020640113033875026,0.0037683518327032476,0.007385969592098365,0.024087135813977107,0.018297680219678154,0.003340684068777936,0.006547740774804755,0.0020809265009148,0.006677029612427991,0.0012190532452855958,0.002389344360759768,0.07952161210387343,0.8930621259943179,0.042139093981777204,0.319578177484931,0.02616806231489193,0.024087135813977107,0.0037683518327032476,0.003340684068777936
GMM,2000,2.0,1.0,5,0.019579125937341398,0.004433831545587344,0.0008095031845653945,0.0015866262417481732,0.8974975414549055,0.16953403314318213,0.03095253807244977,0.060666974622001546,0.056713000976367826,0.021009919003796205,0.0038358688565785495,0.007518302958893957,0.10656102235063604,0.07864514052082257,0.014358572500472703,0.028142802100926498,0.03202407342222617,0.021248603042573696,0.003879446400630173,0.007603714945235139,0.027789723529731365,0.01931273580522515,0.0035260070158865046,0.006910973751137549,0.00423434989249479,0.006595011180432296,0.0012040787968405138,0.0023599944418074073,0.13222396278781867,4.084748050393119,0.03385089060030537,1.4617083172980327,0.03202407342222617,0.027789723529731365,0.003879446400630173,0.0035260070158865046
GMM,2000,2.0,1.0,10,0.013519116197825067,0.003609128164071317,0.0006589336361296889,0.0012915099268141902,0.9537816984729275,0.09231290834555841,0.016853954083256417,0.03303375000318257,0.06109353390879291,0.01969633716823388,0.0035960427224230405,0.007048243735949159,0.14306098605190506,0.057049333416246066,0.010415735600903744,0.020414841777771336,0.03131467766652145,0.018727617145086015,0.003419179452894703,0.006701591727673618,0.02761556898490371,0.017951551029156188,0.0032774898136246414,0.006423880034704297,0.0036991086816176998,0.007190374901663134,0.001312776843519963,0.0025730426132991274,0.11812699210927713,0.6774301627201208,0.04002394460530421,0.24241527042072086,0.03131467766652145,0.02761556898490371,0.003419179452894703,0.0032774898136246414
GMM,10000,0.5,0.2,3,0.0006467726901875725,0.0004074238513995728,7.438507795905959e-05,0.00014579475279975678,0.8389864289802148,0.2306515542229786,0.042111019723850444,0.08253759865874687,0.008430839543660326,0.005468834447037661,0.000998467996634606,0.001956997273403828,0.11568321938845263,0.08272028830112561,0.015102589288619064,0.029601075005693363,0.008755299425527914,0.0045119580274468486,0.0008237670633830507,0.0016145834442307795,0.00867358003922017,0.004465099199764151,0.0008152118510696971,0.0015978152280966063,8.171938630773334e-05,0.00065135081225858,0.00011891984424111226,0.00023308289471258003,0.009333705489211863,0.11714413201353899,0.01348441009024363,0.041919489274343205,0.008755299425527914,0.00867358003922017,0.0008237670633830507,0.0008152118510696971
GMM,10000,0.5,0.2,5,0.000842791013538063,0.0005415933445622727,9.888096393714156e-05,0.00019380668931679747,0.857280981734162,0.21726854873830978,0.039667628393460955,0.07774855165118347,0.011025112077880352,0.004972858464620553,0.000907915585451061,0.0017795145474840796,0.14009604331806144,0.08549599243518724,0.015609361211014363,0.030594347973588152,0.010691209229192809,0.006552117104326271,0.0011962474458183095,0.0023446449938038863,0.010506326476913753,0.006559668091282296,0.001197626061114057,0.002347347079783552,0.00018488275227907634,0.0008053062516408479,0.00014702813324120803,0.00028817514115276775,0.017292969234408484,0.263598555784617,0.013787565454602453,0.09432753175095883,0.010691209229192809,0.010506326476913753,0.0011962474458183095,0.001197626061114057
GMM,10000,0.5,0.2,10,0.0007159714573273918,0.00046828913716596065,8.549750795347583e-05,0.00016757511558881263,0.7823064571069999,0.21314201375318365,0.03891422962823168,0.07627189007133409,0.014904034993206645,0.004196263976627974,0.0007661294790818242,0.0015016137790003754,0.2273307715718657,0.04423079486949839,0.008075401362136012,0.015827786669786584,0.009164545048220486,0.006279846976156843,0.0011465379488405701,0.002247214379727517,0.009037480327732002,0.006231257720091745,0.0011376668049741538,0.0022298269377493416,0.0001270647204884914,0.0006671498157284803,0.00012180433443663452,0.00023873649549580365,0.01386481487296054,0.4098765454139882,0.013185614345247273,0.14667243808081423,0.009164545048220486,0.009037480327732002,0.0011465379488405701,0.0011376668049741538
GMM,10000,0.5,0.5,3,0.006714049216597579,0.001786582443021624,0.0003261838349618772,0.0006393203165252794,0.8017142535695256,0.2604947483495258,0.0475596165942223,0.09321684852467571,0.0538805388770163,0.014113202665548514,0.0025767064861876533,0.0050503447129278,0.14411512414383237,0.09875504321016183,0.01803012161120101,0.035339038357953975,0.009604178445154097,0.007529275763143734,0.0013746513923835824,0.0026943167290718216,0.009429119058926395,0.007334108870454786,0.0013390189558489401,0.0026244771534639226,0.0001750593862277037,0.0012980328657541764,0.0002369872936522125,0.00046449509555833646,0.018227419162128444,0.36797972065078005,0.02419664455756306,0.13167985188718948,0.009604178445154097,0.009429119058926395,0.0013746513923835824,0.0013390189558489401
GMM,10000,0.5,0.5,5,0.006924370814015353,0.0009454197671362169,0.00017260924425726245,0.0003383141187442344,0.8225331979942774,0.2392883857123655,0.04368788220121982,0.08562824911439085,0.060996397446046104,0.012456934723052392,0.002274314715061721,0.0044576568415209735,0.1429413608284039,0.06985002559427993,0.012752811553433437,0.024995510644729536,0.007860905759720095,0.0058691879182217205,0.0010715622056822742,0.0021002619231372576,0.007807405192334543,0.00585521488767147,0.0010690110910059139,0.002095261738371591,5.3500567385561466e-05,0.001201256388597772,0.0002193184071273971,0.0004298640779696983,0.006805903673301028,1.3223715286995805,0.02780944794960981,0.47320457423861556,0.007860905759720095,0.007807405192334543,0.0010715622056822742,0.0010690110910059139
GMM,10000,0.5,0.5,10,0.004717804293516693,0.0007358814504814669,0.00013435295669277344,0.00026333179511783594,0.8777308212692984,0.1606821026769188,0.02933640407450322,0.057499351986026306,0.05409844287410618,0.01356232075847098,0.0024761296705117096,0.0048532141542029505,0.21872601690456195,0.054511079338382076,0.009952315929195217,0.019506539221222623,0.0078067074889041094,0.005652457504680558,0.0010319928268843015,0.002022705940693231,0.007406559898432387,0.005784557904410993,0.0010561109498135712,0.0020699774616345997,0.0004001475904717001,0.0016673607114645887,0.000304417024389006,0.0005966573678024517,0.05125689556582769,0.47813971820764256,0.0391265014148209,0.17110010074363974,0.0078067074889041094,0.007406559898432387,0.0010319928268843015,0.0010561109498135712
GMM,10000,0.5,1.0,3,0.031887742070103066,0.0038679619281780926,0.0007061899998781062,0.001384132399761088,0.8169083395451425,0.23971679369381815,0.04376609843963879,0.08578155294169203,0.18609711803364495,0.039174274379558956,0.007152211250527045,0.014018334051033008,0.10679433815735002,0.10186360297696836,0.018597664379745322,0.03645142218430083,0.009142303606812573,0.00898724195006759,0.0016408383819362456,0.0032160432285950414,0.007773958423705239,0.008199810573744222,0.0014970737395030296,0.0029342645294259378,0.001368345183107296,0.002155574219162556,0.0003935522080706389,0.0007713623278184522,0.14967181598384938,0.49562367775201793,0.03859400003399101,0.177356655314455,0.009142303606812573,0.007773958423705239,0.0016408383819362456,0.0014970737395030296
GMM,10000,0.5,1.0,5,0.03047351947668704,0.0025835125633194554,0.0004716827028426865,0.0009244980975716655,0.8741874833290574,0.1900254577054736,0.03469374322851059,0.06799973672788076,0.21960623821393863,0.0211247713004982,0.0038568379211402024,0.007559402325434797,0.15397043060581592,0.11089848110002642,0.0202471998971816,0.03968451179847594,0.008831800715457134,0.006551899140187456,0.001196207651193124,0.002344566996338523,0.00785521741919351,0.005786190080529501,0.001056408943039547,0.002070561528357512,0.000976583296263589,0.0027337396511134798,0.0004991102910870519,0.0009782561705306218,0.11057578490810371,1.377904492184317,0.05117060733578156,0.4930767900052735,0.008831800715457134,0.00785521741919351,0.001196207651193124,0.001056408943039547
GMM,10000,0.5,1.0,10,0.02078504997437882,0.0013902156514869557,0.000253817490705382,0.0004974822817825487,0.9190032286192352,0.13162485388503775,0.02403130053371889,0.04710134904608902,0.22166789468477563,0.022628411848946723,0.004131363870061768,0.008097473185321065,0.2016065236354597,0.06824485893863629,0.01245974955814972,0.02442110913397345,0.0081446740788962,0.0054562899254349114,0.000996177690816294,0.001952508273999936,0.007786446680024656,0.0051291399385817,0.0009364485483206197,0.0018354391547084146,0.0003582273988715234,0.002184235743566834,0.00039878506255354153,0.0007816187226049414,0.043983024415888194,0.7205594830905491,0.04737408878241488,0.2578488995031313,0.0081446740788962,0.007786446680024656,0.000996177690816294,0.0009364485483206197
GMM,10000,1.0,0.2,3,0.0005699467449788576,0.0003784478022003059,6.909479936778692e-05,0.00013542580676086235,0.8828045055624189,0.2261758146953718,0.041293865223587856,0.0809359758382322,0.0056010643310337215,0.004599776451866595,0.0008398004407228033,0.0016460088638166944,0.10031581495942263,0.06680094605135481,0.012196128338337562,0.02390441154314162,0.010186001567935072,0.006384852389712924,0.0011657092267288447,0.0022847900843885357,0.009849885981400179,0.006586748122366335,0.0012025701757416133,0.0023570375444535623,0.00033611558653487975,0.000704888877739747,0.00012869451295752018,0.00025224124539673955,0.03299779450191376,0.1908253194841627,0.014013790058077803,0.06828596358940925,0.010186001567935072,0.009849885981400179,0.0011657092267288447,0.0012025701757416133
GMM,10000,1.0,0.2,5,0.0009434668189469343,0.0005901811896555993,0.00010775185019653545,0.00021119362638520947,0.8409911935243989,0.23175646632031954,0.042312748150441774,0.08293298637486587,0.009840037807500396,0.004564178037456241,0.000833301089194814,0.0016332701348218354,0.15051216999549463,0.07846354416102208,0.01432541769293152,0.028077818678145777,0.012429654215470192,0.008578122576391296,0.0015661437453779485,0.003069641740940779,0.01249873781900981,0.008234130606735415,0.0015033396915842287,0.002946545795505088,-6.90836035396028e-05,0.0007829961553576087,0.00014295488557639394,0.0002801915757297321,-0.005557966645092671,0.2416334480578432,0.01185058373821653,0.08646741889736861,0.012429654215470192,0.01249873781900981,0.0015661437453779485,0.0015033396915842287
GMM,10000,1.0,0.2,10,0.0006917113083838073,0.0005151886973815111,9.406015697585212e-05,0.00018435790767267016,0.8797453939061731,0.16638880519476673,0.03037830064050217,0.05954146925538425,0.009350924656332202,0.0020713757970935495,0.00037817974971279366,0.0007412323094370756,0.22269633731085553,0.040316372668550655,0.007360728915783314,0.014427028674935295,0.009597526877213543,0.006750118597006845,0.001232397407138591,0.0024154989179916383,0.009258964609140934,0.0066032264866292744,0.001205578699680813,0.0023629342513743932,0.0003385622680725902,0.0008675632087140767,0.00015839464649142077,0.0003104535071231847,0.03527599061758557,0.2664089252023247,0.016069922125822554,0.09533320953129293,0.009597526877213543,0.009258964609140934,0.001232397407138591,0.001205578699680813
GMM,10000,1.0,0.5,3,0.006491990088982461,0.002276001430204985,0.00041553910807909676,0.0008144566518350296,0.845089221338871,0.23133791889380453,0.04223633219481244,0.08278321110183237,0.03972046426470272,0.02124992409107579,0.0038796875899848914,0.007604187676370387,0.10182441786545106,0.09050817879028356,0.016524457054049646,0.032387935825937304,0.011706322970318773,0.008077407100138791,0.0014747260249661355,0.0028904630089336253,0.011328162423937293,0.007820570350035087,0.00142783426442343,0.0027985551582699227,0.00037816054638145554,0.0019231325698022916,0.0003511143631845312,0.0006881841518416812,0.03230395636104533,1.7704334607069676,0.029240893082298037,0.6335414774208796,0.011706322970318773,0.011328162423937293,0.0014747260249661355,0.00142783426442343
GMM,10000,1.0,0.5,5,0.005957420997429622,0.0012954307086703886,0.000236512206941225,0.000463563925604801,0.8893983054892208,0.19589763233566274,0.03576585073069864,0.07010106743216933,0.042372009743314315,0.012285004852774289,0.00224292475897497,0.004396132527590941,0.14512032128552718,0.0760821561175236,0.013890637709732449,0.027225649911075598,0.010642870479296289,0.0077303446799649395,0.0014113613861689504,0.0027662683168911428,0.009701383496604805,0.007607062434459304,0.0013888532305678417,0.0027221523319129696,0.0009414869826914333,0.0013378244847810348,0.00024425221609909986,0.0004787343435542357,0.08846175329512562,0.26451869741527295,0.023843157306035884,0.09465680020473594,0.010642870479296289,0.009701383496604805,0.0014113613861689504,0.0013888532305678417
GMM,10000,1.0,0.5,10,0.00477305729536845,0.000999167559395679,0.00018242220366946544,0.00035754751919215227,0.862816373782487,0.19766380873294143,0.03608830894847289,0.07073308553900687,0.040771417533214144,0.009033905240066906,0.0016493578941162558,0.003232741472467861,0.2157260379385621,0.05416259830256553,0.009888692287802052,0.01938183688409202,0.012296833443721927,0.008779229642891144,0.0016028607043098346,0.003141606980447276,0.011854328614526394,0.008338429093112013,0.0015223819028182648,0.0029838685295237987,0.00044250482919552656,0.001725337126945666,0.0003150020212430985,0.0006174039616364731,0.03598526655018264,0.579707103258142,0.024387257181790124,0.20744552270430114,0.012296833443721927,0.011854328614526394,0.0016028607043098346,0.0015223819028182648
GMM,10000,1.0,1.0,3,0.03242729077639201,0.0033105004129380627,0.0006044119175987814,0.0011846473584936114,0.8519717131254854,0.24446657366003685,0.04463328564986682,0.08748123987373897,0.16294153531637653,0.03367257558568576,0.006147743072525941,0.012049576422150843,0.11578615154604002,0.0966744276861516,0.017650254925869063,0.03459449965470336,0.013989392531575964,0.008894543617344677,0.0016239140593110927,0.0031828715562497415,0.009745871904182527,0.0069076740568464225,0.0012611629669426695,0.0024718794152076323,0.004243520627393396,0.003971448483288316,0.0007250839734222298,0.0014211645879075704,0.303338448600626,3.8693442566972256,0.038591050533872275,1.384627059668805,0.013989392531575964,0.009745871904182527,0.0016239140593110927,0.0012611629669426695
GMM,10000,1.0,1.0,5,0.02975239064142416,0.0034484201212254106,0.0006295924960499523,0.0012340012922579064,0.9048865219424614,0.15598021420602398,0.028477960615042364,0.05581680280548303,0.17437093061449824,0.021803113401842884,0.003980685678010849,0.007802143928901264,0.15120231348658522,0.10808655234682475,0.01973381429443962,0.03867827601710166,0.01221864266589868,0.006846948081696172,0.0012500759714705728,0.0024501489040823225,0.009567540908147674,0.006362222933923636,0.001161577672262225,0.002276692237633961,0.00265110175775098,0.0031245262606068892,0.0005704578381505529,0.0011180973627750836,0.21697187079134683,0.3065558893626507,0.043466844556292704,0.10969961615012143,0.01221864266589868,0.009567540908147674,0.0012500759714705728,0.001161577672262225
GMM,10000,1.0,1.0,10,0.02099604140805628,0.001977600774084991,0.0003610588512353425,0.0007076753484212713,0.9021268581312744,0.157318934240381,0.028722376335376172,0.0562958576173373,0.16296053598999333,0.016858785198548398,0.003077978981793056,0.00603283880431439,0.1855795891037686,0.07192494218167676,0.013131637760053065,0.025738010009704007,0.014564627784353181,0.01127578012844186,0.0020586663766053686,0.004034986098146522,0.011694316982070595,0.00933390582586338,0.0017041302568180866,0.0033400953033634498,0.0028703108022825673,0.0045482310450665935,0.0008303895800427563,0.0016275635768838023,0.1970740924368949,16.077787319363026,0.04633113664327524,5.753362302529288,0.014564627784353181,0.011694316982070595,0.0020586663766053686,0.0017041302568180866
GMM,10000,2.0,0.2,3,0.0006624971356383463,0.0005673341367546202,0.00010358056811440874,0.00020301791350424113,0.8398013050567729,0.26087258600030794,0.04762859999569168,0.0933520559915557,0.0037613158259293166,0.003274351283868262,0.0005978120197902162,0.0011717115587888238,0.10666267738442527,0.0956574811430736,0.017464586738728825,0.0342305900079085,0.02013620679954496,0.011177033705920445,0.002040637828909397,0.003999650144662418,0.019931069664593404,0.011098565071639567,0.002026311481891977,0.003971570504508275,0.00020513713495153824,0.0006871425029426846,0.0001254544830274228,0.0002458907867337487,0.010187476568635279,0.2796394747106902,0.006166286318048227,0.10006770086838776,0.02013620679954496,0.019931069664593404,0.002040637828909397,0.002026311481891977
GMM,10000,2.0,0.2,5,0.0006598992245617467,0.0005173164355338794,9.444862703669095e-05,0.00018511930899191425,0.8524862954848239,0.21970422114642454,0.04011231930033342,0.0786201458286535,0.004811152414491727,0.0024944040814197377,0.00045541379430884775,0.0008926110368453415,0.162352146068899,0.07277330639149075,0.013286527164951455,0.02604159324330485,0.022003254078725734,0.009806203380659488,0.0017903595983568734,0.003509104812779472,0.02156304098991937,0.009602881007855965,0.0017532381816802187,0.0034363468360932284,0.00044021308880635583,0.0010449794032475394,0.00019078626376232153,0.0003739410769741502,0.020006726606497383,1.2686064548926417,0.008419806415549206,0.4539649896683551,0.022003254078725734,0.02156304098991937,0.0017903595983568734,0.0017532381816802187
GMM,10000,2.0,0.2,10,0.0007061280028872935,0.0003519484336295563,6.425669872583926e-05,0.00012594312950264496,0.9350149660504867,0.14459600040854623,0.026399497049595662,0.0517430142172075,0.00727249812701139,0.0023021705629263185,0.0004203169161797037,0.0008238211557122192,0.20658427251028547,0.04701230117540469,0.008583232611331927,0.016823135918210576,0.02106052011210459,0.01045182269607425,0.0019082330192281096,0.003740136717687095,0.020537833111343478,0.010211650193559128,0.0018643837201214434,0.003654192091438029,0.0005226870007610842,0.0007167089029793856,0.00013085254444219701,0.0002564709871067061,0.02481833297463032,0.08782116106406215,0.005783231027091112,0.03142639888150641,0.02106052011210459,0.020537833111343478,0.0019082330192281096,0.0018643837201214434
GMM,10000,2.0,0.5,3,0.006290750706757874,0.001946544630893577,0.00035538880117699323,0.0006965620503069067,0.8040880679643959,0.28045499946687596,0.05120384319103577,0.10035953265443011,0.022323021160440486,0.01096111431975075,0.00200121652277346,0.003922384384635982,0.10290943538875703,0.08684344522385783,0.01585537130685707,0.03107652776143986,0.02026179276624269,0.005258206666853763,0.000960012801153286,0.0018816250902604404,0.018679417402057356,0.005571024606035721,0.001017125281714032,0.0019935655521595027,0.0015823753641853,0.0014686295005578742,0.0002681338353576979,0.0005255423173010878,0.07809651309935728,0.08874886384364405,0.014022140299164286,0.03175837305767741,0.02026179276624269,0.018679417402057356,0.000960012801153286,0.001017125281714032
GMM,10000,2.0,0.5,5,0.006253382425586078,0.0010672794366204778,0.0001948576741994803,0.0003819210414309814,0.9115605998499345,0.17175790696380225,0.03135856002464938,0.06146277764831278,0.0255146872876249,0.006349798772091348,0.001159309341031012,0.0022722463084207836,0.15500179182618493,0.07041091540052806,0.012855215553152373,0.02519622248417865,0.02233848641251708,0.009200841669364085,0.0016798361767813995,0.003292478906491543,0.019834927511238113,0.009359880610086357,0.001708872581899838,0.0033493902605236823,0.0025035589012789234,0.0016655948471465969,0.0003040946231488534,0.0005960254613717527,0.112073792961914,0.16221692444090893,0.016052217465560445,0.05804858090059266,0.02233848641251708,0.019834927511238113,0.0016798361767813995,0.001708872581899838
GMM,10000,2.0,0.5,10,0.004824507122440748,0.0010209365981634101,0.0001863966681988957,0.00036533746966983555,0.8896388651204722,0.1858669638336573,0.03393450959556366,0.06651163880730478,0.0241024503724925,0.005916650436883167,0.0010802276363845687,0.0021172461673137546,0.19628207053101054,0.059241084227891046,0.010815892720893148,0.02119914973295057,0.020236625219083215,0.009486131120841892,0.0017319226661122898,0.003394568425580088,0.01936859999252464,0.009057996157914562,0.0016537562738283109,0.0032413622967034893,0.0008680252265585806,0.00166159120500486,0.0003033636614444509,0.0005945927764311237,0.0428937738956604,0.38285894062915593,0.014171885031988516,0.1370043123750783,0.020236625219083215,0.01936859999252464,0.0017319226661122898,0.0016537562738283109
GMM,10000,2.0,1.0,3,0.03250084421932911,0.003600787289453116,0.0006574108077371185,0.0012885251831647522,0.7403283769520027,0.2711081159404772,0.049497343541108414,0.09701479334057249,0.10383655180376285,0.022384563561893007,0.004086843467585663,0.008010213196467898,0.15566917005046463,0.12224158178451422,0.02231815726949702,0.04374358824821416,0.025021803993017743,0.009946061967341838,0.0018158941659524451,0.0035591525652667925,0.01820828146469936,0.010201593929260967,0.0018625477058546644,0.0036505935034751424,0.00681352252831834,0.0037404566670954016,0.0006829108306462476,0.0013385052280666455,0.2723034090675347,0.23795636943029333,0.03173668180415064,0.08515159320948286,0.025021803993017743,0.01820828146469936,0.0018158941659524451,0.0018625477058546644
GMM,10000,2.0,1.0,5,0.029846042495322012,0.0024519557002491655,0.00044766381567661447,0.0008774210787261643,0.8961680086052511,0.1828317002212844,0.03338034881273991,0.06542548367297021,0.10596561033876743,0.01542451564459709,0.002816118385712388,0.005519592035996281,0.12833577080636663,0.08574224400274856,0.015654320390472477,0.030682467965326053,0.02107067633450972,0.011766365102199881,0.0021482345287721512,0.004210539676393416,0.014033369805542152,0.009868426046233163,0.0018017198508644742,0.003531370907694369,0.00703730652896753,0.0039862605976184115,0.0007277882831365427,0.0014264650349476236,0.33398579225678726,0.27459324180878875,0.030404235189343275,0.09826192961573427,0.02107067633450972,0.014033369805542152,0.0021482345287721512,0.0018017198508644742
GMM,10000,2.0,1.0,10,0.021166279464282386,0.0019331546940744618,0.0003529441443638604,0.0006917705229531663,0.9344157140540621,0.12062814691615979,0.022023585712009318,0.043166227995538264,0.08867642634994168,0.01364673222817461,0.0024915410258679904,0.004883420410701261,0.19921887507612535,0.08556015242107934,0.015621075168201801,0.03061730732967553,0.025519354095438075,0.006803449120197366,0.001242134183990258,0.0024345830006209054,0.018608331941029115,0.007793699746207455,0.0014229283858067036,0.002788939636181139,0.0069110221544089155,0.0036667953762796923,0.0006694621804480103,0.0013121458736781002,0.27081493240631815,0.17510236204814142,0.02959639651933844,0.06265957552991966,0.025519354095438075,0.018608331941029115,0.001242134183990258,0.0014229283858067036
PS_propensity_score,500,0.5,0.2,3,0.00019324415724029,0.0042079069103801445,0.0007682551782323581,0.001505780149335422,0.9448135613341753,0.15050948942677328,0.027479147492543005,0.05385912908538429,0.009326746549235381,0.008364521186354883,0.001527145645498814,0.0029932054651776755,0.04777969374616621,0.09102923080071136,0.01661958770063122,0.032574391893237194,0.03740566224496585,0.027959704418825105,0.005104720270455793,0.010005251730093355,0.03567405797472323,0.02605533609776307,0.0047570317747078214,0.009323782278427329,0.0017316042702426224,0.00819876823368482,0.001496883435115321,0.002933891532826029,0.04629257086540872,0.4381837881595826,0.038127932284140596,0.15680205480393808,0.03740566224496585,0.03567405797472323,0.005104720270455793,0.0047570317747078214
PS_propensity_score,500,0.5,0.2,5,0.0007773491607390001,0.005148157126756052,0.0009399205959684241,0.0018422443680981113,0.9173201220067887,0.12728806990083816,0.023239515728661144,0.04554945082817584,0.019305226564064283,0.01618755966894062,0.002955430527213212,0.005792643833337895,0.08008550481755651,0.10686185933203629,0.01951021696436674,0.03824002525015881,0.021260353339676064,0.019418204887509213,0.0035452629477152877,0.006948715377521964,0.021024384454851067,0.020027301500352226,0.0036564682658999904,0.007166677801163981,0.00023596888482499653,0.007574632707629923,0.001382932399595114,0.0027105475032064234,0.011099010494083905,0.798554513657691,0.06486373244596148,0.2857590627448846,0.021260353339676064,0.021024384454851067,0.0035452629477152877,0.0036564682658999904
PS_propensity_score,500,0.5,0.2,10,0.001366651488278136,0.005157516429906279,0.0009416293631210603,0.0018455935517172782,0.9928108435771127,0.03937663142248541,0.007189156422887332,0.014090746588859171,0.03941687784316279,0.022680791973291835,0.0041409271286180155,0.00811621717209131,0.09370288524424006,0.10424386304803157,0.019032238424295377,0.03730318731161894,0.029780616170744848,0.024411775939357203,0.0044569601169159355,0.008735641829155233,0.02857997403395637,0.023393790740589372,0.004271102298058761,0.008371360504195173,0.0012006421367884636,0.012817767777791917,0.002340193516253166,0.004586779291856205,0.04031622884847952,1.5949870775294386,0.07673787239539889,0.5707587955108483,0.029780616170744848,0.02857997403395637,0.0044569601169159355,0.004271102298058761
PS_propensity_score,500,0.5,0.5,3,0.0031029152169025336,0.005979988697022471,0.0010917915676617112,0.002139911472616954,0.9080948666361707,0.17758638039687014,0.032422688816353004,0.06354847008005189,0.022724925119745828,0.026135895654939043,0.004771739870270457,0.009352610145730095,0.09080416881324922,0.08841270661550651,0.016141877927799714,0.03163808073848744,0.03644767792403281,0.025685119100882142,0.004689439707919987,0.009191301827523174,0.03536527474380922,0.02408551955102149,0.004397394122442056,0.00861889247998643,0.0010824031802236002,0.0077622959335631155,0.0014171948602810468,0.002777701926150852,0.029697452399563784,4.211356977122155,0.03771288867457199,1.5070147398633602,0.03644767792403281,0.03536527474380922,0.004689439707919987,0.004397394122442056
PS_propensity_score,500,0.5,0.5,5,0.0019289264090499001,0.0060077849252073694,0.0010968664413918544,0.002149858225128035,0.8977125856723039,0.15497061152978764,0.02829363322841162,0.05545552112768678,0.03248280254049421,0.02439117426793628,0.004453198783529419,0.008728269615717661,0.08594018655180075,0.07272434376946461,0.013277587854098683,0.026024072194033417,0.03518681442283844,0.030662097081755824,0.005598107410696997,0.010972290524966113,0.03509017392903534,0.029948383833532956,0.005467801795483014,0.010716891519146707,9.664049380312019e-05,0.007787194265524908,0.0014217406529676221,0.0027866116798165395,0.0027464973851221153,0.4937429907290322,0.04031268216037641,0.17668366010647196,0.03518681442283844,0.03509017392903534,0.005598107410696997,0.005467801795483014
PS_propensity_score,500,0.5,0.5,10,-0.0003697389686421946,0.006068044116911075,0.001107868214256237,0.0021714216999422246,0.9811520465722441,0.05297898134080356,0.0096725943846678,0.01895828499394889,0.052361675815373696,0.02774268483667714,0.005065098096934865,0.009927592269992335,0.11125904628389535,0.10076028817343663,0.018396227577770752,0.036056606052430676,0.038508860331536436,0.032117354101472144,0.005863799776252453,0.011493047561454807,0.03840374933150417,0.033242249697170205,0.006069176673786466,0.011895586280621472,0.00010511100003228347,0.008931367649419823,0.0016306371769863764,0.0031960488668932975,0.002729527675639498,1.2312321553248795,0.04234198156391755,0.4405907683314654,0.038508860331536436,0.03840374933150417,0.005863799776252453,0.006069176673786466
PS_propensity_score,500,0.5,1.0,3,0.007824822577090737,0.006234094937468814,0.0011381848076268092,0.0022308422229485457,0.9100039418553725,0.1891203691407861,0.03452849742070415,0.06767585494458013,0.04060558207981804,0.047772583057081826,0.008722040456884276,0.01709519929549318,0.059460413429932794,0.08149433589396815,0.014878762026009764,0.029162373570979137,0.035753982136974276,0.027290123632908687,0.004982472103616307,0.009765645323087963,0.036405252182690404,0.02894831644356277,0.005285215305979018,0.010359021999718877,-0.0006512700457161208,0.009150757885752082,0.0016706921707648988,0.0032745566546992016,-0.01821531496047335,0.43594924161055876,0.046748012387875314,0.1560024325908169,0.035753982136974276,0.036405252182690404,0.004982472103616307,0.005285215305979018
PS_propensity_score,500,0.5,1.0,5,0.006180543390569443,0.007380355674236446,0.0013474624283968503,0.0026410263596578264,0.8768478565466663,0.19096104036042444,0.03486455647001964,0.06833453068123849,0.06106546310279723,0.04626872730029182,0.008447475216474978,0.016557051424290956,0.08879508177149174,0.09501366163742997,0.01734704191666121,0.034000202156655966,0.0337582410291938,0.026742598813398293,0.004882508205469711,0.009569716082720635,0.036489119331613716,0.03036942163972869,0.005544672430154978,0.010867557963103756,-0.002730878302419908,0.009929868212752962,0.0018129376043927684,0.003553357704609826,-0.08089515979396777,0.5644968308014828,0.05257525208192841,0.20200259660849748,0.0337582410291938,0.036489119331613716,0.004882508205469711,0.005544672430154978
PS_propensity_score,500,0.5,1.0,10,0.005644741834861457,0.006648780064444674,0.0012138956070623333,0.0023792353898421732,0.9840448911048097,0.0556992227995302,0.010169240254269579,0.019931710898368375,0.06258427663193195,0.03495739292015514,0.006382317551313454,0.01250934240057437,0.12944010431645683,0.12367420515075257,0.022579717314196262,0.044256245935824674,0.03359510694362512,0.03060793873724683,0.0055882194950420926,0.010952910210282501,0.036235911611552575,0.02569790062616504,0.004691773284492241,0.009195875637604793,-0.002640804667927456,0.012860473476325159,0.00234799047439339,0.004602061329811044,-0.07860682427232346,3.7530302092525276,0.07798403398978525,1.3430046123425496,0.03359510694362512,0.036235911611552575,0.0055882194950420926,0.004691773284492241
PS_propensity_score,500,1.0,0.2,3,0.00021903705324285335,0.004344710868919413,0.0007932320495816778,0.0015547348171800885,0.841053176662519,0.2473897709451583,0.045166986014233114,0.0885272925878969,0.007951799494214833,0.007756843407681346,0.0014161993698074383,0.002775750764822579,0.08737080415590683,0.07553077710723415,0.013789970135842313,0.027028341466250935,0.03772914445975032,0.029837808763294574,0.0054476136420605874,0.01067732273843875,0.040194656087020844,0.029809181568370917,0.005442387055254659,0.010667078628299131,-0.002465511627270506,0.007207419326982607,0.0013158887155956922,0.0025791418825675564,-0.06534766856165386,3.2429289825577223,0.037249860179379576,1.160467232674306,0.03772914445975032,0.040194656087020844,0.0054476136420605874,0.005442387055254659
PS_propensity_score,500,1.0,0.2,5,0.0012648941302821368,0.004030330928818912,0.0007358343879749553,0.0014422354004309124,0.9319108408701865,0.13093745246824626,0.023905798779706323,0.04685536560822439,0.01925696718196933,0.012501282308326436,0.002282411439336881,0.004473526421100287,0.084312680326197,0.11287154828528255,0.0206074310321276,0.0403905648229701,0.029760119919883147,0.020738875698393038,0.0037863833457685244,0.007421311357706308,0.028590138132718747,0.021853922754282527,0.003989962154165323,0.007820325822164034,0.0011699817871644036,0.009472734719125006,0.0017294768289757099,0.0033897745847923915,0.03931374572125701,0.5379251136252459,0.057790533790082414,0.19249402973430346,0.029760119919883147,0.028590138132718747,0.0037863833457685244,0.003989962154165323
PS_propensity_score,500,1.0,0.2,10,-0.001079336661626186,0.005112498098812029,0.0009334101779738746,0.0018294839488287942,0.9824888725021084,0.053692881651820915,0.009802934152719186,0.019213750939329602,0.039138204172098755,0.023422410556812975,0.0042763275377045344,0.008381601973900888,0.15283712941415864,0.12096903964232582,0.022085823923946174,0.0432882148909345,0.042854425789660935,0.02687168045025314,0.004906075180224741,0.009615907353240492,0.04272778685521273,0.025836101262255357,0.004717005153108318,0.009245330100092304,0.0001266389344481799,0.010155079974419175,0.0018540554584194557,0.003633948698502133,0.002955095818335751,0.5816396473213117,0.043167492676002596,0.20813707471579138,0.042854425789660935,0.04272778685521273,0.004906075180224741,0.004717005153108318
PS_propensity_score,500,1.0,0.5,3,0.0023388241803449037,0.0049477374193684556,0.0009033291310668337,0.0017705250968909941,0.9023651751442535,0.1774233211491948,0.0323929184069658,0.06349012007765296,0.014637605266577881,0.014419960114854885,0.002632712477743602,0.00516011645637746,0.04097799190802267,0.05498197822732472,0.010038289910454553,0.019675048224490923,0.03490482907580005,0.032826381304235853,0.005993249840531944,0.01174676968744261,0.036365151652025335,0.032716103838316406,0.005973116021975748,0.011707307403072466,-0.0014603225762252865,0.007812794146852124,0.0014264145304584126,0.0027957724796984886,-0.04183726478230332,1.5828991547094473,0.042423593117192356,0.5664331878829464,0.03490482907580005,0.036365151652025335,0.005993249840531944,0.005973116021975748
PS_propensity_score,500,1.0,0.5,5,0.0001886465681595101,0.004652062425158796,0.0008493465097272205,0.001664719159065352,0.9043695602210367,0.1615488416344105,0.02949464823399879,0.05780951053863763,0.024101701042442976,0.014786419801944567,0.00269961855675537,0.005291252371240525,0.07829474149418265,0.08859081135520008,0.016174395255642633,0.03170181470105956,0.051432534722530586,0.031131904478528403,0.005683882113662037,0.011140408942777591,0.05082289320853202,0.028935660997620818,0.005282904748239787,0.010354493306549981,0.00060964151399857,0.008498234845863045,0.0015515583080185427,0.003041054283716344,0.011853227092296192,1.1045709052602097,0.029686098371295218,0.3952656221009468,0.051432534722530586,0.05082289320853202,0.005683882113662037,0.005282904748239787
PS_propensity_score,500,1.0,0.5,10,0.0013577934973502234,0.007306853353969443,0.0013340428021171146,0.0026147238921495446,0.973540707888694,0.07219636595878476,0.013181192735174834,0.025835137760942675,0.04881120538915186,0.023084493149085887,0.004214632542109269,0.008260679782534168,0.09288525681168712,0.09590771164999125,0.017510272369800406,0.034320133844808795,0.04077344872733084,0.023004319088931312,0.004199994828351457,0.008231989863568856,0.04268543015486858,0.026353765189840325,0.0048115172232233204,0.009430573757517708,-0.001911981427537733,0.014061457731018228,0.002567259196894698,0.005031828025913608,-0.046892806157359024,0.40772283921247987,0.0633897636461227,0.14590174421452837,0.04077344872733084,0.04268543015486858,0.004199994828351457,0.0048115172232233204
PS_propensity_score,500,1.0,1.0,3,0.0076772482242198105,0.005725365592200528,0.001045303961604051,0.00204879576474394,0.9211941241757521,0.1560297317260432,0.028487001235944446,0.05583452242245111,0.03815407081938648,0.04526151986830261,0.008263585139612532,0.01619662687364056,0.037854073936885814,0.04693459074391953,0.008569044692572634,0.01679532759744236,0.026448393990883525,0.02001703971672223,0.0036545947291085285,0.007163005669052716,0.02412394171667389,0.01792426264523172,0.003272507659146877,0.006414115011927879,0.002324452274209617,0.011004823115270356,0.002009196620529283,0.003938025376237394,0.08788632969589194,0.6686458346066475,0.07126493977188307,0.23927183897600712,0.026448393990883525,0.02412394171667389,0.0036545947291085285,0.003272507659146877
PS_propensity_score,500,1.0,1.0,5,0.008439700468687543,0.00821021721140082,0.0014989737229004632,0.002937988496884908,0.9484603521537314,0.15944181004482066,0.029109958657000685,0.05705551896772134,0.04174840932934821,0.03525756448245867,0.006437121129911857,0.01261675741462724,0.08471965999359261,0.08855803352439706,0.016168410869870333,0.03169008530494585,0.032729600384954156,0.03512235745403471,0.006412435816778176,0.012568374200885224,0.03136450949985198,0.03428826466725026,0.006260152005320112,0.01226989793042742,0.0013650908851021804,0.010349155626325272,0.001889488662556619,0.003703397778610973,0.04170814397507017,2.0130558313268208,0.05643948848243156,0.7203627777122095,0.032729600384954156,0.03136450949985198,0.006412435816778176,0.006260152005320112
PS_propensity_score,500,1.0,1.0,10,0.00562918816592391,0.0069427198300037315,0.0012675614204438253,0.0024844203840698976,0.9924003863141688,0.038371556122481054,0.007005655618286113,0.01373108501184078,0.07031387840855699,0.04680781062273277,0.008545897915166892,0.01674995991372711,0.11967928531999243,0.08713912019396051,0.015909353923795375,0.031182333690638935,0.03305925765326931,0.02118754967279045,0.00386829963134951,0.007581867277445039,0.034645648863193206,0.026009750101304373,0.004748708948518894,0.009307469539097033,-0.0015863912099239104,0.01663874285939438,0.00303780493087277,0.00595409766451063,-0.04798629257081988,1.2134549959716523,0.09245175493875117,0.4342292935565294,0.03305925765326931,0.034645648863193206,0.00386829963134951,0.004748708948518894
PS_propensity_score,500,2.0,0.2,3,0.0014191607157646832,0.004440259101143448,0.0008106766902879598,0.0015889263129644012,0.857599296053037,0.23819922521705825,0.0434890296105454,0.08523849803666898,0.011740340917876747,0.010470397107678001,0.0019116242273040296,0.003746783485515898,0.06718420008246027,0.07479219568067337,0.013655124233215086,0.026764043497101566,0.04454653185695933,0.03402142672504265,0.006211434285271656,0.012174411199132446,0.04095691748105453,0.03438500922491687,0.006277815064170066,0.012304517525773329,0.00358961437590479,0.008227321198604934,0.0015020964694387876,0.0029441090801000237,0.08058123104692394,1.0049447274443108,0.03471757765502356,0.3596148522278583,0.04454653185695933,0.04095691748105453,0.006211434285271656,0.006277815064170066
PS_propensity_score,500,2.0,0.2,5,0.0010744322522865837,0.004756590641802512,0.0008684306637777371,0.0017021241010043648,0.9019146402435848,0.1609947288859609,0.029393481550089782,0.05761122383817597,0.01732368517469179,0.014570190097903215,0.002660140594586665,0.005213875565389863,0.07335888353928902,0.08796017897892493,0.01605925806298297,0.03147614580344662,0.04622900012802579,0.03626476961273472,0.006621010786540898,0.01297718114162016,0.04473878500823047,0.036173100184009904,0.0066042743152255,0.012944377657841979,0.001490215119795314,0.008211599929332375,0.0014992261715010566,0.002938483296142071,0.03223550402709008,0.3281001191322939,0.032183938334449144,0.11740911976100794,0.04622900012802579,0.04473878500823047,0.006621010786540898,0.0066042743152255
PS_propensity_score,500,2.0,0.2,10,-0.0012792228763088167,0.0050791557922075575,0.0009273227334917005,0.001817552557643733,0.9766730698051254,0.07607639537557377,0.013889585946961153,0.02722358845604386,0.03672166035665598,0.01596876939489243,0.0029154850710602347,0.00571435073927806,0.12036488671636367,0.08411704936464251,0.015357601802596767,0.030100899533089663,0.039167968607006484,0.03402854139728395,0.006212733240763595,0.012176957151896645,0.03940719506614212,0.03629739722439633,0.0066269677461757584,0.012988856782504487,-0.00023922645913561705,0.012268731439528604,0.0022399536538008817,0.004390309161449728,-0.006107706568495352,0.8120308408432252,0.05718612476753319,0.29058150449421827,0.039167968607006484,0.03940719506614212,0.006212733240763595,0.0066269677461757584
PS_propensity_score,500,2.0,0.5,3,0.0033735505128910464,0.006053655108966372,0.0011052411528457587,0.002166272659577687,0.8848596846611859,0.2178581615037427,0.039775276464067824,0.07795954186957293,0.01637602806468362,0.014942399763761322,0.002728096471290647,0.005347069083729668,0.06272755965352839,0.07119320927850827,0.012998042221008357,0.02547616275317638,0.03467830773785526,0.02509182878192966,0.004581120210973417,0.008978995613507897,0.03270954625849932,0.02098758746302786,0.003831791693704327,0.00751031171966048,0.0019687614793559368,0.009862633720062896,0.0018006623216298466,0.0035292981503944995,0.05677213243040746,0.49982674005153593,0.047976606162446964,0.17886070184205813,0.03467830773785526,0.03270954625849932,0.004581120210973417,0.003831791693704327
PS_propensity_score,500,2.0,0.5,5,0.0020056817100824664,0.0063100220070074235,0.0011520471305306625,0.0022580123758400984,0.8939068714322899,0.1764780558092424,0.03222033735712589,0.06315186121996674,0.023712623380085743,0.014925614382673981,0.0027250318940046946,0.005341062512249201,0.10695856982915904,0.08455879731922927,0.015438253575749747,0.030258977008469506,0.04182557898742069,0.031859268128682706,0.005816679939894973,0.011400692682194147,0.0388878499477418,0.030791162853542206,0.005621671488900069,0.011018476118244134,0.0029377290396788583,0.009423845680718334,0.001720550952592353,0.0033722798670810118,0.07023761800314665,0.5880889604288553,0.0397391111069113,0.2104449317718094,0.04182557898742069,0.0388878499477418,0.005816679939894973,0.005621671488900069
PS_propensity_score,500,2.0,0.5,10,0.0015872081093068998,0.0057264189891395615,0.0010454962846925561,0.00204917271799741,0.9893462582858301,0.041259938071247,0.007532999600962725,0.01476467921788694,0.054192785723992914,0.027585251376253696,0.005036354811074859,0.009871255429706724,0.13922072198960367,0.10623043848383523,0.01939493581708715,0.03801407420149081,0.03968155256518391,0.027148952983536513,0.004956697987243376,0.009715128054997017,0.038949354656106626,0.021308087078366466,0.003890306650035221,0.007625001034069033,0.0007321979090772634,0.018666055500394206,0.003407939885736429,0.006679562176043401,0.018451846305018393,6.16158444895747,0.08446548272790919,2.2048946778758025,0.03968155256518391,0.038949354656106626,0.004956697987243376,0.003890306650035221
PS_propensity_score,500,2.0,1.0,3,0.007989068872058877,0.006166467170671227,0.0011258377231638968,0.002206641937401238,0.8747602037579302,0.2018317453766646,0.03684926658781274,0.07222456251211297,0.036904044789370816,0.03655689105779982,0.006674344621538619,0.013081715458215692,0.08117803745123177,0.09845732655426702,0.01797576623514148,0.0352325018208773,0.05111449521220334,0.03711324114989008,0.006775919786641255,0.013280802781816859,0.04408083324260793,0.03295184320162028,0.006016155944300226,0.011791665650828443,0.00703366196959539,0.011308994689124083,0.002064730497979795,0.004046871776040398,0.13760601450518017,0.4079805075102762,0.03504334090837353,0.1459939496307123,0.05111449521220334,0.04408083324260793,0.006775919786641255,0.006016155944300226
PS_propensity_score,500,2.0,1.0,5,0.005614213875290996,0.006501887337783626,0.0011870767870871012,0.0023266705026907183,0.9555764425711755,0.13286703455628526,0.02425809065843195,0.047545857690526626,0.040493521366875465,0.029430221387928113,0.005373198708846409,0.010531469469338962,0.06974493518742672,0.0630535866575714,0.011511957247986208,0.022563436206052966,0.038331364697195454,0.03512003162806649,0.006412011180995634,0.012567541914751443,0.037941044424997135,0.03256720447395223,0.0059459308417556,0.011654024449840976,0.00039032027219831666,0.01096515446811564,0.0020019541495718326,0.003923830133160792,0.010182790915004292,1.2911959239604478,0.051603559552990605,0.4620485273584168,0.038331364697195454,0.037941044424997135,0.006412011180995634,0.0059459308417556
PS_propensity_score,500,2.0,1.0,10,0.005502614832641076,0.005242911688605733,0.000957220332952287,0.0018761518525864825,0.9777421552906902,0.05764789488640691,0.010525017473990594,0.020629034249021565,0.05635485498362256,0.035949382937442494,0.006563429321076194,0.012864321469309341,0.06616486356050809,0.043644934799555085,0.007968438436852845,0.015618139336231577,0.042536636978042705,0.03410060789502138,0.00622589072291399,0.012202745816911421,0.03857632382179856,0.034996422722357305,0.006389443385673817,0.012523309035920681,0.003960313156244142,0.017251741198564007,0.0031497226035649057,0.006173456302987215,0.09310357935180547,1.6975188113931845,0.07255605745302794,0.607449305262411,0.042536636978042705,0.03857632382179856,0.00622589072291399,0.006389443385673817
PS_propensity_score,2000,0.5,0.2,3,0.0008066006460569106,0.0010695660148817713,0.0001952751443638841,0.00038273928295321283,0.9095490886797641,0.2119347079255995,0.038693806749706586,0.0758398612294249,0.006840744910341279,0.00804704228218306,0.0014691821930498381,0.0028795970983776825,0.07144096430236763,0.08658545740081676,0.01580826939010999,0.030984208004615578,0.014979145868401792,0.013057641224573743,0.0023839882155028067,0.004672616902385501,0.015192001456264396,0.013248473276110072,0.0024188292219432853,0.004740905275008839,-0.00021285558786261326,0.002623692458170103,0.0004790185144319816,0.000938876288286684,-0.014210128516848108,0.3592061510357989,0.03212020284254389,0.1285402703217176,0.014979145868401792,0.015192001456264396,0.0023839882155028067,0.0024188292219432853
PS_propensity_score,2000,0.5,0.2,5,0.00034958591623565665,0.0013829423251354382,0.0002524895690684411,0.0004948795553741445,0.9048816501491231,0.15882259146997268,0.028996905329843874,0.05683393444649399,0.009246720926596053,0.007509974559433194,0.001371127490830494,0.0026874098820277685,0.10201861909336808,0.12092944431521671,0.022078594839336357,0.04327404588509926,0.02039103430384553,0.012483022968066387,0.002279077755155017,0.004466992400103833,0.02017581768873567,0.01225856665557234,0.0022380978266458777,0.0043866717402259205,0.000215216615109843,0.0026637314577945327,0.00048632860219006193,0.0009532040602925213,0.01055447271104204,0.5246639732246814,0.0236541160744155,0.18774859158702373,0.02039103430384553,0.02017581768873567,0.002279077755155017,0.0022380978266458777
PS_propensity_score,2000,0.5,0.2,10,0.0001206314280802803,0.0011962876886857504,0.00021841125078630107,0.0004280860515411501,0.9076661874418569,0.13087673883128487,0.023894714036869012,0.04683363951226326,0.013488329988416826,0.007162311365525046,0.001307653166257899,0.002563000205865482,0.15132605003323588,0.14502287649516388,0.026477433603562334,0.05189576986298217,0.022311881522198058,0.018442690211195996,0.003367159149917254,0.006599631933837818,0.021195845366165932,0.017594931053403887,0.003212380211899148,0.00629626521532233,0.00111603615603213,0.00397350385098876,0.00072545923050673,0.001421900091793191,0.050019813654970435,0.4832858941325975,0.03096722776847563,0.17294163614777847,0.022311881522198058,0.021195845366165932,0.003367159149917254,0.003212380211899148
PS_propensity_score,2000,0.5,0.5,3,0.002706681365029284,0.0023149624517315587,0.000422652384863613,0.0008283986743326815,0.8823148487295113,0.20692348516340314,0.037778886833860485,0.07404661819436655,0.02035708494680732,0.019477959094196654,0.0035561725233514666,0.0069700981457688745,0.06967053350592843,0.08147917304856098,0.014875993681854606,0.029156947616435027,0.016807774525102688,0.012663609455223865,0.002312048186020606,0.004531614444600388,0.01672124666117856,0.012300592839411019,0.002245770722943979,0.0044017106169701985,8.652786392412658e-05,0.003249293760723826,0.0005932371629030777,0.0011627448392900323,0.005148085714435258,0.7514072300358905,0.03513329931653263,0.2688876239785786,0.016807774525102688,0.01672124666117856,0.002312048186020606,0.002245770722943979
PS_propensity_score,2000,0.5,0.5,5,0.0015386629818309545,0.0015286285639522842,0.00027908811550779813,0.0005470127063952843,0.874398781749038,0.20997195927178075,0.038335459512236776,0.07513750064398408,0.016374065061072286,0.0176400834359475,0.003220623871380561,0.0063124227879059,0.07899722450355008,0.0905816990701282,0.016537879959284647,0.03241424472019791,0.015934254528852377,0.014480497672657204,0.002643765073071803,0.005181779543220734,0.015350517177564815,0.015198020668227572,0.0027747662498059933,0.005438541849619747,0.0005837373512875499,0.0030518389487419065,0.0005571870113662648,0.001092086542277879,0.03663411741230704,0.5990128132267867,0.03629492067371112,0.21435398229210748,0.015934254528852377,0.015350517177564815,0.002643765073071803,0.0027747662498059933
PS_propensity_score,2000,0.5,0.5,10,0.0016186526823088996,0.0019959685850249875,0.0003644123393632846,0.0007142481851520378,0.8907658239178055,0.15452906419991058,0.028213018084151675,0.05529751544493728,0.03626307259439458,0.02666889854810832,0.004869052439538567,0.00954334278149559,0.10071736921577562,0.09357628055464942,0.01708461323573784,0.033485841942046166,0.01895649647087424,0.015092680368674461,0.0027555338303794632,0.005400846307543748,0.01865201980598129,0.014592519972851478,0.002664217453325143,0.00522186620851728,0.0003044766648929332,0.004519020425850614,0.000825056475021661,0.0016171106910424556,0.016061863823874978,2.4793222748395145,0.04297923325707981,0.8872140816730217,0.01895649647087424,0.01865201980598129,0.0027555338303794632,0.002664217453325143
PS_propensity_score,2000,0.5,1.0,3,0.007794182127559485,0.006867299158560978,0.0012537915527600313,0.0024574314434096614,0.8395492307540721,0.2165371177436742,0.03953408797512084,0.07748681243123684,0.050013461880849916,0.05166140288885073,0.0094320385715287,0.01848679560019625,0.05446655017979258,0.06748210630808864,0.012320490617633937,0.024148161610562515,0.01998110868773969,0.015040633657421577,0.0027460314444470754,0.005382221631116267,0.019150152738660005,0.015479980900813354,0.002826244909708205,0.005539440023028082,0.0008309559490796634,0.004403918940131479,0.0008040419149780847,0.001575922153357046,0.04158707917892235,0.2743738689964566,0.04038749178269518,0.09818342806302671,0.01998110868773969,0.019150152738660005,0.0027460314444470754,0.002826244909708205
PS_propensity_score,2000,0.5,1.0,5,0.00890894221336372,0.0059528813587889275,0.0010868424674535665,0.00213021123620899,0.8642740704593349,0.206362000566852,0.03767637424078624,0.07384569351194102,0.06429139610404426,0.05861943937420034,0.010702396417852015,0.020976696978989948,0.08613088850444825,0.12908585878150783,0.023567745569852725,0.04619278131691134,0.020409193270566724,0.013826062000770158,0.0025242820130956085,0.004947592745667392,0.018808632362473876,0.013975462999956122,0.0025515587788849294,0.0050010552066144616,0.0016005609080928403,0.005196641138501881,0.0009487725249389361,0.0018595941488803148,0.07842352644095485,8.410862056785684,0.04595388640967257,3.0097883326896664,0.020409193270566724,0.018808632362473876,0.0025242820130956085,0.0025515587788849294
PS_propensity_score,2000,0.5,1.0,10,0.00612759871920289,0.003969022925076188,0.0007246411291064551,0.001420296613048652,0.9330403358289543,0.10932689587069712,0.019960269003466403,0.03912212724679415,0.06260762817663892,0.06305934516181061,0.01151300860220931,0.02256549686033025,0.0885109552643386,0.09866405951737862,0.01801351033756685,0.035306480261631024,0.020448192588193057,0.013831815255705567,0.0025253324089313423,0.004949651521505431,0.02118890182071492,0.014821792761489155,0.0027060767460447997,0.005303910422247807,-0.0007407092325218432,0.006612670568548459,0.0012073029452481677,0.0023663137726864084,-0.03622370189087287,1.3450518633389867,0.05958467989343331,0.4813206277558777,0.020448192588193057,0.02118890182071492,0.0025253324089313423,0.0027060767460447997
PS_propensity_score,2000,1.0,0.2,3,0.0005716838235351576,0.001481462273875861,0.0002704767684982351,0.0005301344662565408,0.8782623099696353,0.25064346592371806,0.04576102672589927,0.08969161238276256,0.00635515840922832,0.007031107312424638,0.0012836986930848326,0.0025160494384462717,0.05024552551018334,0.07209866086228117,0.013163354306728756,0.025800174441188362,0.01795063095412967,0.015730073036780305,0.0028719052778161214,0.005628934344519598,0.016953754898762458,0.015377674397735387,0.002807566383203114,0.005502830111078103,0.0009968760553672013,0.0027119979619892615,0.0004951408198965189,0.000970476006997177,0.055534318426722074,0.3205565660499777,0.027102748788805916,0.1147096939588854,0.01795063095412967,0.016953754898762458,0.0028719052778161214,0.002807566383203114
PS_propensity_score,2000,1.0,0.2,5,0.00025587029156985263,0.0013198244794054915,0.0002409658797726334,0.0004722931243543615,0.8778723927397517,0.17109989001004888,0.031238423115052198,0.061227309305502305,0.010179196879780358,0.008014258308985908,0.0014631966858349298,0.0028678655042364623,0.08548566206537662,0.1195450009390617,0.02182583121710012,0.04277862918551623,0.021527234174434664,0.016314875732962753,0.0029786751539457768,0.005838203301733722,0.020390551235075473,0.015047526397916653,0.002747289880931136,0.005384688166625027,0.0011366829393591698,0.00429774102828457,0.000784656569168969,0.0015379268755711792,0.052802089211678394,0.4122084816438478,0.034071014665244766,0.14750691074364256,0.021527234174434664,0.020390551235075473,0.0029786751539457768,0.002747289880931136
PS_propensity_score,2000,1.0,0.2,10,0.00047786850290092175,0.0010972477389259924,0.00020032911259376847,0.0003926450606837862,0.9057600586326132,0.13573404030578767,0.024781531898931775,0.04857180252190628,0.012917780380658828,0.00739586571632094,0.0013502941617026941,0.0026465765569372805,0.08132897997384252,0.0785092614847534,0.014333764496090322,0.02809417841233703,0.015943672017012342,0.013734557645076681,0.0025075756798545105,0.004914848332514841,0.016436938577191643,0.01369243027375321,0.0024998843093337565,0.004899773246294163,-0.00049326656017929,0.0029307084107908932,0.0005350717020200964,0.001048740535959389,-0.030938077480079373,0.6172477174604226,0.03448900277243268,0.22087925896881058,0.015943672017012342,0.016436938577191643,0.0025075756798545105,0.0024998843093337565
PS_propensity_score,2000,1.0,0.5,3,0.0021229291559052895,0.0021231724657598205,0.00038763648432350617,0.0007597675092740721,0.8816842901896652,0.21602109770793718,0.03943987603722158,0.07730215703295429,0.01951744258108008,0.019240713681406712,0.0035128576352682415,0.006885200965125753,0.09628336374209027,0.10069976894135738,0.01838517832824652,0.036034949523363176,0.019752921684508727,0.012432790227408327,0.0022699065534271083,0.004449016844717132,0.017232635260108528,0.01137254365087593,0.002076332897932301,0.00406961247994731,0.00252028642440021,0.004284869604113565,0.0007823065793804102,0.0015333208955856038,0.12759056430506377,1.583097932716029,0.036169818162734776,0.566504319679065,0.019752921684508727,0.017232635260108528,0.0022699065534271083,0.002076332897932301
PS_propensity_score,2000,1.0,0.5,5,0.0024567351272858423,0.002489428517284127,0.0004545053847377186,0.0008908305540859284,0.8556116295826435,0.20225250424632912,0.03692608629587462,0.07237512913991426,0.0236848770248318,0.020125633307581253,0.0036744211155465196,0.007201865386471178,0.10244776223484091,0.11930836390472067,0.021782627403216886,0.042693949710305094,0.016987081460628082,0.01316683247046412,0.0024039237183215577,0.004711690487910253,0.016241471956295515,0.012340709886168057,0.0022530950600937517,0.004416066317783753,0.00074560950433258,0.004637776736764038,0.0008467383117994542,0.0016596070911269302,0.04389273731692567,1.5980236871973488,0.048034439184291663,0.5718454323249706,0.016987081460628082,0.016241471956295515,0.0024039237183215577,0.0022530950600937517
PS_propensity_score,2000,1.0,0.5,10,0.001960809582065603,0.0018012186464305732,0.00032885602788298236,0.0006445578146506455,0.855090126426263,0.15215717484153207,0.027779972315654888,0.05444874573868358,0.0298833029539249,0.022762617857545152,0.004155866422815798,0.008145498188718965,0.09466721351882353,0.10006624488347976,0.018269513189172592,0.03580824585077828,0.023596616915125032,0.015783838207177756,0.0028817214100277187,0.0056481739636543285,0.02165302161806457,0.01548645716596834,0.0028274273085461287,0.005541757524750412,0.0019435952970604604,0.005720534817553165,0.0010444219868558562,0.002047067094237478,0.08236754040002447,0.5895359992810806,0.043047039954890884,0.21096274797483017,0.023596616915125032,0.02165302161806457,0.0028817214100277187,0.0028274273085461287
PS_propensity_score,2000,1.0,1.0,3,0.008685778660433583,0.006206646250390829,0.0011331733859313048,0.0022210198364253572,0.9090245156644531,0.17940851180058523,0.03275536297387077,0.06420051142878672,0.050975482165693316,0.04764353860533544,0.008698480271170147,0.017049021331493486,0.0754643502083979,0.10995992473766172,0.020075843733462554,0.039348653717586606,0.021490479534040426,0.018229431133752236,0.003328223547481025,0.006523318153062808,0.019801777190939823,0.01807181857081712,0.0032994475621257696,0.006466917221766508,0.0016887023431006035,0.005864199079264779,0.0010706513724714484,0.0020984766900440386,0.0785790908213908,5.428802187729979,0.049016588316462974,1.942671913389362,0.021490479534040426,0.019801777190939823,0.003328223547481025,0.0032994475621257696
PS_propensity_score,2000,1.0,1.0,5,0.008028619640033742,0.005044433832979928,0.000920983400055118,0.0018051274641080314,0.8697539288797695,0.21619762794010589,0.03947210590063505,0.0773653275652447,0.04996510332437365,0.05468439111787312,0.009983958186231419,0.01956855804501358,0.06866848693817545,0.08584517782839866,0.015673113449885433,0.03071930236177545,0.021001607039988917,0.013225986416286976,0.0024147237018190965,0.004732858455565429,0.01869727103473355,0.013990068497895141,0.0025542253657798615,0.005006281716928528,0.0023043360052553466,0.006809549656524762,0.0012432479844433895,0.0024367660495090435,0.10972188941863859,0.464743194925946,0.05874911799360955,0.16630621645453458,0.021001607039988917,0.01869727103473355,0.0024147237018190965,0.0025542253657798615
PS_propensity_score,2000,1.0,1.0,10,0.0052729197687945645,0.0036320864015334203,0.0006631252176425403,0.0012997254265793789,0.9054845992590657,0.15992066592111268,0.029197385378747033,0.057226875342344184,0.05993579380066994,0.050667047845287846,0.009250495009019226,0.01813097021767768,0.09059600913284055,0.08967645376637223,0.016372605534970396,0.03209030684854198,0.016777336237707944,0.0158410522953747,0.0028921672255985712,0.005668647762173199,0.01382345015216622,0.013795707272926646,0.0025187400233733343,0.004936730445811735,0.0029538860855416993,0.007056703056080382,0.0012883718151436227,0.0025252087576815006,0.17606406903276517,7.609678769036268,0.0672020784985676,2.7230885752172815,0.016777336237707944,0.01382345015216622,0.0028921672255985712,0.0025187400233733343
PS_propensity_score,2000,2.0,0.2,3,0.001042819368066893,0.0010413494494000142,0.00019012352789399078,0.00037264211467222193,0.8714987784651034,0.2345331153160053,0.04281969258017882,0.08392659745715049,0.004536964560742653,0.004699096719961005,0.0008579337578070596,0.0016815501653018366,0.05796542353417602,0.07674904098699213,0.014012393671821383,0.02746429159676991,0.02737676445734959,0.017005031513361007,0.003104679783651345,0.006085172375956636,0.02598461436219053,0.016416808660355844,0.0029972854751743544,0.005874679531341734,0.00139215009515902,0.0027370842871052,0.0004997209352801549,0.0009794530331491036,0.05085152035872964,0.2795903871711555,0.017465404540114613,0.10005013511795997,0.02737676445734959,0.02598461436219053,0.003104679783651345,0.0029972854751743544
PS_propensity_score,2000,2.0,0.2,5,0.0004969221221990292,0.001345510680951065,0.0002456555171070116,0.00048148481352974277,0.8604970673625376,0.22694322612200035,0.04143397474000508,0.08121059049040996,0.005666248341962273,0.0036837272881866615,0.0006725535104790562,0.00131820488053895,0.07443277376459691,0.08005407012972825,0.01461580667671756,0.02864698108636642,0.02625393628578978,0.016143549594091307,0.002947395423629059,0.005776895030312956,0.02513741410275048,0.01537292716030341,0.0028066996601940047,0.005501131333980249,0.0011165221830393068,0.0033639572818444565,0.0006141717619166575,0.0012037766533566487,0.04252780119846755,0.2474067928985967,0.022289609808773883,0.08853338381570597,0.02625393628578978,0.02513741410275048,0.002947395423629059,0.0028066996601940047
PS_propensity_score,2000,2.0,0.2,10,0.000405377984765121,0.0013934527437691787,0.00025440850019328183,0.0004986406603788324,0.9184169855376311,0.12814256769383053,0.02339552496751458,0.045855228936328575,0.013940137445754024,0.007325630585000782,0.001337471039784898,0.0026214432379784002,0.13596167279965715,0.12295380785657997,0.022448191364734922,0.04399845507488045,0.027840431018423806,0.019136473727872572,0.003493826110620262,0.006847899176815713,0.026979297401924392,0.01944747226485606,0.0035506064153059155,0.006959188573999594,0.0008611336164994092,0.004428292494571799,0.0008084918968359325,0.0015846441177984278,0.03093104470722985,0.7515068748645567,0.02912521050764277,0.2689232814225728,0.027840431018423806,0.026979297401924392,0.003493826110620262,0.0035506064153059155
PS_propensity_score,2000,2.0,0.5,3,0.002717042094994575,0.002149502596059042,0.0003924436864258175,0.0007691896253946023,0.9326948131748118,0.14886376519350272,0.027178680730544615,0.053270214231867445,0.013345108865156363,0.01226508397220002,0.0022392877204230055,0.004389003932029091,0.053609793397921816,0.059371531596859144,0.010839709043076823,0.021245829724430572,0.02554123621379747,0.019449930279751226,0.003551055185374171,0.006960068163333374,0.022542938468254628,0.018413391836469884,0.003361810023005344,0.006589147645090474,0.002998297745542802,0.004565198744261339,0.000833487443908731,0.0016336353900611128,0.11739047086229726,0.4374419711548479,0.031158721515333446,0.15653659899800915,0.02554123621379747,0.022542938468254628,0.003551055185374171,0.003361810023005344
PS_propensity_score,2000,2.0,0.5,5,0.0023577589603536635,0.0020874542057545873,0.0003811152520836059,0.0007469858940838675,0.9233833068267377,0.1213854325597168,0.022161846521826317,0.04343721918277958,0.014520912585320712,0.009867146436468797,0.0018014862271535585,0.0035309130052209744,0.10742529824463257,0.11467063097705964,0.020935897089828744,0.04103435829606434,0.024993987412729284,0.01780697207101813,0.003251093428053705,0.006372143118985261,0.023149583128643667,0.01675431571082232,0.0030589055501268623,0.00599545487824865,0.0018444042840856096,0.005623478204618426,0.001026701954769388,0.0020123358313480005,0.07379391905856014,0.7220049046445239,0.038881376230717246,0.2583661369634058,0.024993987412729284,0.023149583128643667,0.003251093428053705,0.0030589055501268623
PS_propensity_score,2000,2.0,0.5,10,0.0017519107549457764,0.001945006564704327,0.0003551079899947304,0.0006960116603896716,0.9273902730180394,0.11003791813066331,0.020090083313690332,0.03937656329483305,0.020446942360234064,0.012414835067474863,0.002266628404720718,0.004442591673252607,0.09939491285621546,0.10432426427273776,0.01904691761243625,0.037331958520375054,0.024688305712769396,0.019598230501888966,0.0035781309776901265,0.007013136716272648,0.021171874448097087,0.018193317279004275,0.0033216300898530502,0.006510394976111979,0.0035164312646722693,0.007576876762014731,0.00138334210599739,0.0027113505277548845,0.14243307360105817,1.3112780543360032,0.05200960109336469,0.4692348254205917,0.024688305712769396,0.021171874448097087,0.0035781309776901265,0.0033216300898530502
PS_propensity_score,2000,2.0,1.0,3,0.008882412688955068,0.0061473382187713045,0.0011223452703448904,0.002199796729875985,0.8622800830843619,0.23737506040797218,0.043338558391532604,0.0849435744474039,0.04583414441124037,0.03613091256074012,0.006596571944254703,0.012929281010739218,0.08361127214037387,0.09566540969828503,0.0174660342882414,0.03423342720495315,0.02616806231489193,0.020640113033875026,0.0037683518327032476,0.007385969592098365,0.021776017334678967,0.015345638729295475,0.002801717497120015,0.005491366294355229,0.004392044980212944,0.009712418460854591,0.0017732368929798885,0.003475544310240581,0.16783990069121413,1.1992736372832198,0.05337355952161882,0.4291545595240415,0.02616806231489193,0.021776017334678967,0.0037683518327032476,0.002801717497120015
PS_propensity_score,2000,2.0,1.0,5,0.008717348716588597,0.005556104180229507,0.00101440119712015,0.001988226346355494,0.8292447743938525,0.231262822059143,0.042222621451365315,0.08275633804467601,0.03957454624595012,0.030609887634557246,0.005588575313381818,0.010953607614228363,0.08295650564608553,0.08822351820607521,0.016107337007978367,0.0315703805356376,0.03202407342222617,0.021248603042573696,0.003879446400630173,0.007603714945235139,0.024124934566656122,0.016437292594599005,0.003001025312791498,0.005882009613071336,0.007899138855570025,0.009886818235451927,0.0018050777898368144,0.0035379524680801563,0.246662526388279,9.245373562530592,0.042809618987969145,3.3084144398031374,0.03202407342222617,0.024124934566656122,0.003879446400630173,0.003001025312791498
PS_propensity_score,2000,2.0,1.0,10,0.008790157598384482,0.004465977021744296,0.0008153721187030302,0.0015981293526579393,0.9515889547468823,0.12361786601696768,0.022569431242714835,0.044236085235721076,0.06945397707691622,0.040806760221944974,0.007450261024087927,0.014602511607212336,0.10730804595706496,0.10697957917865605,0.01953170956951997,0.03828215075625914,0.03131467766652145,0.018727617145086015,0.003419179452894703,0.006701591727673618,0.022884008447283458,0.018414199058926738,0.003361957400988192,0.006589436505936856,0.008430669219237946,0.00636146480636253,0.001161439257739997,0.002276420945170394,0.26922420562710203,0.3961060316260303,0.04198639909038727,0.14174472300781527,0.03131467766652145,0.022884008447283458,0.003419179452894703,0.003361957400988192
PS_propensity_score,10000,0.5,0.2,3,0.0005203385878185691,0.0004476949703661372,8.173754471704674e-05,0.00016020558764541162,0.884772431361598,0.22420079192794465,0.040933277049819146,0.08022922301764553,0.011600153319778147,0.01026625401043125,0.0018743529675303576,0.003673731816359501,0.07028656657633627,0.11006212105851154,0.020094502143537047,0.039385224201332614,0.008755299425527914,0.0045119580274468486,0.0008237670633830507,0.0016145834442307795,0.008134520159367541,0.0045310341021212374,0.000827249862185656,0.0016214097298838858,0.0006207792661603615,0.0016837361098527303,0.0003074067494174456,0.0006025172288581934,0.07090325938486597,0.2888205152622536,0.03457155624510635,0.10335309403587557,0.008755299425527914,0.008134520159367541,0.0008237670633830507,0.000827249862185656
PS_propensity_score,10000,0.5,0.2,5,0.000515025518981883,0.00045223784953125445,8.256695718196506e-05,0.0001618312360766515,0.8934950923778027,0.20322531320468562,0.0371036960994196,0.07272324435486242,0.010733949330786264,0.008059460689496582,0.0014714494736544725,0.002884040968362766,0.07714009781324258,0.08970383689133475,0.016377604986716046,0.03210010577396345,0.010691209229192809,0.006552117104326271,0.0011962474458183095,0.0023446449938038863,0.010078813207730073,0.006534648244699764,0.001193058082994533,0.002338393842669285,0.0006123960214627334,0.0015217781959036675,0.0002778374151386515,0.0005445613336717569,0.0572803326859006,0.24974301678883412,0.025960014944941056,0.08936939079809543,0.010691209229192809,0.010078813207730073,0.0011962474458183095,0.001193058082994533
PS_propensity_score,10000,0.5,0.2,10,0.0002744361905111698,0.0003676518097619047,6.712372983806442e-05,0.00013156251048260624,0.8909176379126273,0.14069775840081222,0.025687778688845614,0.0503480462301374,0.012210726359439998,0.01043280255128284,0.001904760431778353,0.003733330446285572,0.08895427996335328,0.10479459194386893,0.019132787304068723,0.037500263115974694,0.009164545048220486,0.006279846976156843,0.0011465379488405701,0.002247214379727517,0.009019476711619127,0.005912166138601687,0.0010794089192767862,0.0021156414817825007,0.0001450683366013531,0.0016424498622002466,0.0002998689463661089,0.0005877431348775735,0.01582930040040864,1.3826383273536673,0.0320849899073881,0.4947707711650396,0.009164545048220486,0.009019476711619127,0.0011465379488405701,0.0010794089192767862
PS_propensity_score,10000,0.5,0.5,3,0.003461626877547613,0.0019606996844345375,0.00035797314855268565,0.0007016273711632639,0.8787157006074844,0.24863382366924316,0.04539411792746879,0.08897247113783882,0.03362728653087515,0.021551525522998705,0.003934752225864905,0.007712114362695213,0.05284635968159143,0.05098184030648861,0.009307967986329968,0.018243617253206737,0.009604178445154097,0.007529275763143734,0.0013746513923835824,0.0026943167290718216,0.008736675566105849,0.00676403694411028,0.0012349385380291701,0.0024204795345371733,0.0008675028790482268,0.002212098972111635,0.00040387216881984466,0.0007915894508868955,0.09032556860560592,0.853114149072146,0.03766612196756808,0.3052829775347777,0.009604178445154097,0.008736675566105849,0.0013746513923835824,0.0012349385380291701
PS_propensity_score,10000,0.5,0.5,5,0.002744288836839114,0.0016996353913852184,0.00031030954779860193,0.0006082067136852598,0.8633582439213442,0.19747235453773926,0.036053354354659145,0.07066457453513192,0.03079706304109302,0.02859235032672334,0.005220225082012193,0.010231641160743899,0.09551280311486164,0.10849815597333039,0.019808962491435645,0.038825566483213864,0.007860905759720095,0.0058691879182217205,0.0010715622056822742,0.0021002619231372576,0.007346310685993887,0.005690611106645865,0.0010389586896997923,0.0020363590318115926,0.0005145950737262111,0.00216754164241578,0.00039573715062763977,0.000775644815230174,0.06546256747702472,12.1585968637096,0.048735913456345134,4.350898009645338,0.007860905759720095,0.007346310685993887,0.0010715622056822742,0.0010389586896997923
PS_propensity_score,10000,0.5,0.5,10,0.0018803630840514235,0.0012624656695925918,0.00023049364177057547,0.0004517675378703279,0.8757391503012386,0.17167350081152255,0.031343149640117446,0.06143257329463019,0.03661011534758682,0.029037616093209113,0.005301519116808555,0.010390977468944768,0.03951254703487074,0.08054094611591994,0.014704697663499149,0.028821207420458333,0.0078067074889041094,0.005652457504680558,0.0010319928268843015,0.002022705940693231,0.007119579017443904,0.005727688058192232,0.001045727983941616,0.0020496268485255677,0.000687128471460197,0.002555147735808763,0.00046650401755357005,0.0009143478744049973,0.08801770431860556,1.0863749796818738,0.058593285314879714,0.3887542937569061,0.0078067074889041094,0.007119579017443904,0.0010319928268843015,0.001045727983941616
PS_propensity_score,10000,0.5,1.0,3,0.011244458802914333,0.0059445732240324236,0.0010853256165145899,0.0021272382083685963,0.8565428144894524,0.2649353851695143,0.04837036224622088,0.09480591000259292,0.10030188343888662,0.04540235547651765,0.008289298086118977,0.016247024248793193,0.05576758674101605,0.10997991670707241,0.02007949375100095,0.03935580775196186,0.009142303606812573,0.00898724195006759,0.0016408383819362456,0.0032160432285950414,0.007861514504894373,0.00817888570377794,0.0014932533984052313,0.002926776660874253,0.0012807891019181732,0.003319959622832197,0.0006061389251438459,0.001188032293281938,0.14009478978184386,0.9834367571110876,0.060306323264793946,0.3519183238896549,0.009142303606812573,0.007861514504894373,0.0016408383819362456,0.0014932533984052313
PS_propensity_score,10000,0.5,1.0,5,0.012818569765950102,0.006595282283963554,0.0012041282933470104,0.0023600914549601402,0.8584143554935924,0.20801593316026065,0.03797833963745389,0.07443754568940962,0.11540474212837568,0.06473820028304299,0.011819524209103325,0.023166267449842515,0.085894177144275,0.07953283129111687,0.014520641920132478,0.028460458163459657,0.008831800715457134,0.006551899140187456,0.001196207651193124,0.002344566996338523,0.008209497199924766,0.006234565787965364,0.0011382707727728668,0.002231010714634819,0.0006223035155323667,0.0037229281575351845,0.0006797105772843891,0.0013322327314774026,0.07046167996558528,1.7090543019992532,0.07399090531443882,0.6115772275614084,0.008831800715457134,0.008209497199924766,0.001196207651193124,0.0011382707727728668
PS_propensity_score,10000,0.5,1.0,10,0.008603479371614653,0.0045749736851444945,0.000835272095782059,0.0016371333077328356,0.9310559873848515,0.12474339620217376,0.02277492399991161,0.04463885103982675,0.11616787660652718,0.08501427225024116,0.01552141154044752,0.03042196661927714,0.09882478353268011,0.10725833799950191,0.01958260373428024,0.038381903319189274,0.0081446740788962,0.0054562899254349114,0.000996177690816294,0.001952508273999936,0.007122007005155043,0.004513673282209244,0.0008240802246247948,0.0016151972402645978,0.0010226670737411498,0.003843967341130801,0.0007018092076834985,0.001375546047059657,0.12556267615312033,2.2046748273529158,0.07832952151375226,0.7889327548045997,0.0081446740788962,0.007122007005155043,0.000996177690816294,0.0008240802246247948
PS_propensity_score,10000,1.0,0.2,3,0.00044089580944685754,0.000416684012185332,7.607574427522128e-05,0.0001491084587794337,0.8954536379248172,0.22239648340954862,0.04060385689107774,0.07958355950651237,0.006286728197334836,0.004661929991664556,0.0008511480726481827,0.0016682502223904381,0.08931852372797056,0.11203564648542119,0.020454816941579856,0.04009144120549652,0.010186001567935072,0.006384852389712924,0.0011657092267288447,0.0022847900843885357,0.009390748556941431,0.006463849377261417,0.0011801320374139328,0.0023130587933313084,0.0007952530109936219,0.0013302887317139691,0.00024287638211822633,0.0004760377089517236,0.0780731286648384,0.2833412447287889,0.02508875679728802,0.10139236225690562,0.010186001567935072,0.009390748556941431,0.0011657092267288447,0.0011801320374139328
PS_propensity_score,10000,1.0,0.2,5,0.00046808652543680923,0.00040043083761653994,7.310833416108905e-05,0.00014329233495573453,0.8475188870221559,0.24964519872643393,0.04557876890510928,0.08933438705401418,0.00879505714244593,0.007788246543162706,0.0014219327717006154,0.002786988232533206,0.089709882444956,0.11273713219214457,0.020582890123359805,0.04034246464178522,0.012429654215470192,0.008578122576391296,0.0015661437453779485,0.003069641740940779,0.011308927127578807,0.007977476642556117,0.001456481303032854,0.002854703353944394,0.001120727087891347,0.0016257294193988627,0.0002968162251348446,0.0005817598012642954,0.0901655885564786,0.5652557449118738,0.021317727841322763,0.20227417053511126,0.012429654215470192,0.011308927127578807,0.0015661437453779485,0.001456481303032854
PS_propensity_score,10000,1.0,0.2,10,0.0004558053197830685,0.00039091082412421246,7.13702254485886e-05,0.00013988564187923368,0.9348556219509232,0.13475912332442175,0.02460353722480212,0.048222932960612155,0.012102518044166092,0.008420856147463978,0.0015374309551573566,0.003013364672108419,0.06603014559962503,0.0917867616183495,0.01675789327290647,0.03284547081489668,0.009597526877213543,0.006750118597006845,0.001232397407138591,0.0024154989179916383,0.008741132463698297,0.0065534420924350375,0.0011964893544435086,0.002345119134709277,0.0008563944135152271,0.0020307781763167737,0.0003707676721526335,0.0007267046374191616,0.08923073875922127,0.36635619554015164,0.037497032862375664,0.1310988808876882,0.009597526877213543,0.008741132463698297,0.001232397407138591,0.0011964893544435086
PS_propensity_score,10000,1.0,0.5,3,0.0036709389466707465,0.0020450721460671733,0.0003733773820421636,0.0007318196688026406,0.8692313762136782,0.2301300356251311,0.0420158038904506,0.08235097562528318,0.03673295892306711,0.023191067808740376,0.004234090323826336,0.008298817034699618,0.06976671258443465,0.06764382814508407,0.012350016850355128,0.02420603302669605,0.011706322970318773,0.008077407100138791,0.0014747260249661355,0.0028904630089336253,0.01018458028576711,0.007498392421539004,0.0013690128914342328,0.0026832652672110963,0.0015217426845516367,0.0026836155752643746,0.000489958928748167,0.0009603195003464073,0.1299932257473181,2.3952483218594245,0.03882097076346431,0.8571286039830835,0.011706322970318773,0.01018458028576711,0.0014747260249661355,0.0013690128914342328
PS_propensity_score,10000,1.0,0.5,5,0.0025546793061926166,0.0014544176590539804,0.0002655391199659076,0.0005204566751331789,0.8330406306750895,0.20577943307686358,0.037570012455607635,0.07363722441299096,0.032423017719820924,0.021499079650435994,0.003925176963381358,0.007693346848227462,0.07994786463492352,0.09114975677652488,0.016641592632537353,0.03261752155977321,0.010642870479296289,0.0077303446799649395,0.0014113613861689504,0.0027662683168911428,0.008499584778771736,0.00742520474230664,0.001355650710485227,0.0026570753925510447,0.0021432857005245064,0.0024967647151077463,0.0004558447850824907,0.0008934557787616818,0.2013822966927874,0.5187113057117155,0.043636898213301994,0.18561845687455975,0.010642870479296289,0.008499584778771736,0.0014113613861689504,0.001355650710485227
PS_propensity_score,10000,1.0,0.5,10,0.0023489450006212234,0.0017166779257695513,0.00031342107463838746,0.0006143053062912394,0.9057420856348675,0.1580319957613044,0.02885256296200907,0.056551023405537776,0.03890180001200448,0.02847375264993206,0.005198572207730096,0.010189201527150988,0.1268493129040358,0.16623563669498256,0.030350336026358497,0.059486658611662656,0.012296833443721927,0.008779229642891144,0.0016028607043098346,0.003141606980447276,0.010271632886548804,0.0075660295709449234,0.0013813616889192227,0.002707468910281676,0.0020252005571730868,0.003261329467664655,0.0005954345722987489,0.001167051761705548,0.16469285092310304,0.7764049363429195,0.04122416480355675,0.277832938297008,0.012296833443721927,0.010271632886548804,0.0016028607043098346,0.0013813616889192227
PS_propensity_score,10000,1.0,1.0,3,0.012796515339823244,0.006100462338274697,0.001113786944627921,0.0021830224114707253,0.9115900401211544,0.16626975096793414,0.030356564411967987,0.059498866247457254,0.1006818676801274,0.04663116580411811,0.008513647131226338,0.016686748377203624,0.06471213850479042,0.08100979344639882,0.014790297083142268,0.028988982282958844,0.013989392531575964,0.008894543617344677,0.0016239140593110927,0.0031828715562497415,0.01000320413672775,0.007099385875213521,0.0012961645960960007,0.0025404826083481615,0.003986188394848167,0.004399785588897205,0.0008032872717417169,0.0015744430526137651,0.28494363753471375,6.064299350638688,0.04536826651630577,2.1700816525417106,0.013989392531575964,0.01000320413672775,0.0016239140593110927,0.0012961645960960007
PS_propensity_score,10000,1.0,1.0,5,0.011930576377069875,0.005449050116042424,0.0009948558885108595,0.0019499175414812845,0.8854196804490893,0.17625506143824962,0.03217962434139609,0.06307206370913633,0.11513351419787478,0.06093636672205116,0.011125407542024852,0.02180579878236871,0.12273476941865229,0.13816597429002092,0.025225540266107762,0.04944205892157121,0.01221864266589868,0.006846948081696172,0.0012500759714705728,0.0024501489040823225,0.008811642835847464,0.006520342294613074,0.0011904461858048586,0.0023332745241775228,0.0034069998300511827,0.00464167407895095,0.0008474498658761502,0.0016610017371172544,0.2788361950840823,0.5928154590680009,0.06333330751584022,0.21213628758795872,0.01221864266589868,0.008811642835847464,0.0012500759714705728,0.0011904461858048586
PS_propensity_score,10000,1.0,1.0,10,0.011383671339314375,0.005219091211582676,0.0009528713287535999,0.0018676278043570557,0.9164309561900256,0.14629083346088315,0.026708929814252415,0.05234950243593473,0.1441377241420667,0.06504561123529583,0.011875649513427665,0.023276273046318224,0.10511945456200893,0.12471054493144816,0.02276892620590524,0.044627095363574266,0.014564627784353181,0.01127578012844186,0.0020586663766053686,0.004034986098146522,0.010669578143831923,0.007771327935123521,0.0014188438706123987,0.0027809339864003015,0.0038950496405212236,0.006689317356637463,0.0012212966701803895,0.002393741473553563,0.26743214438378715,6.030939408096463,0.06143964365924607,2.1581439504173745,0.014564627784353181,0.010669578143831923,0.0020586663766053686,0.0014188438706123987
PS_propensity_score,10000,2.0,0.2,3,0.000491930612742252,0.00040395422776625447,7.375161424905243e-05,0.00014455316392814274,0.7957960988379296,0.2672892514490108,0.048800117465764535,0.09564823023289849,0.005070510747027774,0.003934481445143773,0.0007183347465302564,0.0014079361031993024,0.12301670651555298,0.11431957294170059,0.02087180295484221,0.04090873379149073,0.02013620679954496,0.011177033705920445,0.002040637828909397,0.003999650144662418,0.018801267685299102,0.010706535699361986,0.0019547370384249696,0.0038312845953129403,0.0013349391142458342,0.001296570222825685,0.00023672025281037574,0.00046397169550833645,0.06629546108336681,0.5257196736800971,0.01086567217057596,0.18812636914324485,0.02013620679954496,0.018801267685299102,0.002040637828909397,0.0019547370384249696
PS_propensity_score,10000,2.0,0.2,5,0.0005940325253530991,0.00046545099966906726,8.497933731069258e-05,0.00016655950112895744,0.8377129474035947,0.26572235613363876,0.04851404282927173,0.09508752394537258,0.006164625962987516,0.003280877908571273,0.0005990036129816194,0.001174047081443974,0.050890340036316574,0.06695613045135487,0.012224461003821874,0.02395994356749087,0.022003254078725734,0.009806203380659488,0.0017903595983568734,0.003509104812779472,0.02012926013020654,0.009576335256287686,0.0017483916127002605,0.0034268475608925106,0.0018739939485191432,0.001381731863434775,0.00025226857000895794,0.0004944463972175575,0.08516894554842691,0.5130856614340412,0.011922723615021802,0.18360534592392344,0.022003254078725734,0.02012926013020654,0.0017903595983568734,0.0017483916127002605
PS_propensity_score,10000,2.0,0.2,10,0.0003547967210700694,0.00046506318511820743,8.490853238481436e-05,0.00016642072347423614,0.8946044761864235,0.16097687460560853,0.02939022181939078,0.057604834766005926,0.006315923961096401,0.004836809936734947,0.0008830766362382885,0.0017308302070270455,0.12614506872416223,0.11490994024335015,0.020979588784284516,0.04111999401719765,0.02106052011210459,0.01045182269607425,0.0019082330192281096,0.003740136717687095,0.019382948088500294,0.009971916356465514,0.001820614509996963,0.003568404439594047,0.00167757202360426,0.0014638573606663313,0.0002672625658023084,0.0005238346289725245,0.07965482403447888,0.17375883668792386,0.011900813905405736,0.06217880115429033,0.02106052011210459,0.019382948088500294,0.0019082330192281096,0.001820614509996963
PS_propensity_score,10000,2.0,0.5,3,0.0035702949790236234,0.0016943988772965793,0.00030935349550225485,0.0006063328511844195,0.8581812472507712,0.21742479123400998,0.03969615423990626,0.07780446231021626,0.022884544248410733,0.013131258869819263,0.0023974288971466014,0.004698960638407339,0.07053550182078286,0.08722796182791703,0.01592557411278324,0.03121412526105515,0.02026179276624269,0.005258206666853763,0.000960012801153286,0.0018816250902604404,0.016186451838874388,0.0056587893439733255,0.001033148857288017,0.0020249717602845133,0.004075340927368251,0.0018121527090562454,0.000330852305464734,0.0006484705187108786,0.2011342715022757,0.12637811453101483,0.01937107321154093,0.04522382748102405,0.02026179276624269,0.016186451838874388,0.000960012801153286,0.001033148857288017
PS_propensity_score,10000,2.0,0.5,5,0.003397253722944674,0.00165768601480812,0.00030265067452375007,0.0005931953220665501,0.8546320791982214,0.19656393280663975,0.03588749999670878,0.07033949999354921,0.028173785015109913,0.012234510625027395,0.002233705816454711,0.004378063400251234,0.11833700059891569,0.11327705876844103,0.02068146677843784,0.04053567488573817,0.02233848641251708,0.009200841669364085,0.0016798361767813995,0.003292478906491543,0.017570561457011705,0.009416069255227786,0.001719131178039709,0.0033694971089578297,0.00476792495550532,0.0020028565198133364,0.00036566989844935235,0.0007167130009607306,0.21343992907387543,0.1765262896656027,0.022924102025892647,0.0631691214837939,0.02233848641251708,0.017570561457011705,0.0016798361767813995,0.001719131178039709
PS_propensity_score,10000,2.0,0.5,10,0.0037218267743255365,0.0015400908947280241,0.000281180841216951,0.0005511144487852239,0.9337108566108576,0.12954486590132824,0.023651548421046432,0.046357034905251004,0.03428176020428619,0.013694145353750157,0.002500197438667841,0.004900386979788968,0.08185785557312615,0.10282244478299847,0.018772724141825882,0.03679453931797873,0.020236625219083215,0.009486131120841892,0.0017319226661122898,0.003394568425580088,0.01610760728102311,0.007945769193850555,0.0014506923414005293,0.0028433569891450376,0.004129017938060053,0.0036631077668924828,0.0006687889181664628,0.0013108262796062671,0.20403688329249803,2.5831545865356733,0.026987714058846153,0.9243699972247656,0.020236625219083215,0.01610760728102311,0.0017319226661122898,0.0014506923414005293
PS_propensity_score,10000,2.0,1.0,3,0.016363003786889162,0.0047821052410187215,0.0008730889709565443,0.0017112543830748268,0.8932748497039953,0.22266462266108317,0.04065281219661708,0.07967951190536948,0.09197209834372005,0.03171171925805388,0.005789741324969034,0.011347892996939305,0.13313482357718584,0.13774364013277696,0.02514843295119861,0.049290928584349275,0.025021803993017743,0.009946061967341838,0.0018158941659524451,0.0035591525652667925,0.016722305803786773,0.009911516683367348,0.0018095870888563618,0.003546790694158469,0.008299498189230916,0.00311576663422763,0.0005688585564961403,0.0011149627707324348,0.33169064035298657,0.22745484612543584,0.03021174370373944,0.08139367135735492,0.025021803993017743,0.016722305803786773,0.0018158941659524451,0.0018095870888563618
PS_propensity_score,10000,2.0,1.0,5,0.01586884109199478,0.00427244854720043,0.0007800388150272836,0.0015288760774534757,0.8778563367827751,0.19152459081910758,0.034967446236190684,0.06853619462293374,0.10541056938917308,0.03171226248667662,0.005789840504492553,0.011348087388805403,0.10745253153447949,0.114133572294555,0.02083784403812481,0.04084217431472463,0.02107067633450972,0.011766365102199881,0.0021482345287721512,0.004210539676393416,0.012769026789641364,0.008983913296313331,0.001640230655687135,0.0032148520851467844,0.008301649544868327,0.005067999378608034,0.0009252858603619283,0.0018135602863093793,0.39399065379177456,0.38333013537497734,0.03277604886224274,0.13717292724937097,0.02107067633450972,0.012769026789641364,0.0021482345287721512,0.001640230655687135
PS_propensity_score,10000,2.0,1.0,10,0.013349326686154414,0.003935392200180422,0.0007185010268895678,0.0014082620127035528,0.9061274789563664,0.1249177410444088,0.022806754867537214,0.04470123954037294,0.10982456042565573,0.035250909717840666,0.006435906141679801,0.012614376037692408,0.14097003560738136,0.12512660695457492,0.022844888391034494,0.04477598124642761,0.025519354095438075,0.006803449120197366,0.001242134183990258,0.0024345830006209054,0.01494832913629885,0.007064737413213837,0.0012898386813559714,0.002528083815457704,0.010571024959139185,0.004007322651990847,0.0007316336705656039,0.0014340019943085837,0.4142356001490233,0.1832576799329601,0.03106173021661428,0.06557791855509146,0.025519354095438075,0.01494832913629885,0.001242134183990258,0.0012898386813559714
Prognostic_score,500,0.5,0.2,3,0.00124392540907619,0.004749040854526879,0.0008670522675126607,0.001699422444324815,0.8568797809528753,0.2380385895747298,0.043459701688931186,0.08518101531030513,0.018946946140263512,0.01619392732550759,0.002956593096926604,0.005794922469976143,0.08273668628807895,0.08968337252358283,0.01637386872143511,0.03209278269401281,0.03740566224496585,0.027959704418825105,0.005104720270455793,0.010005251730093355,0.03646807114141311,0.02927880517721258,0.005345554017452791,0.01047728587420747,0.0009375911035527505,0.0043799708084032085,0.0007996696043255251,0.001567352424478029,0.025065486006170867,0.19717685732600929,0.022413469001768722,0.0705588322159496,0.03740566224496585,0.03646807114141311,0.005104720270455793,0.005345554017452791
Prognostic_score,500,0.5,0.2,5,0.0015386094069297432,0.006122352303138252,0.0011177834871408424,0.002190855634796051,0.8775320760211813,0.1949246600865104,0.03558821111446955,0.06975289378436032,0.020441463838318276,0.014106738324252214,0.0025755262643385214,0.005048031478103502,0.13376221703535898,0.13205680740433842,0.0241101640958238,0.04725592162781465,0.021260353339676064,0.019418204887509213,0.0035452629477152877,0.006948715377521964,0.020281062583726157,0.018481049424214184,0.0033741625520033233,0.006613358601926514,0.0009792907559498967,0.005388211057501055,0.0009837482469306977,0.0019281465639841675,0.04606182880894816,2.950869194263319,0.0445059543676632,1.0559549796708076,0.021260353339676064,0.020281062583726157,0.0035452629477152877,0.0033741625520033233
Prognostic_score,500,0.5,0.2,10,0.0010882431185474,0.006097795811681481,0.001113300105706157,0.0021820682071840678,0.9883228518731149,0.028569502829292878,0.005216053718770458,0.010223465288790097,0.044808659833574675,0.019577519875144323,0.0035743497518740896,0.007005725513673215,0.11252029270203567,0.10163726631683842,0.018556341148297472,0.03637042865066305,0.029780616170744848,0.024411775939357203,0.0044569601169159355,0.008735641829155233,0.028947223751704,0.021673695929375455,0.0039570573883422775,0.007755832481150864,0.0008333924190408533,0.008211221015997703,0.0014991569917074767,0.0029383477037466543,0.02798439139951503,1.2250464614513847,0.04845639930553462,0.4383772462068201,0.029780616170744848,0.028947223751704,0.0044569601169159355,0.0039570573883422775
Prognostic_score,500,0.5,0.5,3,0.003520231804269509,0.006084583687762934,0.0011108879129385764,0.00217734030935961,0.9403432731882548,0.12642677252059045,0.023082265060700553,0.04524123951897308,0.03735114285277097,0.029860040532260684,0.005451672589179248,0.010685278274791326,0.06130592945760815,0.07205998887388863,0.013156293799933366,0.025786335847869397,0.03644767792403281,0.025685119100882142,0.004689439707919987,0.009191301827523174,0.03768925111980838,0.026741504078826157,0.004882308335196498,0.009569324336985137,-0.001241573195775551,0.005293943651362794,0.0009665374520042223,0.0018944134059282758,-0.03406453487553729,1.0835069620924054,0.026439669348663455,0.38772798684324483,0.03644767792403281,0.03768925111980838,0.004689439707919987,0.004882308335196498
Prognostic_score,500,0.5,0.5,5,0.00483789315147906,0.005929844891172603,0.0010826366031340005,0.002121967742142641,0.9285948349768071,0.13311460315560097,0.02430329029389034,0.04763444897602507,0.06020873936213671,0.04337996621481659,0.007920062013222347,0.0155233215459158,0.06350921320916064,0.05427278505177703,0.009908809543829155,0.019421266705905143,0.03518681442283844,0.030662097081755824,0.005598107410696997,0.010972290524966113,0.03660366178079139,0.029805757172210234,0.005441761848913646,0.010665853223870746,-0.0014168473579529346,0.007460580071879242,0.0013621093324805915,0.0026697342916619593,-0.040266428808438226,0.6604102371346535,0.040694476381314786,0.23632476826951063,0.03518681442283844,0.03660366178079139,0.005598107410696997,0.005441761848913646
Prognostic_score,500,0.5,0.5,10,0.003827346539935385,0.0067046391978864564,0.0012240940428719185,0.00239922432402896,0.9630305509994275,0.08886162070613403,0.016223838052405917,0.0317987225827156,0.08127100682130246,0.05124445861173169,0.009355915309595106,0.01833759400680641,0.11731934776925304,0.10876902081885426,0.019858415420078504,0.038922494223353865,0.038508860331536436,0.032117354101472144,0.005863799776252453,0.011493047561454807,0.03913387767918489,0.02866932303570564,0.005234278311686155,0.010259185490904864,-0.00062501734764846,0.010543667349896148,0.001925001482122945,0.003773002904960972,-0.016230481563657362,1.6943575284567887,0.051205323578475404,0.60631805469213,0.038508860331536436,0.03913387767918489,0.005863799776252453,0.005234278311686155
Prognostic_score,500,0.5,1.0,3,0.01329494301676775,0.00804890770467162,0.0014695227710419254,0.0028802646312421736,0.8826841174862149,0.20759675399708247,0.03790180834301761,0.07428754435231451,0.11254669773342024,0.06879575516785058,0.012560328988678123,0.02461824481780912,0.0852080517743667,0.09975526639449396,0.018212736544733793,0.035696963627678234,0.035753982136974276,0.027290123632908687,0.004982472103616307,0.009765645323087963,0.03774581894971372,0.026635341688630645,0.004862925823240249,0.009531334613550888,-0.0019918368127394073,0.00652381870144628,0.0011910808879520627,0.002334518540386043,-0.05570950964590948,0.3317677954539479,0.035821200648259825,0.11872158087693963,0.035753982136974276,0.03774581894971372,0.004982472103616307,0.004862925823240249
Prognostic_score,500,0.5,1.0,5,0.015151493529754822,0.009007270300780364,0.0016444950417612491,0.0032232102818520484,0.8894875664918331,0.18557850441230503,0.03388184435156382,0.06640841492906509,0.1557952370322843,0.08019342054847117,0.014641248465965324,0.028696846993292037,0.10370052924559131,0.1070086198087247,0.01953701163891089,0.038292542812265344,0.0337582410291938,0.026742598813398293,0.004882508205469711,0.009569716082720635,0.03378964762129234,0.030171632169018973,0.005508561178573405,0.010796779910003874,-3.1406592098546507e-05,0.011786147831433093,0.0021518463444555004,0.004217618835132781,-0.0009303385230108319,0.6428984988496389,0.06373098037728517,0.2300582732040221,0.0337582410291938,0.03378964762129234,0.004882508205469711,0.005508561178573405
Prognostic_score,500,0.5,1.0,10,0.014108960700231937,0.01060649029827503,0.001936471330774977,0.003795483808318955,0.9843660597943323,0.06287607370149027,0.011479547964554523,0.022499914010526863,0.17866618259876751,0.07515937252573332,0.01372216124675939,0.026895436043648406,0.13445820735571296,0.10377632743812179,0.018946878490967205,0.03713588184229572,0.03359510694362512,0.03060793873724683,0.0055882194950420926,0.010952910210282501,0.03399114941796056,0.030874307479233677,0.005636851551242249,0.011048229040434808,-0.00039604247433543984,0.009928718805163621,0.001812727752237952,0.0035529463943863855,-0.01178869515135128,0.8893148613742445,0.054258097037295554,0.31823723606217896,0.03359510694362512,0.03399114941796056,0.0055882194950420926,0.005636851551242249
Prognostic_score,500,1.0,0.2,3,0.0009132010013386805,0.005062729951740973,0.0009243237990418572,0.00181167464612204,0.8759581919355838,0.19930544571855918,0.03638802948455876,0.07132053778973517,0.011017503692263854,0.0076415850586879705,0.00139515617057928,0.0027345060943353887,0.05270948601326685,0.05776657128838106,0.010546684721458857,0.02067150205405936,0.03772914445975032,0.029837808763294574,0.0054476136420605874,0.01067732273843875,0.0388144369076429,0.029023886754264695,0.005299012493928724,0.010386064488100298,-0.0010852924478925731,0.00479816239256443,0.000876020592326832,0.0017170003609605908,-0.02876536066303803,0.8656794409450346,0.024579167676923676,0.3097794094843837,0.03772914445975032,0.0388144369076429,0.0054476136420605874,0.005299012493928724
Prognostic_score,500,1.0,0.2,5,-0.00012893391902048002,0.006747327022970874,0.0012318877377817754,0.00241449996605228,0.9007485235089431,0.14190620454295158,0.02590840975937222,0.05078048312836955,0.02289449204766898,0.015360687421350133,0.002804464999819777,0.005496751399646763,0.09316454781223042,0.11277809421127002,0.020590368730651797,0.040357122712077524,0.029760119919883147,0.020738875698393038,0.0037863833457685244,0.007421311357706308,0.028364923137660918,0.021560117860485988,0.003936320964886065,0.007715189091176688,0.0013951967822222098,0.005562340370796158,0.0010155397645355685,0.001990457938489714,0.04688142339406631,0.38433958300309734,0.03473815436477075,0.13753415344391134,0.029760119919883147,0.028364923137660918,0.0037863833457685244,0.003936320964886065
Prognostic_score,500,1.0,0.2,10,-0.0016293642080577296,0.0056958987334578305,0.0010399240738599865,0.0020382511847655735,0.9865644580572478,0.044879503923517194,0.008193838889517325,0.016059924223453956,0.03994788309554307,0.01661416452682604,0.003033317561814922,0.0059453024211572475,0.1444540124163018,0.11223039159336556,0.02049037237110816,0.040161129847371996,0.042854425789660935,0.02687168045025314,0.004906075180224741,0.009615907353240492,0.044471376924839205,0.028035281637524827,0.0051185187196275735,0.010032296690470044,-0.0016169511351782873,0.007863521097431953,0.0014356759621604199,0.002813924885834423,-0.037731251915837705,0.5814822817258173,0.03375772167802564,0.20808076216065874,0.042854425789660935,0.044471376924839205,0.004906075180224741,0.0051185187196275735
Prognostic_score,500,1.0,0.5,3,0.004630248185268091,0.006656489387876947,0.0012153031305113197,0.0023819941358021865,0.8904094457832051,0.2222832996522412,0.04058319245873758,0.07954305721912565,0.044422562185639294,0.03717921215852666,0.006787964389831797,0.01330441020407032,0.08072733015874509,0.09751164708284515,0.017803109575585705,0.03489409476814798,0.03490482907580005,0.032826381304235853,0.005993249840531944,0.01174676968744261,0.03413096565876512,0.030746144393887908,0.0056134522802811365,0.011002366469351028,0.0007738634170349361,0.007371266947641178,0.0013458030615384417,0.0026377740006153457,0.022170669145933797,0.9973872739321346,0.037254636364472626,0.35691045222079343,0.03490482907580005,0.03413096565876512,0.005993249840531944,0.0056134522802811365
Prognostic_score,500,1.0,0.5,5,0.0039826134006096395,0.006575066008691169,0.0012004373233485373,0.002352857153763133,0.9270416931128184,0.15951700990548887,0.029123688210337093,0.0570824288922607,0.053997547027973304,0.03189919816018421,0.005823970132886728,0.011414981460457987,0.09711179625818504,0.1088209629270162,0.019867898708186726,0.038941081468045986,0.051432534722530586,0.031131904478528403,0.005683882113662037,0.011140408942777591,0.05013448746450741,0.03031534986887595,0.005534800320614879,0.010848208628405163,0.001298047258023163,0.007296822796239907,0.0013322114812061732,0.0026111345031640996,0.02523786286298957,0.5776799461222364,0.02541277739681446,0.20672011383955166,0.051432534722530586,0.05013448746450741,0.005683882113662037,0.005534800320614879
Prognostic_score,500,1.0,0.5,10,0.004793077805955963,0.006968900237342361,0.0012723412869985057,0.0024937889225170712,0.9611142101378937,0.0997523960244367,0.018212212489257543,0.035695936478944784,0.0867528627585116,0.02699429886499748,0.004928462137465074,0.009659785789431545,0.09486839709112897,0.06652993737523916,0.01214664914994151,0.023807432333885357,0.04077344872733084,0.023004319088931312,0.004199994828351457,0.008231989863568856,0.04003056291120618,0.025923023744574954,0.0047328749545485806,0.009276434910915218,0.0007428858161246563,0.011469219562407151,0.0020939834237699755,0.004104207510589152,0.018219842552261167,0.4090376371221612,0.051430836796236924,0.14637223860400786,0.04077344872733084,0.04003056291120618,0.004199994828351457,0.0047328749545485806
Prognostic_score,500,1.0,1.0,3,0.01800282144482836,0.011455259464673826,0.002091434670292136,0.004099211953772587,0.857039511520647,0.26284265907061005,0.04798828448253766,0.09405703758577381,0.158524034845499,0.048513870770021124,0.008857380457543697,0.017360465696785645,0.09155640545381123,0.10904372859714964,0.01990856996904334,0.03902079713932494,0.026448393990883525,0.02001703971672223,0.0036545947291085285,0.007163005669052716,0.025753741000494376,0.01764529292984163,0.0032215749904868944,0.006314286981354313,0.00069465299038914,0.009978711100566163,0.0018218550548690965,0.003570835907543429,0.026264467726418106,1.4232204869573286,0.06724339468078222,0.5092929104732103,0.026448393990883525,0.025753741000494376,0.0036545947291085285,0.0032215749904868944
Prognostic_score,500,1.0,1.0,5,0.015746859198560184,0.013540817811388665,0.0024722037874551016,0.004845519423411999,0.906999615374095,0.16193805138053796,0.029565707886517082,0.05794878745757348,0.16266679684753435,0.07415376371366728,0.013538563036627874,0.026535583551790632,0.1187888066974388,0.11521395770836458,0.021035094525439165,0.04122878526986076,0.032729600384954156,0.03512235745403471,0.006412435816778176,0.012568374200885224,0.03386271642856552,0.035556548258211085,0.006491707849347745,0.01272374738472158,-0.0011331160436113467,0.009110522262793413,0.0016633461846616538,0.0032601585219368414,-0.03462052791002779,10.782708076516384,0.05181817699433942,3.8585425304074272,0.032729600384954156,0.03386271642856552,0.006412435816778176,0.006491707849347745
Prognostic_score,500,1.0,1.0,10,0.012243206732009052,0.009486870459680063,0.001732057650298725,0.0033948329945855007,0.980784697093908,0.07028114583093154,0.012831522979637121,0.025149785040088756,0.18095192169423388,0.06887929296545038,0.01257558083406136,0.024648138434760263,0.0877733799788429,0.06247699240289398,0.011406686021381307,0.022357104601907363,0.03305925765326931,0.02118754967279045,0.00386829963134951,0.007581867277445039,0.03170144513755049,0.018634596484537108,0.0034021962815291473,0.006668304711797129,0.001357812515718807,0.015302724021166383,0.002793882379222997,0.005476009463277073,0.041072081229402424,1.1474097389710443,0.08212532052739024,0.41059530186722953,0.03305925765326931,0.03170144513755049,0.00386829963134951,0.0034021962815291473
Prognostic_score,500,2.0,0.2,3,1.1085413199860005e-05,0.00513321088324341,0.000937191797727811,0.0018368959235465095,0.8162148421728069,0.23555551365444163,0.04300635612441795,0.08429245800385918,0.009866543509544882,0.00990614781735029,0.00180860687251444,0.003544869470128302,0.07528757423702405,0.09650156955623496,0.017618695493534564,0.034532643167327744,0.04454653185695933,0.03402142672504265,0.006211434285271656,0.012174411199132446,0.04334949229094405,0.03491814260515065,0.00637515145700774,0.01249529685573517,0.0011970395660152735,0.007106787524387906,0.0012975159461678506,0.0025431312544889873,0.02687166690908782,1.2042756314453247,0.029454027529587465,0.4309445001469696,0.04454653185695933,0.04334949229094405,0.006211434285271656,0.00637515145700774
Prognostic_score,500,2.0,0.2,5,0.0007008158162807968,0.005847892772474821,0.001067674261785295,0.002092641553099178,0.9386857444211831,0.13418872548118707,0.024499397302971477,0.048018818713824095,0.020264001102225267,0.012574895572324007,0.002295851321077898,0.00449986858931268,0.09013068536495507,0.09201549177087502,0.016799653494279743,0.0329273208487883,0.04622900012802579,0.03626476961273472,0.006621010786540898,0.01297718114162016,0.047847722737961736,0.039085737691177964,0.007136046736729354,0.013986651603989533,-0.0016187226099359429,0.007507822649065756,0.001370734607547169,0.002686639830792451,-0.03501530652735485,0.354572125854119,0.02861861735583611,0.12688200570733632,0.04622900012802579,0.047847722737961736,0.006621010786540898,0.007136046736729354
Prognostic_score,500,2.0,0.2,10,0.0014346463985988067,0.004364867565612697,0.0007969121420695783,0.0015619477984563734,0.9919460312145196,0.03214118488665794,0.005868150662455559,0.011501575298412895,0.03709006831034674,0.016699966721486256,0.003048982827647872,0.005976006342189829,0.09614789059156983,0.06316192177708911,0.011531736444229498,0.022602203430689815,0.039167968607006484,0.03402854139728395,0.006212733240763595,0.012176957151896645,0.03985048713899796,0.033914946958811365,0.006191993828644072,0.012136307904142381,-0.0006825185319914634,0.009284237266950044,0.001695062060112884,0.003322321637821253,-0.01742542583302087,0.6085514170742155,0.04377298022385559,0.21776732784174443,0.039167968607006484,0.03985048713899796,0.006212733240763595,0.006191993828644072
Prognostic_score,500,2.0,0.5,3,0.0046082589839067855,0.004442483817361288,0.0008110828660401459,0.001589722417438686,0.9519028964495502,0.14129684747391152,0.025797156888609396,0.05056242750167442,0.03353790668598049,0.024046419444831213,0.004390255452388303,0.008604900686681074,0.07667114295890816,0.07532868517816403,0.013753073366428501,0.026956023798199863,0.03467830773785526,0.02509182878192966,0.004581120210973417,0.008978995613507897,0.03511311987847874,0.02234714230450095,0.004080011311984384,0.007996822171489393,-0.0004348121406234831,0.011029486685183668,0.002013699551725992,0.003946851121382944,-0.012538447490297644,0.6353932159678912,0.058840162621152325,0.22737254221729225,0.03467830773785526,0.03511311987847874,0.004581120210973417,0.004080011311984384
Prognostic_score,500,2.0,0.5,5,0.00519205010480968,0.006737747599496861,0.0012301387823402381,0.002411072013386867,0.9243673682664209,0.14453045102934148,0.026387529425055362,0.051719557673108506,0.04985517071913071,0.026182591305619885,0.00478026529067555,0.009369319969724078,0.11900236944840532,0.10623514599529008,0.01939579528715833,0.03801575876283032,0.04182557898742069,0.031859268128682706,0.005816679939894973,0.011400692682194147,0.038738839069995826,0.033386919485753855,0.006095589642652056,0.011947355699598029,0.0030867399174248473,0.007557005534439522,0.0013797141328013031,0.002704239700290554,0.07380029140429167,0.570534608024487,0.035402783793698024,0.20416318743955458,0.04182557898742069,0.038738839069995826,0.005816679939894973,0.006095589642652056
Prognostic_score,500,2.0,0.5,10,0.005008362489044033,0.005662494235119422,0.001033825274772623,0.002026297538554341,0.9680543826543536,0.08045366000796712,0.014688761473404952,0.028789972487873707,0.06888726803666789,0.027385829358450388,0.004999945498536836,0.009799893177132198,0.14926949834211295,0.15364934828059884,0.0280524046664172,0.05498271314617771,0.03968155256518391,0.027148952983536513,0.004956697987243376,0.009715128054997017,0.03684062320987816,0.023380351117517493,0.004268648569818483,0.008366551196844227,0.002840929355305736,0.013467693457476162,0.0024588531680748123,0.004819352209426632,0.07159320066015629,1.840136531282259,0.0579318602682887,0.6584844008874347,0.03968155256518391,0.03684062320987816,0.004956697987243376,0.004268648569818483
Prognostic_score,500,2.0,1.0,3,0.017044267204299506,0.008766097569768776,0.0016004631267511917,0.0031369077284323357,0.8358216939398929,0.24455407598034676,0.04464926131475608,0.08751255217692192,0.10077403925848066,0.042952863596890156,0.007842084100486408,0.01537048483695336,0.13721648576383644,0.12617078273774335,0.02303552793451515,0.045149634751649695,0.05111449521220334,0.03711324114989008,0.006775919786641255,0.013280802781816859,0.04594412189291444,0.03621669586218894,0.006612233760674964,0.012959978170922929,0.005170373319288874,0.010527585912024556,0.0019220654266964821,0.003767248236325105,0.10115278059235333,0.34427999955743915,0.03695846510078102,0.12319901561224565,0.05111449521220334,0.04594412189291444,0.006775919786641255,0.006612233760674964
Prognostic_score,500,2.0,1.0,5,0.017648423523266184,0.01006693542731679,0.0018379625394964383,0.0036024065774130187,0.9642044493690977,0.08245059358053292,0.01505334999458284,0.029504565989382368,0.12138893937478153,0.04963546837991909,0.009062155228005363,0.01776182424689051,0.14533718165265105,0.1424575210784834,0.026009065926984345,0.05097776921688932,0.038331364697195454,0.03512003162806649,0.006412011180995634,0.012567541914751443,0.03414507074064066,0.029553661705039518,0.005395735724242244,0.010575642019514797,0.004186293956554756,0.013812143125507367,0.0025217407857767646,0.004942611940122459,0.10921327715892903,3.90905782375806,0.057420966293870196,1.3988383771273711,0.038331364697195454,0.03414507074064066,0.006412011180995634,0.005395735724242244
Prognostic_score,500,2.0,1.0,10,0.015650586307289095,0.008157059577066268,0.0014892685110909148,0.002918966281738193,0.9730909576780256,0.07086912124663416,0.012938872112450057,0.02536018934040211,0.16264975858011813,0.06062279239348294,0.011068156964287736,0.02169358765000396,0.1747666937198499,0.14221450154364812,0.025964696833269782,0.050890805793208774,0.042536636978042705,0.03410060789502138,0.00622589072291399,0.012202745816911421,0.0418388626363768,0.03454265039265982,0.006306596272024823,0.012360928693168653,0.0006977743416658931,0.015803193402622755,0.0028852551690777676,0.005655100131392424,0.0164040787245614,0.5883343579354731,0.06738215257724195,0.2105327461417637,0.042536636978042705,0.0418388626363768,0.00622589072291399,0.006306596272024823
Prognostic_score,2000,0.5,0.2,3,0.0008829419528486802,0.001446201202366875,0.00026403900707581035,0.0005175164538685883,0.8827647570298887,0.23136790030903867,0.04224180602728899,0.08279393981348641,0.02035742883424057,0.011027308194071673,0.0020133018154848705,0.003946071558350346,0.060720983662693497,0.07608196214896172,0.013890602296080187,0.027225580500317165,0.014979145868401792,0.013057641224573743,0.0023839882155028067,0.004672616902385501,0.015517294066479807,0.01303570469863942,0.0023799831721402977,0.004664767017394983,-0.0005381481980780127,0.0022217589985337126,0.00040563584027900057,0.0007950462469468411,-0.03592649426114658,0.35900063089872053,0.028203246309446737,0.12846672588518604,0.014979145868401792,0.015517294066479807,0.0023839882155028067,0.0023799831721402977
Prognostic_score,2000,0.5,0.2,5,0.0004257591341013158,0.0015377169156641126,0.0002807474139221679,0.000550264931287449,0.9136769080385321,0.1412233686695402,0.025783741555725166,0.050536133449221324,0.021501716732245085,0.012709499245535218,0.002320426477124843,0.004548035895164692,0.11567521915856721,0.14153463535292113,0.02584057081702102,0.0506475188013612,0.02039103430384553,0.012483022968066387,0.002279077755155017,0.004466992400103833,0.020326045294790564,0.011998707640414663,0.0021906542785215654,0.0042936823859022685,6.498900905496003e-05,0.0022085382713779435,0.0004032220767823886,0.0007903152704934817,0.003187136468242313,0.29305316803867293,0.019669294352498673,0.10486772937964699,0.02039103430384553,0.020326045294790564,0.002279077755155017,0.0021906542785215654
Prognostic_score,2000,0.5,0.2,10,0.0005301189926550032,0.001481589696471638,0.0002705000325749161,0.0005301800638468355,0.9282188458590999,0.09067451489202695,0.016554825732400424,0.03244745843550483,0.03177396471611237,0.015457112232934132,0.002822069681289024,0.005531256575326487,0.07544654550703903,0.09959876437199404,0.018184163315394332,0.03564096009817289,0.022311881522198058,0.018442690211195996,0.003367159149917254,0.006599631933837818,0.022696909362192427,0.017340654487104253,0.003165955874830059,0.006205273514666916,-0.0003850278399943634,0.0026917432075974595,0.0004914428246041466,0.0009632279362241273,-0.017256628026251608,0.9365553647843566,0.02336380154118916,0.33514203310131613,0.022311881522198058,0.022696909362192427,0.003367159149917254,0.003165955874830059
Prognostic_score,2000,0.5,0.5,3,0.00581179447201555,0.0027679569770159614,0.0005053574915051502,0.0009905006833500942,0.8231340430553035,0.24859547076206157,0.0453871156766657,0.08895874672626478,0.07824424095770205,0.029159697222948137,0.005323807979676481,0.010434663640165903,0.09242523714213233,0.11165810823757404,0.020385888203357568,0.03995634087858083,0.016807774525102688,0.012663609455223865,0.002312048186020606,0.004531614444600388,0.016497965927122236,0.011981603655387233,0.0021875315323806473,0.0042875618034660685,0.00030980859798044,0.002781300756081763,0.0005077937211040519,0.0009952756933639417,0.018432457998395213,0.6720422777628674,0.029424536383817722,0.24048724055021165,0.016807774525102688,0.016497965927122236,0.002312048186020606,0.0021875315323806473
Prognostic_score,2000,0.5,0.5,5,0.00572034608053071,0.002865376593349296,0.0005231437986415723,0.0010253618453374817,0.8868999296001459,0.20561883712710363,0.0375406917808318,0.07357975589043034,0.09139111892519752,0.03403503481239845,0.006213918770741414,0.01217928079065317,0.09528642391403884,0.11985229370159607,0.021881934943032838,0.04288859248834436,0.015934254528852377,0.014480497672657204,0.002643765073071803,0.005181779543220734,0.015988099248086904,0.014842539111215391,0.0027098644939551166,0.005311334408152029,-5.3844719234529886e-05,0.003405429128909414,0.000621743450629618,0.0012186171632340515,-0.00337918031477602,0.6769292616607513,0.039028902066167916,0.24223602527864818,0.015934254528852377,0.015988099248086904,0.002643765073071803,0.0027098644939551166
Prognostic_score,2000,0.5,0.5,10,0.0045562617886627434,0.002835983464732536,0.0005177773721152223,0.0010148436493458356,0.9626001102565458,0.08831242775940441,0.016123569597290405,0.0316021964106892,0.10921657125827472,0.03595468948620851,0.006564398159896743,0.012866220393397616,0.09038677199994868,0.09363530216362372,0.017095389057942997,0.033506962553568276,0.01895649647087424,0.015092680368674461,0.0027555338303794632,0.005400846307543748,0.018460105479111307,0.014129585561154994,0.002579697580014627,0.0050562072568286695,0.0004963909917629132,0.0037482718254169237,0.0006843376768139717,0.0013413018465553844,0.026185798231525115,1.015406769742502,0.034860318505187365,0.363358645983196,0.01895649647087424,0.018460105479111307,0.0027555338303794632,0.002579697580014627
Prognostic_score,2000,0.5,1.0,3,0.016899714718373985,0.0067379584156485595,0.0012301772719274953,0.0024111474529778906,0.8708631780979262,0.21981429750676154,0.04013241640220163,0.0786595361483152,0.16597566221820942,0.04073140278153775,0.007436502700758965,0.014575545293487572,0.07196700479305633,0.08874069298012884,0.016201759771285636,0.03175544915171984,0.01998110868773969,0.015040633657421577,0.0027460314444470754,0.005382221631116267,0.019332154554207268,0.013267006603446733,0.0024222129290925906,0.004747537341021477,0.0006489541335324065,0.00485570600126767,0.0008865265698358373,0.001737592076878241,0.0324783846419201,0.7208999858050346,0.04228929262598825,0.25797074683464005,0.01998110868773969,0.019332154554207268,0.0027460314444470754,0.0024222129290925906
Prognostic_score,2000,0.5,1.0,5,0.01823980835677407,0.00503224584540689,0.0009187581881470028,0.0018007660487681255,0.8280525582176097,0.22630048362759328,0.04131662655238712,0.08098058804267874,0.23453866208920682,0.058811832140752834,0.01073752237056589,0.021045543846309144,0.11089537933441554,0.12512885295212292,0.02284529845220821,0.04477678496632809,0.020409193270566724,0.013826062000770158,0.0025242820130956085,0.004947592745667392,0.01963549922850968,0.014121806405433961,0.0025782773069923754,0.0050534235217050555,0.0007736940420570335,0.006532639302162074,0.001192691301946325,0.0023376749518147968,0.03790909477900983,17.82451139079742,0.05772956904805741,6.378419483961718,0.020409193270566724,0.01963549922850968,0.0025242820130956085,0.0025782773069923754
Prognostic_score,2000,0.5,1.0,10,0.014935041901517548,0.0044921555387291865,0.0008201516401279158,0.001607497214650715,0.9324891794988365,0.12402006547568084,0.02264286248143269,0.044380010463608066,0.2700779688370591,0.048095595165812834,0.008781014129650704,0.017210787694115378,0.1125177858097023,0.14627609550201073,0.026706239043410414,0.05234422852508441,0.020448192588193057,0.013831815255705567,0.0025253324089313423,0.004949651521505431,0.020158406785199916,0.013883466259158681,0.002534762548834358,0.0049681345957153416,0.00028978580299314336,0.005560908377442817,0.0010152783195149612,0.001989945506249324,0.014171707437872327,1.4509420766311376,0.04934562116018069,0.5192129539361188,0.020448192588193057,0.020158406785199916,0.0025253324089313423,0.002534762548834358
Prognostic_score,2000,1.0,0.2,3,0.001049435803607403,0.001221766208263226,0.00022306297075444121,0.00043720342267870475,0.8492656876478833,0.23070091431562906,0.04212003160257884,0.08255526194105453,0.017534833988624435,0.010814767137687906,0.0019744973051590816,0.0038700147181118,0.08910012658573438,0.09718876450497375,0.017744159551810513,0.0347785527215486,0.01795063095412967,0.015730073036780305,0.0028719052778161214,0.005628934344519598,0.01742296839735462,0.016093725153194714,0.0029382987668976767,0.005759065583119446,0.0005276625567750656,0.002627238990620343,0.0004796660197066218,0.0009401453986249787,0.029395209456615667,0.29078166992779003,0.027392567113464928,0.10405488421993517,0.01795063095412967,0.01742296839735462,0.0028719052778161214,0.0029382987668976767
Prognostic_score,2000,1.0,0.2,5,0.0009192245988845816,0.0015372237214890461,0.0002806573693971965,0.0005500884440185051,0.9121845284460613,0.16560493988981706,0.030235187070646635,0.059260966658467404,0.01842378242756163,0.009488144768969092,0.0017322903062796716,0.0033952890003081564,0.08492143030140217,0.10184780156881455,0.01859477945051659,0.03644576772301252,0.021527234174434664,0.016314875732962753,0.0029786751539457768,0.005838203301733722,0.020976729019155135,0.016716796166740662,0.003052055449913251,0.005982028681829971,0.00055050515527951,0.0023488535489124963,0.0004288400243384794,0.0008405264477034197,0.02557249811187068,0.3117158715331403,0.020582298876482757,0.1115460920557745,0.021527234174434664,0.020976729019155135,0.0029786751539457768,0.003052055449913251
Prognostic_score,2000,1.0,0.2,10,0.0005141255188958319,0.001955573720565683,0.00035703727987270963,0.0006997930685505108,0.9237233540956703,0.13065965622176903,0.02385508035617771,0.04675595749810831,0.02535030635973565,0.011061918951391997,0.0020196208463237634,0.003958456858794576,0.11857738582363024,0.16406805117965992,0.029954590865670604,0.05871099809671439,0.015943672017012342,0.013734557645076681,0.0025075756798545105,0.004914848332514841,0.015731629824330753,0.0137806335628632,0.002515987953030987,0.004931336387940734,0.00021204219268157828,0.0024129154503159307,0.000440536073830257,0.0008634507047073038,0.013299457769536005,0.54598409301163,0.027566147946482555,0.1953778984705594,0.015943672017012342,0.015731629824330753,0.0025075756798545105,0.002515987953030987
Prognostic_score,2000,1.0,0.5,3,0.00599297945498451,0.002802403842476449,0.0005116465999211684,0.00100282733584549,0.8409951871246701,0.2449863637723309,0.044728185906424016,0.08766724437659107,0.0733183927088861,0.022775779361397734,0.004158269373666049,0.008150207972385455,0.10551214819527238,0.1112880719590525,0.020318329131077065,0.039823925096911045,0.019752921684508727,0.012432790227408327,0.0022699065534271083,0.004449016844717132,0.01838141910336666,0.011726894345723615,0.0021410281875442034,0.004196415247586639,0.0013715025811420645,0.004573287182298475,0.0008349641838980384,0.0016365298004401552,0.06943289722136003,4.196701889128763,0.04031411111951321,1.5017704839762405,0.019752921684508727,0.01838141910336666,0.0022699065534271083,0.0021410281875442034
Prognostic_score,2000,1.0,0.5,5,0.006578913058948905,0.0030170088500526175,0.0005508279344555133,0.0010796227515328062,0.9196969259388782,0.13803405892400458,0.025201455925558197,0.04939485361409406,0.09099340382097809,0.025070577424570726,0.004577240261705719,0.00897139091294321,0.10483370332491611,0.08619530059424543,0.015737036828802224,0.03084459218445236,0.016987081460628082,0.01316683247046412,0.0024039237183215577,0.004711690487910253,0.015061470888153943,0.012158720085961295,0.002219868420490718,0.004350942104161808,0.001925610572474117,0.004284010072897146,0.0007821496511683727,0.0015330133162900104,0.11335735199346841,1.6734556444733304,0.04245856884290775,0.5988384115687605,0.016987081460628082,0.015061470888153943,0.0024039237183215577,0.002219868420490718
Prognostic_score,2000,1.0,0.5,10,0.005427487676306316,0.002128733085417575,0.00038865170993025917,0.000761757351463308,0.9039116453221998,0.1376189969159802,0.02512567631737208,0.04924632558204928,0.10007819284279768,0.020429067418621005,0.0037298203513241863,0.007310447888595405,0.13953511195727325,0.13322639937438513,0.024323701397514295,0.04767445473912802,0.023596616915125032,0.015783838207177756,0.0028817214100277187,0.0056481739636543285,0.0229088648347089,0.014614861131069037,0.0026682963720973257,0.005229860889310758,0.0006877520804161201,0.005457738759624503,0.0009964422105388686,0.0019530267326561825,0.029146215446473334,0.527240930741797,0.041011102934489674,0.1886707439914368,0.023596616915125032,0.0229088648347089,0.0028817214100277187,0.0026682963720973257
Prognostic_score,2000,1.0,1.0,3,0.01877413876191337,0.004090863903719987,0.000746886146583693,0.0014638968473040383,0.9148697888288343,0.1825444016057292,0.03332789550191338,0.06532267518375023,0.18986519620770184,0.02553511485365216,0.004662052804610173,0.009137623497035938,0.08684274880457937,0.07949154630536603,0.014513104347471807,0.02844568452104474,0.021490479534040426,0.018229431133752236,0.003328223547481025,0.006523318153062808,0.020475936694180512,0.01819867926585026,0.0033226090502359146,0.006512313738462392,0.0010145428398599101,0.005125765750706115,0.0009358325087163804,0.0018342317170841056,0.047208943767536815,2.2996467177185593,0.04308598791241134,0.8229180093036178,0.021490479534040426,0.020475936694180512,0.003328223547481025,0.0033226090502359146
Prognostic_score,2000,1.0,1.0,5,0.020931517811063262,0.004114376009691286,0.0007511788501886705,0.0014723105463697941,0.8973298649851188,0.1776489527066163,0.03243411290486072,0.06357086129352701,0.23422480711073695,0.030253053996335575,0.005523426702404936,0.010825916336713674,0.11252581129794789,0.12197511170810016,0.022269506712246315,0.043648233156002775,0.021001607039988917,0.013225986416286976,0.0024147237018190965,0.004732858455565429,0.01854650707561838,0.012688717153957594,0.0023166322036751084,0.004540599119203213,0.0024550999643705167,0.006450201046236077,0.0011776402044889741,0.002308174800798389,0.11690057621284933,4.077811077802554,0.05323869972213978,1.459225953537183,0.021001607039988917,0.01854650707561838,0.0024147237018190965,0.0023166322036751084
Prognostic_score,2000,1.0,1.0,10,0.0175577045458753,0.003938478595727087,0.0007190645230436651,0.0014093664651655836,0.9075298340866037,0.13777903960915958,0.025154895981778155,0.049303596124285184,0.2624482050606412,0.031260344073295934,0.005707331868105704,0.01118637046148718,0.13551556823542116,0.11345838963287413,0.02071457311337848,0.04060056330222182,0.016777336237707944,0.0158410522953747,0.0028921672255985712,0.005668647762173199,0.014904846283125696,0.012053324486498151,0.002200625904728137,0.004313226773267148,0.001872489954582248,0.008980156014713164,0.0016395446730580316,0.0032135075591937417,0.1116082987222804,5.7819163110152,0.08635855803768859,2.069032179578053,0.016777336237707944,0.014904846283125696,0.0028921672255985712,0.002200625904728137
Prognostic_score,2000,2.0,0.2,3,0.0007702974083763599,0.001172773531626031,0.00021411817270552516,0.0004196716185028293,0.8643457866925363,0.24673110852097094,0.04504673125839696,0.08829159326645805,0.009437056213924343,0.005161735624766419,0.0009423996791875298,0.0018471033712075583,0.09516210685557941,0.11081349236734839,0.020231683148507755,0.0396540989710752,0.02737676445734959,0.017005031513361007,0.003104679783651345,0.006085172375956636,0.027059811583676534,0.016678542492029526,0.003045071316397666,0.005968339780139426,0.000316952873673039,0.0019358915127924534,0.00035344381681307583,0.0006927498809536286,0.011577440941453854,0.2723371369457621,0.012681044573596978,0.09745459285902408,0.02737676445734959,0.027059811583676534,0.003104679783651345,0.003045071316397666
Prognostic_score,2000,2.0,0.2,5,0.0015291131121048468,0.0019436289845315377,0.0003548564794162609,0.0006955186996558713,0.8512187818759162,0.21015435275579644,0.03836875985408256,0.07520276931400181,0.01337601190750223,0.007778580031755853,0.001420167916250644,0.0027835291158512625,0.08051158782787034,0.09856174154309551,0.017994829716715816,0.035269866244763,0.02625393628578978,0.016143549594091307,0.002947395423629059,0.005776895030312956,0.024481327874895053,0.01566384150689665,0.002859813110171003,0.005605233695935166,0.0017726084108947231,0.00306586721911975,0.0005597482114091737,0.0010971064943619804,0.06751781491349806,0.23508727492913187,0.02077276617711415,0.08412490092792142,0.02625393628578978,0.024481327874895053,0.002947395423629059,0.002859813110171003
Prognostic_score,2000,2.0,0.2,10,0.0011041753266896497,0.0014310305770090747,0.0002612692425025013,0.0005120877153049026,0.9065218395326364,0.15750282365452248,0.028755949795446743,0.056361661599075616,0.019063603423128028,0.00761245202725557,0.0013898372310846023,0.0027240809729258205,0.1197451913501626,0.12060722337920717,0.022019765614285404,0.04315874060399939,0.027840431018423806,0.019136473727872572,0.003493826110620262,0.006847899176815713,0.02671510670631381,0.01871935347159807,0.003417670719435635,0.0066986346100938446,0.001125324312109986,0.003685120298846428,0.0006728078382661225,0.0013187033630016002,0.04042050611088954,0.17784851387777875,0.0236368120536253,0.0636422733414916,0.027840431018423806,0.02671510670631381,0.003493826110620262,0.003417670719435635
Prognostic_score,2000,2.0,0.5,3,0.006647817072697453,0.002536233735549851,0.0004630508093554152,0.0009075795863366139,0.8252326640321982,0.2377552212121277,0.0434079659408377,0.08507961324404188,0.0492238881605561,0.014248125288804748,0.00260133987427939,0.005098626153587605,0.09015103727630178,0.09010746055858644,0.016451296249148283,0.032244540648330634,0.02554123621379747,0.019449930279751226,0.003551055185374171,0.006960068163333374,0.024476193618170196,0.01841489622894787,0.003362084686237189,0.00658968598502489,0.0010650425956272671,0.0046448035388033816,0.0008480212244608114,0.0016621215999431903,0.04169894466783619,0.8379081960017838,0.031725606410885336,0.29984159711150954,0.02554123621379747,0.024476193618170196,0.003551055185374171,0.003362084686237189
Prognostic_score,2000,2.0,0.5,5,0.0077465374703115,0.00274308624900126,0.0005008167385867411,0.0009816008076300126,0.9148768422681481,0.14223370575093752,0.02596820302578025,0.050897677930529295,0.057934275290938135,0.016526610422460432,0.003017332442493854,0.005913971587287953,0.09936932828343654,0.1243114106641142,0.02269605459200787,0.04448426700033543,0.024993987412729284,0.01780697207101813,0.003251093428053705,0.006372143118985261,0.023028089272621767,0.016498240128221493,0.0030121527591212786,0.005903819407877706,0.0019658981401075104,0.005240524413350999,0.0009567844781162899,0.001875297577107928,0.07865484236846088,0.926746520483077,0.03558635718804923,0.33163198324722976,0.024993987412729284,0.023028089272621767,0.003251093428053705,0.0030121527591212786
Prognostic_score,2000,2.0,0.5,10,0.006160500122466164,0.002748007164961428,0.0005017151708117314,0.0009833617347909935,0.9191286250882497,0.1366297432303042,0.024945064131125457,0.0488923256970059,0.06014604575560651,0.016018485647857548,0.0029245619754681112,0.005732141471917498,0.13269248039447804,0.10940308514041033,0.01997417919735366,0.03914939122681317,0.024688305712769396,0.019598230501888966,0.0035781309776901265,0.007013136716272648,0.01956257459874636,0.01737368569944166,0.0031719865215297056,0.006217093582198223,0.005125731114023022,0.007107085375337145,0.0012975703260624083,0.00254323783908232,0.2076177755434988,2.6509387959647452,0.04648048331799224,0.9486262650487776,0.024688305712769396,0.01956257459874636,0.0035781309776901265,0.0031719865215297056
Prognostic_score,2000,2.0,1.0,3,0.021607603365894196,0.003012832409603721,0.0005500654242408675,0.0010781282315121,0.9122802739999883,0.18230985390794488,0.03328507314695092,0.06523874336802381,0.14647262511926604,0.018816838158142484,0.003435468906712867,0.0067335190571572185,0.10576081967573535,0.12571727486163758,0.022952729103265356,0.0449873490424001,0.02616806231489193,0.020640113033875026,0.0037683518327032476,0.007385969592098365,0.022756854714112727,0.016451245449028217,0.0030035727438289866,0.005887002577904814,0.003411207600779183,0.009329981727471041,0.0017034138177489688,0.0033386910827879787,0.13035766881516198,0.8182828780580383,0.05524021229331349,0.292818767278656,0.02616806231489193,0.022756854714112727,0.0037683518327032476,0.0030035727438289866
Prognostic_score,2000,2.0,1.0,5,0.02161912662122386,0.0039315056483885955,0.0007177914428604693,0.0014068712280065198,0.9590801173810202,0.10503796908899132,0.019177221688190305,0.037587354508853,0.15604993678565118,0.02037266176248346,0.0037195221345783817,0.007290263383773628,0.16255042040283005,0.1447898267948614,0.026434884744270505,0.05181237409877019,0.03202407342222617,0.021248603042573696,0.003879446400630173,0.007603714945235139,0.024678693225153755,0.016569938338791543,0.003025243001541936,0.005929476283022194,0.007345380197072398,0.008390497642500343,0.0015318882758304517,0.003002501020627685,0.2293705769477279,14.019436122336222,0.03487584643018074,5.0167907863681185,0.03202407342222617,0.024678693225153755,0.003879446400630173,0.003025243001541936
Prognostic_score,2000,2.0,1.0,10,0.01743946758043681,0.003986002256118026,0.0007277411166474424,0.001426372588628987,0.9636586374627952,0.08379877705771552,0.015299493495285728,0.029987007250760027,0.17815605940490128,0.029111259501756952,0.005314964502166295,0.010417330424245938,0.1331330641614144,0.1300106267653713,0.023736584331592925,0.04652370528992213,0.03131467766652145,0.018727617145086015,0.003419179452894703,0.006701591727673618,0.02314764424583404,0.0191015845045124,0.0034874562390708607,0.0068354142285788864,0.008167033420687376,0.007718999364409661,0.0014092900244184038,0.0027622084478600714,0.26080528459083563,0.4183384066440987,0.04933039158206972,0.14970047623329805,0.03131467766652145,0.02314764424583404,0.003419179452894703,0.0034874562390708607
Prognostic_score,10000,0.5,0.2,3,0.0012149498417405368,0.0005128696130467792,9.363675204155561e-05,0.000183528034001449,0.8870910152975601,0.1813880725193469,0.03311677966040974,0.06490888813440308,0.033296654976350086,0.005072680043232116,0.0009261404288948371,0.0018152352406338806,0.08842117233490274,0.09877775510938164,0.018034268217709832,0.03534716570671127,0.008755299425527914,0.0045119580274468486,0.0008237670633830507,0.0016145834442307795,0.008091534781544769,0.004682664841925334,0.000854933721052956,0.0016756700932637938,0.0006637646439831234,0.0013202560467757826,0.00024104467283389729,0.0004724475587544387,0.0758129004757736,0.18405345461502406,0.02833960203851612,0.06586268286787597,0.008755299425527914,0.008091534781544769,0.0008237670633830507,0.000854933721052956
Prognostic_score,10000,0.5,0.2,5,0.0011239145863694633,0.0005335095659312242,9.740507463510706e-05,0.00019091394628480984,0.9119673260756677,0.16223768919498485,0.029620414016535118,0.05805601147240883,0.036671006693369305,0.007010943046488808,0.0012800172186486368,0.002508833748551328,0.0673035531336477,0.07505971487137061,0.013703966331651888,0.0268597740100377,0.010691209229192809,0.006552117104326271,0.0011962474458183095,0.0023446449938038863,0.010256899798955495,0.006434468573314855,0.0011747678610542099,0.0023025450076662513,0.00043430943023731,0.0011626333696525598,0.00021226684088898308,0.00041604300814240683,0.04062304094203051,0.31424175942509003,0.019512593996701726,0.11244996942952586,0.010691209229192809,0.010256899798955495,0.0011962474458183095,0.0011747678610542099
Prognostic_score,10000,0.5,0.2,10,0.0008765158877591924,0.0005322590152186443,9.717675635691232e-05,0.00019046644245954814,0.8390538575851354,0.17566210463883494,0.032071365736507595,0.06285987684355489,0.041003598474289256,0.007131856626841185,0.0013020929171378736,0.0025521021175902324,0.06869294404201386,0.10015548357790949,0.018285805871153082,0.03584017950746004,0.009164545048220486,0.006279846976156843,0.0011465379488405701,0.002247214379727517,0.00928048575001877,0.00594244018299896,0.0010849361782845526,0.002126474909437723,-0.00011594070179827092,0.0012892814710311654,0.00023538951488573755,0.0004613634491760456,-0.012651004625788609,0.8883653120865547,0.02629193001070684,0.31789744421348287,0.009164545048220486,0.00928048575001877,0.0011465379488405701,0.0010849361782845526
Prognostic_score,10000,0.5,0.5,3,0.00714667972943881,0.001226521676533907,0.0002239311965022252,0.0004389051451443614,0.8984364310399806,0.18905229197092843,0.034516068286843435,0.06765149384221313,0.10591868255627637,0.010068810602970144,0.0018383048981646468,0.0036030776004027077,0.10268515638404158,0.09577689670225195,0.01748638893722185,0.034273322316954825,0.009604178445154097,0.007529275763143734,0.0013746513923835824,0.0026943167290718216,0.008606237252608558,0.0070926042207979404,0.0012949264410624614,0.002538055824482424,0.0009979411925455067,0.0019558531290372067,0.0003570882926469135,0.0006998930535879505,0.10390698155437361,0.47034861671126527,0.03493112419711051,0.1683120908792194,0.009604178445154097,0.008606237252608558,0.0013746513923835824,0.0012949264410624614
Prognostic_score,10000,0.5,0.5,5,0.007506208189669543,0.0014726565433901483,0.0002688690694241232,0.0005269833760712815,0.8901456695870053,0.18743894069987305,0.034221511992064545,0.0670741635044465,0.12139997846370629,0.020126892700099038,0.003674651048110101,0.007202316054295798,0.09639589936672577,0.12251447794059536,0.02236798106301105,0.043841242883501656,0.007860905759720095,0.0058691879182217205,0.0010715622056822742,0.0021002619231372576,0.00749383942510736,0.0057027029100012215,0.001041166340852674,0.002040686028071241,0.0003670663346127302,0.0022991555467662033,0.0004197664520589911,0.0008227422460356225,0.046695170484502224,2.735264414197293,0.0520607220504074,0.978801799992714,0.007860905759720095,0.00749383942510736,0.0010715622056822742,0.001041166340852674
Prognostic_score,10000,0.5,0.5,10,0.005415294992701382,0.001011231886955599,0.00018462483845136524,0.00036186468336467587,0.8898840972874987,0.15648278261946796,0.028569716633953315,0.055996644602548495,0.1300097289188934,0.014042067015171026,0.002563718952736136,0.005024889147362826,0.0921122031206975,0.1275664373455957,0.023290338438250735,0.04564906333897144,0.0078067074889041094,0.005652457504680558,0.0010319928268843015,0.002022705940693231,0.007328290021453839,0.005967733628503332,0.0010895541085044766,0.0021355260526687743,0.0004784174674502765,0.002391928290239122,0.0004367043601662437,0.0008559405459258377,0.06128287349439676,0.8279578391967144,0.055909742396228035,0.29628090765829995,0.0078067074889041094,0.007328290021453839,0.0010319928268843015,0.0010895541085044766
Prognostic_score,10000,0.5,1.0,3,0.02123191836513572,0.0027206099916770978,0.0004967131542051629,0.0009735577822421193,0.8594891773668227,0.22349724628767373,0.04080482777734888,0.0799774624436038,0.23635185434897069,0.013594280488068893,0.0024819646921225573,0.004864650796560213,0.09861485742438787,0.12671856008715637,0.023135537938103117,0.04534565435868211,0.009142303606812573,0.00898724195006759,0.0016408383819362456,0.0032160432285950414,0.007702428967387732,0.008399463198509486,0.0015335251549193794,0.0030057093036419836,0.0014398746394248116,0.0031974019653634345,0.0005837630606136349,0.0011441755988027245,0.1574958239575296,0.8740079587643798,0.059934784576572614,0.31275973131013995,0.009142303606812573,0.007702428967387732,0.0016408383819362456,0.0015335251549193794
Prognostic_score,10000,0.5,1.0,5,0.021688660784995702,0.0024430609995725566,0.00044603987294233605,0.0008742381509669787,0.8431468988372142,0.19342177591690402,0.03531382326079927,0.06921509359116657,0.28949874746341064,0.020664185050367267,0.0037727467615157263,0.0073945836525708235,0.11599035706494157,0.149054408088847,0.027213487201947335,0.053338434915816774,0.008831800715457134,0.006551899140187456,0.001196207651193124,0.002344566996338523,0.00802622960514613,0.0059860665242010315,0.001092901222010483,0.0021420863951405467,0.0008055711103109865,0.003540106386376599,0.0006463320412621875,0.0012668108008738873,0.09121255520418603,1.3237284775241207,0.06887121610889732,0.4736901521392617,0.008831800715457134,0.00802622960514613,0.001196207651193124,0.001092901222010483
Prognostic_score,10000,0.5,1.0,10,0.017768639204378097,0.0019087681016693192,0.00034849178211020015,0.0006830438929359923,0.9188458188552356,0.13717882761795236,0.02504531276615506,0.049088813021663916,0.32726288735930603,0.02745883161709658,0.005013273826473285,0.009826016699887639,0.12753448265791853,0.1536949342300367,0.02806072748402133,0.05499902586868181,0.0081446740788962,0.0054562899254349114,0.000996177690816294,0.001952508273999936,0.007436902388521844,0.005087078686960211,0.000928769249550623,0.001820387729119221,0.0007077716903743429,0.003373279880679562,0.0006158738278088438,0.0012071127025053338,0.08689994019629033,1.8074611162737138,0.0718609543369078,0.6467916537950995,0.0081446740788962,0.007436902388521844,0.000996177690816294,0.000928769249550623
Prognostic_score,10000,1.0,0.2,3,0.0011098072675944232,0.00046542872084697677,8.497526977288805e-05,0.00016655152875486056,0.8557504367666914,0.23322665239807144,0.04258116617661336,0.08345908570616219,0.023706830913890607,0.004748196036549564,0.0008668980255582735,0.0016991201300942161,0.1104609506250187,0.11153231682203348,0.020362921938080213,0.03991132699863722,0.010186001567935072,0.006384852389712924,0.0011657092267288447,0.0022847900843885357,0.009398477709963615,0.006683912695030569,0.0012203099184877968,0.0023918074402360817,0.0007875238579714332,0.0013820897874943035,0.00025233391770271713,0.0004945744786973256,0.07731432718904507,0.2931851709046693,0.027232380406314476,0.10491496599858985,0.010186001567935072,0.009398477709963615,0.0011657092267288447,0.0012203099184877968
Prognostic_score,10000,1.0,0.2,5,0.00115771472695415,0.0005265090698449529,9.612696476171459e-05,0.00018840885093296059,0.8926520349665515,0.14339627764928972,0.026180458643596617,0.05131369894144937,0.027725166979640465,0.0042866286537181645,0.0007826277364298133,0.001533950363402434,0.09541234850198452,0.10971117167825278,0.020030427846166987,0.03925963857848729,0.012429654215470192,0.008578122576391296,0.0015661437453779485,0.003069641740940779,0.011788915523316247,0.007944837501441156,0.0014505222384174345,0.0028430235872981715,0.0006407386921539147,0.0016232241154078679,0.00029635882129841945,0.0005808632897449022,0.051549196867960334,0.5988823895647554,0.021563595812854545,0.21430731078404583,0.012429654215470192,0.011788915523316247,0.0015661437453779485,0.0014505222384174345
Prognostic_score,10000,1.0,0.2,10,0.0009015416153708135,0.00042840778297597367,7.821620218223948e-05,0.00015330375627718937,0.9039457115270317,0.16927814561089968,0.030905819614577962,0.06057540644457281,0.030379533678917357,0.004816601066478056,0.0008793870182044905,0.0017235985556808013,0.05860952092732481,0.057796369263348586,0.010552125062478088,0.02068216512245705,0.009597526877213543,0.006750118597006845,0.001232397407138591,0.0024154989179916383,0.008598146752685288,0.0067536148248431615,0.0012330357280893002,0.0024167500270550284,0.000999380124528235,0.0016610889638204833,0.0003032719651691205,0.0005944130517314761,0.10412892168095766,0.34672414722918027,0.032788481283872115,0.12407364262385405,0.009597526877213543,0.008598146752685288,0.001232397407138591,0.0012330357280893002
Prognostic_score,10000,1.0,0.5,3,0.0072984452332018335,0.0013161393248780654,0.00024029306568511223,0.00047097440874281995,0.877158268036252,0.2173093987567551,0.03967508655231995,0.0777631696425471,0.09118717352537306,0.00949219977577532,0.0017330306458458742,0.0033967400658579134,0.12062183578146451,0.13343078045126763,0.02436101610622621,0.04774759156820337,0.011706322970318773,0.008077407100138791,0.0014747260249661355,0.0028904630089336253,0.010540264778008087,0.007690457125497462,0.0014040789483870993,0.002751994738838715,0.0011660581923106635,0.0026681764410918882,0.00048714014139662705,0.000954794677137389,0.09960926204301823,1.6515073639027198,0.039608317250666,0.5909843202356696,0.011706322970318773,0.010540264778008087,0.0014747260249661355,0.0014040789483870993
Prognostic_score,10000,1.0,0.5,5,0.0072133430426882805,0.0010737721212613527,0.0001960430708116718,0.00038424441879087676,0.8395006621203974,0.20535460680951825,0.03749245014572571,0.0734852022856224,0.10212931672934342,0.008453691136390051,0.0015434257765274376,0.003025114521993778,0.1140391529505987,0.10277793899666539,0.01876459853412117,0.036778613126877496,0.010642870479296289,0.0077303446799649395,0.0014113613861689504,0.0027662683168911428,0.008353854056628033,0.007331372527527818,0.0013385193702668836,0.002623497965723092,0.002289016422668212,0.002321778712477388,0.0004238968581197222,0.0008308378419146555,0.2150750990647785,0.36641940864897615,0.04096712478876504,0.13112150140816856,0.010642870479296289,0.008353854056628033,0.0014113613861689504,0.0013385193702668836
Prognostic_score,10000,1.0,0.5,10,0.0062666358031322495,0.0010068153401733015,0.00018381849101838484,0.0003602842423960343,0.9239296316912858,0.1298968188607288,0.023715805946061222,0.04648297965427999,0.11310503999474458,0.007279838334294799,0.0013291105568946984,0.0026050566915136087,0.19051804490834343,0.1779696130648318,0.0324926572086915,0.06368560812903534,0.012296833443721927,0.008779229642891144,0.0016028607043098346,0.003141606980447276,0.010290047693537219,0.007080827380451038,0.0012927762940244162,0.0025338415362878555,0.0020067857501846766,0.003704032563682171,0.0006762607296208053,0.0013254710300567784,0.1631953266155085,1.0668233297003715,0.044880963904457796,0.3817578256657808,0.012296833443721927,0.010290047693537219,0.0016028607043098346,0.0012927762940244162
Prognostic_score,10000,1.0,1.0,3,0.022329750264450686,0.0025132981842809063,0.0004588633697558094,0.0008993722047213864,0.8051903005512167,0.23633194282448144,0.043148112047996554,0.08457029961407324,0.2238053800663729,0.012830596410399632,0.0023425356934068968,0.004591369959077518,0.10929241243942997,0.08341487182020056,0.01522940230910862,0.029849628525852896,0.013989392531575964,0.008894543617344677,0.0016239140593110927,0.0031828715562497415,0.00979650386726855,0.0069055284955480125,0.001260771242835453,0.002471111635957488,0.00419288866430738,0.004302232025585906,0.0007854765093448479,0.0015395339583159017,0.29971913754249824,5.604125687548527,0.04258940654417641,2.0054106220541246,0.013989392531575964,0.00979650386726855,0.0016239140593110927,0.001260771242835453
Prognostic_score,10000,1.0,1.0,5,0.022151849321812418,0.0021813399341548754,0.00039825636250781965,0.0007805824705153265,0.8481230403384482,0.21242127244998857,0.03878264087160314,0.07601397610834215,0.26054565072949515,0.018428871706862745,0.003364636247739153,0.006594687045568739,0.15727157428747646,0.16551433609404406,0.030218645156399812,0.05922854450654363,0.01221864266589868,0.006846948081696172,0.0012500759714705728,0.0024501489040823225,0.008708289896893815,0.006326348290263499,0.0011550278884038527,0.0022638546612715514,0.0035103527690048195,0.003842888626415658,0.000701612262222633,0.0013751600339563608,0.28729482193648215,0.5677919603848451,0.052668596426228606,0.2031817435862681,0.01221864266589868,0.008708289896893815,0.0012500759714705728,0.0011550278884038527
Prognostic_score,10000,1.0,1.0,10,0.019106979713704095,0.0019944695758139716,0.0003641386589770241,0.0007137117715949673,0.8621207896830382,0.14915304512832428,0.027231495779123076,0.05337373172708123,0.2842871979500885,0.01574429373318627,0.002874501609884448,0.005634023155373518,0.13520178264126495,0.1274639643509305,0.023271629514679655,0.04561239384877212,0.014564627784353181,0.01127578012844186,0.0020586663766053686,0.004034986098146522,0.010054868635547078,0.008083455811502108,0.0014758303635186442,0.0028926275124965426,0.004509759148806083,0.0068473704399122995,0.001250153083178013,0.0024503000430289054,0.3096377892781407,11.38365643460263,0.06320487298853776,4.073589138532186,0.014564627784353181,0.010054868635547078,0.0020586663766053686,0.0014758303635186442
Prognostic_score,10000,2.0,0.2,3,0.0013129517668860266,0.0006113725701398863,0.00011162084923517501,0.000218776864500943,0.9108307588626696,0.2036193688317186,0.037175640484698874,0.07286425535000979,0.012583275628391207,0.002939473305673904,0.0005366719455672918,0.001051877013311892,0.07985837142652347,0.08755026430943862,0.015984418225939663,0.03132945972284174,0.02013620679954496,0.011177033705920445,0.002040637828909397,0.003999650144662418,0.01938397691271571,0.010836010144349581,0.0019783757298050255,0.00387761643041785,0.0007522298868292333,0.0013470949729765345,0.0002459447679336867,0.00048205174515002593,0.0373570799266052,0.3780780012637117,0.011614123790663657,0.1352934751952197,0.02013620679954496,0.01938397691271571,0.002040637828909397,0.0019783757298050255
Prognostic_score,10000,2.0,0.2,5,0.00134572442878661,0.0005286508941985741,9.651800659927866e-05,0.00018917529293458618,0.7933193415373082,0.26490634178225186,0.048365059673437544,0.09479551695993758,0.01383613887690554,0.0027427120147097833,0.0005007484130656631,0.0009814668896086997,0.10212525667054086,0.09238116827837199,0.01686641658491501,0.03305817650643342,0.022003254078725734,0.009806203380659488,0.0017903595983568734,0.003509104812779472,0.020251484355897846,0.009339401487754199,0.0017051336228134277,0.003342061900714318,0.001751769722827837,0.0015981827975533702,0.0002917869230788977,0.0005719023692346395,0.07961412055508732,1.8230333388731168,0.01244314241778423,0.6523641020860469,0.022003254078725734,0.020251484355897846,0.0017903595983568734,0.0017051336228134277
Prognostic_score,10000,2.0,0.2,10,0.0010964958496761231,0.00042934470257533283,7.83872595152854e-05,0.00015363902864995937,0.8734178382776872,0.1730480211804421,0.03159410157738663,0.061924439091677795,0.017457473664463916,0.004049646713768442,0.0007393609516858809,0.0014491474653043266,0.12817687950318288,0.1016956774934502,0.018567005521311034,0.036391330821769624,0.02106052011210459,0.01045182269607425,0.0019082330192281096,0.003740136717687095,0.0195800166858993,0.009960273772076414,0.0018184888746311072,0.00356423819427697,0.0014805034262052503,0.0012623694999030336,0.00023047608366780236,0.0004517331239888926,0.0702975718702391,0.13515657208368387,0.009945068740290242,0.04836515817253369,0.02106052011210459,0.0195800166858993,0.0019082330192281096,0.0018184888746311072
Prognostic_score,10000,2.0,0.5,3,0.007987600024523643,0.001304527319190198,0.00023817301320073778,0.00046681910587344607,0.8808380319936936,0.22943946119698314,0.04188972282647298,0.08210385673988703,0.05699022296705095,0.006804372566181439,0.0012423027813889627,0.0024349134515223667,0.10039231361967332,0.09661510828457627,0.017639424734422225,0.03457327247946756,0.02026179276624269,0.005258206666853763,0.000960012801153286,0.0018816250902604404,0.01643279919309828,0.00555563251737161,0.001014315083657881,0.0019880575639694468,0.003828993573144371,0.002298292884023951,0.00041960895211117416,0.0008224335461379013,0.18897605050643573,0.13060702172262345,0.02184835118122616,0.046737122484484764,0.02026179276624269,0.01643279919309828,0.000960012801153286,0.001014315083657881
Prognostic_score,10000,2.0,0.5,5,0.008178677413317495,0.000845227739643945,0.0001543167664106974,0.0003024608621649669,0.8754966472741615,0.19173858291892434,0.035006515669589865,0.06861277071239613,0.06481035379206376,0.0065893532798009915,0.0012030458102392178,0.002357969788068867,0.19280228534666463,0.17446015063071768,0.0318519199620644,0.06242976312564622,0.02233848641251708,0.009200841669364085,0.0016798361767813995,0.003292478906491543,0.01784096657259168,0.009311736468362334,0.001700082704421847,0.00333216210066682,0.004497519839925349,0.0024191640457965373,0.0004416769060627414,0.0008656867358829731,0.20133503035394895,0.1751102352369851,0.023854998445656434,0.06266239291436405,0.02233848641251708,0.01784096657259168,0.0016798361767813995,0.001700082704421847
Prognostic_score,10000,2.0,0.5,10,0.006473235791894491,0.001253384760523383,0.0002288357021906225,0.0004485179762936201,0.9258723659134726,0.1477597865149098,0.02697712272212125,0.05287516053535765,0.06629470539477604,0.007550797569456819,0.0013785807186488938,0.0027020182085518317,0.17166807631658806,0.16504896522264284,0.030133680448442383,0.05906201367894707,0.020236625219083215,0.009486131120841892,0.0017319226661122898,0.003394568425580088,0.01657497566852976,0.008260929509954437,0.0015082324795207141,0.0029561356598605997,0.0036616495505534196,0.003712828214863279,0.0006778665884740852,0.0013286185134092068,0.1809417089515748,1.894037630590678,0.02895841364587624,0.6777726615582589,0.020236625219083215,0.01657497566852976,0.0017319226661122898,0.0015082324795207141
Prognostic_score,10000,2.0,1.0,3,0.023307636112288983,0.0025035620325684948,0.0004570857997837493,0.0008958881675761486,0.8812981834766468,0.25020712754114877,0.045681362600953096,0.08953547069786806,0.15644193540392975,0.010884566912230232,0.0019872409421676173,0.0038949922466485296,0.19867852344681391,0.14583290051678233,0.02662532307981616,0.052185633236439675,0.025021803993017743,0.009946061967341838,0.0018158941659524451,0.0035591525652667925,0.016443230365220045,0.008934128187553103,0.0016311411799885267,0.0031970367127775122,0.00857857362779766,0.002924322756209928,0.0005339058463339527,0.0010464554588145473,0.3428439304452837,0.19591961831393653,0.023864814165900892,0.07010893501345225,0.025021803993017743,0.016443230365220045,0.0018158941659524451,0.0016311411799885267
Prognostic_score,10000,2.0,1.0,5,0.02374032751595947,0.002107413953235074,0.0003847593867293291,0.000754128397989485,0.8572730597447308,0.20703866729573184,0.03779991611789314,0.07408783559107056,0.17874773182901238,0.014223661093567186,0.0025968733437517822,0.005089871753753493,0.14869545475024923,0.1490438773745766,0.027211564565363156,0.05333466654811179,0.02107067633450972,0.011766365102199881,0.0021482345287721512,0.004210539676393416,0.012890219392964029,0.008935545345394235,0.0016313999164275712,0.0031975438361980394,0.008180456941545651,0.005281740398552019,0.0009643094530577557,0.001890046527993201,0.3882389350809624,0.3756257399333084,0.033761948328206295,0.13441594474814747,0.02107067633450972,0.012890219392964029,0.0021482345287721512,0.0016313999164275712
Prognostic_score,10000,2.0,1.0,10,0.01958106380270419,0.0016934451441077644,0.0003091793684418031,0.000605991562145934,0.937201789287735,0.1367927220123993,0.02497481984957486,0.04895064690516673,0.1830091711828056,0.01202548077535719,0.002195542361835949,0.00430326302919846,0.26785882264431565,0.20001708397926565,0.036517956260616324,0.071575194270808,0.025519354095438075,0.006803449120197366,0.001242134183990258,0.0024345830006209054,0.014197401868512172,0.006496948985756554,0.0011861751714863917,0.002324903336113328,0.011321952226925863,0.003937827597039518,0.0007189456674883025,0.001409133508277073,0.44366139458638776,0.17403512374246832,0.02855393189402231,0.06227766920700916,0.025519354095438075,0.014197401868512172,0.001242134183990258,0.0011861751714863917
baseline_oracle_kmeans,500,0.5,0.2,3,0.3219371302508182,0.02108240222066996,0.0038491024208859815,0.007544240744936524,0.8549820457575464,0.24172950322054465,0.04413356724280333,0.08650179179589453,0.26362973117897165,0.06724935934688055,0.012277997030685786,0.02406487418014414,0.010047185932355896,0.007861266902014366,0.0014352644042673409,0.002813118232363988,0.03740566224496585,0.027959704418825105,0.005104720270455793,0.010005251730093355,0.03536095927307371,0.02740968706796137,0.005004301300426693,0.009808430548836318,0.0020447029718921434,0.0054409498483335705,0.0009933769887288696,0.0019470188979085845,0.054662926658044286,0.2810401785457906,0.026128614752080767,0.10056893629847517,0.03740566224496585,0.03536095927307371,0.005104720270455793,0.005004301300426693
baseline_oracle_kmeans,500,0.5,0.2,5,0.38559364290785136,0.03919657436348037,0.007156282651935632,0.01402631399779384,0.9212699609258868,0.15401824010040818,0.0281197547900801,0.05511471938855699,0.4315859061205656,0.10060859196964665,0.018368531766869527,0.036002322263064275,0.019354830041220343,0.011373735921785309,0.002076550575822876,0.004070039128612837,0.021260353339676064,0.019418204887509213,0.0035452629477152877,0.006948715377521964,0.02180981453371173,0.021990034978067324,0.004014812732605031,0.007869032955905861,-0.0005494611940356831,0.009032453351386414,0.001649092816722492,0.0032322219207760843,-0.02584440555887957,1.3315831835078014,0.07738004325904044,0.47650092257715243,0.021260353339676064,0.02180981453371173,0.0035452629477152877,0.004014812732605031
baseline_oracle_kmeans,500,0.5,0.2,10,0.596636574382745,0.07579268100315986,0.013837787026407979,0.02712206257175964,0.9971692558769938,0.01550462410695645,0.0028307441230061466,0.005548258481092047,0.6915740976728005,0.04845884554909858,0.008847334272633369,0.017340775174361403,0.03702068777304916,0.017745592709379462,0.00323988714107545,0.006350178796507882,0.029780616170744848,0.024411775939357203,0.0044569601169159355,0.008735641829155233,0.02920784653144198,0.025299861689827393,0.004619101649759745,0.009053439233529099,0.0005727696393028631,0.011617672432410589,0.0021210870856457308,0.004157330687865632,0.019232968049382793,2.7551929957802472,0.07081987852920311,0.9859331513251306,0.029780616170744848,0.02920784653144198,0.0044569601169159355,0.004619101649759745
baseline_oracle_kmeans,500,0.5,0.5,3,0.3237178651586178,0.02368133615247607,0.004323600667524581,0.00847425730834818,0.841283195848563,0.24033723474653307,0.043879374959696855,0.08600357492100584,0.2515119785797028,0.07495400194051623,0.01368466587936891,0.026821945123563062,0.013256043983772099,0.01096600635484598,0.002002109682098048,0.003924134976912174,0.03644767792403281,0.025685119100882142,0.004689439707919987,0.009191301827523174,0.035877627331282864,0.02345634901353018,0.004282523823808176,0.008393746694664025,0.0005700505927499335,0.005513586966154195,0.0010066386513763752,0.001973011756697695,0.01564024446051393,2.1791201312404,0.026682026432002407,0.7797881242440703,0.03644767792403281,0.035877627331282864,0.004689439707919987,0.004282523823808176
baseline_oracle_kmeans,500,0.5,0.5,5,0.3863247183535804,0.03412055324440476,0.006229532228838856,0.012209883168524158,0.9533185829903323,0.10841813589711992,0.019794352891171058,0.038796931666695275,0.41068902701340027,0.09392069915692844,0.017147495181635383,0.03360909055600535,0.027330858232755217,0.01645653414670546,0.003004538323501537,0.005888895114063012,0.03518681442283844,0.030662097081755824,0.005598107410696997,0.010972290524966113,0.033930759159795196,0.031799475961340945,0.005805763433623237,0.011379296329901546,0.0012560552630432398,0.007299486618344314,0.0013326978263580947,0.0026120877396618655,0.035696759813186985,0.37911465062732785,0.03852053595611841,0.13566443540579465,0.03518681442283844,0.033930759159795196,0.005598107410696997,0.005805763433623237
baseline_oracle_kmeans,500,0.5,0.5,10,0.5973662224425135,0.061702641650711175,0.01126530956325077,0.02208000674397151,0.9829889098385294,0.06491526451316272,0.011851851566757946,0.023229629070845574,0.7000978431341728,0.05525627470088786,0.01008836936579277,0.01977320395695383,0.045529885004472935,0.01922640482848407,0.003510245208095656,0.006880080607867486,0.038508860331536436,0.032117354101472144,0.005863799776252453,0.011493047561454807,0.038936875956249735,0.03316599867579887,0.006055255205640504,0.011868300203055387,-0.0004280156247132843,0.01157226362001259,0.002112796608692429,0.004141081353037161,-0.011114731026271807,3.6855458643807903,0.05504006966887971,1.3188556496722732,0.038508860331536436,0.038936875956249735,0.005863799776252453,0.006055255205640504
baseline_oracle_kmeans,500,0.5,1.0,3,0.32580991721477215,0.025532861701344566,0.004661641437162051,0.00913681721683762,0.8899564686693403,0.211882551210013,0.03868428427982255,0.0758211971884522,0.24402656661589034,0.1005311694823065,0.018354396419278076,0.03597461698178503,0.02372510260182385,0.02190366789271457,0.003999044332313806,0.00783812689133506,0.035753982136974276,0.027290123632908687,0.004982472103616307,0.009765645323087963,0.03541662325351327,0.025916805519102075,0.004731739667095531,0.00927420974750724,0.00033735888346101664,0.009717265964557653,0.0017741219220218077,0.003477278967162743,0.009435561112286162,0.3881396322427693,0.04922082325379562,0.13889398360020117,0.035753982136974276,0.03541662325351327,0.004982472103616307,0.004731739667095531
baseline_oracle_kmeans,500,0.5,1.0,5,0.39139137687800507,0.038031058853394334,0.006943489606603545,0.013609239628942948,0.9390002623297516,0.11925634343308658,0.021773129807961533,0.042675334423604605,0.4065019810584941,0.08750704830169731,0.01597652809851125,0.03131399507308205,0.03818711583178003,0.02567324394468854,0.004687271610946276,0.0091870523574547,0.0337582410291938,0.026742598813398293,0.004882508205469711,0.009569716082720635,0.030044199968028092,0.02634088154136548,0.004809165001592441,0.009425963403121185,0.00371404106116572,0.01178633510326519,0.0021518805354577755,0.00421768584949724,0.11001879683108617,0.5321557228860869,0.06165077352780385,0.19042947977304964,0.0337582410291938,0.030044199968028092,0.004882508205469711,0.004809165001592441
baseline_oracle_kmeans,500,0.5,1.0,10,0.6102708440120999,0.06926995564910421,0.012646905755465595,0.024787935280712565,0.9816734625768309,0.06070278035147734,0.011082760700595171,0.021722210973166536,0.6847743119118002,0.05269164960867522,0.009620135027609892,0.01885546465411539,0.09068687219044418,0.0434181118199704,0.00792702641602649,0.015536971775411919,0.03359510694362512,0.03060793873724683,0.0055882194950420926,0.010952910210282501,0.031611043992656934,0.028466982283795256,0.005197336113644864,0.010186778782743933,0.001984062950968183,0.011946562886488878,0.002181133992527996,0.004275022625354872,0.05905809302222431,2.1855616674652785,0.061984737050737156,0.7820931983783673,0.03359510694362512,0.031611043992656934,0.0055882194950420926,0.005197336113644864
baseline_oracle_kmeans,500,1.0,0.2,3,0.32151038761602446,0.026268490552000222,0.004795948275647285,0.009400058620268678,0.9197464972704267,0.19451436725910712,0.035513302235552435,0.06960607238168277,0.23034253361585638,0.07255963784034107,0.013247516803186747,0.025965132934246023,0.010794223062706483,0.00789631528456482,0.0014416633341763256,0.002825660134985598,0.03772914445975032,0.029837808763294574,0.0054476136420605874,0.01067732273843875,0.03848905552659358,0.029249770214525538,0.005340252982779453,0.010466895846247727,-0.0007599110668432702,0.007827484282430715,0.0014290965700014804,0.0028010292772029017,-0.020141221798812392,4.966737293091028,0.03858067930524656,1.7773241143836942,0.03772914445975032,0.03848905552659358,0.0054476136420605874,0.005340252982779453
baseline_oracle_kmeans,500,1.0,0.2,5,0.3883263221194557,0.038717444676733014,0.007068805939468329,0.013854859641357924,0.9724816950234236,0.07584816933858021,0.013847917764070692,0.027141918817578554,0.37670512807465106,0.11503789746373995,0.021002950469618902,0.041165782920453045,0.01504840662124196,0.007913848412448616,0.0014448644307248515,0.002831934284220709,0.029760119919883147,0.020738875698393038,0.0037863833457685244,0.007421311357706308,0.025630217173888206,0.02340085415543256,0.0042723918952729725,0.008373888114735027,0.004129902745994934,0.011792085363062966,0.0021529303844586944,0.004219743553539041,0.138773054581534,0.6254748774871592,0.07370646079223718,0.22382331037429823,0.029760119919883147,0.025630217173888206,0.0037863833457685244,0.0042723918952729725
baseline_oracle_kmeans,500,1.0,0.2,10,0.58637662679849,0.0634845096979921,0.011590632671248585,0.022717640035647226,0.9576372926525824,0.1108189316260042,0.020232676216728387,0.03965604538478764,0.6812106431732672,0.07094980759543909,0.01295360335689112,0.025389062579506596,0.03724208590235152,0.01598635308855863,0.002918695399615315,0.005720642983246017,0.042854425789660935,0.02687168045025314,0.004906075180224741,0.009615907353240492,0.03944228699947856,0.026202047341577786,0.0047838174606001415,0.009376282222776276,0.003412138790182333,0.016969817964382742,0.003098250698616276,0.0060725713692879,0.07962161964157233,2.227432533986877,0.06958753989356796,0.79707649553453,0.042854425789660935,0.03944228699947856,0.004906075180224741,0.0047838174606001415
baseline_oracle_kmeans,500,1.0,0.5,3,0.31872352330860754,0.027355103206671616,0.004994335696391983,0.009788897964928286,0.8284437234743831,0.2195501953979324,0.04008419817470483,0.07856502842242147,0.23729134203566202,0.09095943423350145,0.01660684464919879,0.03254941551242963,0.013465471113403345,0.0146016897857033,0.0026658916244408242,0.005225147583904016,0.03490482907580005,0.032826381304235853,0.005993249840531944,0.01174676968744261,0.03391884830261907,0.032323473648135564,0.005901431884669218,0.011566806493951667,0.00098598077318096,0.009072773661891197,0.0016564542645855192,0.0032466503585876177,0.028247689482730487,1.012645072862988,0.046762026861254184,0.36237038544696715,0.03490482907580005,0.03391884830261907,0.005993249840531944,0.005901431884669218
baseline_oracle_kmeans,500,1.0,0.5,5,0.387387776295885,0.029132761722230168,0.005318890252562838,0.010425024895023163,0.9423389703803061,0.14810039928322305,0.027039309820981065,0.05299704724912289,0.42012362311715173,0.09312434875329322,0.01700210215505226,0.03332412022390243,0.022051014752537745,0.012720300940072217,0.0023223985877105745,0.004551901231912726,0.051432534722530586,0.031131904478528403,0.005683882113662037,0.011140408942777591,0.04173347969529422,0.027940786622223292,0.005101266369143424,0.009998482083521111,0.009699055027236333,0.013157761390808908,0.002402267573338862,0.00470844444374417,0.18857820404071168,1.362721978090263,0.04191094647626168,0.4876437971119572,0.051432534722530586,0.04173347969529422,0.005683882113662037,0.005101266369143424
baseline_oracle_kmeans,500,1.0,0.5,10,0.5940917981708782,0.06164538023212368,0.011254855106372398,0.0220595160084899,0.9292053566415045,0.15262282585610976,0.027864988170524674,0.05461537681422836,0.7014133457984889,0.061622166289644974,0.011250616839724326,0.02205120900585968,0.049345359631999965,0.025597944323741344,0.004673523843958153,0.00916010673415798,0.04077344872733084,0.023004319088931312,0.004199994828351457,0.008231989863568856,0.03645224637063864,0.02620227227016883,0.004783858526754522,0.009376362712438864,0.004321202356692199,0.016825227991104735,0.003071852301965131,0.006020830511851657,0.10598079121513349,0.4390678902502733,0.07435089411572322,0.15711842667396783,0.04077344872733084,0.03645224637063864,0.004199994828351457,0.004783858526754522
baseline_oracle_kmeans,500,1.0,1.0,3,0.32492014751278187,0.024722305880906705,0.0045136548681717435,0.008846763541616617,0.9116629580420558,0.17536795034169209,0.03201766075519685,0.06275461508018583,0.19344084100684011,0.06292900627676858,0.011489212086390112,0.02251885568932462,0.016992552107166527,0.012608474262888882,0.0023019819231691876,0.004511884569411608,0.026448393990883525,0.02001703971672223,0.0036545947291085285,0.007163005669052716,0.026650393042945468,0.018153181844512756,0.003314302395577625,0.006496032695332146,-0.00020199905206193334,0.009119467666385236,0.0016649793844393968,0.0032633595935012178,-0.007637478938478104,0.7514577408769986,0.0634052643507082,0.2689056990509333,0.026448393990883525,0.026650393042945468,0.0036545947291085285,0.003314302395577625
baseline_oracle_kmeans,500,1.0,1.0,5,0.38326018802433537,0.02469364587359802,0.004508422290671333,0.008836507689715813,0.9274036057960638,0.14507719357087412,0.02648735049943707,0.05191520697889666,0.39627159561332026,0.09916693599037395,0.018105322600199574,0.03548643229639117,0.043561165525276856,0.029429192419170414,0.005373010845713222,0.010531101257597915,0.032729600384954156,0.03512235745403471,0.006412435816778176,0.012568374200885224,0.028365941928656536,0.030902418119402666,0.005641983828484405,0.011058288303829433,0.004363658456297634,0.013708586683466667,0.0025028340526832087,0.004905554743259089,0.133324525963464,1.443433069476006,0.06778233129634711,0.5165258902352744,0.032729600384954156,0.028365941928656536,0.006412435816778176,0.005641983828484405
baseline_oracle_kmeans,500,1.0,1.0,10,0.6251725113675567,0.06978436651834045,0.012740823901101105,0.024972014846158165,0.9851473663927076,0.045451097099293,0.008298197048213466,0.016264466214498393,0.663877492645693,0.07741621897132761,0.014134203149118505,0.02770303817227227,0.0795123394726553,0.046999271971852184,0.00858085381510125,0.01681847347759845,0.03305925765326931,0.02118754967279045,0.00386829963134951,0.007581867277445039,0.030498695059481253,0.025343264003174028,0.004627025791782364,0.009068970551893435,0.0025605625937880237,0.017931403419430003,0.0032738113801823606,0.006416670305157426,0.07745372327000322,0.5214254370229098,0.09790827013442929,0.18658969629076555,0.03305925765326931,0.030498695059481253,0.00386829963134951,0.004627025791782364
baseline_oracle_kmeans,500,2.0,0.2,3,0.3179275931013218,0.036050636174078846,0.0065819155483182405,0.012900554474703752,0.8932554635850475,0.20261606011450561,0.0369924622125125,0.07250522593652449,0.16950219353698373,0.07960891459592521,0.014534532767563502,0.028487684224424464,0.008557255715082429,0.006640650466961091,0.0012124113524206014,0.0023763262507443786,0.04454653185695933,0.03402142672504265,0.006211434285271656,0.012174411199132446,0.038749734469435755,0.02982006967220192,0.005444374941946892,0.010670974886215908,0.005796797387523537,0.013180350072561804,0.0024063916835189844,0.004716527699697209,0.1301290391390585,1.90416899105152,0.04776331604707973,0.6813981223378366,0.04454653185695933,0.038749734469435755,0.006211434285271656,0.005444374941946892
baseline_oracle_kmeans,500,2.0,0.2,5,0.381886690777535,0.033264131034321694,0.006073171641101881,0.011903416416559688,0.954975458195759,0.11320307708442671,0.020667959632712223,0.040509200880115954,0.34588874899522015,0.10081237864805609,0.01840573795376416,0.03607524638937775,0.020846470964126052,0.019090207233092314,0.0034853790430043143,0.006831342924288456,0.04622900012802579,0.03626476961273472,0.006621010786540898,0.01297718114162016,0.03575070495439334,0.03592439228679102,0.006558866673380013,0.012855378679824826,0.01047829517363243,0.018304068653559512,0.003341850431892586,0.006550026846509468,0.22666064904311234,0.8074583896628101,0.0707687069945543,0.28894527385321,0.04622900012802579,0.03575070495439334,0.006621010786540898,0.006558866673380013
baseline_oracle_kmeans,500,2.0,0.2,10,0.6079173557786867,0.06416680419920737,0.011715202034307697,0.022961795987243086,0.9320431932556631,0.13022360117316564,0.023775467960699678,0.046599917202971367,0.6215068160925726,0.08817816429718583,0.01609905655498845,0.031554150847777365,0.039669241200734146,0.019364534197798735,0.003535464065238191,0.006929509567866855,0.039167968607006484,0.03402854139728395,0.006212733240763595,0.012176957151896645,0.03514500884968997,0.02756837040852166,0.005033272782135075,0.009865214652984747,0.004022959757316547,0.022706901491369707,0.004145694052623629,0.008125560343142312,0.10271045194304196,3.846768555671044,0.09710646669598881,1.376548448809164,0.039167968607006484,0.03514500884968997,0.006212733240763595,0.005033272782135075
baseline_oracle_kmeans,500,2.0,0.5,3,0.3207831427884259,0.028884247757567167,0.0052735180177958495,0.010336095314879865,0.8654286127502281,0.23826421927534477,0.04350089584782118,0.08526175586172952,0.18120297578395486,0.0751590830760878,0.01372210840072602,0.026895332465423,0.01337323902415807,0.01858612896108138,0.003393347362894777,0.0066509608312737625,0.03467830773785526,0.02509182878192966,0.004581120210973417,0.008978995613507897,0.033105711239077525,0.02216995375541918,0.004047661256896485,0.00793341606351711,0.0015725964987777284,0.012031595385750117,0.0021966587318501367,0.004305451114426268,0.04534813263281212,0.9305256183392606,0.060768418870412906,0.3329843160472259,0.03467830773785526,0.033105711239077525,0.004581120210973417,0.004047661256896485
baseline_oracle_kmeans,500,2.0,0.5,5,0.3870886528702179,0.034978758463130186,0.0063862183479270465,0.012516987961937011,0.9400174142696992,0.13160131340145206,0.024027002649094072,0.04709292519222438,0.34825084999269745,0.08995848895959098,0.01642409788074914,0.03219123184626831,0.021518550039691737,0.013767872265744368,0.002513658069599317,0.004926769816414661,0.04182557898742069,0.031859268128682706,0.005816679939894973,0.011400692682194147,0.03417739758525939,0.03141808052200024,0.005736130471804405,0.011242815724736635,0.0076481814021612665,0.015126475533094479,0.0027617039550086094,0.005412939751816875,0.18285894869408836,0.43988644179260744,0.0641250773382382,0.15741134158152298,0.04182557898742069,0.03417739758525939,0.005816679939894973,0.005736130471804405
baseline_oracle_kmeans,500,2.0,0.5,10,0.6000087694311019,0.0691568124730556,0.012626248732215729,0.024747447515142827,0.960150001464165,0.11097295844146467,0.020260797537157847,0.039711163172829377,0.6037521722866124,0.07106442442048519,0.01297452943040691,0.025430077683597542,0.05444570141865349,0.027842342544858952,0.0050832930218683466,0.009963254322861959,0.03968155256518391,0.027148952983536513,0.004956697987243376,0.009715128054997017,0.028197019475465733,0.019275477090632508,0.0035192045364044917,0.006897640891352804,0.011484533089718139,0.02385690344145736,0.004355654722369608,0.008537083255844432,0.2894174332229773,7.626762420982274,0.0873435295024703,2.7292018815537396,0.03968155256518391,0.028197019475465733,0.004956697987243376,0.0035192045364044917
baseline_oracle_kmeans,500,2.0,1.0,3,0.31921923318289835,0.020529848077092877,0.003748220297992609,0.007346511784065513,0.9361745152464885,0.1264455893656636,0.02308570053086977,0.04524797304050475,0.18446339107705043,0.07049602085056443,0.012870753611402889,0.025226677078349663,0.02553322320176689,0.024712773630433008,0.004511914525302332,0.00884335246959257,0.05111449521220334,0.03711324114989008,0.006775919786641255,0.013280802781816859,0.04444614392677702,0.030820067308256472,0.005626948696186532,0.011028819444525603,0.0066683512854263,0.014990815927569262,0.0027369360129791383,0.005364394585439111,0.13045910475575406,0.9426079547541008,0.04561324247409347,0.33730792460571823,0.05111449521220334,0.04444614392677702,0.006775919786641255,0.005626948696186532
baseline_oracle_kmeans,500,2.0,1.0,5,0.3811804449380636,0.03860196654158028,0.007047722612961068,0.013813536321403693,0.9523295450900472,0.12384597379555427,0.022611077834672925,0.044317712555958934,0.314655574171348,0.08124491811006461,0.014833224777180791,0.029073120563274348,0.04263235695758068,0.026544900484554622,0.004846413594040127,0.00949897064431865,0.038331364697195454,0.03512003162806649,0.006412011180995634,0.012567541914751443,0.03864128376676819,0.028735693902735296,0.0052463959186972615,0.010282936000646633,-0.00030991906957274635,0.01855732979861886,0.0033880893792554503,0.0066406551833406826,-0.008085260517620263,2.8722703627620096,0.08917665667876883,1.027828749039689,0.038331364697195454,0.03864128376676819,0.006412011180995634,0.0052463959186972615
baseline_oracle_kmeans,500,2.0,1.0,10,0.6094295998407182,0.07163004075490521,0.013077796372158654,0.025632480889430962,0.9360541768361428,0.1157416822755672,0.021131443408641343,0.04141762908093703,0.585982756957989,0.0778509005732594,0.01421356478868868,0.02785858698582981,0.1010526031392743,0.051473092405161625,0.009397657938284955,0.01841940955903851,0.042536636978042705,0.03410060789502138,0.00622589072291399,0.012202745816911421,0.036890328431580285,0.032503550716146974,0.005934309308748964,0.01163124624514797,0.005646308546462414,0.025894800758668082,0.004727722165874799,0.009266335445114607,0.13273989077643888,2.122762342932798,0.1040708293271713,0.7596207487052495,0.042536636978042705,0.036890328431580285,0.00622589072291399,0.005934309308748964
baseline_oracle_kmeans,2000,0.5,0.2,3,0.3265204383476226,0.017042391932069828,0.003111500831679565,0.006098541630091947,0.8316787736912711,0.20702102108138373,0.03779669437467547,0.07408152097436392,0.2690433584245752,0.06990816259632336,0.012763425869248408,0.02501631470372688,0.0026993596845072384,0.0027088579482056484,0.0004945675344364648,0.000969352367495471,0.014979145868401792,0.013057641224573743,0.0023839882155028067,0.004672616902385501,0.01524161620883315,0.013018242729661957,0.0023767950673711604,0.004658518332047474,-0.0002624703404313533,0.003073500407046161,0.0005611418344801641,0.0010998379955811217,-0.017522383635039773,0.7836822894146688,0.03792635774136621,0.28043710564874136,0.014979145868401792,0.01524161620883315,0.0023839882155028067,0.0023767950673711604
baseline_oracle_kmeans,2000,0.5,0.2,5,0.38895502555077727,0.019912879284343748,0.0036355777229707996,0.007125732337022767,0.8706332677779659,0.1896623231431831,0.03462744423145184,0.0678697906936456,0.4114920765690675,0.08746092911173627,0.01596810792495274,0.031297491532907375,0.005616655058769147,0.00391031349503421,0.0007139223027157008,0.0013992877133227736,0.02039103430384553,0.012483022968066387,0.002279077755155017,0.004466992400103833,0.019326566297634868,0.013051440476883553,0.0023828561190417014,0.0046703979933217345,0.0010644680062106531,0.003960253144536647,0.0007230399935644962,0.0014171583873864124,0.05220274706761274,3.516779362721402,0.03586739456877433,1.2584633326643542,0.02039103430384553,0.019326566297634868,0.002279077755155017,0.0023828561190417014
baseline_oracle_kmeans,2000,0.5,0.2,10,0.5680478702688624,0.049644346380035884,0.009063776121648529,0.017765001198431118,0.9092490560312488,0.12196350200735985,0.022267387080585867,0.0436440786779483,0.6843690982494203,0.030730378862491796,0.005610573901222235,0.01099672484639558,0.01037747935129343,0.004060304885424058,0.0007413068586983951,0.0014529614430488543,0.022311881522198058,0.018442690211195996,0.003367159149917254,0.006599631933837818,0.020129172365886287,0.016864955598495754,0.003079105537539721,0.006035046853577853,0.002182709156311773,0.0060781559079800054,0.0011097143662779812,0.002175040157904843,0.09782721166478925,0.5304850359154226,0.04565942673875593,0.18983163211867923,0.022311881522198058,0.020129172365886287,0.003367159149917254,0.003079105537539721
baseline_oracle_kmeans,2000,0.5,0.5,3,0.32632794717818303,0.006681063112442394,0.001219789658266791,0.0023907877302029104,0.8319662909946681,0.25621680066492936,0.04677857377866215,0.09168600460617782,0.27131198612417445,0.059892748034847794,0.010934869709886448,0.02143234463137744,0.005904352992536643,0.005456293335218145,0.0009961783133546917,0.0019525094941751956,0.016807774525102688,0.012663609455223865,0.002312048186020606,0.004531614444600388,0.017336469846301893,0.012182658556314731,0.0022242389672256333,0.004359508375762241,-0.00052869532119919,0.0024071930600681945,0.00043949131308974616,0.0008614029736559025,-0.031455402998748605,2.1033214909269065,0.02771830573180334,0.7526639291604953,0.016807774525102688,0.017336469846301893,0.002312048186020606,0.0022242389672256333
baseline_oracle_kmeans,2000,0.5,0.5,5,0.37733956364927423,0.014854716758778932,0.0027120878180444162,0.005315692123367056,0.8653162521670091,0.19989951865943092,0.03649649186806506,0.07153312406140752,0.3798298202732346,0.0920586312041878,0.01680752964119421,0.03294275809674065,0.01362002126787961,0.010865147814507979,0.0019836955162113256,0.003888043211774198,0.015934254528852377,0.014480497672657204,0.002643765073071803,0.005181779543220734,0.015361658482818305,0.013745894488597064,0.002509645494830184,0.00491890516986716,0.0005725960460340555,0.0032918023205954746,0.0006009981286126647,0.0011779563320808229,0.035934912737666136,0.6799543482816568,0.03618292446453019,0.24331853862335717,0.015934254528852377,0.015361658482818305,0.002643765073071803,0.002509645494830184
baseline_oracle_kmeans,2000,0.5,0.5,10,0.5805813448225161,0.05023713171380176,0.009172003421335796,0.01797712670581816,0.9566504168182755,0.10735859966415504,0.019600908926074755,0.038417781495106516,0.684721520350015,0.0444962933762355,0.008123874535843964,0.01592279409025417,0.02354432835935266,0.011677441947336172,0.002131999456171025,0.004178718934095209,0.01895649647087424,0.015092680368674461,0.0027555338303794632,0.005400846307543748,0.01765149003172756,0.015508730525878303,0.002831493849097501,0.005549727944231102,0.0013050064391466733,0.005376059468094277,0.0009815296803881535,0.0019237981735607808,0.06884217456278163,1.47758885048705,0.05174785981644494,0.5287483794981919,0.01895649647087424,0.01765149003172756,0.0027555338303794632,0.002831493849097501
baseline_oracle_kmeans,2000,0.5,1.0,3,0.3237837813358475,0.0136060036843471,0.0024841050451384354,0.004868845888471333,0.7982657856050821,0.2655534539976021,0.048483205659299033,0.0950270830922261,0.24657464287934047,0.05973093155826922,0.010905326198420417,0.02137443934890402,0.015104153132886374,0.013258236025269857,0.002420611647922645,0.004744398829928384,0.01998110868773969,0.015040633657421577,0.0027460314444470754,0.005382221631116267,0.020334261460189497,0.015313901739985706,0.002795923142135928,0.005480009358586419,-0.0003531527724497991,0.0029172940023703214,0.0005326225773242515,0.0010439402515555328,-0.017674333189854563,0.34326802065790446,0.02677269271702049,0.12283688361386264,0.01998110868773969,0.020334261460189497,0.0027460314444470754,0.002795923142135928
baseline_oracle_kmeans,2000,0.5,1.0,5,0.3861068104463782,0.018453057936371833,0.0033690520289001943,0.00660334197664438,0.881734835013168,0.15001036952895438,0.027388021083564647,0.05368052132378671,0.4014677292262554,0.08369237662620677,0.015280067523130518,0.029948932345335813,0.032422818456559324,0.021788110919954053,0.00397794661209449,0.0077967753597052,0.020409193270566724,0.013826062000770158,0.0025242820130956085,0.004947592745667392,0.01969352361356876,0.012907775957964534,0.0023566266864666766,0.004618988305474686,0.0007156696569979669,0.004982467647391194,0.0009096699741719509,0.0017829531493770237,0.03506604340065089,22.331849714374425,0.04320744653375034,7.99134978839374,0.020409193270566724,0.01969352361356876,0.0025242820130956085,0.0023566266864666766
baseline_oracle_kmeans,2000,0.5,1.0,10,0.5767725641173416,0.06292451708416849,0.011488392475706094,0.022517249252383943,0.9493311487350271,0.10994292439414342,0.020072739909585784,0.039342570222788135,0.6773528178079118,0.028297882435015884,0.00516646284642914,0.010126267179001114,0.056170341141516617,0.0409849097951102,0.007482786537365431,0.014666261613236245,0.020448192588193057,0.013831815255705567,0.0025253324089313423,0.004949651521505431,0.0198842827827504,0.013774984838782272,0.002514956641830905,0.004929315017988573,0.0005639098054426634,0.00676841366921096,0.0012357376150510509,0.0024220457255000596,0.02757748896439205,1.3340297610126033,0.05966183553664377,0.4773764190933547,0.020448192588193057,0.0198842827827504,0.0025253324089313423,0.002514956641830905
baseline_oracle_kmeans,2000,1.0,0.2,3,0.3245034263164233,0.007787614031236541,0.0014218172913506649,0.0027867618910473032,0.8643606905807464,0.23572848091046103,0.04303793548036181,0.08435435354150915,0.24724524005975515,0.06585974096495045,0.012024288585983473,0.023567605628527607,0.0029806935713420904,0.0029378105646048016,0.000536368371970346,0.0010512820090618782,0.01795063095412967,0.015730073036780305,0.0028719052778161214,0.005628934344519598,0.01744609932862214,0.01558089462304106,0.0028446691503835136,0.005575551534751686,0.0005045316255075206,0.0035192666576395926,0.0006425272447550052,0.0012593533997198102,0.02810662348286197,0.5108426898713964,0.0353814770282456,0.18280270885839736,0.01795063095412967,0.01744609932862214,0.0028719052778161214,0.0028446691503835136
baseline_oracle_kmeans,2000,1.0,0.2,5,0.37891919356137505,0.024257675702675025,0.004428825391666697,0.008680497767666726,0.8799722291903103,0.17291724693082777,0.03157022557523511,0.061877642127460816,0.36208896542162333,0.09012652217279868,0.016454776407843784,0.03225136175937381,0.005336406028391089,0.003677223459028196,0.000671366079165639,0.0013158775151646523,0.021527234174434664,0.016314875732962753,0.0029786751539457768,0.005838203301733722,0.02150866053490041,0.012180973081625227,0.0022239312430564514,0.004358905236390645,1.857363953422786e-05,0.008471567839511265,0.0015466896010452084,0.003031511618048608,0.0008627973005612688,1.5483246263284896,0.07176622291726242,0.554060851798169,0.021527234174434664,0.02150866053490041,0.0029786751539457768,0.0022239312430564514
baseline_oracle_kmeans,2000,1.0,0.2,10,0.5910326760092476,0.04402250482679111,0.008037372977171182,0.015753251035255517,0.9255150450301659,0.13271961571936253,0.02423117578430403,0.047493104537235896,0.6843736742208527,0.040954536820355325,0.007477241216228171,0.014655392783807215,0.011249059884134015,0.006471043349800842,0.0011814454710932381,0.0023156331233427467,0.015943672017012342,0.013734557645076681,0.0025075756798545105,0.004914848332514841,0.013623364396465725,0.014288442110974658,0.002608700685262518,0.005113053343114535,0.0023203076205466004,0.00899621787476522,0.001642477154080032,0.0032192552219968626,0.14553157002168526,1.3006715832597613,0.09943961831769886,0.46543934849078894,0.015943672017012342,0.013623364396465725,0.0025075756798545105,0.002608700685262518
baseline_oracle_kmeans,2000,1.0,0.5,3,0.32780385226882663,0.009806087810338341,0.0017903384981995836,0.003509063456471184,0.8323222938253598,0.2984512346318418,0.0544894911743756,0.10679940270177617,0.22400875461021066,0.05854432118271976,0.010688681775201046,0.02094981627939405,0.007906563499135065,0.0061274956859813,0.0011187225360758499,0.0021926961707086656,0.019752921684508727,0.012432790227408327,0.0022699065534271083,0.004449016844717132,0.018702970787744497,0.011967674699917835,0.0021849884646762893,0.004282577390765527,0.0010499508967642167,0.005208732571722134,0.0009509801085147027,0.0018639210126888172,0.053154207439988777,0.8883249403997215,0.04669469537531246,0.3178829973908884,0.019752921684508727,0.018702970787744497,0.0022699065534271083,0.0021849884646762893
baseline_oracle_kmeans,2000,1.0,0.5,5,0.38118733007923555,0.023256642401065522,0.004246062551631565,0.008322282601197868,0.9204456555931044,0.1432468328054684,0.026153173872908695,0.05126022079090104,0.38673313578035606,0.08078439766181385,0.014749145631281014,0.028908325437310787,0.01322210953198845,0.009342634203744671,0.0017057238333034242,0.0033432187132747112,0.016987081460628082,0.01316683247046412,0.0024039237183215577,0.004711690487910253,0.015721864141426192,0.011510683701178763,0.0021015537051475544,0.004119045262089206,0.0012652173192018931,0.0051654562025750805,0.0009430789606517822,0.001848434762877493,0.07448114746104884,0.9189119450031312,0.05110854159755492,0.3288284164175856,0.016987081460628082,0.015721864141426192,0.0024039237183215577,0.0021015537051475544
baseline_oracle_kmeans,2000,1.0,0.5,10,0.5686772733897095,0.0398744601833858,0.007280047103593995,0.01426889232304423,0.9624637739927937,0.09428842113631458,0.01721463172263546,0.0337406781763655,0.6721495253652027,0.038576898277228794,0.007043145795006797,0.013804565758213322,0.02614066214435559,0.01624698911795073,0.0029662808104808586,0.005813910388542483,0.023596616915125032,0.015783838207177756,0.0028817214100277187,0.0056481739636543285,0.020053093606950522,0.01433235762619973,0.0026167185247002625,0.005128768308412514,0.0035435233081745096,0.010103596238686317,0.001844655857284282,0.0036155254802771927,0.15017081986457015,1.0648158483108605,0.07167206723952112,0.3810394576764536,0.023596616915125032,0.020053093606950522,0.0028817214100277187,0.0026167185247002625
baseline_oracle_kmeans,2000,1.0,1.0,3,0.3283721642411808,0.00913654615076415,0.0016680974748201737,0.0032694710506475403,0.8727896442379213,0.22697419568826885,0.04143962898335222,0.08122167280737035,0.23752598516173742,0.0663505713453215,0.012113901543062829,0.023743247024403145,0.013290116634692482,0.016061858626110793,0.002932480761659939,0.00574766229285348,0.021490479534040426,0.018229431133752236,0.003328223547481025,0.006523318153062808,0.018829472877763688,0.0163904361972749,0.0029924705441988857,0.005865242266629816,0.002661006656276723,0.005642503656824939,0.001030175511216136,0.0020191440019836264,0.12382258162558746,5.470072634257636,0.04256903765388786,1.9574403530100806,0.021490479534040426,0.018829472877763688,0.003328223547481025,0.0029924705441988857
baseline_oracle_kmeans,2000,1.0,1.0,5,0.3798042458018524,0.018487942805050523,0.003375421105397169,0.00661582536657845,0.870018980984045,0.22178789228878187,0.04049274386269731,0.07936577797088672,0.39271566581020073,0.08222423865784029,0.015012023428862476,0.029423565920570452,0.02431515602156046,0.015227878936064363,0.0027802175987467403,0.005449226493543611,0.021001607039988917,0.013225986416286976,0.0024147237018190965,0.004732858455565429,0.01724181475062313,0.010924440377217565,0.0019945208075741023,0.00390926078284524,0.0037597922893657554,0.008047582982072874,0.001469280910892002,0.0028797905853483238,0.17902402812350549,12.757133710272658,0.060744600567979236,4.56508166945426,0.021001607039988917,0.01724181475062313,0.0024147237018190965,0.0019945208075741023
baseline_oracle_kmeans,2000,1.0,1.0,10,0.5898597754268793,0.052619934821473,0.009607041758724113,0.018829801847099262,0.942124653494407,0.11954947771497824,0.02182664856081825,0.04278023117920377,0.6679684490895516,0.045020115503804366,0.008219510934307235,0.01611024143124218,0.06105832566166889,0.03494039635016395,0.006379214416385324,0.012503260256115235,0.016777336237707944,0.0158410522953747,0.0028921672255985712,0.005668647762173199,0.013679327723844713,0.012592245695849873,0.0022990190057547706,0.0045060772512793505,0.0030980085138632148,0.008212675030791731,0.0014994224572746886,0.0029388680162583895,0.18465437361267723,10.733532264988723,0.07420064060541652,3.840945192252643,0.016777336237707944,0.013679327723844713,0.0028921672255985712,0.0022990190057547706
baseline_oracle_kmeans,2000,2.0,0.2,3,0.32805003017683954,0.007720287873585052,0.0014095252729320418,0.002762669534946802,0.8070162393799838,0.2906724181205254,0.05306928008306172,0.10401578896280098,0.16729857277126364,0.052516110348229575,0.00958808609005194,0.018792648736501803,0.0028490593035151533,0.002201253038481249,0.0004018919813176558,0.0007877082833826054,0.02737676445734959,0.017005031513361007,0.003104679783651345,0.006085172375956636,0.02514566268663713,0.017581704681395836,0.003209965417798226,0.006291532218884523,0.0022311017707124328,0.006790456305552234,0.0012397620314347172,0.0024299335816120454,0.08149618170504802,0.4147179747510802,0.04518107441769771,0.14840492131902938,0.02737676445734959,0.02514566268663713,0.003104679783651345,0.003209965417798226
baseline_oracle_kmeans,2000,2.0,0.2,5,0.37774296840287547,0.022622280050514403,0.0041302443619552825,0.008095278949432353,0.900135565698215,0.22492856496609334,0.04106614961973185,0.08048965325467443,0.2922365387747412,0.09228576740616669,0.016848998848344173,0.03302403774275458,0.00487860277578885,0.0039022890198773734,0.0007124572406971877,0.0013964161917664878,0.02625393628578978,0.016143549594091307,0.002947395423629059,0.005776895030312956,0.019462963239000104,0.014282538906274315,0.0026076229124705353,0.005110940908442249,0.006790973046789662,0.008160687777123681,0.001489930926762444,0.00292026461645439,0.25866494733840584,0.4365352421012785,0.050224841734397854,0.1562121301733014,0.02625393628578978,0.019462963239000104,0.002947395423629059,0.0026076229124705353
baseline_oracle_kmeans,2000,2.0,0.2,10,0.5839718255038824,0.0601056366243735,0.010973737670792677,0.02150852583475365,0.9643620963208818,0.09260554104565644,0.016907381260225524,0.03313846727004203,0.6118668782369423,0.06995980590764125,0.012772854604766098,0.025034795025341554,0.011352841739106187,0.0054251398749237175,0.0009904904957054917,0.0019413613715827639,0.027840431018423806,0.019136473727872572,0.003493826110620262,0.006847899176815713,0.017696646959977972,0.017481318875332556,0.003191637560986827,0.0062556096195341806,0.010143784058445808,0.017957985317482814,0.003278664548577303,0.006426182515211514,0.3643544186414729,1.209644030761158,0.09978351635592421,0.43286555717024805,0.027840431018423806,0.017696646959977972,0.003493826110620262,0.003191637560986827
baseline_oracle_kmeans,2000,2.0,0.5,3,0.3272134493269282,0.020538452173042895,0.0037497911838055304,0.007349590720258839,0.8423583921794278,0.23875662554122,0.04359079652091343,0.08543796118099033,0.17530409864134597,0.06042899321916311,0.011032774237820786,0.02162423750612874,0.005527495880711884,0.004635788056652699,0.00084637523014724,0.0016588954510885904,0.02554123621379747,0.019449930279751226,0.003551055185374171,0.006960068163333374,0.02117055121715602,0.01606075712732439,0.002932279656415813,0.005747268126574993,0.004370684996641414,0.007225314573909207,0.0013191559257336334,0.0025855456144379214,0.17112268803498198,0.8628073245903889,0.04153012420134503,0.3087516358464407,0.02554123621379747,0.02117055121715602,0.003551055185374171,0.002932279656415813
baseline_oracle_kmeans,2000,2.0,0.5,5,0.3838982149580786,0.023227592143281416,0.004240758724468333,0.008311887099957933,0.902624363862871,0.18077630524842392,0.03300508674900044,0.06468997002804086,0.30735910396600424,0.09813044495661472,0.017916086093585647,0.03511552874342787,0.01470225799596077,0.011770600187351892,0.002149007745995722,0.004212055182151615,0.024993987412729284,0.01780697207101813,0.003251093428053705,0.006372143118985261,0.01625866997629245,0.012635075645047709,0.0023068386488589226,0.0045214037517634885,0.008735317436436806,0.010904418698664842,0.0019908653659132876,0.0039020961171900436,0.34949675264651814,1.187263789993015,0.057077339218469796,0.42485689086565703,0.024993987412729284,0.01625866997629245,0.003251093428053705,0.0023068386488589226
baseline_oracle_kmeans,2000,2.0,0.5,10,0.5692579039961339,0.05506696095774954,0.010053805563271902,0.01970545890401293,0.95805344029838,0.09308116772476518,0.016994218413925236,0.033308668091293465,0.6092220447667287,0.06617214818872694,0.012081326080513455,0.023679399117806373,0.026804287599718108,0.011840868586865571,0.002161836941826864,0.004237200405980654,0.024688305712769396,0.019598230501888966,0.0035781309776901265,0.007013136716272648,0.016390523454230886,0.01427722049476047,0.0026066519078184595,0.00510903773932418,0.00829778225853847,0.0134449926831155,0.002454708592678089,0.004811228841649054,0.3361017299071558,3.8879039658022183,0.07498610903863275,1.391268566275997,0.024688305712769396,0.016390523454230886,0.0035781309776901265,0.0026066519078184595
baseline_oracle_kmeans,2000,2.0,1.0,3,0.3274507304564358,0.02068905827237898,0.0037772879697736093,0.0074034844207562745,0.8692534203697627,0.21957991922821915,0.04008962497881933,0.07857566495848588,0.1692729779311655,0.049274864408502636,0.008996318251515116,0.017632783772969625,0.01484256651147838,0.010906661727936088,0.0019912748851562893,0.003902898774906327,0.02616806231489193,0.020640113033875026,0.0037683518327032476,0.007385969592098365,0.023167772213968575,0.01657859073979701,0.0030268227066110273,0.005932572504957614,0.003000290100923334,0.007715910499774441,0.0014087260774724737,0.0027611031118460485,0.11465465286728271,0.8724985451451833,0.04466241023472926,0.3122195945834182,0.02616806231489193,0.023167772213968575,0.0037683518327032476,0.0030268227066110273
baseline_oracle_kmeans,2000,2.0,1.0,5,0.3794836862536947,0.020940886120353587,0.0038232652340881674,0.007493599858812808,0.9619749162307618,0.08897501434838483,0.016244540804318728,0.03183929997646471,0.3122083048226629,0.09343170329302994,0.017058217159907404,0.03343410563341851,0.02694213385135793,0.016692937439886864,0.003047699462282858,0.005973490946074402,0.03202407342222617,0.021248603042573696,0.003879446400630173,0.007603714945235139,0.02419072750346959,0.017248525899187423,0.0031491355728990103,0.00617230572288206,0.007833345918756566,0.010103346780963966,0.0018446103127437237,0.0036154362129776985,0.24460804268953118,4.5711168360472305,0.04647608307746383,1.6357531520085453,0.03202407342222617,0.02419072750346959,0.003879446400630173,0.0031491355728990103
baseline_oracle_kmeans,2000,2.0,1.0,10,0.5804618240783058,0.04758822265031462,0.008688381005718534,0.017029226771208324,0.9777331125979152,0.07747546354473747,0.014145019678873957,0.027724238570592957,0.5733258703870238,0.06751124438011286,0.012325810477410562,0.024158588535724702,0.055422704896665585,0.029200096924360958,0.005331183922269906,0.010449120487649016,0.03131467766652145,0.018727617145086015,0.003419179452894703,0.006701591727673618,0.016586322425598342,0.011717021345661658,0.002139225632596142,0.004192882239888438,0.014728355240923073,0.011719180409274,0.0021396198218773315,0.00419365485087957,0.4703339244864463,0.580907747477045,0.04120304964408698,0.20787516772015896,0.03131467766652145,0.016586322425598342,0.003419179452894703,0.002139225632596142
baseline_oracle_kmeans,10000,0.5,0.2,3,0.33008060924435206,0.003197040974245963,0.0005836971529542689,0.001144046419790367,0.9103149610794217,0.16129552718755819,0.029448399555104473,0.05771886312800477,0.2663508442659979,0.05159070457598749,0.009419130884617781,0.01846149653385085,0.0015160539041923775,0.001507385416060934,0.0002752096650769612,0.0005394109435508439,0.008755299425527914,0.0045119580274468486,0.0008237670633830507,0.0016145834442307795,0.0082143418764208,0.004431144948019728,0.0008090126812018207,0.0015856648551555684,0.0005409575491070934,0.0013236805830989361,0.00024166990476495961,0.00047367301333932083,0.06178629911043798,0.1867706851829782,0.027003901055017304,0.06683503133886987,0.008755299425527914,0.0082143418764208,0.0008237670633830507,0.0008090126812018207
baseline_oracle_kmeans,10000,0.5,0.2,5,0.374986706019843,0.01855910590022806,0.0033884136495607106,0.006641290753138992,0.8677809209347196,0.20506763595942876,0.03744005667641223,0.07338251108576797,0.4113151529274492,0.08489706030839625,0.01550001166559504,0.03038002286456628,0.00206849945089787,0.001484749021163485,0.0002710768437083187,0.0005313106136683047,0.010691209229192809,0.006552117104326271,0.0011962474458183095,0.0023446449938038863,0.009588237678679232,0.006490179840678005,0.0011849393003348762,0.002322481028656357,0.001102971550513553,0.0017639379636802727,0.00032204953758247125,0.0006312170936616437,0.10316621131142634,0.24933997226379392,0.030376290911854155,0.08922516316710703,0.010691209229192809,0.009588237678679232,0.0011962474458183095,0.0011849393003348762
baseline_oracle_kmeans,10000,0.5,0.2,10,0.566779751842963,0.05242543158082029,0.009571530487919665,0.01876019975632254,0.906824122124916,0.16109913101250425,0.029412542683342882,0.05764858365935205,0.6869730132256111,0.027745531816247383,0.005065617881911991,0.009928611048547501,0.0043428020320108495,0.002018672918196055,0.0003685575645069201,0.0007223728264335634,0.009164545048220486,0.006279846976156843,0.0011465379488405701,0.002247214379727517,0.008737877723127035,0.006111835568754959,0.0011158634029231694,0.002187092269729412,0.00042666732509345106,0.002896864010593382,0.0005288925882089599,0.0010366294728895616,0.04655630179659587,1.6570336484442005,0.056310987128468624,0.592961875761343,0.009164545048220486,0.008737877723127035,0.0011465379488405701,0.0011158634029231694
baseline_oracle_kmeans,10000,0.5,0.5,3,0.32444181925976906,0.02151738257238048,0.003928518604453776,0.0076998964647294,0.8157760504636055,0.287458928272591,0.05248257979038588,0.10286585638915632,0.27283075648700233,0.053208884728796015,0.009714568808551243,0.019040554864760435,0.007438806807774792,0.006946834190368933,0.001268312596437734,0.0024858926890179585,0.009604178445154097,0.007529275763143734,0.0013746513923835824,0.0026943167290718216,0.009326224797745827,0.007292512231202525,0.0013314244833039842,0.002609591987275809,0.00027795364740826643,0.0016087811928342899,0.0002937219164684697,0.0005756949562782006,0.028940908271911092,0.8704882116820669,0.029810930236713707,0.31150020599265876,0.009604178445154097,0.009326224797745827,0.0013746513923835824,0.0013314244833039842
baseline_oracle_kmeans,10000,0.5,0.5,5,0.37970752147184644,0.018690738277429023,0.003412446323657709,0.00668839479436911,0.8476569874979799,0.22442273175725322,0.04097379753345953,0.08030864316558069,0.4048031797360962,0.0730471814697019,0.013336529684376368,0.02613959818137768,0.009927087783553678,0.007614187931287889,0.0013901541623499909,0.002724702158205982,0.007860905759720095,0.0058691879182217205,0.0010715622056822742,0.0021002619231372576,0.0074042513527207655,0.005574216577441528,0.0010177080532946558,0.0019947077844575255,0.00045665440699932527,0.002282890573723487,0.0004167968878480881,0.0008169219001822527,0.05809183075813773,11.731939985766825,0.05103819991726875,4.198220806687534,0.007860905759720095,0.0074042513527207655,0.0010715622056822742,0.0010177080532946558
baseline_oracle_kmeans,10000,0.5,0.5,10,0.5702459772158324,0.03220153860424426,0.005879169693306001,0.011523172598879762,0.8770357125082059,0.15172715903235534,0.027701462529398244,0.05429486655762056,0.6716968237688447,0.031534250216774806,0.005757340059246579,0.011284386516123294,0.018617397042036448,0.013454241209878466,0.002456397134922011,0.004814538384447142,0.0078067074889041094,0.005652457504680558,0.0010319928268843015,0.002022705940693231,0.0072456007716722535,0.006288529644601689,0.0011481231799627635,0.0022503214327270166,0.0005611067172318309,0.0033438859360090914,0.000610507252292152,0.0011965942144926177,0.07187495087133378,1.0734715674621906,0.0778780487557031,0.38413686699512073,0.0078067074889041094,0.0072456007716722535,0.0010319928268843015,0.0011481231799627635
baseline_oracle_kmeans,10000,0.5,1.0,3,0.32764972605766973,0.013407747092078672,0.0024479085092185947,0.004797900678068446,0.8210332904449318,0.2293204874116284,0.04186800128447612,0.08206128251757319,0.2354606705258094,0.0531425719573983,0.009702461808302839,0.019016825144273563,0.015826385769016363,0.015057825779264579,0.0027491702820953384,0.005388373752906863,0.009142303606812573,0.00898724195006759,0.0016408383819362456,0.0032160432285950414,0.008461149912600725,0.00866625031468636,0.0015822335954466546,0.003101177847075443,0.0006811536942118035,0.001155399582108261,0.00021094613801757897,0.00041345443051445476,0.07450569610314328,0.443971406874425,0.022431291154470456,0.15887312756251878,0.009142303606812573,0.008461149912600725,0.0016408383819362456,0.0015822335954466546
baseline_oracle_kmeans,10000,0.5,1.0,5,0.38096737523598034,0.018303525779945585,0.003341751317184512,0.006549832581681644,0.8338489363596674,0.22434007740265183,0.04095870698196246,0.08027906568464642,0.4077209958690287,0.060215392992684275,0.01099377635037723,0.02154780164673937,0.03558677368023854,0.026824209454997045,0.00489740820191508,0.009598920075753557,0.008831800715457134,0.006551899140187456,0.001196207651193124,0.002344566996338523,0.008852276662044977,0.006055105948341508,0.0011055060386634516,0.002166791835780365,-2.0475946587833117e-05,0.0019329250460665482,0.00035290221656578694,0.0006916883444689424,-0.0023184339465458503,0.7392032553737317,0.040083133176739165,0.26452048773230386,0.008831800715457134,0.008852276662044977,0.001196207651193124,0.0011055060386634516
baseline_oracle_kmeans,10000,0.5,1.0,10,0.5699237543964476,0.047128790256985416,0.008604500510560203,0.016864821000697996,0.862504064758338,0.17824721215466796,0.032543339636506886,0.0637849456875535,0.6702111711284865,0.03386178261890331,0.006182287392569901,0.012117283289437005,0.0509619914245796,0.037185929444664846,0.006789190792879497,0.013306813954043813,0.0081446740788962,0.0054562899254349114,0.000996177690816294,0.001952508273999936,0.0073249346416276,0.0044760996790587015,0.0008172202546206951,0.0016017516990565624,0.0008197394372685833,0.00299132236541031,0.0005461382454349794,0.0010704309610525596,0.10064729777126868,0.9938207188744222,0.06085184445963018,0.3556341768844339,0.0081446740788962,0.0073249346416276,0.000996177690816294,0.0008172202546206951
baseline_oracle_kmeans,10000,1.0,0.2,3,0.3290343837260677,0.003760288377673615,0.0006865315890587815,0.0013456019145552116,0.861444561788301,0.245777251942862,0.04487258167024531,0.08795026007368081,0.24034205345373538,0.060437850056140864,0.011034391267621074,0.021627406884537303,0.0014044518633674538,0.0016302679902096327,0.00029764485100547574,0.0005833839079707324,0.010186001567935072,0.006384852389712924,0.0011657092267288447,0.0022847900843885357,0.009087116480824409,0.006568358997189279,0.0011992127961841933,0.002350457080521019,0.00109888508711064,0.002344141630287622,0.000427979749631822,0.0008388403092783711,0.10788188866668624,0.454647010621399,0.042541100775675404,0.16269334330082563,0.010186001567935072,0.009087116480824409,0.0011657092267288447,0.0011992127961841933
baseline_oracle_kmeans,10000,1.0,0.2,5,0.3822367996176454,0.016993727916365265,0.0031026160386328403,0.0060811274357203664,0.8467717047029221,0.19575809581119225,0.03574037496334919,0.07005113492816441,0.38970886160468043,0.06979142605869511,0.012742112790933726,0.024974541070230102,0.0024198462220481037,0.001435185054151187,0.00026202774278429286,0.000513574375857214,0.012429654215470192,0.008578122576391296,0.0015661437453779485,0.003069641740940779,0.009807557616349227,0.007246662354915228,0.001323053479470193,0.002593184819761578,0.00262209659912093,0.003929932605915589,0.0007175042459116762,0.0014063083219868853,0.21095491102700603,0.9623073850404857,0.0487522291473095,0.34435727519978254,0.012429654215470192,0.009807557616349227,0.0015661437453779485,0.001323053479470193
baseline_oracle_kmeans,10000,1.0,0.2,10,0.5574756878775452,0.04643001765938992,0.008476922672470358,0.016614768438041903,0.8597529853187958,0.19113031062201155,0.03489546085021499,0.06839510326642138,0.6831952578607985,0.04009087362414185,0.007319558611343794,0.014346334878233835,0.003980299443498123,0.0023950722780092227,0.00043727837117364524,0.0008570656075003447,0.009597526877213543,0.006750118597006845,0.001232397407138591,0.0024154989179916383,0.007777223688299099,0.005086091641669182,0.0009285890405602311,0.001820034519498053,0.0018203031889144365,0.005518630065554453,0.0010075593911434626,0.0019748164066411868,0.189663776116763,1.0901613710441247,0.09039947915535888,0.3901092365045292,0.009597526877213543,0.007777223688299099,0.001232397407138591,0.0009285890405602311
baseline_oracle_kmeans,10000,1.0,0.5,3,0.32973802904140703,0.0036632958773541975,0.0006688232622808574,0.0013108935940704806,0.8373370342063763,0.23224995395201908,0.04240284625301898,0.0831095786559172,0.21967043679954756,0.05166946988453835,0.0094335113966985,0.01848968233752906,0.005730085579395666,0.005546588576813085,0.0010126638935736676,0.001984821231404388,0.011706322970318773,0.008077407100138791,0.0014747260249661355,0.0028904630089336253,0.010586674344698017,0.007456193415032196,0.0013613084421782043,0.0026681645466692804,0.0011196486256207124,0.0018464903915100155,0.00033712147988219373,0.0006607581005690997,0.09564477491861534,1.04250132765745,0.02589783662062447,0.3730543090128855,0.011706322970318773,0.010586674344698017,0.0014747260249661355,0.0013613084421782043
baseline_oracle_kmeans,10000,1.0,0.5,5,0.3755483619502639,0.01898841005149371,0.0034667935054536456,0.006794915270689145,0.9094727702744502,0.15823225441563044,0.028889125022779072,0.05662268504464698,0.3751726358505772,0.09147181884498076,0.016700392852474037,0.03273276999084911,0.009765485746737392,0.005208075204958894,0.0009508600903131092,0.001863685777013694,0.010642870479296289,0.0077303446799649395,0.0014113613861689504,0.0027662683168911428,0.00806946641871985,0.006762367038829409,0.0012346336564320937,0.0024198819666069035,0.0025734040605764137,0.0031997848484136,0.0005841981135464591,0.0011450283025510597,0.24179605169324525,0.6795707393611156,0.04810843528568501,0.2431812659341173,0.010642870479296289,0.00806946641871985,0.0014113613861689504,0.0012346336564320937
baseline_oracle_kmeans,10000,1.0,0.5,10,0.5728134758012339,0.05224204842103456,0.009538049456825924,0.01869457693537881,0.835431292041648,0.1713022656184722,0.03127537167699296,0.061299728486906194,0.6831989964680271,0.03579497617343143,0.006535238631849448,0.012809067718424919,0.023370375381291403,0.013871696726876465,0.002532613736060273,0.004963922922678135,0.012296833443721927,0.008779229642891144,0.0016028607043098346,0.003141606980447276,0.007675622304780799,0.005336687219348119,0.0009743413241288284,0.0019097089952925036,0.004621211138941107,0.006718617173135938,0.0012266460603227152,0.002404226278232522,0.37580497126278145,2.0408456900666287,0.06771254842667995,0.7303072509466371,0.012296833443721927,0.007675622304780799,0.0016028607043098346,0.0009743413241288284
baseline_oracle_kmeans,10000,1.0,1.0,3,0.328806126775399,0.0026976805166572227,0.000492526823971784,0.0009653525749846966,0.8855095112988063,0.20559403831269996,0.03753616415748238,0.07357088174866545,0.2194251187780131,0.05659197109440533,0.010332233047362041,0.0202511767728296,0.011348334959160438,0.011089962045236743,0.0020247407913507637,0.003968491951047497,0.013989392531575964,0.008894543617344677,0.0016239140593110927,0.0031828715562497415,0.012929414187823007,0.007723265126713246,0.0014100688424979466,0.002763734931295975,0.0010599783437529365,0.0029102378600319857,0.0005313343078816936,0.0010414152434481195,0.07577014808616178,11.062470488591194,0.03405047581497391,3.958654223846574,0.013989392531575964,0.012929414187823007,0.0016239140593110927,0.0014100688424979466
baseline_oracle_kmeans,10000,1.0,1.0,5,0.3721591030290938,0.017275756726906438,0.0031541072190994237,0.00618205014943487,0.7796993627505522,0.25053039513351744,0.04574038291843666,0.08965115052013586,0.3228248573117183,0.0878318186395995,0.01603582277853712,0.03143021264593275,0.03129971275018257,0.025041772925634562,0.004571981303764063,0.008961083355377562,0.01221864266589868,0.006846948081696172,0.0012500759714705728,0.0024501489040823225,0.008867258147731297,0.007031264075945437,0.0012837273140570112,0.002516105535551742,0.0033513845181673534,0.004150060645893297,0.0007576939435900727,0.0014850801294365424,0.2742845183222231,0.45811929592031264,0.06111284104182304,0.16393588463724057,0.01221864266589868,0.008867258147731297,0.0012500759714705728,0.0012837273140570112
baseline_oracle_kmeans,10000,1.0,1.0,10,0.5592745638238752,0.047053860983213465,0.008590820359406077,0.01683800790443591,0.9091249394312757,0.15870579622811073,0.02897558153365152,0.05679213980595697,0.6649457156472631,0.036710584117817954,0.006702405006839928,0.013136713813406259,0.042064535354344255,0.031104744437276573,0.005678923391243238,0.011130689846836746,0.014564627784353181,0.01127578012844186,0.0020586663766053686,0.004034986098146522,0.010404342496053305,0.008119140175718709,0.0014823454072625318,0.002905396998234562,0.004160285288299864,0.007703978790961835,0.0014065476554503914,0.002756833404682767,0.2856430902250233,7.7268220096107525,0.07446101015917027,2.7650077454942563,0.014564627784353181,0.010404342496053305,0.0020586663766053686,0.0014823454072625318
baseline_oracle_kmeans,10000,2.0,0.2,3,0.32555071934790586,0.016143205486527947,0.002947332598470839,0.005776771893002844,0.7985304010631643,0.2712694263498016,0.04952679465775754,0.09707251752920477,0.1771917008343362,0.053880901070682316,0.009837261645038987,0.019281032824276415,0.0015872091796771235,0.0018091681746264686,0.00033030740652112076,0.0006474025167813967,0.02013620679954496,0.011177033705920445,0.002040637828909397,0.003999650144662418,0.015578229415434465,0.008918398303730363,0.00162826930925631,0.0031914078461423674,0.00455797738411046,0.0033727927113825686,0.0006157848832710814,0.0012069383712113193,0.2263572990427123,0.27230160922139035,0.020127231082651912,0.09744187942613466,0.02013620679954496,0.015578229415434465,0.002040637828909397,0.00162826930925631
baseline_oracle_kmeans,10000,2.0,0.2,5,0.376517754231771,0.01727287260997508,0.003153580653798828,0.0061810180814457025,0.8374816155352975,0.23726316619808532,0.04331812939726286,0.0849035336186352,0.3104430089783165,0.08614401995406541,0.015727674307672256,0.03082624164303762,0.002245827082528533,0.0014403860243224033,0.00026297730567885507,0.0005154355191305559,0.022003254078725734,0.009806203380659488,0.0017903595983568734,0.003509104812779472,0.012598510704894485,0.009177889362462424,0.0016756456780357926,0.0032842655289501534,0.009404743373831197,0.004368468130823977,0.0007975695123315738,0.0015632362441698846,0.4274251135846495,2.5425753843690235,0.04013534940714655,0.9098489162218378,0.022003254078725734,0.012598510704894485,0.0017903595983568734,0.0016756456780357926
baseline_oracle_kmeans,10000,2.0,0.2,10,0.5657340321917478,0.057379194717665574,0.010475959759448901,0.020532881128519847,0.9286312176824374,0.15045729532686536,0.027469618197246925,0.05384045166660397,0.6057001383473908,0.06652148256770268,0.012145105520339147,0.02380440681986473,0.0053554059768786254,0.002720317065022833,0.0004966596733597511,0.0009734529597851121,0.02106052011210459,0.01045182269607425,0.0019082330192281096,0.003740136717687095,0.009190341509856783,0.005934703082156899,0.0010835235833975894,0.0021237062234592753,0.011870178602247755,0.007965228895054428,0.0014542451805044198,0.002850320553788663,0.5636222913329376,0.9187022828180021,0.039412267244778344,0.3287533897681949,0.02106052011210459,0.009190341509856783,0.0019082330192281096,0.0010835235833975894
baseline_oracle_kmeans,10000,2.0,0.5,3,0.3283045140499329,0.0041477061965208,0.0007572640819127991,0.0014842376005490864,0.8697153015033414,0.2179121962050852,0.039785141805672275,0.07797887793911766,0.1851988623379072,0.04850760576972656,0.008856236630215661,0.017358223795222696,0.005625399660901603,0.005976174163956659,0.0010910951323928797,0.002138546459490044,0.02026179276624269,0.005258206666853763,0.000960012801153286,0.0018816250902604404,0.014602357924840692,0.005613377753161693,0.0010248578730681084,0.002008721431213492,0.005659434841401945,0.002434041322136585,0.0004443931126779687,0.0008710105008488187,0.2793156018667283,0.16913481782787038,0.02468574884974693,0.060524117256116325,0.02026179276624269,0.014602357924840692,0.000960012801153286,0.0010248578730681084
baseline_oracle_kmeans,10000,2.0,0.5,5,0.37451735436526795,0.01689556526811888,0.0030846940730498433,0.006046000383177693,0.9244232550834979,0.12778403242673084,0.0233300656830307,0.045726928738740166,0.28725810254096973,0.10026988050918206,0.018306691797742202,0.035881115923574715,0.012227957985431082,0.00827980514202355,0.0015116786826778546,0.002962890218048595,0.02233848641251708,0.009200841669364085,0.0016798361767813995,0.003292478906491543,0.013512773992071554,0.008009752481069575,0.0014623740379715925,0.002866253114424321,0.008825712420445489,0.0037454634187565985,0.000683824934254469,0.0013402968711387592,0.3950899921088724,0.24076079044020754,0.03014224007009676,0.08615514237942554,0.02233848641251708,0.013512773992071554,0.0016798361767813995,0.0014623740379715925
baseline_oracle_kmeans,10000,2.0,0.5,10,0.5567924071636187,0.04533149311177535,0.008276360447569806,0.01622166647723682,0.930945798159644,0.12045848216608716,0.0219926093083999,0.0431055142444638,0.5709267689993993,0.04976447040106694,0.009085707666987509,0.017807987027295517,0.018868539130468723,0.010658940725820402,0.001946047424880774,0.003814252952766317,0.020236625219083215,0.009486131120841892,0.0017319226661122898,0.003394568425580088,0.007853341302285564,0.005531926271675052,0.0010099869351506258,0.0019795743928952268,0.012383283916797614,0.00840244707267282,0.0015340699333153843,0.003006777069298153,0.6119243590635937,4.674893459247906,0.044888627839620096,1.6728891396881118,0.020236625219083215,0.007853341302285564,0.0017319226661122898,0.0010099869351506258
baseline_oracle_kmeans,10000,2.0,1.0,3,0.32485670315226955,0.01963019724262067,0.0035839672793530172,0.007024575867531913,0.8467290248217364,0.24077334265450898,0.04395899700593178,0.08615963413162629,0.16063476845818853,0.05605983941208043,0.010235079538704533,0.020060755895860885,0.019884943310913398,0.015153129160983967,0.0027665702194200835,0.005422477630063364,0.025021803993017743,0.009946061967341838,0.0018158941659524451,0.0035591525652667925,0.018899251260067036,0.009519364910294243,0.0017379902981637665,0.003406460984400982,0.006122552732950676,0.0033518894871708165,0.0006119684941292931,0.0011994582484934145,0.24468870168830303,0.18796638486425432,0.025669678116766192,0.0672629069746618,0.025021803993017743,0.018899251260067036,0.0018158941659524451,0.0017379902981637665
baseline_oracle_kmeans,10000,2.0,1.0,5,0.3835158956928781,0.01765343248817977,0.0032230610637235375,0.006317199684898133,0.8610582942408109,0.19738007203902364,0.036036505952589316,0.07063155166707506,0.2645519497574637,0.07624124192285962,0.013919682671119586,0.027282578035394387,0.02516914063844354,0.016975233104841697,0.003099239363476752,0.006074509152414434,0.02107067633450972,0.011766365102199881,0.0021482345287721512,0.004210539676393416,0.013263625865227878,0.008823695913906256,0.0016109790975375395,0.0031575190311735773,0.007807050469281813,0.006099527859258528,0.0011136163328823638,0.002182688012449433,0.3705173173058234,0.5971321206676437,0.03872746180397812,0.21368098510303596,0.02107067633450972,0.013263625865227878,0.0021482345287721512,0.0016109790975375395
baseline_oracle_kmeans,10000,2.0,1.0,10,0.562389465940844,0.05622890594318078,0.010265946722972137,0.020121255577025387,0.9498241217833817,0.12558651333689816,0.022928855424347503,0.044940556631721106,0.5708954207535542,0.04909889222335427,0.008964190273082038,0.017569812935240795,0.057810242071797406,0.0374856129711004,0.006843905268726647,0.013414054326704228,0.025519354095438075,0.006803449120197366,0.001242134183990258,0.0024345830006209054,0.009492200585249683,0.006281820388192898,0.00114689824293637,0.002247920556155285,0.01602715351018834,0.005021525407802884,0.0009168009129796559,0.0017969297894401255,0.6280391521764048,0.18039642319694527,0.03457078380327391,0.06455403098176722,0.025519354095438075,0.009492200585249683,0.001242134183990258,0.00114689824293637
baseline_random,500,0.5,0.2,3,-0.00035381442128182993,0.004463268438271593,0.0008148776012807351,0.0015971600985102408,0.8525569436401572,0.22040050633581057,0.040239443001894575,0.07886930828371337,0.0071891384405984434,0.007903394654403689,0.0014429558443608823,0.0028281934549473295,0.008066564255467682,0.006806388354572569,0.001242670812313289,0.0024356347921340466,0.03740566224496585,0.027959704418825105,0.005104720270455793,0.010005251730093355,0.03727326897628854,0.02847708011426243,0.0051991797168211085,0.010190392244969372,0.0001323932686773259,0.0036853523109648314,0.0006728501976897439,0.001318786387471898,0.0035393911170528147,0.14565653872461726,0.01803096095245931,0.05212252297963045,0.03740566224496585,0.03727326897628854,0.005104720270455793,0.0051991797168211085
baseline_random,500,0.5,0.2,5,-0.00048417509582907004,0.005308060855700595,0.0009691148890924635,0.0018994651826212284,0.9395804024375797,0.14334180889728834,0.026170514055546514,0.051294207548871165,0.018937973477626893,0.011733959515295898,0.0021423181051266494,0.004198943486048233,0.01496738994474886,0.009683252046849831,0.0017679118586892413,0.003465107243030913,0.021260353339676064,0.019418204887509213,0.0035452629477152877,0.006948715377521964,0.023924049889044906,0.019646604148728247,0.0035869627568776807,0.007030447003480254,-0.002663696549368827,0.006587720673911674,0.001202747738548186,0.0023573855675544444,-0.1252893828626005,0.8145204576990598,0.06289252424594473,0.2914724024443889,0.021260353339676064,0.023924049889044906,0.0035452629477152877,0.0035869627568776807
baseline_random,500,0.5,0.2,10,0.00039281123351901664,0.004962581947562755,0.0009060393587160134,0.0017758371430833862,0.9924280795166992,0.029051524999056368,0.005304058523969474,0.01039595470698017,0.03675562268882475,0.020515782775311044,0.003745652336971267,0.007341478580463683,0.03884030045721546,0.017770283846802022,0.003244395105387715,0.006359014406559921,0.029780616170744848,0.024411775939357203,0.0044569601169159355,0.008735641829155233,0.030052849196855257,0.02533619681446391,0.004625735505557472,0.009066441590892645,-0.00027223302611041985,0.009047344161101895,0.0016518114941827203,0.003237550528598132,-0.009141282522483252,3.733562823355644,0.0555938027373021,1.3360382977668472,0.029780616170744848,0.030052849196855257,0.0044569601169159355,0.004625735505557472
baseline_random,500,0.5,0.5,3,-0.0012614146555118564,0.002942976773651423,0.0005373115883808865,0.0010531307132265375,0.9439173604667616,0.1609590090177194,0.029386960024227454,0.05759844164748581,0.006581576771397456,0.007269429969387768,0.0013272102581459231,0.0026013321059660094,0.00672864975470053,0.006427909878155568,0.0011735704126253628,0.002300198008745711,0.03644767792403281,0.025685119100882142,0.004689439707919987,0.009191301827523174,0.03683223944616695,0.02575271800737675,0.004701781523236579,0.009215491785543695,-0.0003845615221341406,0.002923819228666035,0.000533813915202581,0.0010462752737970587,-0.010551056858427943,2.032086852348392,0.014754384585553889,0.727172941122711,0.03644767792403281,0.03683223944616695,0.004689439707919987,0.004701781523236579
baseline_random,500,0.5,0.5,5,0.000952889295715453,0.006446434510757675,0.0011769525323405859,0.0023068269633875482,0.9112041543466288,0.16266146886561722,0.02969778524487427,0.05820765907995357,0.01459126415208107,0.01219455549521175,0.0022264110411586856,0.0043637656406710235,0.017950605576061502,0.01514687829598304,0.0027654289728317742,0.0054202407867502776,0.03518681442283844,0.030662097081755824,0.005598107410696997,0.010972290524966113,0.035435341419899936,0.03078714826685217,0.0056209385290036705,0.011017039516847195,-0.00024852699706148004,0.004105910024412123,0.0007496331798190357,0.00146928103244531,-0.007063071810791355,0.3310182170404954,0.02137483964069972,0.11845334768657059,0.03518681442283844,0.035435341419899936,0.005598107410696997,0.0056209385290036705
baseline_random,500,0.5,0.5,10,-0.0009694298681945433,0.007097211984229625,0.0012957676997195217,0.0025397046914502623,0.9804329341594784,0.06372404391687223,0.01163436543624026,0.02280335625503091,0.03291274324420057,0.01619679020797309,0.0029571157853618838,0.005795946939309292,0.03641214747389647,0.01493786067851198,0.0027272677514968125,0.005345444792933752,0.038508860331536436,0.032117354101472144,0.005863799776252453,0.011493047561454807,0.04242377871903538,0.03408238660893074,0.006222563986441124,0.012196225413424602,-0.003914918387498906,0.006524191421244167,0.0011911489369657066,0.002334651916452785,-0.10166279536174327,0.46455821107187856,0.03156613037376337,0.16624002083249856,0.038508860331536436,0.04242377871903538,0.005863799776252453,0.006222563986441124
baseline_random,500,0.5,1.0,3,0.0004113099464218334,0.003769717392529645,0.0006882530837693478,0.0013489760441879215,0.786566004981573,0.24357674944922955,0.04447082671904236,0.08716282036932302,0.004794947645893507,0.0047235954106651535,0.0008624065863163944,0.0016903169091801332,0.006367015822724487,0.005462133309557197,0.0009972445419149417,0.001954599302153286,0.035753982136974276,0.027290123632908687,0.004982472103616307,0.009765645323087963,0.03682753636798888,0.026819048611288428,0.004896465965076757,0.009597073291550445,-0.0010735542310146202,0.004381957513107122,0.0008000323253193367,0.0015680633576258998,-0.030026144413838995,0.7448457801949848,0.0235198963023167,0.2665396393078809,0.035753982136974276,0.03682753636798888,0.004982472103616307,0.004896465965076757
baseline_random,500,0.5,1.0,5,0.0019502347051469267,0.005535878812194507,0.0010107085670179455,0.001980988791355173,0.8874613107982345,0.17795760648517128,0.03249046511718531,0.06368131162968321,0.018127303754651217,0.012698175395783481,0.002318359034475901,0.004543983707572767,0.015667135423727933,0.011381763412198575,0.0020780161883493767,0.004072911729164778,0.0337582410291938,0.026742598813398293,0.004882508205469711,0.009569716082720635,0.03462952447200055,0.028009616635504282,0.005113832952779217,0.010023112587447265,-0.0008712834428067501,0.006894108608003562,0.0012586862661646972,0.0024670250816828066,-0.02580950358323686,0.45283013734341143,0.03725101769671309,0.16204318354821728,0.0337582410291938,0.03462952447200055,0.004882508205469711,0.005113832952779217
baseline_random,500,0.5,1.0,10,-0.001943884626059183,0.0063901131829137104,0.001166669711764325,0.002286672635058077,0.9633632933213006,0.09493285098394766,0.01733228797739488,0.033971284435693964,0.03660125102957927,0.020961532066760765,0.003827034650944252,0.0075009879158507336,0.03393036589923344,0.016510372162495696,0.003014367755401414,0.005908160800586771,0.03359510694362512,0.03060793873724683,0.0055882194950420926,0.010952910210282501,0.03468892276677861,0.03504659299404538,0.0063986031821803915,0.012541262237073567,-0.001093815823153496,0.009368977042776418,0.0017105333556922293,0.0033526453771567694,-0.032558783783274814,1.2268922754019809,0.04925408338426371,0.43903776224611696,0.03359510694362512,0.03468892276677861,0.0055882194950420926,0.0063986031821803915
baseline_random,500,1.0,0.2,3,-0.0010027861821414552,0.0034474534400511037,0.0006294160050215912,0.0012336553698423186,0.9011834131466504,0.20789142187038454,0.03795560709007748,0.07439298989655187,0.006698488916107152,0.007599956701055363,0.001387555907076856,0.002719609577870638,0.007635607537155501,0.010135919388298161,0.0018505572300082892,0.0036270921708162467,0.03772914445975032,0.029837808763294574,0.0054476136420605874,0.01067732273843875,0.038386975698571295,0.029919343976221435,0.005462499867177596,0.010706499739668088,-0.0006578312388209747,0.0037748172646574927,0.0006891841887709524,0.0013508010099910668,-0.017435625648038577,1.4292388574614632,0.018542810591951685,0.5114465566991088,0.03772914445975032,0.038386975698571295,0.0054476136420605874,0.005462499867177596
baseline_random,500,1.0,0.2,5,-0.0007726603880117534,0.0036593332237940365,0.0006680997840333647,0.0013094755767053949,0.9331449125092806,0.13013156835707324,0.0237586651442315,0.04656698368269374,0.015987686476692044,0.009962863222558878,0.0018189616414447031,0.003565164817231618,0.014756606095003257,0.0122531719603321,0.0022371128945545627,0.004384741273326943,0.029760119919883147,0.020738875698393038,0.0037863833457685244,0.007421311357706308,0.029153624602765306,0.02124948723605029,0.003879607831534283,0.007604031349807194,0.0006064953171178234,0.006133283353229943,0.0011197792147116551,0.002194767260834844,0.020379464825766136,0.38564822982129154,0.03755121442389584,0.13800244669357115,0.029760119919883147,0.029153624602765306,0.0037863833457685244,0.003879607831534283
baseline_random,500,1.0,0.2,10,0.0011903367905579634,0.005911754328774646,0.0010793337334328954,0.002115494117528475,0.9978537191882054,0.01175566415360359,0.002146280811794521,0.004206710391117261,0.036976177781453436,0.016145756008666245,0.002947798257973693,0.005777684585628438,0.03339286735046124,0.013558591216033975,0.0024754487523377363,0.004851879554581963,0.042854425789660935,0.02687168045025314,0.004906075180224741,0.009615907353240492,0.04072171652860333,0.026983257012442714,0.004926446180224777,0.009655834513240563,0.0021327092610575753,0.009982235036335402,0.0018224984345731005,0.0035720969317632766,0.04976637119175076,0.4953953325080865,0.04191040557802602,0.17727494301833482,0.042854425789660935,0.04072171652860333,0.004906075180224741,0.004926446180224777
baseline_random,500,1.0,0.5,3,0.0024034726229635863,0.005165195381279603,0.000943031341416112,0.0018483414291755795,0.8606921898723902,0.19377854859823535,0.03537896074262153,0.06934276305553819,0.009761903098319615,0.008896309730808034,0.0016242365060387574,0.0031835035518359644,0.00783868243499815,0.008135973747718924,0.0014854187829651667,0.0029114208146117267,0.03490482907580005,0.032826381304235853,0.005993249840531944,0.01174676968744261,0.03405821019772649,0.033055136127628046,0.0060350145661686155,0.011828628549690487,0.0008466188780735478,0.004135712152361081,0.0007550742790654689,0.0014799455869683189,0.024255064427762263,0.3743678461733069,0.02199896712622637,0.1339658132471129,0.03490482907580005,0.03405821019772649,0.005993249840531944,0.0060350145661686155
baseline_random,500,1.0,0.5,5,-0.00073436499098666,0.005794490917126108,0.0010579244615229225,0.002073531944584928,0.8747863629477642,0.1831948708980945,0.033446654403377685,0.06555544263062026,0.016673999207169853,0.013115362131438135,0.002394526563079234,0.0046932720636352985,0.016965909390692042,0.0073075981540044865,0.0013341787833771226,0.00261499041541916,0.051432534722530586,0.031131904478528403,0.005683882113662037,0.011140408942777591,0.05374010696067945,0.0320758493046511,0.0058562220717646015,0.011478195260658618,-0.0023075722381488677,0.007015609504792926,0.0012808691934742445,0.002510503619209519,-0.04486600263039353,0.4711722807013663,0.02527609487123624,0.1686068352527123,0.051432534722530586,0.05374010696067945,0.005683882113662037,0.0058562220717646015
baseline_random,500,1.0,0.5,10,0.0015678444204412793,0.005134412524220189,0.0009374111863508125,0.0018373259252475924,0.989143625715259,0.03759412153885532,0.00686371613214063,0.013452883618995635,0.03310433413525697,0.014099276021148684,0.00257416384042494,0.005045361127232882,0.04383257690409788,0.017560843106533226,0.0032061566327524485,0.006284067000194799,0.04077344872733084,0.023004319088931312,0.004199994828351457,0.008231989863568856,0.040981702793656524,0.021659854452807374,0.003954530292027105,0.007750879372373126,-0.00020825406632570665,0.009502923236870166,0.0017349884730245995,0.003400577407128215,-0.005107590180030375,0.29502219730598617,0.04273570344184747,0.1055723374537626,0.04077344872733084,0.040981702793656524,0.004199994828351457,0.003954530292027105
baseline_random,500,1.0,1.0,3,6.893971714051853e-05,0.004825038029046431,0.0008809273897763324,0.0017266176839616115,0.8712616299310425,0.2410198900248874,0.044004010191348406,0.08624785997504288,0.007271009993487286,0.008251781701515146,0.0015065623258427357,0.002952862158651762,0.009960800325957732,0.007534480489815962,0.0013756016411182585,0.0026961792165917865,0.026448393990883525,0.02001703971672223,0.0036545947291085285,0.007163005669052716,0.026379335910897986,0.02093127361264606,0.0038215102383196324,0.007490160067106479,6.905807998554003e-05,0.003299179281754408,0.0006023449712901938,0.0011805961437287799,0.002611050032351403,0.2715997961568704,0.02284961220318947,0.09719073884636292,0.026448393990883525,0.026379335910897986,0.0036545947291085285,0.0038215102383196324
baseline_random,500,1.0,1.0,5,-0.00046169027798911383,0.006220541721322229,0.0011357103402233999,0.002225992266837864,0.9339076203240282,0.14930394749383855,0.027259046655647427,0.05342773144506896,0.014705946639977745,0.013214024388391404,0.002412539744315126,0.004728577898857647,0.01125448257878531,0.0073241750083832755,0.0013372052890690365,0.0026209223665753113,0.032729600384954156,0.03512235745403471,0.006412435816778176,0.012568374200885224,0.033087868165211864,0.03702270943477206,0.006759391032461331,0.01324840642362421,-0.00035826778025769673,0.004948123335116752,0.0009033995893203798,0.0017706631950679442,-0.010946292531649915,1.627326792152709,0.026983436777455877,0.5823314137631124,0.032729600384954156,0.033087868165211864,0.006412435816778176,0.006759391032461331
baseline_random,500,1.0,1.0,10,-0.0016350170869639765,0.00482570968226276,0.0008810500163154672,0.0017268580319783156,0.9833738333428216,0.05088472718523784,0.009290237637283707,0.018208865769076064,0.03972274752943388,0.019347042373840058,0.0035322705097201655,0.006923250199051524,0.02890123279340616,0.008882427901484965,0.0016217020423521969,0.003178536003010306,0.03305925765326931,0.02118754967279045,0.00386829963134951,0.007581867277445039,0.032265476629200165,0.02003824786959549,0.0036584667903524297,0.0071705949090907625,0.0007937810240691166,0.009902115829440773,0.001807870735604563,0.0035434266417849435,0.02401085446002582,0.4601290705213795,0.05377660303985958,0.16465507324178402,0.03305925765326931,0.032265476629200165,0.00386829963134951,0.0036584667903524297
baseline_random,500,2.0,0.2,3,0.0017901195086140198,0.006004773806677736,0.0010963166888778538,0.0021487807102005935,0.839395045158105,0.23279282771205737,0.04250196098776919,0.08330384353602761,0.007829563719483092,0.008227143958369593,0.001502064109947123,0.002944045655496361,0.006500689030804003,0.0050423654792124024,0.0009206057720499932,0.0018043873132179867,0.04454653185695933,0.03402142672504265,0.006211434285271656,0.012174411199132446,0.04400400494790239,0.03487177333966796,0.006366685626114468,0.012478703827184356,0.0005425269090569406,0.0031099367966728594,0.0005677941786510274,0.0011128765901560137,0.012178880968759076,0.26345617529351717,0.013242087125670083,0.09427658154656579,0.04454653185695933,0.04400400494790239,0.006211434285271656,0.006366685626114468
baseline_random,500,2.0,0.2,5,-0.0007756236227823986,0.00584380494776032,0.0010669279305162086,0.002091178743811769,0.9285289489459114,0.152244981249559,0.02779600349911151,0.05448016685825856,0.01742075268085975,0.01295781736831636,0.0023657629562196993,0.004636895394190611,0.015078355209892858,0.010894263265709735,0.0019890112460097063,0.0038984620421790243,0.04622900012802579,0.03626476961273472,0.006621010786540898,0.01297718114162016,0.04581669136922446,0.035993939123316304,0.006571564130436021,0.0128802656956546,0.0004123087588013334,0.004272619884810679,0.0007800700968519777,0.0015289373898298762,0.008918833581939567,0.20189907392318365,0.01676613051295726,0.07224865572305876,0.04622900012802579,0.04581669136922446,0.006621010786540898,0.006571564130436021
baseline_random,500,2.0,0.2,10,0.0012510848579594268,0.005686603750485191,0.001038227049911406,0.0020349250178263558,0.9754140211961809,0.07198070598570509,0.013141818791172604,0.025757964830698303,0.037573485696783676,0.018355532965961468,0.003351246486828934,0.0065684431141847105,0.03782467245792618,0.017181607508878396,0.003136918002270947,0.006148359284451056,0.039167968607006484,0.03402854139728395,0.006212733240763595,0.012176957151896645,0.04096799984028678,0.02947287812276747,0.005380986727480086,0.010546733985860968,-0.0018000312332802895,0.010216369400217945,0.0018652453254349643,0.00365588083785253,-0.04595671660537182,1.0813517644854969,0.0520965902072556,0.38695675928439066,0.039167968607006484,0.04096799984028678,0.006212733240763595,0.005380986727480086
baseline_random,500,2.0,0.5,3,-0.0005109712295132683,0.004512543486221098,0.0008238739530420994,0.0016147929479625148,0.873451149928257,0.23357138993175908,0.04264410635115316,0.0835824484482602,0.005915174774385424,0.005455866638189986,0.0009961004094921773,0.0019523568026046675,0.00842810563863311,0.00747916565049524,0.0013655025793646808,0.002676385055554774,0.03467830773785526,0.02509182878192966,0.004581120210973417,0.008978995613507897,0.0337046422919806,0.02496417639224674,0.004557814179857158,0.00893331579252003,0.0009736654458746433,0.003057715798352034,0.000558259972399109,0.0010941895459022537,0.028077074960950243,0.21033033343351734,0.016145022216560792,0.07526574319075871,0.03467830773785526,0.0337046422919806,0.004581120210973417,0.004557814179857158
baseline_random,500,2.0,0.5,5,-0.0008186349515297333,0.004553275549092754,0.0008313105762582742,0.0016293687294662174,0.9033202640094181,0.15563713618510827,0.028415323424695778,0.055694033912403726,0.016490740422911928,0.014532929407479167,0.0026533377543688425,0.0052005419985629315,0.01670951764035238,0.011318596330624717,0.002066483509859453,0.004050307679324528,0.04182557898742069,0.031859268128682706,0.005816679939894973,0.011400692682194147,0.04159892420704518,0.03330165109540844,0.006080021835707276,0.01191684279798626,0.0002266547803754962,0.00610613422866252,0.0011148224853976235,0.002185052071379342,0.005419047048785042,0.6163489421797095,0.02677429739821269,0.22055763636516582,0.04182557898742069,0.04159892420704518,0.005816679939894973,0.006080021835707276
baseline_random,500,2.0,0.5,10,-0.0016373519615268289,0.005111800483316133,0.0009332828113926856,0.0018292343103296638,0.9811881900484961,0.05867058666918499,0.010711734593591503,0.020994999803439347,0.03393584929162055,0.017219708454252327,0.0031438742513521384,0.0061619935326501915,0.03845332276847265,0.01955168682713017,0.0035696333041652676,0.006996481276163925,0.03968155256518391,0.027148952983536513,0.004956697987243376,0.009715128054997017,0.03997973848537121,0.02803213300581309,0.005117943860756308,0.010031169967082363,-0.0002981859201873033,0.009440825855957131,0.001723651094261913,0.0033783561447533494,-0.007514472113899329,2.1674277330804337,0.04352111421659883,0.7756040532980206,0.03968155256518391,0.03997973848537121,0.004956697987243376,0.005117943860756308
baseline_random,500,2.0,1.0,3,0.00044704970081384,0.004565710151853727,0.0008335808137335413,0.0016338183949177409,0.8708918374680817,0.2398323316557656,0.04378719268897438,0.08582289767038978,0.007124184532922742,0.008695000293709766,0.0015874825994596279,0.0031114658949408704,0.00627992290764497,0.006193343903221488,0.0011307447207271671,0.0022162596526252476,0.05111449521220334,0.03711324114989008,0.006775919786641255,0.013280802781816859,0.05201626962624583,0.03665813899490285,0.0066928298812226825,0.013117946567196457,-0.0009017744140424863,0.003467455322660655,0.0006330678324541983,0.0012408129516102288,-0.01764224434377648,0.4619721693001449,0.013004926141113178,0.16531461766931949,0.05111449521220334,0.05201626962624583,0.006775919786641255,0.0066928298812226825
baseline_random,500,2.0,1.0,5,-0.0010046224994843635,0.005233468441243678,0.0009554962397535208,0.0018727726299169007,0.9215729913182802,0.1505411830056248,0.027484933921898023,0.053870470486920126,0.014224057777256676,0.010010775377706064,0.0018277091641623036,0.003582309961758115,0.015630067461948574,0.00967835060825476,0.0017670169825283256,0.003463353285755518,0.038331364697195454,0.03512003162806649,0.006412011180995634,0.012567541914751443,0.03838764411951004,0.034732838412017526,0.006341319694814637,0.012428986601836688,-5.6279422314586595e-05,0.004834304497139773,0.0008826192076440408,0.00172993364698232,-0.0014682342452239094,1.664668519005244,0.023063776814437408,0.5956939791035545,0.038331364697195454,0.03838764411951004,0.006412011180995634,0.006341319694814637
baseline_random,500,2.0,1.0,10,4.492770977946598e-06,0.004782516562069102,0.0008731640675624343,0.0017114015724223712,0.9902746609425599,0.02730025137021121,0.004984321167008666,0.009769269487336986,0.034921286199599236,0.014277378057783936,0.002606680674759186,0.005109094122528005,0.031338065227590375,0.014311854059584555,0.0026129751027187823,0.005121431201328813,0.042536636978042705,0.03410060789502138,0.00622589072291399,0.012202745816911421,0.04193324112155895,0.03530648203290865,0.006446052211858307,0.01263426233524228,0.0006033958564837534,0.008691066171904821,0.001586764330374114,0.0031100580875332634,0.014185321157270225,0.4099701478165928,0.03738974218051716,0.1467059332704118,0.042536636978042705,0.04193324112155895,0.00622589072291399,0.006446052211858307
baseline_random,2000,0.5,0.2,3,1.3628474712137052e-05,0.0010786815632622003,0.000196939408187881,0.0003860012400482467,0.8867019667711543,0.1953228409393854,0.03566090865949831,0.06989538097261669,0.001857412187400916,0.0014367058954235818,0.0002623054091413846,0.0005141186019171138,0.0016795684013304166,0.001910206354454901,0.00034875436994155276,0.0006835585650854434,0.014979145868401792,0.013057641224573743,0.0023839882155028067,0.004672616902385501,0.014926295903105664,0.013146537788956254,0.002400218433368477,0.004704428129402215,5.284996529614257e-05,0.0009349670797094466,0.00017070085336053152,0.0003345736725866418,0.0035282362399323697,0.2300042547520971,0.011443105745058973,0.08230596551792707,0.014979145868401792,0.014926295903105664,0.0023839882155028067,0.002400218433368477
baseline_random,2000,0.5,0.2,5,0.0003747571410505687,0.0012397898188795519,0.00022635361678852495,0.0004436530889055089,0.8687590211093839,0.19636299316296804,0.03585081360486343,0.07026759466553233,0.004478371133732343,0.0033715274881825023,0.0006155538861754296,0.001206485616903842,0.004336101279973433,0.0028673899589905676,0.0005235113872343157,0.0010260823189792588,0.02039103430384553,0.012483022968066387,0.002279077755155017,0.004466992400103833,0.020225967677843855,0.012505732145851588,0.0022832238648001334,0.004475118775008262,0.000165066626001682,0.0012785088874611346,0.00023342271921109907,0.00045750852965375415,0.00809505901182006,0.2707540575564571,0.011452827677265322,0.09688809517501944,0.02039103430384553,0.020225967677843855,0.002279077755155017,0.0022832238648001334
baseline_random,2000,0.5,0.2,10,-0.00011936609578601899,0.0013725348695246009,0.00025058943633367797,0.0004911552952140088,0.9410643678118433,0.13070562764998642,0.02386347355225617,0.04677240816242209,0.009845449983523435,0.00484437878296882,0.0008844585121771486,0.0017335386838672113,0.008414395587922379,0.0047115999556575595,0.0008602165258846619,0.0016860243907339373,0.022311881522198058,0.018442690211195996,0.003367159149917254,0.006599631933837818,0.022628900267961893,0.019370291029404005,0.003536515114081513,0.006931569623599765,-0.00031701874576381335,0.002145206788016632,0.0003916593827699708,0.0007676523902291428,-0.014208516903804425,0.8884954378612366,0.016844688168227373,0.31794400912392556,0.022311881522198058,0.022628900267961893,0.003367159149917254,0.003536515114081513
baseline_random,2000,0.5,0.5,3,2.8525598357039777e-05,0.0007864413046943205,0.00014358388091162427,0.00028142440658678356,0.8703452536784543,0.23163107287868484,0.04228985454492626,0.08288811490805546,0.0017671137618099067,0.0017464627645064445,0.0003188590173210042,0.0006249636739491681,0.0019511036208263134,0.0019969209068893454,0.00036458620875232263,0.0007145889691545523,0.016807774525102688,0.012663609455223865,0.002312048186020606,0.004531614444600388,0.01714659858042977,0.01289166528473277,0.002353685293418133,0.00461322317509954,-0.00033882405532706356,0.0008252508870021407,0.00015066950880407312,0.0002953122372559833,-0.020158769670609367,0.525775922303785,0.008706613722492781,0.1881464974547262,0.016807774525102688,0.01714659858042977,0.002312048186020606,0.002353685293418133
baseline_random,2000,0.5,0.5,5,-0.00013827821893793585,0.0012227507774198701,0.0002232427276666138,0.000437555746226563,0.8837090828489297,0.18494070844786162,0.03376539927262668,0.0661801825743483,0.004570243425375673,0.0029100381776727036,0.000531297851037522,0.0010413437880335433,0.004341193982594514,0.0035917739738744853,0.0006557652089836756,0.0012852998096080043,0.015934254528852377,0.014480497672657204,0.002643765073071803,0.005181779543220734,0.01608329566894464,0.014989343340010968,0.002736667156504612,0.005363867626749039,-0.00014904114009226178,0.0012084373076598912,0.00022062945757871094,0.0004324337368542734,-0.009353505670591122,0.20228312690552483,0.013323126115453028,0.07238608731777293,0.015934254528852377,0.01608329566894464,0.002643765073071803,0.002736667156504612
baseline_random,2000,0.5,0.5,10,0.00025017975507342507,0.0014799867196092346,0.00027020737037935036,0.0005296064459435266,0.9335527239448987,0.1469999662631978,0.026838399158283947,0.05260326235023654,0.00990754117792122,0.004966181658691694,0.0009066965730446209,0.001777125283167457,0.008725460124628636,0.003958608710594675,0.0007227397623763811,0.001416569934257707,0.01895649647087424,0.015092680368674461,0.0027555338303794632,0.005400846307543748,0.018985613775560694,0.015057461204542976,0.002749103720162366,0.0053882432915182375,-2.9117304686440282e-05,0.0019375465776636702,0.00035374598893444246,0.0006933421383115072,-0.0015360066524525706,0.48706096742370375,0.0186806478991259,0.17429252877565757,0.01895649647087424,0.018985613775560694,0.0027555338303794632,0.002749103720162366
baseline_random,2000,0.5,1.0,3,-0.00017404744862571666,0.0009848800419355402,0.00017981367180157644,0.00035243479673108984,0.8487386330099085,0.2649516310920761,0.04837332833230573,0.09481172353131924,0.0019918598825679583,0.0015732457600363687,0.0002872340637570929,0.0005629787649639021,0.002056289858127865,0.0018486883561163292,0.0003375227714806857,0.000661544632102144,0.01998110868773969,0.015040633657421577,0.0027460314444470754,0.005382221631116267,0.01993208450312683,0.01440368972575949,0.002629741924701291,0.00515429417241453,4.902418461285459e-05,0.0013916737338103599,0.00025408369889845804,0.0004980040498409777,0.002453526747639323,0.6146251438546777,0.01255296058288955,0.21994078305672227,0.01998110868773969,0.01993208450312683,0.0027460314444470754,0.002629741924701291
baseline_random,2000,0.5,1.0,5,7.242991200247482e-05,0.001608005877846306,0.0002935803639657728,0.0005754175133729148,0.9033453595641617,0.1635279896364003,0.02985598956910916,0.05851773955545395,0.0035434039371003262,0.002730697625660963,0.0004985548957667691,0.0009771675957028676,0.0031519186828830375,0.0023244940591921246,0.00042439261033542516,0.0008318095162574333,0.020409193270566724,0.013826062000770158,0.0025242820130956085,0.004947592745667392,0.020549762386700827,0.013916903603715424,0.0025408673447932916,0.004980099995794851,-0.00014056911613409892,0.0012745633380638018,0.00023270236374220906,0.00045609663293472977,-0.006887539074698523,1.804504254717969,0.011412009649545328,0.6457335544764121,0.020409193270566724,0.020549762386700827,0.0025242820130956085,0.0025408673447932916
baseline_random,2000,0.5,1.0,10,0.00024934727660194916,0.001607852189106323,0.0002935523043691984,0.0005753625165636288,0.9087345652940638,0.15321556992539564,0.027973207936383106,0.05482748755531089,0.009285555719902383,0.004961889717082104,0.0009059129752995984,0.0017755894315872127,0.01000537970526568,0.0051239543628008736,0.0009355017960443494,0.0018335835202469247,0.020448192588193057,0.013831815255705567,0.0025253324089313423,0.004949651521505431,0.019885930161643806,0.01350552563485623,0.002465760347058345,0.004832890280234357,0.0005622624265492538,0.0019528059755125106,0.0003565319610730277,0.0006988026437031343,0.027496925418919682,0.22027339817567781,0.01695962617528883,0.07882382321276889,0.020448192588193057,0.019885930161643806,0.0025253324089313423,0.002465760347058345
baseline_random,2000,1.0,0.2,3,6.752222050061592e-05,0.0011359420558557298,0.00020739369600365887,0.00040649164416717135,0.816839419899045,0.23725949000033975,0.04331745821845249,0.08490221810816688,0.002684619536200127,0.0024552542471779075,0.00044826604519656823,0.0008786014485852738,0.0023044134290213713,0.002534341578955037,0.00046270535040564455,0.0009069024867950633,0.01795063095412967,0.015730073036780305,0.0028719052778161214,0.005628934344519598,0.018079431577531786,0.015783472644109918,0.002881654667648237,0.0056480431485905445,-0.0001288006234021003,0.0011032421716488045,0.0002014235412676789,0.00039479014088465063,-0.007175269979715404,0.1555129746323695,0.011264209070360529,0.055649603271373256,0.01795063095412967,0.018079431577531786,0.0028719052778161214,0.002881654667648237
baseline_random,2000,1.0,0.2,5,-7.152012460030331e-05,0.001055825811188801,0.00019276653786143224,0.0003778224142084072,0.9730265345035235,0.11821656026564692,0.021583292242721243,0.04230325279573364,0.0039054399524054667,0.0026600268945730136,0.0004856522445760186,0.0009518783993689965,0.00367270631073266,0.0021049494614231684,0.00038430943414327325,0.0007532464909208156,0.021527234174434664,0.016314875732962753,0.0029786751539457768,0.005838203301733722,0.021941462710203936,0.01670017669605407,0.0030490211635836365,0.005976081480623927,-0.00041422853576926694,0.0011853640522405126,0.00021641687675595363,0.0004241770784416691,-0.019242069483371038,0.10342508204056675,0.009617352839039575,0.03701019029102135,0.021527234174434664,0.021941462710203936,0.0029786751539457768,0.0030490211635836365
baseline_random,2000,1.0,0.2,10,-2.2296459470614535e-05,0.0014551039873014742,0.0002656644257869094,0.0005207022745423424,0.9472922767345644,0.11868060549850587,0.021668014923301105,0.04246930924967016,0.00991875397137435,0.003857023927263935,0.0007041930032665408,0.00138021828640242,0.008714997000873694,0.004232518931014213,0.0007727486978613788,0.0015145874478083023,0.015943672017012342,0.013734557645076681,0.0025075756798545105,0.004914848332514841,0.016529056676239207,0.01349762637910124,0.0024643181468701754,0.0048300635678655435,-0.0005853846592268673,0.0023013298657612387,0.0004201634265792554,0.0008235203160953406,-0.03671579913348966,0.731339533288439,0.02800693044208597,0.26170649092388726,0.015943672017012342,0.016529056676239207,0.0025075756798545105,0.0024643181468701754
baseline_random,2000,1.0,0.5,3,-1.3990721541866633e-05,0.0012067108287211153,0.00022031424709210258,0.00043181592430052105,0.8894227263667328,0.2115221841297624,0.03861849055354404,0.07569224148494633,0.0021282941695435135,0.001549035447984776,0.00028281388574546073,0.000554315216061103,0.0018427004101289164,0.001531239747503366,0.00027956485021870284,0.0005479471064286576,0.019752921684508727,0.012432790227408327,0.0022699065534271083,0.004449016844717132,0.019675211642855687,0.01262935509393879,0.0023057942238976837,0.00451935667883946,7.771004165305918e-05,0.0010202650463989457,0.0001862740601822525,0.0003650971579572149,0.003934103668015054,0.08157838689453752,0.009509940711479536,0.02919245083525438,0.019752921684508727,0.019675211642855687,0.0022699065534271083,0.0023057942238976837
baseline_random,2000,1.0,0.5,5,0.00012167743873926347,0.0013090426949254553,0.00023899740424934178,0.00046843491232870986,0.8614886013623924,0.19172552575689297,0.035004131768862676,0.06860809826697084,0.004578589336191669,0.003091829797156732,0.0005644883079564548,0.0011063970835946512,0.0037387082042572898,0.0023055215816722777,0.0004209287256989652,0.0008250203023699718,0.016987081460628082,0.01316683247046412,0.0024039237183215577,0.004711690487910253,0.016923507165328918,0.013154371467201406,0.002401648660796179,0.004707231375160511,6.357429529917557e-05,0.0013062953663973715,0.00023849581298010544,0.00046745179344100666,0.003742508414203649,0.7676426986510705,0.014018485800511979,0.2746974118081501,0.016987081460628082,0.016923507165328918,0.0024039237183215577,0.002401648660796179
baseline_random,2000,1.0,0.5,10,-0.0003506989558751842,0.0012436976714826748,0.0002270670897959035,0.0004450514959999709,0.8869940897524266,0.156625858950566,0.028595838678615808,0.056047843810086984,0.009366872527796636,0.004527418577380127,0.0008265897606996814,0.0016201159309713754,0.009642347833233639,0.004885435163860598,0.000891954347491799,0.0017482305210839261,0.023596616915125032,0.015783838207177756,0.0028817214100277187,0.0056481739636543285,0.023466630540508706,0.01595621657525328,0.0029131932502346834,0.00570985877045998,0.00012998637461631975,0.001568845772698485,0.00028643073965119425,0.0005614042497163408,0.005508686905579596,0.2046007800188801,0.012198021043943469,0.07321544883300202,0.023596616915125032,0.023466630540508706,0.0028817214100277187,0.0029131932502346834
baseline_random,2000,1.0,1.0,3,0.00016878382198281665,0.001231507478575269,0.00022484147525066164,0.00044068929149129683,0.8750126467639265,0.20663921128485108,0.03772698576192967,0.07394489209338215,0.002507048738469304,0.0015276128648758157,0.00027890267507585853,0.0005466492431486827,0.00229883599763689,0.0023920707031060222,0.00043673036107947044,0.0008559915077157621,0.021490479534040426,0.018229431133752236,0.003328223547481025,0.006523318153062808,0.02157707045492984,0.01850119684610534,0.0033778409511517767,0.0066205682642574825,-8.659092088941845e-05,0.0010250518350122986,0.00018714800421609993,0.0003668100882635558,-0.00402926890264399,0.4938873168347464,0.008580705957260348,0.17673530654011316,0.021490479534040426,0.02157707045492984,0.003328223547481025,0.0033778409511517767
baseline_random,2000,1.0,1.0,5,0.00048391966976688,0.001237485714923708,0.00022593294688470745,0.00044282857589402657,0.8616844446860151,0.2359906711608164,0.04308580465185433,0.08444817711763448,0.004685880195718314,0.0037692826058441575,0.0006881737029442329,0.0013488204577706965,0.004355858908282484,0.0025357656201043656,0.00046296534355907883,0.0009074120733757945,0.021001607039988917,0.013225986416286976,0.0024147237018190965,0.004732858455565429,0.0207391236594036,0.01296680256279069,0.0023674034207854197,0.0046401107047394224,0.00026248338058532003,0.0014441655405245464,0.00026366734777231174,0.000516788001633731,0.012498252161633472,0.4923775007407233,0.012300466017862818,0.17619502578962437,0.021001607039988917,0.0207391236594036,0.0024147237018190965,0.0023674034207854197
baseline_random,2000,1.0,1.0,10,9.200101482126669e-06,0.0014921321597455757,0.00027242481422385127,0.0005339526358787485,0.9391872386093438,0.09554544544726093,0.017444131912781363,0.03419049854905147,0.009629098080916111,0.004586755649557347,0.0008374231783422731,0.0016413494295508552,0.009050654306702245,0.003198115735454386,0.0005838933766068638,0.001144431018149453,0.016777336237707944,0.0158410522953747,0.0028921672255985712,0.005668647762173199,0.017287934892054824,0.015571203123492278,0.0028428997327438737,0.005572083476177992,-0.0005105986543468643,0.002405820951241796,0.0004392408014378894,0.0008609119708182631,-0.0304338333041978,1.0958928479823682,0.027647028246583938,0.3921602191863683,0.016777336237707944,0.017287934892054824,0.0028921672255985712,0.0028428997327438737
baseline_random,2000,2.0,0.2,3,-0.00027469528189368525,0.0007829967278450595,0.00014295499009782416,0.00028019178059173535,0.8364844552076233,0.22076778091925575,0.040306497859944994,0.07900073580549219,0.0022935464558506533,0.002147119016398448,0.00039200850630991154,0.0007683366723674266,0.0023798184062698317,0.0028272547429570895,0.0005161837328436894,0.0010117201163736312,0.02737676445734959,0.017005031513361007,0.003104679783651345,0.006085172375956636,0.027727356795577498,0.017119853340413726,0.003125643285241589,0.006126260839073514,-0.000350592338227883,0.0011119430198335554,0.0002030120915410842,0.00039790369942052504,-0.012806200629519093,0.1506309452004224,0.00745460736058227,0.05390259147580263,0.02737676445734959,0.027727356795577498,0.003104679783651345,0.003125643285241589
baseline_random,2000,2.0,0.2,5,-5.133306517512996e-05,0.0013083243097434794,0.00023886624565962655,0.000468177841492868,0.8722635458630795,0.2063359864259955,0.037671624730199166,0.07383638447119037,0.004275149655530204,0.0026960698100173376,0.0004922327505183878,0.00096477619101604,0.004199887414823767,0.0025974992863722446,0.00047423631741654986,0.0009295031821364377,0.02625393628578978,0.016143549594091307,0.002947395423629059,0.005776895030312956,0.026361303879947652,0.016085729336325082,0.0029368389371426176,0.00575620431679953,-0.00010736759415785023,0.001400597014743879,0.0002557128596498728,0.0005011972049137507,-0.004089580815200833,0.08409871598995079,0.009789512324926307,0.030094339019212085,0.02625393628578978,0.026361303879947652,0.002947395423629059,0.0029368389371426176
baseline_random,2000,2.0,0.2,10,0.00044395753200554,0.001324160992444004,0.00024175761511000291,0.0004738449256156057,0.9518628961125868,0.10962400672180245,0.02001451377520972,0.039228446999411054,0.009901269955030073,0.0045049642875506475,0.0008224901870155598,0.001612080766550497,0.009042299842124334,0.003356147011485736,0.0006127458081647625,0.0012009817840029345,0.027840431018423806,0.019136473727872572,0.003493826110620262,0.006847899176815713,0.028019305087629794,0.019220310138323458,0.003509132475001666,0.006877899651003265,-0.00017887406920600595,0.002407130483435654,0.00043947988821200774,0.0008613805808955351,-0.006424974853572296,0.11798137158927602,0.015828772024943615,0.042219091608765795,0.027840431018423806,0.028019305087629794,0.003493826110620262,0.003509132475001666
baseline_random,2000,2.0,0.5,3,-0.0003284946397579177,0.0008372589941020052,0.000152861879181251,0.00029960928319525197,0.8589965559220984,0.23780952606968087,0.04341788060599236,0.08509904598774502,0.0016474653902477,0.0015049493918743073,0.00027476490994441337,0.0005385392234910502,0.002109062640833526,0.0025779519286784226,0.00047066747450037375,0.0009225082500207326,0.02554123621379747,0.019449930279751226,0.003551055185374171,0.006960068163333374,0.025596923364948943,0.019562535818613523,0.0035716140499524726,0.007000363537906846,-5.5687151151474845e-05,0.0010214691434720397,0.000186493897225039,0.0003655280385610764,-0.002180284097658136,0.12818484035698222,0.007282391800102511,0.045870356014562255,0.02554123621379747,0.025596923364948943,0.003551055185374171,0.0035716140499524726
baseline_random,2000,2.0,0.5,5,0.00010969621881630306,0.001592739155866482,0.0002907930546299363,0.0005699543870746751,0.8703195048099921,0.21458167867603348,0.039177075279396276,0.0767870675476167,0.004193342525117189,0.0028551447699468103,0.0005212757318142553,0.0010217004343559405,0.004003412830306303,0.0025734482792226163,0.0004698452243676934,0.000920896639760679,0.024993987412729284,0.01780697207101813,0.003251093428053705,0.006372143118985261,0.024920043340086333,0.017394717691045492,0.003175826420273265,0.0062246197837356,7.394407264293184e-05,0.0018142312110737615,0.00033123178627833847,0.0006492143011055434,0.002958474429145763,0.3723526914349737,0.01315162617707722,0.13324469938517455,0.024993987412729284,0.024920043340086333,0.003251093428053705,0.003175826420273265
baseline_random,2000,2.0,0.5,10,-0.00010706649719517336,0.0012509903545710132,0.00022839854547330996,0.0004476611491276875,0.9318632042828973,0.1331755603277392,0.024314419499964282,0.04765626221992999,0.010396475869627005,0.0049123919466949936,0.0008968759601705212,0.0017578768819342216,0.008005672819193229,0.004296847339349626,0.0007844934046392819,0.0015376070730929925,0.024688305712769396,0.019598230501888966,0.0035781309776901265,0.007013136716272648,0.025329080023573848,0.018975401666819828,0.0034644185102127825,0.006790260280017054,-0.0006407743108044404,0.0019087518295834629,0.0003484888112473731,0.0006830380700448513,-0.02595456805579932,0.34944899051615796,0.015895632415274055,0.12504871527136427,0.024688305712769396,0.025329080023573848,0.0035781309776901265,0.0034644185102127825
baseline_random,2000,2.0,1.0,3,-0.0002180897537607018,0.0009062118188447265,0.00016545088501968062,0.000324283734638574,0.8369165347160278,0.2527569394126145,0.04614689242741851,0.09044790915774029,0.0015197560917801945,0.0013611071058910493,0.00024850302169236683,0.00048706592251703896,0.0020517162376228167,0.0015614702244593998,0.00028508415493635607,0.0005587649436752578,0.02616806231489193,0.020640113033875026,0.0037683518327032476,0.007385969592098365,0.02644595012453764,0.020359038187907057,0.003717034821541932,0.007285388250222186,-0.00027788780964570507,0.0012683612671962846,0.00023157002570308078,0.00045387725037803833,-0.010619349889256613,0.25102975419985335,0.009350830308103101,0.0898298438670881,0.02616806231489193,0.02644595012453764,0.0037683518327032476,0.003717034821541932
baseline_random,2000,2.0,1.0,5,2.536050845948331e-05,0.0012834490866667396,0.0002343246720589254,0.0004592763572354938,0.8329345139812963,0.2508953416642416,0.04580701273415696,0.08978174495894764,0.0037597675387554532,0.002775760382052055,0.0005067821918263561,0.000993293095979658,0.004601328303223581,0.0024009140525815573,0.00043834492841002113,0.0008591560596836414,0.03202407342222617,0.021248603042573696,0.003879446400630173,0.007603714945235139,0.03212798191251425,0.021378243299609412,0.003903115365009916,0.007650106115419435,-0.00010390849028803757,0.0011785890386881608,0.00021517993417261155,0.00042175267097831865,-0.0032446993522055045,0.6051989865575007,0.006698315322684019,0.21656767598831517,0.03202407342222617,0.03212798191251425,0.003879446400630173,0.003903115365009916
baseline_random,2000,2.0,1.0,10,6.082578367303716e-05,0.0014184513238767113,0.000258972595603447,0.0005075862873827561,0.8872862283994419,0.1723878523778648,0.03147357179574238,0.06168820071965506,0.00877803933423288,0.0048590857680168055,0.000887143627998373,0.001738801510876811,0.009296399514123367,0.0038331236857658,0.0006998294361337576,0.0013716656948221649,0.03131467766652145,0.018727617145086015,0.003419179452894703,0.006701591727673618,0.031240823604797338,0.019104930524757712,0.0034880671359929366,0.006836611586546156,7.385406172411669e-05,0.00213365708134308,0.0003895507044774133,0.0007635193807757301,0.0023584487284398215,0.21695717485474847,0.01247382270729352,0.07763712793795172,0.03131467766652145,0.031240823604797338,0.003419179452894703,0.0034880671359929366
baseline_random,10000,0.5,0.2,3,-2.041023380623985e-05,0.00023483916844476102,4.287556998098367e-05,8.403611716272799e-05,0.8887442261715967,0.17935790319657738,0.03274612314919779,0.06418240137242766,0.0004159955327819577,0.0005725016997117141,0.00010452403171405156,0.00020486710215954104,0.00043623573925115436,0.00033178503584928244,6.05753827924374e-05,0.0001187277502731773,0.008755299425527914,0.0045119580274468486,0.0008237670633830507,0.0016145834442307795,0.008724503459278395,0.004539877242415189,0.0008288643913250494,0.001624574206997097,3.079596624950021e-05,0.00016291503536126477,2.974407994137217e-05,5.8298396685089456e-05,0.0035174086861869958,0.024264964360637815,0.0034636525183795105,0.008683105980421765,0.008755299425527914,0.008724503459278395,0.0008237670633830507,0.0008288643913250494
baseline_random,10000,0.5,0.2,5,-7.19551313818955e-05,0.0002195902099777808,4.009150380404218e-05,7.857934745592267e-05,0.9209663293155612,0.14717038433318935,0.026869513098664234,0.0526642456733819,0.0008279026013871309,0.0004608670487562785,8.414242620488231e-05,0.0001649191553615693,0.0008265637858122869,0.0005484102827377412,0.00010012556087441563,0.00019624609931385463,0.010691209229192809,0.006552117104326271,0.0011962474458183095,0.0023446449938038863,0.010579258985394182,0.006527581062741798,0.0011917677980024092,0.002335864884084722,0.0001119502437986391,0.0002934980938871871,5.358517553559382e-05,0.00010502694404976389,0.010471242438408357,0.09968266168499816,0.005024998482232786,0.03567098236605922,0.010691209229192809,0.010579258985394182,0.0011962474458183095,0.0011917677980024092
baseline_random,10000,0.5,0.2,10,3.737569792916829e-05,0.0002910848706641047,5.314458327040131e-05,0.00010416338320998657,0.9286037632939587,0.12141690729433732,0.022167592995874032,0.0434484822719131,0.0018930671845177002,0.0009480145221447018,0.000173082979540378,0.0003392426398991409,0.0017482599650839165,0.0008265480179320062,0.0001509063314275148,0.000295776409597929,0.009164545048220486,0.006279846976156843,0.0011465379488405701,0.002247214379727517,0.009300425319111934,0.006360775803136262,0.0011613134635369234,0.00227617438853237,-0.00013588027089143014,0.0004116899447024371,7.516395647052642e-05,0.00014732135468223178,-0.014826733916031287,0.29729721711831686,0.008104605371831601,0.1063864428381526,0.009164545048220486,0.009300425319111934,0.0011465379488405701,0.0011613134635369234
baseline_random,10000,0.5,0.5,3,-6.39865147084831e-05,0.00020972303934581302,3.8290013159415094e-05,7.504842579245359e-05,0.9086614979344392,0.18934167620671255,0.03456890237808522,0.06775504866104703,0.0002894084705491385,0.0002691095627623037,4.913245932175533e-05,9.629962027064044e-05,0.0005035682591438314,0.0004977072611143053,9.086849798213961e-05,0.00017810225604499363,0.009604178445154097,0.007529275763143734,0.0013746513923835824,0.0026943167290718216,0.009638629438271052,0.0075084368028749005,0.0013708467361788512,0.002686859602910548,-3.4450993116953336e-05,0.00026606090735688026,4.857585354321851e-05,9.520867294470827e-05,-0.0035870838212441747,0.14128815298188704,0.005132519063848204,0.050559316217661285,0.009604178445154097,0.009638629438271052,0.0013746513923835824,0.0013708467361788512
baseline_random,10000,0.5,0.5,5,-1.3604846900914942e-05,0.00020848177974452857,3.806339119830064e-05,7.460424674866925e-05,0.8641517460972022,0.22704727476249925,0.041452971335831416,0.08124782381822958,0.0008300713082549214,0.0006301630067973882,0.0001150514979094036,0.00022550093590243105,0.0008414148441490967,0.0006074725226432573,0.00011090880123875994,0.00021738125042796948,0.007860905759720095,0.0058691879182217205,0.0010715622056822742,0.0021002619231372576,0.007967785271428924,0.005873204995016765,0.0010722956202075663,0.00210169941560683,-0.00010687951170881561,0.0002763261189069812,5.045001618440279e-05,9.888203172142947e-05,-0.013596335457484843,0.9033013680768605,0.006696099501618294,0.32324224320703593,0.007860905759720095,0.007967785271428924,0.0010715622056822742,0.0010722956202075663
baseline_random,10000,0.5,0.5,10,-4.3740255069583e-05,0.0002362842839087245,4.313941076025445e-05,8.455324509009873e-05,0.8467701484861492,0.2097584264396868,0.038296473929268174,0.07506108890136562,0.0020214479576558734,0.0009260217946408732,0.00016906767522207428,0.0003313726434352656,0.001722550419079507,0.0006955175537034672,0.00012698355110139992,0.00024888776015874383,0.0078067074889041094,0.005652457504680558,0.0010319928268843015,0.002022705940693231,0.0077558585783583335,0.005702613026878583,0.001041149930514738,0.0020406538638088867,5.0848910545774425e-05,0.0003802653425507051,6.942663531748342e-05,0.0001360762052222675,0.0065134899210773645,0.12661987724609705,0.009019103307935719,0.04531034115753201,0.0078067074889041094,0.0077558585783583335,0.0010319928268843015,0.001041149930514738
baseline_random,10000,0.5,1.0,3,4.709582377466232e-05,0.0002048358729258236,3.7397742729245106e-05,7.32995757493204e-05,0.8449711835826663,0.2306789007445708,0.04211601249276556,0.0825473844858205,0.0005228768759234638,0.00043582444351039136,7.957029294092579e-05,0.00015595777416421453,0.00040737107639916506,0.0003390142999780549,6.18952598049346e-05,0.0001213147092176718,0.009142303606812573,0.00898724195006759,0.0016408383819362456,0.0032160432285950414,0.009205858341826828,0.008914185715426078,0.0016275001993763967,0.0031899003907777377,-6.355473501426927e-05,0.00020207436016874615,3.689356178594857e-05,7.23113811004592e-05,-0.006951720020203167,0.07778586281467718,0.004645513534629461,0.02783531352281931,0.009142303606812573,0.009205858341826828,0.0016408383819362456,0.0016275001993763967
baseline_random,10000,0.5,1.0,5,2.1819816195468317e-05,0.00018784603763571361,3.4295837383681584e-05,6.72198412720159e-05,0.8504186472417793,0.20761125948043926,0.03790445666983162,0.07429273507286997,0.0007092193970522712,0.0004450355520777017,8.125200358824076e-05,0.00015925392703295188,0.0009203735617384028,0.0006587774258577122,0.00012027575217248536,0.0002357404742580713,0.008831800715457134,0.006551899140187456,0.001196207651193124,0.002344566996338523,0.008824198035857999,0.00661013348877515,0.0012068397399741572,0.002365405890349348,7.602679599136897e-06,0.00040009805605624584,7.304757683865743e-05,0.00014317325060376855,0.0008608300667188873,0.08733549458643625,0.008285267175368755,0.031252605364496144,0.008831800715457134,0.008824198035857999,0.001196207651193124,0.0012068397399741572
baseline_random,10000,0.5,1.0,10,0.00010307359438456321,0.00034357105751292057,6.272720610191045e-05,0.00012294532395974448,0.9255342118901322,0.12889914521008142,0.02353365649156519,0.046125966723467776,0.0020081738411251463,0.0008897982269839556,0.0001624541868490715,0.00031841020622418013,0.0017777106901138066,0.000756954117196936,0.00013820028166172367,0.0002708725520569784,0.0081446740788962,0.0054562899254349114,0.000996177690816294,0.001952508273999936,0.00806540210597954,0.005492744407336936,0.0010028333381695948,0.0019655533428124057,7.927197291663909e-05,0.00045173487748112766,8.247512746941537e-05,0.00016165124984005412,0.00973298282396129,0.28435720923000535,0.010242679121061433,0.10175592048453357,0.0081446740788962,0.00806540210597954,0.000996177690816294,0.0010028333381695948
baseline_random,10000,1.0,0.2,3,4.311000432509871e-06,0.00024406724570472346,4.4560378673544304e-05,8.733834220014684e-05,0.8021644805650505,0.279223164659762,0.05097894195404365,0.09991872622992555,0.00039392150661818586,0.00039130059075522205,7.144138677391085e-05,0.00014002511807686526,0.0003223005433998305,0.00026307963495764727,4.8031550162176024e-05,9.4141838317865e-05,0.010186001567935072,0.006384852389712924,0.0011657092267288447,0.0022847900843885357,0.010193804628293427,0.006319026962359355,0.0011536912029225222,0.0022612347577281437,-7.803060358347665e-06,0.0001708583584814105,3.1194325692857544e-05,6.114087835800078e-05,-0.0007660572508567665,0.031934493234480686,0.00309829018576408,0.011427611640587176,0.010186001567935072,0.010193804628293427,0.0011657092267288447,0.0011536912029225222
baseline_random,10000,1.0,0.2,5,-1.6328238608765186e-05,0.0003087004467787934,5.6360732737556044e-05,0.00011046703616560984,0.8619850838340624,0.19173705451460613,0.035006236622415844,0.06861222377993505,0.0006982691891760032,0.0005125891853700285,9.358555318678722e-05,0.00018342768424610295,0.0009293936594585434,0.000545773559574371,9.964416328959088e-05,0.00019530256004759812,0.012429654215470192,0.008578122576391296,0.0015661437453779485,0.003069641740940779,0.012473806600933118,0.008618801240636525,0.0015735706193833786,0.003084198413991422,-4.415238546291865e-05,0.00028181069091767834,5.1451357453909556e-05,0.00010084466060966273,-0.003552181315548797,0.060160444926849035,0.004106058964922038,0.021528138733908533,0.012429654215470192,0.012473806600933118,0.0015661437453779485,0.0015735706193833786
baseline_random,10000,1.0,0.2,10,8.91613629943209e-06,0.00019521210075534954,3.564069036055874e-05,6.985575310669513e-05,0.9407943259896339,0.12866678452607405,0.02349123342886247,0.04604281752057044,0.0016080123837847434,0.0008534985085745144,0.000155826795314426,0.0003054205188162749,0.002063198803919227,0.0010507890642832123,0.00019184695789588714,0.00037602003747593877,0.009597526877213543,0.006750118597006845,0.001232397407138591,0.0024154989179916383,0.00965393796087099,0.006811516917481273,0.0012436071555108495,0.002437470024801265,-5.641108365742166e-05,0.00040400524299169434,7.37609283123023e-05,0.0001445714194921125,-0.005877668734783903,0.1278568415086614,0.007629630510464164,0.045752983134095704,0.009597526877213543,0.00965393796087099,0.001232397407138591,0.0012436071555108495
baseline_random,10000,1.0,0.5,3,-9.049426074853936e-06,0.0001992978906272817,3.638665011991987e-05,7.131783423504294e-05,0.8572973724547843,0.2137065475177656,0.03901729892067663,0.0764739058845262,0.0003653520481274893,0.0003015445015499784,5.50542418635249e-05,0.0001079063140525088,0.00044101114325596904,0.000331542499658008,6.0531101944779936e-05,0.00011864095981176867,0.011706322970318773,0.008077407100138791,0.0014747260249661355,0.0028904630089336253,0.011754195852280217,0.00804032976668609,0.0014679566609980736,0.002877195055556224,-4.787288196144978e-05,0.0001480418934841438,2.7028628172347546e-05,5.2976111217801186e-05,-0.004089489251477563,0.07790029077677256,0.0024925182961402265,0.027876261043171313,0.011706322970318773,0.011754195852280217,0.0014747260249661355,0.0014679566609980736
baseline_random,10000,1.0,0.5,5,-3.215538106774471e-05,0.0002446223693171602,4.4661729915122754e-05,8.75369906336406e-05,0.8772538112286067,0.2173143809802214,0.03967599617771297,0.07776495250831741,0.0008065252740523739,0.0006076923285896618,0.00011094893213046645,0.00021745990697571424,0.0007851587178416687,0.000404796603294262,7.390541027524577e-05,0.00014485460413948172,0.010642870479296289,0.0077303446799649395,0.0014113613861689504,0.0027662683168911428,0.010583043976858521,0.007768159816221386,0.0014182654538832128,0.002779800289611097,5.982650243776112e-05,0.00036294894016232536,6.626510724983278e-05,0.00012987961020967224,0.0056212750642928855,0.1942689164326336,0.00633035473232906,0.06951823893146312,0.010642870479296289,0.010583043976858521,0.0014113613861689504,0.0014182654538832128
baseline_random,10000,1.0,0.5,10,1.0063123767504075e-05,0.00030028759991522003,5.482476407088414e-05,0.00010745653757893292,0.9212386335511628,0.14586888541607648,0.026631892993507145,0.052198510267274005,0.0017260443272245636,0.0009440465367734803,0.00017235852784182182,0.0003378227145699708,0.002005112424473727,0.0009464656558607863,0.00017280019653962477,0.00033868838521766454,0.012296833443721927,0.008779229642891144,0.0016028607043098346,0.003141606980447276,0.012195672733706142,0.008964489474720179,0.0016366843672739597,0.003207901359856961,0.00010116071001577431,0.0005497619306705549,0.00010037233689528472,0.00019672978031475805,0.008226565845488643,0.16770563528198743,0.00855503639099976,0.060012690850256796,0.012296833443721927,0.012195672733706142,0.0016028607043098346,0.0016366843672739597
baseline_random,10000,1.0,1.0,3,-3.0087235113951062e-05,0.00020993702200818693,3.832908086978083e-05,7.512499850477042e-05,0.8622246406408337,0.19800360204222972,0.0361503464352684,0.07085467901312606,0.00039067165215049673,0.0003969612022621847,7.247486831112311e-05,0.0001420507418898013,0.0004200957291834735,0.00039996029304958713,7.302242486987853e-05,0.0001431239527449619,0.013989392531575964,0.008894543617344677,0.0016239140593110927,0.0031828715562497415,0.013974422682491052,0.00881690362750046,0.0016097390013770428,0.0031550884426990037,1.4969849084917466e-05,0.0002488680779460788,4.543688671134044e-05,8.905629795422726e-05,0.001070085713237523,0.31404167224348045,0.0032097827593991417,0.11237836915114019,0.013989392531575964,0.013974422682491052,0.0016239140593110927,0.0016097390013770428
baseline_random,10000,1.0,1.0,5,0.00011777614294971895,0.00035687988630812395,6.515705468361285e-05,0.0001277078271798812,0.8935368429468209,0.20175535572684047,0.036835319809689876,0.07219722682699216,0.000871802366526771,0.0005421267536979442,9.897835067580376e-05,0.00019399756732457537,0.0007735876859429922,0.0005137896199652985,9.380472155566687e-05,0.00018385725424910706,0.01221864266589868,0.006846948081696172,0.0012500759714705728,0.0024501489040823225,0.012271102016612983,0.0068076395602031155,0.0012428992501625983,0.0024360825303186926,-5.245935071429246e-05,0.00031937284960022226,5.830923799358217e-05,0.00011428610646742106,-0.004293386110775899,0.03501602245767028,0.004855788398951701,0.012530322711126685,0.01221864266589868,0.012271102016612983,0.0012500759714705728,0.0012428992501625983
baseline_random,10000,1.0,1.0,10,2.7874147902254528e-05,0.00020655815552563688,3.7712187072683896e-05,7.391588666246044e-05,0.88185755161827,0.17717908228954307,0.0323483266960156,0.06340272032419059,0.00212597049554555,0.0010429666892445401,0.0001904187941419051,0.000373220836518134,0.0017332899539612972,0.0008677307753507034,0.000158425239833676,0.00031051347007400495,0.014564627784353181,0.01127578012844186,0.0020586663766053686,0.004034986098146522,0.014532475077989918,0.011201964821695928,0.0020451896070740653,0.004008571629865168,3.2152706363267573e-05,0.0005520304102288875,0.00010078650270373077,0.0001975415452993123,0.0022075886070913597,1.7591522815236986,0.006877630406826376,0.629504559295776,0.014564627784353181,0.014532475077989918,0.0020586663766053686,0.0020451896070740653
baseline_random,10000,2.0,0.2,3,3.948109994932521e-06,0.0002296978168460059,4.193689189874919e-05,8.219630812154841e-05,0.8906169147652636,0.2149670247189445,0.039247429519445515,0.0769249618581132,0.0003821636133077897,0.00031637006533890037,5.776100710183301e-05,0.0001132115739195927,0.0004014272793459701,0.0003641364283700115,6.648191194253981e-05,0.00013030454740737803,0.02013620679954496,0.011177033705920445,0.002040637828909397,0.003999650144662418,0.02011256975745156,0.011192005429304883,0.0020433712791168585,0.004005007707069043,2.3637042093405402e-05,0.00018183267834839763,3.3197953207666195e-05,6.506798828702574e-05,0.001173857734413808,0.044530460076316794,0.001661743554113515,0.015935020486856195,0.02013620679954496,0.02011256975745156,0.002040637828909397,0.0020433712791168585
baseline_random,10000,2.0,0.2,5,-1.443071520688918e-05,0.0002353841629735149,4.297507191335547e-05,8.423114095017673e-05,0.9119712247072638,0.1449899634364476,0.026471424528663866,0.051883992076181176,0.0009164479576322968,0.0005439415084953823,9.930967805543628e-05,0.0001946469689886551,0.0007046761318645667,0.00040987086102591393,7.483183874931936e-05,0.00014667040394866594,0.022003254078725734,0.009806203380659488,0.0017903595983568734,0.003509104812779472,0.02202502011785997,0.009800445040772866,0.0017893082741403119,0.0035070442173150114,-2.176603913424591e-05,0.00022918419495719005,4.1843117800571576e-05,8.201251088912029e-05,-0.000989219097155436,0.01411897593876003,0.001906338693682421,0.005052410652213944,0.022003254078725734,0.02202502011785997,0.0017903595983568734,0.0017893082741403119
baseline_random,10000,2.0,0.2,10,-3.791625155383498e-06,0.0003015711415300971,5.505910563620573e-05,0.00010791584704696324,0.88296899874959,0.18980858955728983,0.03465414870292238,0.06792213145772787,0.0017723587553066065,0.0009010884231299486,0.00016451548521834424,0.0003224503510279547,0.0016854776556202405,0.0006840808827521397,0.0001248955102137979,0.0002447952000190439,0.02106052011210459,0.01045182269607425,0.0019082330192281096,0.003740136717687095,0.021303214240078513,0.010473594945504778,0.001912208069941686,0.0037479278170857045,-0.00024269412797389827,0.0004180517443560737,7.632545686273486e-05,0.00014959789545096033,-0.011523653104580145,0.050576105060167735,0.0037391314616339434,0.018098426759973963,0.02106052011210459,0.021303214240078513,0.0019082330192281096,0.001912208069941686
baseline_random,10000,2.0,0.5,3,-2.2398887247023174e-05,0.00019156450563045325,3.497473365037488e-05,6.855047795473476e-05,0.8546968538016757,0.2397471234092106,0.043771635862733166,0.08579240629095701,0.00037067397242971045,0.0003314598850707627,6.051601865377553e-05,0.00011861139656140003,0.00046758830492622534,0.0005710198916514875,0.00010425349181389186,0.00020433684395522805,0.02026179276624269,0.005258206666853763,0.000960012801153286,0.0018816250902604404,0.020262035726653187,0.0052962230019644105,0.0009669536025845451,0.0018952290610657083,-2.4296041050411553e-07,0.00015366385200626497,2.805505267232227e-05,5.498790323775164e-05,-1.1991061862115515e-05,0.007858318384306407,0.0013844956950824906,0.0028120631188528846,0.02026179276624269,0.020262035726653187,0.000960012801153286,0.0009669536025845451
baseline_random,10000,2.0,0.5,5,-5.770026381918617e-05,0.0001842266781848288,3.363503577869188e-05,6.592467012623608e-05,0.8213614321447636,0.2326067371674376,0.042467985658093635,0.08323725188986353,0.00092443733215276,0.00036752431950943756,6.710045340901832e-05,0.0001315168886816759,0.000782491956698584,0.0006910665785557179,0.00012617091793762754,0.00024729499915775,0.02233848641251708,0.009200841669364085,0.0016798361767813995,0.003292478906491543,0.02240307657916341,0.009135764524879157,0.0016679547701105935,0.003269191349416763,-6.459016664631936e-05,0.00020729601828988503,3.7846901766124504e-05,7.417992746160403e-05,-0.0028914298602673583,0.014618399712636315,0.0017766617761952237,0.005231127154462126,0.02233848641251708,0.02240307657916341,0.0016798361767813995,0.0016679547701105935
baseline_random,10000,2.0,0.5,10,3.950682576830038e-05,0.00028792160062995784,5.256705181934052e-05,0.00010303142156590741,0.923165818473987,0.12678792665607735,0.02314820248294804,0.045370476866578156,0.0017597394288393932,0.0007055646284462487,0.0001288178875925872,0.0002524830596814709,0.0017019547718791204,0.0008790094490891003,0.00016048443450876303,0.00031454949163717554,0.020236625219083215,0.009486131120841892,0.0017319226661122898,0.003394568425580088,0.020301227323985902,0.009607437120607625,0.0017540700102564256,0.003437977220102594,-6.460210490268199e-05,0.00039790401860374146,7.264700223707482e-05,0.00014238812438466665,-0.0031923358862113727,0.03477537535288332,0.0035215287692727257,0.0124442082506358,0.020236625219083215,0.020301227323985902,0.0017319226661122898,0.0017540700102564256
baseline_random,10000,2.0,1.0,3,3.937803054961684e-05,0.00024086420598994402,4.3975586305421095e-05,8.619214915862534e-05,0.8133428912781512,0.26954906512041027,0.049212701106959224,0.09645689416964008,0.0003491215399243614,0.0004936580175956697,9.012921064347684e-05,0.0001766532528612146,0.00042093165831705857,0.0003955972869664651,7.222585258645912e-05,0.00014156267106945987,0.025021803993017743,0.009946061967341838,0.0018158941659524451,0.0035591525652667925,0.02503202316261837,0.009893435640534808,0.0018062859571821622,0.003540320476077038,-1.0219169600613882e-05,0.0001214295340969177,2.2169898324074843e-05,4.345300071518669e-05,-0.0004084105847634856,0.00633013668326291,0.0008994101441731026,0.0022652103202958334,0.025021803993017743,0.02503202316261837,0.0018158941659524451,0.0018062859571821622
baseline_random,10000,2.0,1.0,5,3.2089099826947304e-05,0.0002846914998430223,5.1977318798000585e-05,0.00010187554484408114,0.804078771751712,0.19926737030873426,0.036381077897609644,0.0713069126793149,0.0006844317782256133,0.0003355688891071249,6.126621672030731e-05,0.00012008178477180233,0.0008369353504406036,0.0005004433233563107,9.136803231836779e-05,0.00017908134334400087,0.02107067633450972,0.011766365102199881,0.0021482345287721512,0.004210539676393416,0.02101239569440031,0.01179140823613229,0.0021528067585606194,0.004219501246778814,5.8280640109411275e-05,0.00030672640411428333,5.6000323505279456e-05,0.00010976063407034773,0.0027659596295898092,0.03141823753124166,0.002691852452303321,0.0112428719097721,0.02107067633450972,0.02101239569440031,0.0021482345287721512,0.0021528067585606194
baseline_random,10000,2.0,1.0,10,-5.376641679826669e-05,0.00030692682988917535,5.6036916077950724e-05,0.00010983235551278341,0.940589869556512,0.1388891057050205,0.02535756539545306,0.049700828175088,0.0019174228278106531,0.001116738636749641,0.00020388764739511536,0.0003996197888944261,0.00168378845585199,0.000761363402923932,0.0001390053034134441,0.0002724503946903504,0.025519354095438075,0.006803449120197366,0.001242134183990258,0.0024345830006209054,0.02542731364318861,0.00678051659742008,0.001237947297315051,0.0024263767027374998,9.204045224946751e-05,0.0003668788220727119,6.698260224004951e-05,0.00013128590039049705,0.0036066920779126432,0.017062270051700724,0.00261494068853284,0.006105654923846731,0.025519354095438075,0.02542731364318861,0.001242134183990258,0.001237947297315051
