method,n,z_effect_scale,zx_influence_scale,n_strata,nonlinear,ARI_mean,ARI_sd,ARI_se,ARI_ci95,C1_heterogeneity_mean,C1_heterogeneity_sd,C1_heterogeneity_se,C1_heterogeneity_ci95,C1_excess_mean,C1_excess_sd,C1_excess_se,C1_excess_ci95,W_true_mean,W_true_sd,W_true_se,W_true_ci95,W_true_excess_mean,W_true_excess_sd,W_true_excess_se,W_true_excess_ci95,W_est_mean,W_est_sd,W_est_se,W_est_ci95,W_est_excess_mean,W_est_excess_sd,W_est_excess_se,W_est_excess_ci95,bias_crude_mean,bias_crude_sd,bias_crude_se,bias_crude_ci95,bias_stratified_mean,bias_stratified_sd,bias_stratified_se,bias_stratified_ci95,bias_re_mean,bias_re_sd,bias_re_se,bias_re_ci95,bias_reduction_mean,bias_reduction_sd,bias_reduction_se,bias_reduction_ci95,bias_reduction_relative_mean,bias_reduction_relative_sd,bias_reduction_relative_se,bias_reduction_relative_ci95,bias_reduction_re_mean,bias_reduction_re_sd,bias_reduction_re_se,bias_reduction_re_ci95,bias_reduction_relative_re_mean,bias_reduction_relative_re_sd,bias_reduction_relative_re_se,bias_reduction_relative_re_ci95,re_tau2_mean,re_tau2_sd,re_tau2_se,re_tau2_ci95,re_I2_mean,re_I2_sd,re_I2_se,re_I2_ci95,abs_bias_crude_mean,abs_bias_stratified_mean,abs_bias_crude_se,abs_bias_stratified_se,abs_bias_re_mean,abs_bias_re_se
1A_predicted_prob,500,0.5,0.2,5,False,0.0025926366953136033,0.007508775054914908,0.0013709084922696626,0.0026869806448485386,0.9301134310550304,0.15755631438744747,0.028765715822460243,0.05638080301202208,0.04743279569049285,0.1265959109922505,0.023113145379457273,0.04530176494373626,0.04523073295048734,0.02393973234257663,0.004370777141555071,0.008566723197447938,0.0,0.0,0.0,0.0,0.106551184080161,0.12066785394963249,0.022030835191317523,0.04318043697498235,0.052000128269275706,0.09584725937391027,0.017499235344713045,0.03429850127563757,0.03927371616446476,0.027534893046305683,0.005027160679984588,0.009853234932769793,0.03899869732237468,0.0273030237606698,0.00498482733393946,0.00977026157452134,0.035097008551647886,0.024151706236217294,0.004409478102604802,0.00864257708110541,0.00027501884209008676,0.008113054952101201,0.001481234402514941,0.0029032194289292843,0.007002618263532656,0.4790806931487659,0.03756846725058016,0.17143682430182264,0.004176707612816864,0.010404837827424565,0.0018996547950878263,0.0037233233983721393,0.1063486733805955,0.9731094444040443,0.04329231350571012,0.34822274249932406,0.0023789280030752165,0.004013740316725982,0.0007328053704795835,0.0014362985261399837,0.13762775249379913,0.1857959751536773,0.033921548895112806,0.06648623583442109,0.03927371616446476,0.03899869732237468,0.005027160679984588,0.00498482733393946,0.035097008551647886,0.004409478102604802
1A_predicted_prob,500,0.5,0.5,5,False,0.00520733180055788,0.007143655089145217,0.0013042470117871378,0.00255632414310279,0.9334026352495248,0.131401986073523,0.023990610624482746,0.047021596823986184,0.03943826949454335,0.09973137441985683,0.018208374486916427,0.0356884139943562,0.1075395033022091,0.059251304959505015,0.010817758762646207,0.021202807174786564,0.0,0.0,0.0,0.0,0.0812865242804453,0.09279840084235907,0.016942592480588825,0.033207481261954094,0.03241552209901645,0.06556031324895102,0.011969620814518427,0.023460456796456117,0.03611356967754695,0.025678533710310442,0.0046882373855979525,0.009188945275771987,0.0348661224941199,0.026868925637111973,0.004905572222458365,0.009614921556018395,0.033194361640239985,0.0234859770712577,0.004287933142325653,0.00840434895895828,0.0012474471834270399,0.009051824009014936,0.0016526293987681089,0.0032391536215854934,0.03454233947420138,0.9382275803777582,0.045794727061398754,0.3357404277663078,0.0029192080373069535,0.01336084044163802,0.0024393445657041432,0.004781115348780121,0.08083410372810462,2.058172035940926,0.06388373895137421,0.7365074041899701,0.00220360871445662,0.003891551942150052,0.0007104969274728742,0.0013925739778468335,0.1300982258106254,0.19586099796922807,0.03575916224107325,0.07008795799250357,0.03611356967754695,0.0348661224941199,0.0046882373855979525,0.004905572222458365,0.033194361640239985,0.004287933142325653
1A_predicted_prob,500,0.5,1.0,5,False,0.021836950717307686,0.010803736789384571,0.001972483448298123,0.0038660675586643213,0.8781335722130533,0.18487832227226403,0.03375400916740959,0.06615785796812279,0.08953794620839951,0.1415623272893869,0.025845626649775452,0.050657428233559884,0.283879679260271,0.09440721995718035,0.017236321320633192,0.033783189788441054,0.0,0.0,0.0,0.0,0.13070219290189383,0.1291612647515315,0.0235815127534369,0.04621976499673632,0.06767827804188549,0.10537910995666092,0.019239505204360144,0.03770943020054588,0.03505708956172836,0.027645504136609447,0.0050473554097411255,0.009892816603092606,0.033696026407629476,0.02536548678736316,0.0046310830985126835,0.009076922873084859,0.030606055653326945,0.022853428898676094,0.004172446174715114,0.008177994502441622,0.0013610631540988797,0.009145431456362891,0.0016697197022557595,0.0032726506164212884,0.03882419137225668,3.1071238958209966,0.045655046881429455,1.1118700065136011,0.004451033908401372,0.015253642237202141,0.0027849213124763934,0.005458445772453731,0.12696530042986176,4.931240875253498,0.07078304121824325,1.7646218843936683,0.0033962085734448363,0.005483370190643619,0.001001121848188971,0.0019621988224503835,0.1691203593066364,0.22910978123555206,0.04182953177592856,0.08198588228081997,0.03505708956172836,0.033696026407629476,0.0050473554097411255,0.0046310830985126835,0.030606055653326945,0.004172446174715114
1A_predicted_prob,500,1.0,0.2,5,False,-3.565098227319375e-05,0.004397230533163738,0.0008028207845214159,0.0015735287376619752,0.8870393912105229,0.1892829450215747,0.03455817957977555,0.06773403197636008,0.08195673075343063,0.15033976722011436,0.027448160598844123,0.05379839477373448,0.0369482671825458,0.024265818750706138,0.004430312102031194,0.00868341171998114,0.0,0.0,0.0,0.0,0.08190479031207193,0.10135790659052726,0.01850533727371111,0.036270461056473774,0.03169198562018849,0.07767057752036845,0.014180642454119824,0.027794059210074853,0.035380652926689425,0.027054828272791907,0.0049395132448122195,0.00968144595983195,0.03459571646272656,0.026301853663276562,0.004802039518525487,0.009411997456309953,0.03456469974352627,0.02397959652567708,0.004378055312328616,0.008580988412164087,0.0007849364639628566,0.006795334161439017,0.0012406526020018673,0.0024316790999236596,0.022185471409736257,8.479548555255606,0.0344701728224461,3.03436748050024,0.0008159531831631338,0.011716995420362182,0.0021392208993056975,0.0041928729626391666,0.023062129035714807,3.8712175963317925,0.05903772081602025,1.3852974256476094,0.003078843948447043,0.005584214429791489,0.001019533403047549,0.001998285469973196,0.14424737812606533,0.21643445338921816,0.03951534411419175,0.07745007446381583,0.035380652926689425,0.03459571646272656,0.0049395132448122195,0.004802039518525487,0.03456469974352627,0.004378055312328616
1A_predicted_prob,500,1.0,0.5,5,False,0.006491444192830911,0.006733326993662044,0.0012293316938290486,0.002409490119904935,0.8972261078179271,0.16365003713373255,0.0298782722915678,0.058561413691472886,0.06942287701487629,0.1246986605073991,0.02276675641686036,0.04462284257704631,0.10930054185755414,0.042575524110798624,0.007773191651029829,0.015235455636018464,0.0,0.0,0.0,0.0,0.1195271386628254,0.10923031952868346,0.019942636656452333,0.03908756784664657,0.053118386951469275,0.08875980958047593,0.01620524996902994,0.03176228993929869,0.03950639776320588,0.02601335777348255,0.0047493676163295855,0.009308760528005987,0.04177839698629686,0.02683675927133306,0.004899699474415007,0.009603410969853413,0.03612338453794858,0.02475174863310977,0.004519030354683961,0.008857299495180564,-0.002271999223090983,0.0076913761506330214,0.001404246738652986,0.0027523236077598525,-0.05750965291011667,4.733738044667835,0.036475217410186125,1.6939464041448478,0.00338301322525728,0.013627315208930306,0.002487995979388118,0.004876472119600711,0.085632034728513,2.8557697279058414,0.060127593604873616,1.0219240726894208,0.0029114273102278437,0.00429622158795955,0.0007843791585887036,0.0015373831508338589,0.17508088700065977,0.2001519519949859,0.036542579678781634,0.071623456170412,0.03950639776320588,0.04177839698629686,0.0047493676163295855,0.004899699474415007,0.03612338453794858,0.004519030354683961
1A_predicted_prob,500,1.0,1.0,5,False,0.023807498216104773,0.009874421378985154,0.0018028144438604792,0.003533516309966539,0.9314209285261713,0.11405505917187735,0.02082350956867457,0.040814078754602155,0.03949580267875401,0.07466068484865739,0.013631113750131277,0.026716982950257304,0.28178576537413214,0.05850508596703477,0.010681518437641296,0.02093577613777694,0.0,0.0,0.0,0.0,0.0943856805440693,0.09795432881517419,0.01788393183244973,0.03505250639160147,0.033475468167920755,0.07950673846232545,0.014515878043159751,0.028451120964593114,0.04453568179557799,0.029452979269049977,0.0053773537104635635,0.010539613272508585,0.04129687320296649,0.02781095471629267,0.0050775624146227275,0.009952022332660546,0.03542890619917986,0.02365099434836165,0.004318061037341624,0.008463399633189584,0.0032388085926114835,0.016394947024164122,0.0029932941047456285,0.005866856445301431,0.07272390276807417,1.5377429710018207,0.06442826871344505,0.5502742550703036,0.00910677559639811,0.020487506420136956,0.0037404898044469744,0.00733136001671607,0.20448268061099617,4.04880735211601,0.0718499187893229,1.4488471035945112,0.0012962539505084194,0.0020967745397951335,0.0003828169044827694,0.0007503211327862281,0.10562277308104598,0.15523212637331132,0.028341379088051743,0.05554910301258142,0.04453568179557799,0.04129687320296649,0.0053773537104635635,0.0050775624146227275,0.03542890619917986,0.004318061037341624
1A_predicted_prob,500,2.0,0.2,5,False,0.0007747340124887767,0.0057780278006684255,0.0010549187214393533,0.0020676406940211326,0.918751817086875,0.13716738104711826,0.02504322291780442,0.04908471691889666,0.05008675401160256,0.09985075679115264,0.01823017062615882,0.035731134427271286,0.027811370571450146,0.016024702512546885,0.002925697014477214,0.005734366148375339,0.0,0.0,0.0,0.0,0.0803734585295213,0.055481537962622646,0.010129496622402546,0.01985381337990899,0.016498152730043895,0.029535096086797108,0.005392346121607112,0.01056899839834994,0.037474681434274335,0.0260036996979333,0.004747604301049447,0.009305304430056918,0.03598099577097278,0.024171238161792893,0.004413044128014558,0.008649566490908533,0.03244410603279586,0.019536645408697477,0.0035668871294411144,0.006991098773704584,0.0014936856633015378,0.00676038339517494,0.001234271494306892,0.002419172128841508,0.03985852864209882,0.7533408316220822,0.03130598533455738,0.2695795544198222,0.005030575401478458,0.013852685168650675,0.0025291427162957435,0.004957119723939657,0.13423931062099748,1.685424268423428,0.057395196105756024,0.6031213286443403,0.00210170077193307,0.0038122203088035373,0.0006960130191036692,0.0013641855174431916,0.12092490252011906,0.19586427483733526,0.035759760512600006,0.07008913060469601,0.037474681434274335,0.03598099577097278,0.004747604301049447,0.004413044128014558,0.03244410603279586,0.0035668871294411144
1A_predicted_prob,500,2.0,0.5,5,False,0.007184232501123366,0.005667065024216781,0.0010346597828706971,0.0020279331744265665,0.9659237055783334,0.11028718731645072,0.020135593432339234,0.039465763127384895,0.021706078150798117,0.08606149061115707,0.015712606580083263,0.030796708896963194,0.09435500158536463,0.04109133328489427,0.007502216719366482,0.014704344769958305,0.0,0.0,0.0,0.0,0.062113089937559894,0.056196834813096265,0.010260091362508146,0.020109779070515966,0.011740478459382033,0.03253772450450996,0.005940548560336236,0.011643475178259022,0.040735526525327734,0.026303497304509812,0.0048023396049854524,0.009412585625771486,0.03676500045940366,0.026345377823915724,0.004809985906718336,0.009427572377167938,0.033669926833575725,0.026011598942801528,0.004749046499249976,0.009308131138529954,0.003970526065924057,0.00909999911182389,0.0016614249289409737,0.0032563928607243085,0.09747084190639732,0.5093417653890534,0.04046835389141396,0.18226560993028457,0.007065599691752007,0.017576790919425007,0.0032090682917070147,0.006289773851745749,0.17345055518943397,1.3922909437004716,0.07412477418570225,0.49822491556360365,0.0009382842694209033,0.0029888262322547536,0.0005456825159563677,0.0010695377312744806,0.054724252575359546,0.13444462156663411,0.02454611732243035,0.048110389951963484,0.040735526525327734,0.03676500045940366,0.0048023396049854524,0.004809985906718336,0.033669926833575725,0.004749046499249976
1A_predicted_prob,500,2.0,1.0,5,False,0.0270573685225516,0.007890230027286877,0.0014405523232832083,0.0028234825536350883,0.9307076830390447,0.1682413845952855,0.03071653381624668,0.06020440627984349,0.05008450178829064,0.1368138457834064,0.02497867650486825,0.04895820594954177,0.23714776481356184,0.053161080640463224,0.009705841016044298,0.019023448391446825,0.0,0.0,0.0,0.0,0.1057892437201014,0.10475044815044672,0.01912472778692499,0.03748446646237298,0.0425942261686091,0.08419473497174325,0.015371785189064287,0.030128698970566,0.04287978283380424,0.030355276076008603,0.005542089815375605,0.010862496038136184,0.03907371126539621,0.02384751928551169,0.0043539414177380786,0.008533725178766634,0.023628874871325947,0.017166930327007605,0.0031342383277405345,0.006143107122371447,0.0038060715684079863,0.02058699209479219,0.003758653320499405,0.007366960508178834,0.08876144693082533,1.174215625692671,0.08102780667448294,0.4201876652370535,0.01925090796247825,0.026762757278773412,0.004886188620873258,0.009576929696911585,0.44895068701938146,0.9466838363557416,0.07362873592651395,0.3387664601050784,0.0010056266035918234,0.0024105794206943153,0.00044010957512400403,0.0008626147672430479,0.08508653212337548,0.19296234794225872,0.03522994357237856,0.06905068940186197,0.04287978283380424,0.03907371126539621,0.005542089815375605,0.0043539414177380786,0.023628874871325947,0.0031342383277405345
1A_predicted_prob,2000,0.5,0.2,5,False,0.0010779324158741532,0.0011195917327202615,0.00020440854906906067,0.0004006407561753589,0.8997502144075911,0.19176707045075447,0.035011716757520205,0.0686229648447396,0.07140108371673211,0.15715743489677983,0.028692890724205295,0.05623806581944238,0.0471507741442381,0.01653370566617108,0.0030186278508376268,0.0059165105876417485,0.0,0.0,0.0,0.0,0.06366934380307794,0.06730395933161991,0.012287965578446183,0.02408441253375452,0.016092488217190875,0.041489682356498574,0.007574944976792788,0.014846892154513864,0.020467325551421257,0.013936826002246286,0.0025445046604849453,0.004987229134550492,0.018910557976556993,0.012408255845160558,0.0022654272085632556,0.004440237328783981,0.019347629837793128,0.012444858428192514,0.002272109895359775,0.004453335394905159,0.00155676757486425,0.0035627665808107487,0.0006504692078118664,0.0012749196473112582,0.07606111364931911,2.9572541284625564,0.02790854970052025,1.0582397990303587,0.0011196957136281164,0.0059486758105784885,0.0010860746429130555,0.002128706300109589,0.05470649845359876,4.945329348109142,0.05036511541406419,1.7696633796577739,0.0005665846015490011,0.001388153554586427,0.000253441005042655,0.0004967443698836038,0.09812736342170698,0.2035831311864676,0.03716902442612059,0.07285128787519636,0.020467325551421257,0.018910557976556993,0.0025445046604849453,0.0022654272085632556,0.019347629837793128,0.002272109895359775
1A_predicted_prob,2000,0.5,0.5,5,False,0.008030990257435502,0.0024341659606490406,0.000444415868452904,0.0008710551021676919,0.8848471805553952,0.21116493891056395,0.03855326679850542,0.07556440292507062,0.08389045640514156,0.1764355092191996,0.03221256944808877,0.06313663611825399,0.15340596545048452,0.025337188383591346,0.004625916540483613,0.009066796419347881,0.0,0.0,0.0,0.0,0.08247032399549639,0.10831419904331105,0.019775376704708646,0.03875973834122894,0.0382456021095318,0.08043221243854375,0.014684845700879337,0.0287822975737235,0.019103583239434042,0.01367041413781956,0.0024958647312404367,0.0048918948732312555,0.018373647508908297,0.013518176382473521,0.0024680700470047774,0.004837417292129363,0.018803676158270666,0.01260321919879644,0.0023010224841209987,0.004510004068877157,0.0007299357305257402,0.004495429341895765,0.000820749352075638,0.0016086687300682506,0.03820936215877002,1.68472526075845,0.04225844031411357,0.6028711919639017,0.00029990708116335834,0.006825831517925956,0.0012462206320325916,0.0024425924387838794,0.01569899622518467,4.711183753487216,0.06444212131237761,1.6858754547000465,0.0007044049084428867,0.0017773859886329117,0.0003245047997892888,0.0006360294075870061,0.12365850948766205,0.21755264706496377,0.03971949741414691,0.07785021493172795,0.019103583239434042,0.018373647508908297,0.0024958647312404367,0.0024680700470047774,0.018803676158270666,0.0023010224841209987
1A_predicted_prob,2000,0.5,1.0,5,False,0.028126917594096173,0.004069624856223996,0.0007430084447792004,0.0014562965517672328,0.9035052767616654,0.15313111256542497,0.02795778820264868,0.05479726487719141,0.06127580725732216,0.11620421765295919,0.021215890428588593,0.04158314524003364,0.37938127430198454,0.03954510609735357,0.007219915549485212,0.014151034476991016,0.0,0.0,0.0,0.0,0.08771738540572446,0.12144159964613141,0.02217210118189919,0.043457318316522414,0.04074239488908934,0.09649147926540087,0.01761685326690069,0.034529032403125354,0.017407169451463325,0.011451330861584914,0.0020907174087817088,0.004097806121212149,0.016489391527869497,0.011080559992943073,0.0020230242193080687,0.003965127469843815,0.013990003894556112,0.010396802138918769,0.0018981876858012565,0.0037204478641704626,0.0009177779235938354,0.0059480641339443256,0.0010859629665495789,0.0021284874144371743,0.0527241333608478,0.7705788291577648,0.060650238187112814,0.2757480926162099,0.0034171655569072237,0.008855940398775016,0.0016168661081101242,0.0031690575718958435,0.19630793888893583,1.257362848946234,0.08362017550980635,0.44994151695338463,0.00045392905643347557,0.0009123210537786098,0.00016656627361380944,0.0003264698962830665,0.11700260783683668,0.18913943201417546,0.034531977809292895,0.06768267650621407,0.017407169451463325,0.016489391527869497,0.0020907174087817088,0.0020230242193080687,0.013990003894556112,0.0018981876858012565
1A_predicted_prob,2000,1.0,0.2,5,False,0.0013995450399446683,0.0020747561554903373,0.0003787969158949179,0.000742441955154039,0.9027807357262521,0.20388352427144749,0.03722386844904128,0.0729587821601209,0.07135647901091027,0.17077910688056164,0.031179856396356443,0.061112518536858625,0.03814994072525092,0.012197127717365813,0.002226880662524251,0.004364686098547532,0.0,0.0,0.0,0.0,0.07430763192244032,0.0931321945509084,0.017003534595164082,0.0333269278065216,0.02677599881855811,0.06773309342361243,0.012366314385905783,0.024237976196375334,0.021299423009220216,0.014774633608606664,0.0026974667021026077,0.0052870347361211115,0.019592595385025936,0.014725390812679748,0.002688476238728009,0.005269413427906898,0.019636761912137486,0.014465358302334998,0.002641001014861171,0.005176361989127895,0.0017068276241942598,0.0037122268904844005,0.0006777568021651887,0.00132840333224377,0.08013492306601078,0.28998522304548774,0.03202877930250923,0.10376987936338464,0.0016626610970827203,0.007195593102009752,0.001313729552199771,0.002574909922311551,0.07806132102090224,0.485448734479642,0.05960880656776144,0.1737155986260661,0.0005823306271924701,0.0014831800828120358,0.00027079039606617744,0.0005307491762897077,0.09860819819639159,0.2044561667665721,0.037328418186363205,0.07316369964527188,0.021299423009220216,0.019592595385025936,0.0026974667021026077,0.002688476238728009,0.019636761912137486,0.002641001014861171
1A_predicted_prob,2000,1.0,0.5,5,False,0.009404402274715512,0.002705360017594143,0.0004939289026029617,0.0009681006491018049,0.9205873799472984,0.16289516551937752,0.029740452221166936,0.058291286353487196,0.054992773917025055,0.12876747847918987,0.023509617545371106,0.04607885038892737,0.15531071585315773,0.02455296685890018,0.004482737934098797,0.008786166350833641,0.0,0.0,0.0,0.0,0.07409423237599207,0.07174839984281127,0.013099405686269282,0.025674835145087792,0.020014245363616335,0.046472011468863074,0.00848458965804503,0.01662979572976826,0.01900871221759449,0.013220810293150174,0.002413778675351613,0.004731006203689161,0.017718864295665184,0.013910974084950931,0.0025397847677324707,0.0049779781447556425,0.01648173059638441,0.01131900587850885,0.002066558282730959,0.004050454234152679,0.001289847921929293,0.005912259171276562,0.0010794259046416576,0.002115674773097649,0.06785561836931919,0.6491428608780824,0.05654453252433418,0.23229278945829085,0.00252698162121007,0.00921537798850893,0.001682490133414308,0.0032976806614920437,0.13293807556679738,1.000223861455908,0.08065624624517312,0.357925512029891,0.00036305634265145116,0.0008397082065367879,0.00015330904214746856,0.0003004857226090384,0.09083226970183585,0.17884102195943788,0.032651753978153626,0.0639974377971811,0.01900871221759449,0.017718864295665184,0.002413778675351613,0.0025397847677324707,0.01648173059638441,0.002066558282730959
1A_predicted_prob,2000,1.0,1.0,5,False,0.030176847031278483,0.004430619613361036,0.000808916768654219,0.0015854768665622691,0.8565670725389423,0.230239266706774,0.04203574666624943,0.08239006346584889,0.11110444588251069,0.18969713347089473,0.03463379969869244,0.06788224740943717,0.3544340464514413,0.029253319651352337,0.005340901018318279,0.010468165995903826,0.0,0.0,0.0,0.0,0.10143657221891832,0.11821033333273283,0.021582155365514204,0.04230102451640784,0.04888485682260999,0.09174791152810402,0.016750800249310284,0.032831568488648155,0.01783249631980294,0.016649430550698202,0.0030397562274110217,0.005957922205725602,0.01604300170559459,0.013458009084125484,0.0024570850514949896,0.0048158867009301795,0.014057767720277694,0.012128347109120391,0.002214323098972603,0.004340073273986301,0.0017894946142083602,0.009192345868415663,0.0016782850628402248,0.0032894387231668406,0.1003502023561963,3.3204662250164128,0.08514966621872645,1.1882135785453358,0.0037747285995252565,0.01570657804071604,0.0028676156980384903,0.005620526768155441,0.2116769594021125,3.8894493282566556,0.13711533873085152,1.3918215671281973,0.0007324615241482834,0.0013407322615965563,0.00024478310108378375,0.0004797748781242161,0.16876037529506113,0.2573970856163887,0.0469940633427282,0.09210836415174728,0.01783249631980294,0.01604300170559459,0.0030397562274110217,0.0024570850514949896,0.014057767720277694,0.002214323098972603
1A_predicted_prob,2000,2.0,0.2,5,False,0.0015804767314776197,0.001596424356721217,0.00029146587717562817,0.0005712731192642312,0.8886999745969749,0.19035156123337937,0.03475328131461593,0.06811643137664722,0.08220439198233281,0.15047836796175112,0.02747346551640459,0.053847992412153,0.023703139126337806,0.010561492396895779,0.0019282558755663742,0.0037793815161100935,0.0,0.0,0.0,0.0,0.07832198897784089,0.08963258615434995,0.0163645964414209,0.03207460902518496,0.030875436954529416,0.06084967559729592,0.011109579980503539,0.021774776761786935,0.022955683119971974,0.01597745430032306,0.002917070710598287,0.0057174585927726425,0.021915984624667352,0.01517576067629592,0.002770702149902377,0.005430576213808659,0.019596106502702104,0.014845739727817043,0.002710448843925333,0.005312479734093653,0.0010396984953046128,0.0032663538752766776,0.0005963518994278174,0.0011688497228785222,0.04529155111049865,0.46628702875014283,0.02461468155115322,0.16685867029342857,0.003359576617269845,0.005421140718180601,0.0009897603529190906,0.0019399302917214175,0.1463505398515874,0.67514150971718,0.040123156371578844,0.24159628646172596,0.00057989341122899,0.0010046985541661093,0.0001834320205365347,0.00035952676025160796,0.12954702020011152,0.20591854525981831,0.03759541074915033,0.07368700506833464,0.022955683119971974,0.021915984624667352,0.002917070710598287,0.002770702149902377,0.019596106502702104,0.002710448843925333
1A_predicted_prob,2000,2.0,0.5,5,False,0.008567304649075085,0.0025470070661549136,0.00046501774141936635,0.000911434773181958,0.8774401685637083,0.1852569013856742,0.03382312794081461,0.06629333076399663,0.0848488716525961,0.14727589903137847,0.026888777358779745,0.0527020036232083,0.09626321733227931,0.01627845221794409,0.002972025160345993,0.005825169314278147,0.0,0.0,0.0,0.0,0.09591360356758433,0.1205876663000763,0.02201619499648577,0.04315174219311211,0.043715807969509475,0.09594754877948088,0.01751754560128298,0.03433438937851464,0.024640430964943012,0.018295667194066292,0.003340316542265785,0.006547020422840938,0.021340321232322254,0.015332981158080692,0.0027994065513608267,0.00548683684066722,0.017578825805802792,0.013029347217079771,0.0023788224601205836,0.004662492021836344,0.003300109732620736,0.007316947369449939,0.0013358857087752728,0.0026183359891995346,0.1339306823535662,37.13379411826732,0.046289111165833105,13.288157567094078,0.007061605159140186,0.011784305076514342,0.002151509904976516,0.004216959413753971,0.28658610594867706,29.465249923837323,0.0659766320281787,10.54400426993121,0.0006682169743053467,0.0009686054775659793,0.00017684235646198365,0.00034661101866548797,0.17774775997518186,0.23620917665428254,0.043125698114424404,0.08452636830427183,0.024640430964943012,0.021340321232322254,0.003340316542265785,0.0027994065513608267,0.017578825805802792,0.0023788224601205836
1A_predicted_prob,2000,2.0,1.0,5,False,0.030491926696572812,0.0035863967014888526,0.0006547834578558554,0.0012833755773974764,0.9532097590428786,0.11882476643338293,0.021694334988615505,0.04252089657768639,0.029121390260084257,0.08933704109238438,0.016310637542354966,0.031968849583015733,0.2662647994524501,0.024368264707101784,0.004449016089112222,0.008720071534659955,0.0,0.0,0.0,0.0,0.10807063100519657,0.12222104159859289,0.022314407161775532,0.043736238037080044,0.0510842156525877,0.09892632206374992,0.018061392708445617,0.03540032970855341,0.03294339132650997,0.019733094936147524,0.003602753741972988,0.007061397334267056,0.021198980550563126,0.017450144077379996,0.003185945847632066,0.006244453861358849,0.012884626160613836,0.013406586105035851,0.0024476965429544866,0.004797485224190793,0.011744410775946823,0.01216067345508078,0.0022202250552673434,0.004351641108323993,0.3565027856283869,0.5372561254190683,0.05927382566871081,0.19225463537923426,0.02005876516589611,0.016865601961635987,0.003079223546763803,0.006035278151657054,0.6088858602045195,0.6175621523134472,0.06269114826840393,0.22099177803589728,0.00029768549725429683,0.0006109915898771605,0.00011155129207388864,0.00021864053246482173,0.12171626028467468,0.19089839594358546,0.03485311921661815,0.06831211366457157,0.03294339132650997,0.021198980550563126,0.003602753741972988,0.003185945847632066,0.012884626160613836,0.0024476965429544866
1A_predicted_prob,10000,0.5,0.2,5,False,0.0015154313020422972,0.00043691284882031224,7.976900765424314e-05,0.00015634725500231656,0.8392382520411031,0.23101951089713538,0.042178199114057194,0.0826692702635521,0.11785989101702847,0.19453935525657381,0.035517864398845564,0.0696150142217373,0.05490193392043821,0.007983377938813919,0.0014575587273924938,0.0028568151056892876,0.0,0.0,0.0,0.0,0.12999399615854443,0.1364021138909472,0.02490350488982018,0.04881086958404755,0.07327316265646405,0.10599789492722998,0.01935247936656876,0.03793085955847477,0.009039106681484586,0.006657264600490022,0.001215444664323001,0.0023822715420730818,0.008683320843280651,0.00647420841015148,0.0011820233294098747,0.0023167657256433546,0.007760122896452917,0.005684405511224994,0.0010378257081682049,0.0020341383880096817,0.00035578583820393677,0.001645679974612801,0.0003004586815099867,0.0005888990157595739,0.03936073007443475,0.3345660911536571,0.03241622038174018,0.11972293813277589,0.0012789837850316547,0.002491449606930787,0.00045487438353445715,0.000891553791727536,0.1414944894556337,0.387462573876556,0.04292990407214458,0.13865170137545174,0.00020658303594667439,0.00036020518656582046,6.576416867081889e-05,0.00012889777059480503,0.18467580757665658,0.25037518254877245,0.045712045107145494,0.08959560841000516,0.009039106681484586,0.008683320843280651,0.001215444664323001,0.0011820233294098747,0.007760122896452917,0.0010378257081682049
1A_predicted_prob,10000,0.5,0.5,5,False,0.009099486558180433,0.0011789674251489303,0.00021524901777261754,0.00042188807483433034,0.8232443831870668,0.21596635253451812,0.03942988098175619,0.07728256672424214,0.13092711346151106,0.17437204900699246,0.031835834879842026,0.06239823636449037,0.17984639274918307,0.013130449602156972,0.002397281145762036,0.00469867104569359,0.0,0.0,0.0,0.0,0.11226332723042402,0.10533154619143717,0.01923082128864917,0.03769240972575237,0.049562043221578624,0.08075045647975923,0.014742948847601113,0.02889617974129818,0.009322817343419923,0.005467891656372112,0.0009982958673964307,0.0019566599000970042,0.008312830204859583,0.0053649301309911974,0.0009794977507276749,0.0019198155914262427,0.007454441368156804,0.005427541570627464,0.0009909289833432268,0.0019422208073527245,0.0010099871385603313,0.0031252557452655294,0.0005705910232181832,0.001118358405507639,0.10833497014431936,0.8927814499286745,0.05855181995155052,0.3194777388447612,0.0018683759752630901,0.004564246832087132,0.0008333136493185387,0.001633294752664336,0.2004089436099299,1.3725513875672841,0.08255372654149289,0.49116120611966996,0.00020103506731069628,0.0002440257248958812,4.455279804567471e-05,8.732348416952243e-05,0.22901142871246757,0.23401768015665608,0.042725587425609876,0.08374215135419535,0.009322817343419923,0.008312830204859583,0.0009982958673964307,0.0009794977507276749,0.007454441368156804,0.0009909289833432268
1A_predicted_prob,10000,0.5,1.0,5,False,0.030422922356867062,0.0021482513218192044,0.0003922152360502228,0.0007687418626584366,0.8039859757377148,0.22872340081292183,0.04175898868484425,0.08184761782229473,0.14764104246918341,0.18746111705953256,0.03422556082287417,0.06708209921283337,0.4092594835028388,0.01839993723278058,0.0033593535596910364,0.006584332976994432,0.0,0.0,0.0,0.0,0.1514176058614544,0.155059611625913,0.028309882348500952,0.05548736940306186,0.08957301184518399,0.12923062398662372,0.023594175959314,0.04624458488025544,0.007307566076412324,0.005067312271430976,0.0009251604123284955,0.0018133144081638511,0.006917887997425637,0.004759220315440215,0.0008689107743011527,0.0017030651176302592,0.0060231057665155905,0.004381306237402109,0.0007999134191877398,0.00156783030160797,0.00038967807898667583,0.0047464399624024866,0.0008665774117506049,0.0016984917270311856,0.0533252898313854,1.3718625430605886,0.11514174970276427,0.49091470627871525,0.0012844603098967299,0.006706508276200934,0.0012244352883234463,0.002399893165113955,0.17577128916326457,3.453620844070534,0.15140868632413212,1.2358623470267427,0.00022482840999461337,0.00028519396513056785,5.20690559887846e-05,0.00010205534973801781,0.25537203925181856,0.26122929838401837,0.0476937264687249,0.0934797038787008,0.007307566076412324,0.006917887997425637,0.0009251604123284955,0.0008689107743011527,0.0060231057665155905,0.0007999134191877398
1A_predicted_prob,10000,1.0,0.2,5,False,0.0018313729712319433,0.00048295068945055855,8.817432892491439e-05,0.0001728216846928322,0.8046019198759694,0.24801296610388507,0.045280765362954,0.08875030011138985,0.14890198624432538,0.20930089956299477,0.038212941332258464,0.07489736501122658,0.04565677489110545,0.0077551155763486215,0.0014158839124086059,0.0027751324683208674,0.0,0.0,0.0,0.0,0.12919704922898803,0.16769044605141234,0.030615946660153884,0.06000725545390161,0.06771617855646844,0.1486873078447317,0.02714646417375813,0.053207069780565934,0.014199240676294444,0.008877525716455403,0.0016208070299116117,0.003176781778626759,0.011920951309681661,0.009067934355642952,0.0016555707321872395,0.0032449186350869894,0.010892722106062621,0.008462661303638671,0.0015450634975096586,0.003028324455118931,0.002278289366612728,0.0015507192941631525,0.0002831213125905493,0.0005549177726774766,0.1604514930447214,0.274203409576194,0.027565685769451967,0.09812242994287688,0.0033065185702317802,0.0030522374899696093,0.0005572597747064344,0.0010922291584246114,0.23286587259218994,0.33380256728396024,0.04013920135806392,0.11944971462497984,0.0002558426430015835,0.00035779050751823146,6.532331060965236e-05,0.00012803368879491862,0.2379471737181729,0.2612823889128013,0.047703419428793,0.09349870208043427,0.014199240676294444,0.011920951309681661,0.0016208070299116117,0.0016555707321872395,0.010892722106062621,0.0015450634975096586
1A_predicted_prob,10000,1.0,0.5,5,False,0.009790138451429705,0.0012185574260064665,0.00022247712994639135,0.00043605517469492706,0.8654229712061868,0.2054065740650944,0.03750193802510261,0.07350379852920112,0.09255000274170193,0.17111074097176926,0.031240404220553825,0.061231192272285496,0.1601805927436248,0.01253569737070503,0.002288694741331115,0.004485841693008985,0.0,0.0,0.0,0.0,0.10442063254261061,0.11048532195677797,0.020171767702982703,0.0395366646978461,0.04714378038922852,0.08618828369891726,0.015735755724850593,0.03084208122070716,0.01300278816273639,0.0074889942766685775,0.0013672970327861548,0.0026799021842608636,0.010828752238688571,0.007117723682377624,0.001299512606308987,0.0025470447083656145,0.00897874578466649,0.006056523762118738,0.0011057648948594953,0.002167299193924611,0.002174035924047787,0.0036673099796290685,0.0006695561337355507,0.0013123300221216793,0.16719767305586097,0.7347179731269231,0.048358758684961,0.262915450093579,0.004024042378069878,0.004755533469842378,0.0008682376514678279,0.0017017457968769426,0.3094753469568987,0.6960062249472792,0.05435016864736298,0.2490626289175246,0.00017063034705805974,0.0002694046431018094,4.918633337449651e-05,9.640521341401317e-05,0.19771136837599015,0.23547079726941217,0.0429908890993943,0.08426214263481283,0.01300278816273639,0.010828752238688571,0.0013672970327861548,0.001299512606308987,0.00897874578466649,0.0011057648948594953
1A_predicted_prob,10000,1.0,1.0,5,False,0.031539074062189136,0.0019496402782565234,0.0003559539864739156,0.0006976698134888745,0.8787971526217928,0.1774605388715182,0.03239971340231763,0.06350343826854254,0.08111488244295618,0.14048337898168176,0.025648638540938077,0.05027133154023863,0.37402333013377903,0.015982070582915984,0.0029179135246342747,0.005719110508283178,0.0,0.0,0.0,0.0,0.13719850671523176,0.12426218493391232,0.022687067244394125,0.044466651799012484,0.06677474723967226,0.10560759828990042,0.019281221275774155,0.03779119370051734,0.013237858107979181,0.007443670458534562,0.001359022073591401,0.002663683264239146,0.007144429858022141,0.005333679062030094,0.0009737921122556261,0.0019086325400210272,0.004543149675500681,0.00435996410218105,0.0007960168962257734,0.0015601931166025157,0.006093428249957011,0.005986892256747718,0.001093051979457912,0.0021423818797375073,0.46030318502086054,1.0344333524996543,0.059599681273983365,0.3701672211811724,0.00869470843247845,0.008536350006071908,0.0015585171523616486,0.003054693618628831,0.656806287056191,0.9527315889478845,0.0689646646934,0.3409306205761373,0.00012663990795967886,0.00020136420287961184,3.676390539707004e-05,7.205725457825728e-05,0.1941859395693212,0.23632509260769025,0.04314686137524311,0.08456784829547649,0.013237858107979181,0.007144429858022141,0.001359022073591401,0.0009737921122556261,0.004543149675500681,0.0007960168962257734
1A_predicted_prob,10000,2.0,0.2,5,False,0.0018344169629654534,0.0004613024207882315,8.422191389915148e-05,0.0001650749512423369,0.9239803334231093,0.12021909160157299,0.02194890277098713,0.04301984943113478,0.039993954038000205,0.08600043614715695,0.015701459611026848,0.030774860837612623,0.027227496843870522,0.004563829872170882,0.0008332375232013036,0.001633145545474555,0.0,0.0,0.0,0.0,0.07297610747340127,0.10116786270134909,0.018470640165371473,0.036202454724128086,0.02982195807580629,0.07593255366162215,0.013863324163147315,0.027172115359768736,0.019714017058028208,0.010068544131084538,0.0018382562472770846,0.0036029822446630856,0.017596010716549423,0.01021440462258014,0.001864886607757395,0.0036551777512044943,0.016690666279153762,0.00964844589612808,0.0017615571540591653,0.003452652021955964,0.0021180063414787333,0.002067867840116286,0.0003775392873237254,0.0007399770031545018,0.10743656836881255,0.2013221068885238,0.021330103917224445,0.07204219072130964,0.003023350778874403,0.002835735946537578,0.0005177321816822985,0.0010147550760973049,0.15336046275983284,0.19239929675430242,0.026066709536851883,0.06884920412190179,6.39276855281162e-05,0.0001227520979848261,2.2411364349124567e-05,4.392627412428415e-05,0.08754181084697012,0.14813378801195584,0.027045405740945522,0.05300899525225322,0.019714017058028208,0.017596010716549423,0.0018382562472770846,0.001864886607757395,0.016690666279153762,0.0017615571540591653
1A_predicted_prob,10000,2.0,0.5,5,False,0.009830666487202227,0.0012128608928444883,0.00022143709004226078,0.0004340166964828311,0.8234142653095344,0.23694446882808368,0.04325994348440703,0.08478948922943778,0.12867912291075265,0.2019587167703468,0.03687244828663861,0.07226999864181168,0.10731756045020238,0.009900644015524407,0.001807602020377082,0.0035428999599390804,0.0,0.0,0.0,0.0,0.17079555195719728,0.14628637588303836,0.026708115975606607,0.05234790731218895,0.09562189065026915,0.1290480853840632,0.023560849122568048,0.046179264280233376,0.02349363237314404,0.009360449805284015,0.0017089765022496315,0.003349593944409278,0.018827739886492608,0.008719364180796314,0.0015919308163082316,0.0031201843999641337,0.014456477149162067,0.007933838172534216,0.0014485140448975181,0.0028390875279991354,0.004665892486651394,0.0029064778722783374,0.0005306478311788215,0.00104006974911049,0.19860243033278635,0.790324964367903,0.02187548755693901,0.2828141563525945,0.009037155223981925,0.004932406295706397,0.0009005300636462969,0.0017650389247467419,0.3846640264241342,0.9118102216865864,0.03337491221305663,0.32628709736659933,0.00031657576579786586,0.00037299307906858654,6.809890773305762e-05,0.00013347385915679294,0.3249389855448753,0.2799838445384357,0.05111782246357362,0.10019093202860428,0.02349363237314404,0.018827739886492608,0.0017089765022496315,0.0015919308163082316,0.014456477149162067,0.0014485140448975181
1A_predicted_prob,10000,2.0,1.0,5,False,0.0327019059398142,0.001823454773905578,0.0003329157707528559,0.0006525149106755975,0.9080164391266404,0.19213828638172042,0.035079491203885316,0.06875580275961522,0.07030893912972554,0.1562571476002093,0.02852852150401629,0.05591590214787193,0.2752358375045057,0.012534377365171295,0.002288453742395496,0.004485369335095172,0.0,0.0,0.0,0.0,0.19403850806418552,0.17515686336549863,0.03197912172237795,0.06267907857586077,0.11949719531723857,0.15750719643154357,0.028756748151651204,0.056363226377236356,0.028565190595249444,0.011611761856944819,0.002120007967142251,0.004155215615598812,0.014961579616222588,0.010167061250936731,0.0018562429302249133,0.0036382361432408298,0.00834937885297732,0.006913995168624571,0.0012623170387791374,0.0024741413960071095,0.01360361097902681,0.004847987584804161,0.0008851173862340761,0.0017348300770187893,0.47623035924322576,0.24160743969580023,0.033763534056593124,0.08645811192453981,0.020215811742272067,0.008165069165708895,0.0014907308552162162,0.0029218324762237836,0.7077079242605904,0.2109775840201007,0.032228725075314456,0.07549735883855707,0.0001752533108682486,0.0002172678942401133,3.96675088989856e-05,7.774831744201178e-05,0.30262736145771607,0.30421195426563236,0.055541249871338925,0.1088608497478243,0.028565190595249444,0.014961579616222588,0.002120007967142251,0.0018562429302249133,0.00834937885297732,0.0012623170387791374
1B_residual,500,0.5,0.2,5,False,0.0027994704051521667,0.006734389223791581,0.0012295256296301184,0.002409870234075032,1.0,0.0,0.0,0.0,0.0,0.0,0.0,0.0,0.08536628176824204,0.031162037474308835,0.00568938362083342,0.011151191896833505,0.0,0.0,0.0,0.0,0.07636747714048393,0.07968700136576432,0.014548789395991366,0.028515627216143077,0.034209338366537154,0.0642086240387983,0.011722837257472765,0.02297676102464662,0.03927371616446476,0.027534893046305683,0.005027160679984588,0.009853234932769793,0.021062491366146255,0.014787342411660617,0.0026997870014731215,0.005291582522887318,0.00799045378425377,0.004796702867293559,0.0008757541206887971,0.0017164780765500424,0.018211224798318475,0.028679266271579525,0.005236093689880396,0.010262743632165575,0.46370006652938534,2.9586061783676016,0.08746082254144737,1.0587236238751778,0.031283262380210945,0.02676792775253982,0.004887132615911541,0.00957877992718662,0.7965444942670434,1.5824964707230187,0.029852658647094178,0.5662890892690431,3.46102248073e-06,1.89568008472831e-05,3.46102248073e-06,6.7836040622308e-06,0.00181951198989416,0.009965877605161433,0.00181951198989416,0.0035662435001925534,0.03927371616446476,0.021062491366146255,0.005027160679984588,0.0026997870014731215,0.00799045378425377,0.0008757541206887971
1B_residual,500,0.5,0.5,5,False,0.007235391087730399,0.007740988683176997,0.0014133047063894174,0.002770077224523258,1.0,0.0,0.0,0.0,0.0,0.0,0.0,0.0,0.152249056125995,0.05570368495061912,0.010170054927871713,0.01993330765862856,0.0,0.0,0.0,0.0,0.060310645791424096,0.06343621375903513,0.011581815079514376,0.022700357555848177,0.022569141799042344,0.04501947665457254,0.008219394296928863,0.01611001282198057,0.03611356967754695,0.025678533710310442,0.0046882373855979525,0.009188945275771987,0.0259167301258335,0.024390490974480043,0.00445307403178296,0.008728025102294602,0.00854516598606338,0.004379418871291444,0.0007995688348567125,0.0015671549163191565,0.01019683955171345,0.02986142672645442,0.005451925672455579,0.010685774318012934,0.28235479468686187,5.679099964589795,0.13127786125592397,2.032239822529312,0.02756840369148354,0.027633090388579837,0.0050450889798014575,0.009888374400410857,0.7633807440703874,2.0769461095551374,0.044135669794374686,0.7432256201516172,0.00011891561300047327,0.00036014085272612176,6.575242297241426e-05,0.00012887474902593195,0.036589629854363405,0.1043514669818637,0.01905188412490743,0.03734169288481856,0.03611356967754695,0.0259167301258335,0.0046882373855979525,0.00445307403178296,0.00854516598606338,0.0007995688348567125
1B_residual,500,0.5,1.0,5,False,0.019735579257887898,0.009922866361047472,0.0018116592470183007,0.0035508521241558694,0.9424017807791084,0.16793463651076443,0.030660529534458778,0.0600946378875392,0.04338643865748878,0.13620480540445432,0.024867481453540397,0.04874026364893918,0.2579218399784146,0.05820176327458008,0.010626139544021083,0.020827233506281323,0.0,0.0,0.0,0.0,0.09235069561217148,0.08557172217157212,0.015623187505978336,0.030621447511717536,0.04594080006657939,0.06969779183924762,0.012725017599551802,0.02494103449512153,0.03505708956172836,0.027645504136609447,0.0050473554097411255,0.009892816603092606,0.024520012794945423,0.018966071859292104,0.0034627151281994106,0.006786921651270845,0.009464050130669971,0.006482350714433991,0.0011835099039850753,0.0023196794118107477,0.010537076766782913,0.02671955891427819,0.004878301714646136,0.009561471360706427,0.30056906886777635,8.621687328830632,0.11008235908899272,3.0852311873879055,0.025593039431058343,0.027271320969967424,0.004979039222738275,0.00975891687656702,0.7300389094192854,0.6354741984135445,0.04682168289298669,0.22740152141329315,6.317342826005666e-05,0.00025389502367630345,4.635467723527321e-05,9.085516738113549e-05,0.01784228227296352,0.07205098610451546,0.0131546501266448,0.025783114248223805,0.03505708956172836,0.024520012794945423,0.0050473554097411255,0.0034627151281994106,0.009464050130669971,0.0011835099039850753
1B_residual,500,1.0,0.2,5,False,0.007678604357521485,0.006354068788492886,0.0011600889357990252,0.002273774314166089,1.0,0.0,0.0,0.0,0.0,0.0,0.0,0.0,0.13835385305850714,0.05000079126110627,0.00912885375560503,0.017892553360985858,0.0,0.0,0.0,0.0,0.054991735287035944,0.06103394150583919,0.011143222178732985,0.02184071547031665,0.019138378618706955,0.044076806883742055,0.00804728713100817,0.01577268277677601,0.035380652926689425,0.027054828272791907,0.0049395132448122195,0.00968144595983195,0.02289977419060179,0.017920653083685643,0.0032718486463863806,0.0064128233469173054,0.008562557110216825,0.004645237037519515,0.00084810037013597,0.0016622767254665012,0.012480878736087627,0.02989397991699187,0.005457869044714287,0.010697423327640001,0.3527599889676619,4.352663099193199,0.11818880471381918,1.5575804862369949,0.02681809581647256,0.02829207068932382,0.00516540177169113,0.010124187472514616,0.7579875892070479,6.827380588274625,0.04492694382195559,2.44314676648899,3.893469258859334e-05,0.00021325409400301776,3.893469258859333e-05,7.631199747364293e-05,0.012419504516730507,0.06802442776850594,0.012419504516730503,0.024342228852791786,0.035380652926689425,0.02289977419060179,0.0049395132448122195,0.0032718486463863806,0.008562557110216825,0.00084810037013597
1B_residual,500,1.0,0.5,5,False,0.015490313916359353,0.007679590795882532,0.001402095037104638,0.0027481062727250905,0.9971147219345955,0.015661600723777425,0.002859404001017377,0.005604431841994059,0.0,0.0,0.0,0.0,0.21804282318449253,0.05013200207261526,0.00915280946268904,0.01793950654687052,0.0,0.0,0.0,0.0,0.08462421685168184,0.0660338133936327,0.012056069717926466,0.023629896647135874,0.03371838351710378,0.05395587816454519,0.009850950526907279,0.019307863032738265,0.03950639776320588,0.02601335777348255,0.0047493676163295855,0.009308760528005987,0.017498305803411333,0.013769437906003257,0.002513943915094894,0.004927330073585993,0.009347316947635196,0.005410296170284843,0.0009877804184162734,0.0019360496200958959,0.02200809195979451,0.024671106414590395,0.004504307167293853,0.008828442047895952,0.5570766560825673,3.9093809414861638,0.06668935062508334,1.3989540033214005,0.030159080815570637,0.025904766515436942,0.004729541655803104,0.009269901645374083,0.7633973868318417,4.214660597172245,0.035465498048363985,1.5081969251156293,0.0,0.0,0.0,0.0,0.0,0.0,0.0,0.0,0.03950639776320588,0.017498305803411333,0.0047493676163295855,0.002513943915094894,0.009347316947635196,0.0009877804184162734
1B_residual,500,1.0,1.0,5,False,0.025681202909597307,0.00940619904557225,0.0017173291325478283,0.0033659650997937434,0.9331141216530423,0.17114379119223924,0.0312464383376478,0.06124301914178969,0.045422436306667355,0.13974737814132254,0.025514263786735575,0.050007957022001726,0.31077559837607804,0.0593289430586716,0.010831933475391327,0.021230589611767,0.0,0.0,0.0,0.0,0.07872003227092214,0.07247831640627204,0.013232669608570655,0.025936032432798482,0.03134633212019235,0.058498241844906075,0.010680268877615895,0.020933327000127153,0.04453568179557799,0.029452979269049977,0.0053773537104635635,0.010539613272508585,0.025303228404425317,0.01625405050749545,0.0029675700379278506,0.005816437274338587,0.008238180900662763,0.005217936619364103,0.0009526605300193223,0.0018672146388378718,0.019232453391152652,0.028455794972536787,0.005195293599400166,0.010182775454824326,0.4318436951168959,2.2625188474226725,0.0779234922467159,0.809631971549138,0.036297500894915166,0.029691277127864634,0.005420860748022887,0.010624887066124859,0.8150206627917675,2.9382933226478807,0.030258765226846597,1.0514547618089523,0.00014247645251656667,0.00046873907340343554,8.55796546957105e-05,0.00016773612320359257,0.034118392257271535,0.11138342346165728,0.02033573785403328,0.03985804619390523,0.04453568179557799,0.025303228404425317,0.0053773537104635635,0.0029675700379278506,0.008238180900662763,0.0009526605300193223
1B_residual,500,2.0,0.2,5,False,0.016508936219574083,0.008338945464018283,0.001522476178816066,0.0029840533104794893,1.0,0.0,0.0,0.0,0.0,0.0,0.0,0.0,0.17705235130290883,0.06076759144607165,0.011094593533423807,0.02174540332551066,0.0,0.0,0.0,0.0,0.06308560513720454,0.04132599445268072,0.007545059791022196,0.014788317190403504,0.014670029421302343,0.026354097695374116,0.0048115779301504385,0.00943069274309486,0.037474681434274335,0.0260036996979333,0.004747604301049447,0.009305304430056918,0.01784055789894441,0.015650472837278256,0.0028573723361997264,0.005600449778951464,0.005075888438378107,0.002910533337408585,0.0005313882544231589,0.0010415209786693914,0.019634123535329888,0.027093243595422013,0.004946526891065003,0.009695192706487405,0.523930365352554,1.9056483579484507,0.08565813857863873,0.6819275069830831,0.032398792995896195,0.027381611607972367,0.004999175446177256,0.009798383874507422,0.8645515253470387,0.5727351204194518,0.026547812603045992,0.20495063068705868,7.629119838176667e-06,4.178641029279523e-05,7.629119838176667e-06,1.4953074882826267e-05,0.00293692070753053,0.01608617721118504,0.00293692070753053,0.0057563645867598386,0.037474681434274335,0.01784055789894441,0.004747604301049447,0.0028573723361997264,0.005075888438378107,0.0005313882544231589
1B_residual,500,2.0,0.5,5,False,0.022590066382712923,0.0074386193888368165,0.001358099878653739,0.002661875762161328,0.9610643506370482,0.1292200427367464,0.023592244096232534,0.04624079842861577,0.02796487343973768,0.10055718653038005,0.018359146460647933,0.035983927062869944,0.24851084867422638,0.06276785409003728,0.011459789857102106,0.022461188119920126,0.0,0.0,0.0,0.0,0.05202177560424745,0.048061019924535806,0.0087747015831245,0.017198415102924018,0.01324029616542854,0.03274731798277295,0.00597881491898644,0.011718477241213422,0.040735526525327734,0.026303497304509812,0.0048023396049854524,0.009412585625771486,0.019508590609103368,0.014359622877539205,0.0026216964557651554,0.005138525053299705,0.0066434512453823705,0.0034509973967977864,0.0006300630400392514,0.0012349235584769326,0.021226935916224328,0.02109079158582234,0.00385063410239835,0.007547242840700766,0.5210914827141438,1.6519313423889506,0.05449134294232086,0.5911360389884626,0.03409207527994531,0.025782012215812538,0.004707129889491426,0.009225974583403195,0.8369125966433321,1.1189323744849682,0.021929231195709425,0.40040480786111354,2.7860867534263334e-05,0.00015260025620179366,2.7860867534263337e-05,5.460730036715614e-05,0.0072772645811174635,0.03985921968011419,0.007277264581117464,0.01426343857899023,0.040735526525327734,0.019508590609103368,0.0048023396049854524,0.0026216964557651554,0.0066434512453823705,0.0006300630400392514
1B_residual,500,2.0,1.0,5,False,0.03350195066136453,0.009594575049156366,0.0017517217280330598,0.003433374586944797,0.8930951088604123,0.20862716620418428,0.03808993501280372,0.07465627262509529,0.07822636380935125,0.16920544592052036,0.030892546527796497,0.060549391194481134,0.30820804163062815,0.04942419169554839,0.009023581559370452,0.017686219856366085,0.0,0.0,0.0,0.0,0.09217985231201996,0.09141255838004148,0.016689573421335542,0.03271156390581766,0.04490234006628651,0.07708656504357504,0.014074016851651753,0.027585073029237434,0.04287978283380424,0.030355276076008603,0.005542089815375605,0.010862496038136184,0.027889584344461694,0.01916122845485276,0.0034983456847442382,0.006856757542098707,0.009863600706217775,0.008310835004819979,0.001517343934614486,0.0029739941118443925,0.014990198489342512,0.025537906086830306,0.004662562411735148,0.00913862232700089,0.34958662331482326,0.9172941498945071,0.0788589972299164,0.32824949587296776,0.03301618212758641,0.03141520119134014,0.005735604780353388,0.01124178536949264,0.7699708334706906,0.8412637199512025,0.04605512352871263,0.30104235593561524,0.0002916795345561714,0.001078173487996653,0.00019684664675993077,0.0003858194276494643,0.04041481236812173,0.14021135857295108,0.025598974636283554,0.05017399028711576,0.04287978283380424,0.027889584344461694,0.005542089815375605,0.0034983456847442382,0.009863600706217775,0.001517343934614486
1B_residual,2000,0.5,0.2,5,False,0.004186180417482574,0.0018445082843951438,0.00033675959828945813,0.0006600488126473379,1.0,0.0,0.0,0.0,0.0,0.0,0.0,0.0,0.08853320101969141,0.02201141104081397,0.004018715449857359,0.007876682281720422,0.0,0.0,0.0,0.0,0.04122745109096672,0.04434304595195898,0.008095895512125358,0.015867955203765702,0.009924825812911885,0.02499437482530397,0.004563327634186077,0.008944122163004711,0.020467325551421257,0.013936826002246286,0.0025445046604849453,0.004987229134550492,0.012085499623795154,0.007597892025280399,0.0013871789505782287,0.0027188707431333283,0.00898958436632934,0.0009322994787425983,0.0001702138182858764,0.0003336190838403177,0.008381825927626096,0.016224552254921382,0.002962184418480583,0.005805881460221943,0.4095222849984944,4.855365028629056,0.10252777446018349,1.7374700613865424,0.01147774118509189,0.013852943815879327,0.0025291899386029335,0.004957212279661749,0.5607836332233891,7.013468281422808,0.054211264347729896,2.5097373922670783,0.0,0.0,0.0,0.0,0.0,0.0,0.0,0.0,0.020467325551421257,0.012085499623795154,0.0025445046604849453,0.0013871789505782287,0.00898958436632934,0.0001702138182858764
1B_residual,2000,0.5,0.5,5,False,0.010548413788575033,0.002679852366064091,0.0004892718638922982,0.0009589728532289044,1.0,0.0,0.0,0.0,0.0,0.0,0.0,0.0,0.17273349220362413,0.02315573453683457,0.004227639380475244,0.008286173185731478,0.0,0.0,0.0,0.0,0.0562153900391317,0.07217081928920681,0.013176528572775842,0.025825996002640652,0.024107396498855842,0.05284213173966119,0.00964760918015738,0.018909313993108464,0.019103583239434042,0.01367041413781956,0.0024958647312404367,0.0048918948732312555,0.009681578574492448,0.007292907822619629,0.0013314967080848852,0.002609733547846375,0.008719987569325063,0.0007676718055453902,0.00014015705488597656,0.00027470782757651406,0.00942200466494157,0.01394138879067412,0.0025453377078672947,0.004988861907419898,0.4932061460329852,4.470523966254724,0.08441767476454161,1.5997564558543151,0.010383595670108969,0.013979075623235034,0.0025522183506388055,0.005002347967252059,0.5435417816629777,4.009657495191213,0.06278136850500546,1.434837507217448,4.360046367303465e-06,2.0909283468832733e-05,3.817495405716518e-06,7.4822909952043755e-06,0.019399008013915406,0.08698754649865831,0.01588168047978156,0.031128093740371857,0.019103583239434042,0.009681578574492448,0.0024958647312404367,0.0013314967080848852,0.008719987569325063,0.00014015705488597656
1B_residual,2000,0.5,1.0,5,False,0.026006639318598736,0.004080462850977186,0.0007449871828473486,0.0014601748783808033,0.9823881076295519,0.0824477745650958,0.015052835315134553,0.029503557217663724,0.01134745910006734,0.06215259319474154,0.01134745910006734,0.022241019836131987,0.33254043302530867,0.03152553909122595,0.005755749632591789,0.011281269279879906,0.0,0.0,0.0,0.0,0.06016637430470015,0.08590036404216012,0.01568318902793225,0.03073905049474721,0.028970878716491216,0.06734061803909795,0.012294658512117751,0.02409753068375079,0.017407169451463325,0.011451330861584914,0.0020907174087817088,0.004097806121212149,0.011999260951379796,0.008640039885794166,0.0015774482477312747,0.0030917985655532984,0.009184025301086474,0.0012920876450023882,0.00023590184981384508,0.00046236762563513635,0.005407908500083519,0.013125998131727967,0.0023964684221726915,0.004697078107458475,0.31067133086527843,1.141937320458717,0.11192439807211861,0.4086370220525334,0.008223144150376819,0.011352304359186794,0.002072637725730279,0.004062369942431346,0.4723998449779885,1.0176230051923831,0.06301775626367745,0.3641517156536425,1.284575286545437e-07,7.035908612545985e-07,1.2845752865454374e-07,2.517767561629057e-07,0.0007270911794871466,0.003982442403681477,0.0007270911794871466,0.0014250987117948074,0.017407169451463325,0.011999260951379796,0.0020907174087817088,0.0015774482477312747,0.009184025301086474,0.00023590184981384508
1B_residual,2000,1.0,0.2,5,False,0.010175417695757463,0.002843537715361408,0.0005191565832733825,0.0010175469032158296,1.0,0.0,0.0,0.0,0.0,0.0,0.0,0.0,0.15175015806217634,0.022855847371637126,0.004172887725446939,0.008178859941876,0.0,0.0,0.0,0.0,0.0492579518034905,0.05854561034547642,0.010688917143041753,0.020950277600361836,0.01588802253772364,0.039791267434901335,0.007264858255272064,0.014239122180333245,0.021299423009220216,0.014774633608606664,0.0026974667021026077,0.0052870347361211115,0.012289092224440181,0.006474574328048607,0.0011820901365720252,0.002316896667681169,0.009031999694607362,0.0007557929345940525,0.0001379882796933964,0.0002704570281990569,0.009010330784780012,0.01592718005659555,0.0029078919314812638,0.005699468185703277,0.4230316840451308,0.8875512771658259,0.09023483153486694,0.31760614555821187,0.012267423314612813,0.014880197241342853,0.0027167398964032083,0.005324810196950288,0.575950968685981,0.6591916485253254,0.05482516848270403,0.23588870193600736,1.829566404889789e-06,1.0020947904117677e-05,1.8295664048897894e-06,3.5859501535839873e-06,0.009785751176651983,0.05359876661585013,0.009785751176651983,0.01918007230623789,0.021299423009220216,0.012289092224440181,0.0026974667021026077,0.0011820901365720252,0.009031999694607362,0.0001379882796933964
1B_residual,2000,1.0,0.5,5,False,0.01780207473303005,0.003546677499401368,0.0006475317568727149,0.0012691622434705212,1.0,0.0,0.0,0.0,0.0,0.0,0.0,0.0,0.2382273507206419,0.0318895457190943,0.005822207846313418,0.0114115273787743,0.0,0.0,0.0,0.0,0.05079114052540149,0.050088160625378506,0.009144805146153958,0.017923818086461756,0.013446881730179076,0.03222647582864158,0.005883722586747329,0.011532096270024763,0.01900871221759449,0.013220810293150174,0.002413778675351613,0.004731006203689161,0.011204360799559639,0.007888950119002883,0.0014403186450703145,0.0028230245443378165,0.008723960219279802,0.0007839507103655861,0.00014312916267981017,0.0002805331588524279,0.007804351418034827,0.014006480408465926,0.0025572217569903204,0.005012154643701028,0.41056707728002395,1.1375335986474842,0.0955122375192208,0.4070611704408467,0.010284751998314658,0.013329564406612211,0.0024336343690731575,0.004769923363383389,0.5410546427650742,1.1863970074828103,0.059575736680849624,0.42454671672790756,0.0,0.0,0.0,0.0,0.0,0.0,0.0,0.0,0.01900871221759449,0.011204360799559639,0.002413778675351613,0.0014403186450703145,0.008723960219279802,0.00014312916267981017
1B_residual,2000,1.0,1.0,5,False,0.031768659959135935,0.004190383066079589,0.0007650557766264839,0.0014995093221879083,0.9112355932174844,0.19356778781297065,0.03534048126384587,0.0692673432771379,0.06455580235833726,0.1567455809206237,0.028617696819825664,0.0560906857668583,0.3666135733560238,0.02464096514434407,0.004498804149418596,0.008817656132860448,0.0,0.0,0.0,0.0,0.07092620703309281,0.07932044058766266,0.014481864860370392,0.028384455126325966,0.034456346746749224,0.05890199888608395,0.010753984490684116,0.02107780960174087,0.01783249631980294,0.016649430550698202,0.0030397562274110217,0.005957922205725602,0.009198319124064002,0.008496920003065907,0.001551318251665354,0.0030405837732640937,0.008523752896597193,0.002372066748234173,0.00043307815530526137,0.0008488331843983123,0.008634177195738934,0.018073591262757812,0.003299771209913578,0.006467551571430612,0.4841821941749517,1.833522883540978,0.11861379471752939,0.6561177374379767,0.009308743423205753,0.017635183523072154,0.003219729273776682,0.006310669376602297,0.5220101132373942,5.602110874640848,0.09295174033849882,2.004689630514715,6.811266170699484e-06,3.3838157398966836e-05,6.177974037274825e-06,1.2108829113058655e-05,0.0184380430725416,0.08859357160230473,0.01617489920551047,0.03170280244280052,0.01783249631980294,0.009198319124064002,0.0030397562274110217,0.001551318251665354,0.008523752896597193,0.00043307815530526137
1B_residual,2000,2.0,0.2,5,False,0.01941192352876157,0.00338774775468888,0.0006185152881268591,0.0012122899647286438,1.0,0.0,0.0,0.0,0.0,0.0,0.0,0.0,0.18768895657234191,0.035475351564710676,0.006476883429139409,0.012694691521113242,0.0,0.0,0.0,0.0,0.0522808970704491,0.062217812998344266,0.011359366552610429,0.02226435844311644,0.019765275437322448,0.041629824579843946,0.007600531329121184,0.01489704140507752,0.022955683119971974,0.01597745430032306,0.002917070710598287,0.0057174585927726425,0.0065543672613226685,0.005553217135816723,0.0010138740973370164,0.001987193230780552,0.0067639952801317104,0.0005176038543841596,9.45011022992745e-05,0.00018522216050657802,0.01640131585864928,0.016212483500141723,0.0029599809754026437,0.005801562711789182,0.7144773593942748,1.5875020922956602,0.05335525291632727,0.5680803279441611,0.016191687839840225,0.016032177894179947,0.0029270618261926762,0.0057370411793376454,0.7053455022539983,1.1748744141095748,0.038033868691863607,0.4204234096444069,0.0,0.0,0.0,0.0,0.0,0.0,0.0,0.0,0.022955683119971974,0.0065543672613226685,0.002917070710598287,0.0010138740973370164,0.0067639952801317104,9.45011022992745e-05
1B_residual,2000,2.0,0.5,5,False,0.02557787273604086,0.004226412912411258,0.0007716338964862507,0.0015124024371130512,1.0,0.0,0.0,0.0,0.0,0.0,0.0,0.0,0.23689435216221008,0.030246068511492825,0.005522151333197107,0.010823416613066331,0.0,0.0,0.0,0.0,0.06787256835005025,0.08437363825352952,0.015404448310079635,0.030192718687756085,0.030185642943168875,0.0675027585571583,0.012324261185193494,0.024155551922979246,0.024640430964943012,0.018295667194066292,0.003340316542265785,0.006547020422840938,0.009703984127515124,0.006097235776648386,0.0011131978577659505,0.002181867801221263,0.006495271014240426,0.0016530183535069316,0.0003017984800619318,0.0005915250209213863,0.01493644683742787,0.017739352666638803,0.0032387478703524977,0.006347945825890895,0.6061763635010526,58.66723201164339,0.06044853619987902,20.993799354655295,0.01814515995070254,0.019145385041970473,0.0034954530865364064,0.006851088049611357,0.7363978323479194,41.93261890717398,0.042986615616261395,15.005394963541521,6.13581416078e-06,3.360723824518837e-05,6.135814160780001e-06,1.2026195755128802e-05,0.01687726765763172,0.09244060205137272,0.016877267657631725,0.03307944460895818,0.024640430964943012,0.009703984127515124,0.003340316542265785,0.0011131978577659505,0.006495271014240426,0.0003017984800619318
1B_residual,2000,2.0,1.0,5,False,0.03662977254202205,0.003160445748320811,0.0005770158093755344,0.0011309509863760474,0.9272477762398031,0.170624857652233,0.03115169446907866,0.06105732115939417,0.0507550544858317,0.13552376575755698,0.02474314119448672,0.04849655674119397,0.34155810708264933,0.02543974124678243,0.004644640045985779,0.009103494490132126,0.0,0.0,0.0,0.0,0.0848877958105067,0.09427476120375207,0.017212137771569297,0.03373579003227582,0.041580803427335895,0.07907680049021401,0.01443738246794193,0.028297269637166184,0.03294339132650997,0.019733094936147524,0.003602753741972988,0.007061397334267056,0.014762597664761777,0.012946671445595054,0.002363727998453476,0.004632906876968813,0.00565259326968216,0.0033278588447996442,0.0006075811191632829,0.0011908589935600345,0.01818079366174815,0.0167120688697492,0.0030511923675138343,0.005980337040327115,0.5518798438677402,0.3499022538329742,0.0610533334929762,0.12521091346619603,0.027290798056827756,0.01880982297761832,0.0034341881158401815,0.0067310087070467555,0.8284149554106943,0.22225985037882415,0.021127376890729216,0.07953466600440068,4.650890204892002e-05,0.00014106055289758146,2.5754015598718695e-05,5.047787057348864e-05,0.06462483252674706,0.1764153620440243,0.03220889109398427,0.06312942654420917,0.03294339132650997,0.014762597664761777,0.003602753741972988,0.002363727998453476,0.00565259326968216,0.0006075811191632829
1B_residual,10000,0.5,0.2,5,False,0.004400868678144896,0.0006922815096497045,0.00012639273299295783,0.00024772975666619734,1.0,0.0,0.0,0.0,0.0,0.0,0.0,0.0,0.09456223637978126,0.008812055904503116,0.0016088539322976487,0.0031533537073033914,0.0,0.0,0.0,0.0,0.08943855923133434,0.09237074679338697,0.016864513890778678,0.03305444722592621,0.04900414543787942,0.07088330775032003,0.01294146220181035,0.025365265915548288,0.009039106681484586,0.006657264600490022,0.001215444664323001,0.0023822715420730818,0.006688127701234137,0.005146783532343356,0.0009396698130868587,0.001841752833650243,0.008889739113440763,0.0003314872803539743,6.05210203253036e-05,0.00011862119983759505,0.0023509789802504256,0.010098479861224495,0.001843721738834765,0.0036136946081161392,0.26008974814581154,6.873653665055927,0.1735360773563914,2.459705374355071,0.00014936756804383747,0.006732980643802853,0.0012292684592854928,0.002409366180199566,0.01652459400106232,4.248094184058388,0.1337751056600228,1.5201609805299845,0.0,0.0,0.0,0.0,0.0,0.0,0.0,0.0,0.009039106681484586,0.006688127701234137,0.001215444664323001,0.0009396698130868587,0.008889739113440763,6.05210203253036e-05
1B_residual,10000,0.5,0.5,5,False,0.011183699202784052,0.0010378866311848572,0.0001894913066776637,0.00037140296108822084,1.0,0.0,0.0,0.0,0.0,0.0,0.0,0.0,0.18735714810227483,0.013817811382275448,0.002522775663141301,0.00494464029975695,0.0,0.0,0.0,0.0,0.07776077939436271,0.07149862858180377,0.013053803901645842,0.02558545564722585,0.032716488971010205,0.054548825072824075,0.00995920732592971,0.01952004635882223,0.009322817343419923,0.005467891656372112,0.0009982958673964307,0.0019566599000970042,0.007034038882948166,0.0034634011003670208,0.0006323276361197437,0.0012393621667946976,0.009182742814081017,0.0005134644533135602,9.374535451896505e-05,0.0001837408948571715,0.0022887784604717337,0.006170554015165936,0.0011265838754701528,0.0022081043959214994,0.245502874953051,1.591107212409251,0.10011573040493472,0.5693704036085308,0.00014007452933892975,0.005468533266492975,0.0009984130088418707,0.0019568894973300663,0.015024914055381755,1.7670685182213115,0.10549180521626746,0.6323373482168668,5.117167059104825e-07,2.184633732229651e-06,3.988577250096269e-07,7.817611410188688e-07,0.03675141367441291,0.1436918765095895,0.02623442736484962,0.05141947763510526,0.009322817343419923,0.007034038882948166,0.0009982958673964307,0.0006323276361197437,0.009182742814081017,9.374535451896505e-05
1B_residual,10000,0.5,1.0,5,False,0.02841139304463577,0.0019752050764678826,0.00036062145869339196,0.0007068180590390482,0.9477223923936763,0.1289689596181819,0.02354640280028369,0.04615094948855603,0.033250495883202905,0.09473934956468853,0.017296959613315715,0.0339020408420988,0.3469917300978702,0.013001349331782815,0.002373710769007389,0.004652473107254482,0.0,0.0,0.0,0.0,0.10328450495969674,0.10732178153734276,0.019594186886548032,0.03840460629763414,0.06054230735711419,0.08849799668354223,0.016157449692531155,0.031668601397361065,0.007307566076412324,0.005067312271430976,0.0009251604123284955,0.0018133144081638511,0.008800554725808995,0.0053474236539963835,0.0009763015199435066,0.001913550979089273,0.009309442160715862,0.0004916796571197526,8.976801309029801e-05,0.0001759453056569841,-0.0014929886493966734,0.008777769241795675,0.0016025940727688367,0.00314108438262692,-0.20430723907044834,4.550020075262711,0.2412848424287239,1.6282037731175236,-0.00200187608430352,0.00522186443146503,0.0009533776471157622,0.0018686201883468937,-0.27394566992220293,4.941100278234059,0.16503399402926225,1.76815002643878,3.517848059737698e-08,1.926804736194119e-07,3.5178480597376994e-08,6.894982197085891e-08,0.00443411574209326,0.024286652145332367,0.004434115742093257,0.008690866854502785,0.007307566076412324,0.008800554725808995,0.0009251604123284955,0.0009763015199435066,0.009309442160715862,8.976801309029801e-05
1B_residual,10000,1.0,0.2,5,False,0.010655418161393147,0.0009220380987904402,0.00016834035519556697,0.00032994709618331124,1.0,0.0,0.0,0.0,0.0,0.0,0.0,0.0,0.1585943611541265,0.011737079290619835,0.0021428876955664057,0.004200059883310155,0.0,0.0,0.0,0.0,0.08770447482344525,0.11537465115521668,0.021064433000667217,0.041286288681307744,0.04452557171762343,0.10214142302164236,0.018648387148210335,0.03655083881049226,0.014199240676294444,0.008877525716455403,0.0016208070299116117,0.003176781778626759,0.005965163896622607,0.004287030774971525,0.0007827011533902527,0.0015340942606448952,0.009211044386831402,0.00039252784188140583,7.166545114908902e-05,0.0001404642842522145,0.008234076779671824,0.011591530620551549,0.002116314265629313,0.004147975960633454,0.5798955709947634,1.4698814750844913,0.08899469645410067,0.5259903306316592,0.004988196289463024,0.008982487861516897,0.001639970408089715,0.0032143419998558413,0.35130021408756096,1.3432261541142814,0.07545210979486641,0.48066730610034436,5.291657256440578e-07,1.2611974158672096e-06,2.3026209137923154e-07,4.513136991032938e-07,0.06115472387995187,0.14004766346633632,0.025569088135468182,0.05011541274551764,0.014199240676294444,0.005965163896622607,0.0016208070299116117,0.0007827011533902527,0.009211044386831402,7.166545114908902e-05
1B_residual,10000,1.0,0.5,5,False,0.017565774952889666,0.0015399402986882459,0.0002811533462675985,0.000551060558684493,0.9958182590762845,0.022904338335614637,0.004181740923715489,0.008196212210482359,0.0006287957828647698,0.003444056343391548,0.0006287957828647698,0.0012324397344149487,0.24014946097034093,0.01689465365583378,0.003084527636179094,0.006045674166911024,0.0,0.0,0.0,0.0,0.07626758131324228,0.08231636810719316,0.015028843888069509,0.029456534020616237,0.03523638188260273,0.06525214192813013,0.011913356686521838,0.0233501791055828,0.01300278816273639,0.0074889942766685775,0.0013672970327861548,0.0026799021842608636,0.006586501839919896,0.00460860153264365,0.0008414116726606028,0.0016491668784147815,0.009265750733376838,0.00034754679902658845,6.3453073871859e-05,0.00012436802478884364,0.006416286322816447,0.010037287717644788,0.0018325496330411984,0.0035917972807607487,0.49345465314926806,1.3403481026268516,0.09676662297219402,0.47963740860241094,0.003737037429359532,0.007530068207404612,0.001374796072249332,0.0026946003016086904,0.2874027772035245,1.1842274578923897,0.07555394916451365,0.4237703533777119,7.122828345947996e-07,2.6737431083803657e-06,4.881564711446354e-07,9.567866834434855e-07,0.04941583285788973,0.16390827554127005,0.029925419958575297,0.05865382311880758,0.01300278816273639,0.006586501839919896,0.0013672970327861548,0.0008414116726606028,0.009265750733376838,6.3453073871859e-05
1B_residual,10000,1.0,1.0,5,False,0.03400602890140097,0.0022837931203501557,0.0004169616695636303,0.0008172448723447154,0.9430694613083997,0.17138928726211722,0.031291259582731476,0.06133086878215369,0.0401228481930376,0.14295945417393718,0.02610070595323049,0.05115738366833176,0.37860791500598867,0.017494331607342237,0.0031940133499389844,0.006260266165880409,0.0,0.0,0.0,0.0,0.10096124534040897,0.09135268001733024,0.0166786411780144,0.032690136708908225,0.0510788899003609,0.07781253062104102,0.014206559425901879,0.02784485647476768,0.013237858107979181,0.007443670458534562,0.001359022073591401,0.002663683264239146,0.005532505278684766,0.004082205656859824,0.0007453053742124397,0.0014607985334563818,0.00863656243615067,0.0005852222911662525,0.00010684648334220427,0.00020941910735072038,0.007705352829294377,0.009527338436370237,0.0017394460581953255,0.003409314274062838,0.5820694531126586,1.9833604716571192,0.08060445090097543,0.7097364297272506,0.0046012956718284904,0.0074509113378355436,0.0013603440712345075,0.002666274379619635,0.3475861150872329,1.3379383237452545,0.06724638465821035,0.4787750803044048,1.1124109790623347e-06,3.912495457922633e-06,7.14320672813577e-07,1.4000685187146109e-06,0.04843681994571757,0.1551621379430759,0.028328601007383634,0.05552405797447192,0.013237858107979181,0.005532505278684766,0.001359022073591401,0.0007453053742124397,0.00863656243615067,0.00010684648334220427
1B_residual,10000,2.0,0.2,5,False,0.020071903824867895,0.0017266224400463903,0.00031523668623600643,0.0006178639050225726,1.0,0.0,0.0,0.0,0.0,0.0,0.0,0.0,0.18342794778223445,0.014887685999543427,0.0027181071503345937,0.005327490014655803,0.0,0.0,0.0,0.0,0.05130748621778767,0.07007019176261664,0.012793008212365937,0.025074296096237236,0.020059329803741956,0.05230949321650346,0.00955036313544747,0.01871871174547704,0.019714017058028208,0.010068544131084538,0.0018382562472770846,0.0036029822446630856,0.0061246479594336545,0.003492764290060122,0.000637688596571482,0.0012498696492801045,0.007140090861148707,0.00029474812721668104,5.381339935299287e-05,0.00010547426273186602,0.013589369098594506,0.010081285334496884,0.0018405824621166523,0.0036075416257486384,0.6893252176151743,0.5081683319945028,0.03958934298351602,0.18184570218286678,0.01257392619687947,0.01016121268539378,0.0018551751331326058,0.0036361432609399074,0.6378165424057487,0.6969792261309747,0.03469221037031952,0.24941081291942693,1.2049607656460619e-06,3.005714528978629e-06,5.487658829808701e-07,1.0755811306425055e-06,0.09654625145976241,0.20545257134556652,0.03751033594113543,0.07352025844462545,0.019714017058028208,0.0061246479594336545,0.0018382562472770846,0.000637688596571482,0.007140090861148707,5.381339935299287e-05
1B_residual,10000,2.0,0.5,5,False,0.026384735132558623,0.0021931702886409964,0.0004004162798462633,0.000784815908498676,0.9233730265767222,0.18359959721283872,0.03352054698077813,0.06570027208232514,0.055309302578173555,0.14856168558425878,0.02712352879182953,0.05316211643198588,0.2464522688063121,0.015153016273575962,0.002766549609093476,0.005422437233823213,0.0,0.0,0.0,0.0,0.12947406794050625,0.10319526396768923,0.018840791300934488,0.036927950949831596,0.07530475948817193,0.09055495491708812,0.016532997167317508,0.03240467444794232,0.02349363237314404,0.009360449805284015,0.0017089765022496315,0.003349593944409278,0.004202021637054353,0.0031821314845715746,0.0005809750650157513,0.0011387111274308726,0.007016124671066896,0.00048455972648538256,8.846809755152584e-05,0.00017339747120099063,0.019291610736089645,0.009404995755306596,0.0017171094428072534,0.0033655345079022167,0.8211421047918603,0.8003067417571201,0.026085472335405997,0.28638608951743977,0.016477507702077114,0.009445958262685978,0.0017245881392418064,0.0033801927529139406,0.7013605831728624,1.7144401713699733,0.022602335680938414,0.61350453616354,1.8245477084859992e-06,3.4431476190932136e-06,6.286298732658528e-07,1.2321145516010715e-06,0.12971620660448333,0.21066185765995962,0.03846141714876745,0.0753843776115842,0.02349363237314404,0.004202021637054353,0.0017089765022496315,0.0005809750650157513,0.007016124671066896,8.846809755152584e-05
1B_residual,10000,2.0,1.0,5,False,0.03903809020420443,0.002056027014099118,0.00037537745815402636,0.0007357398179818917,0.8721851364901582,0.16172552048913894,0.029526905232055107,0.05787273425482801,0.0809420407284324,0.11541312111812897,0.021071456622825033,0.041300054980737064,0.35428921165576155,0.010434240816849358,0.0019050230219431748,0.0037338451230086223,0.0,0.0,0.0,0.0,0.16037717158045875,0.14354153267567055,0.026206978461776546,0.05136567778508203,0.10559367550051192,0.13232262671498898,0.024158695840045062,0.04735104384648832,0.028565190595249444,0.011611761856944819,0.002120007967142251,0.004155215615598812,0.007530271764725263,0.005765449196720166,0.0010526221930645583,0.0020631394984065342,0.005334700268982534,0.001921489764876689,0.0003508144294127535,0.0006875962816489968,0.02103491883052414,0.009421316918509507,0.001720089265890906,0.0033713749611461756,0.7363829329401502,0.17298006218262355,0.02977532160983713,0.0619001202766319,0.023230490326266885,0.01262411730338379,0.00230483793855153,0.004517482359560999,0.8132447164602596,0.1921927209570654,0.02240429373637164,0.06877528192223399,1.5947792904709445e-05,1.9582298769328244e-05,3.575222254588911e-06,7.007435618994265e-06,0.30080235789945203,0.2771906206400589,0.05060785188447245,0.099191389693566,0.028565190595249444,0.007530271764725263,0.002120007967142251,0.0010526221930645583,0.005334700268982534,0.0003508144294127535
1C_cv_decision,500,0.5,0.2,5,False,0.0025926366953136033,0.007508775054914908,0.0013709084922696626,0.0026869806448485386,0.9301134310550304,0.15755631438744747,0.028765715822460243,0.05638080301202208,0.04743279569049285,0.1265959109922505,0.023113145379457273,0.04530176494373626,0.04523073295048734,0.02393973234257663,0.004370777141555071,0.008566723197447938,0.0,0.0,0.0,0.0,0.106551184080161,0.12066785394963249,0.022030835191317523,0.04318043697498235,0.052000128269275706,0.09584725937391027,0.017499235344713045,0.03429850127563757,0.03927371616446476,0.027534893046305683,0.005027160679984588,0.009853234932769793,0.03899869732237468,0.0273030237606698,0.00498482733393946,0.00977026157452134,0.035097008551647886,0.024151706236217294,0.004409478102604802,0.00864257708110541,0.00027501884209008676,0.008113054952101201,0.001481234402514941,0.0029032194289292843,0.007002618263532656,0.4790806931487659,0.03756846725058016,0.17143682430182264,0.004176707612816864,0.010404837827424565,0.0018996547950878263,0.0037233233983721393,0.1063486733805955,0.9731094444040443,0.04329231350571012,0.34822274249932406,0.0023789280030752165,0.004013740316725982,0.0007328053704795835,0.0014362985261399837,0.13762775249379913,0.1857959751536773,0.033921548895112806,0.06648623583442109,0.03927371616446476,0.03899869732237468,0.005027160679984588,0.00498482733393946,0.035097008551647886,0.004409478102604802
1C_cv_decision,500,0.5,0.5,5,False,0.00520733180055788,0.007143655089145217,0.0013042470117871378,0.00255632414310279,0.9334026352495248,0.131401986073523,0.023990610624482746,0.047021596823986184,0.03943826949454335,0.09973137441985683,0.018208374486916427,0.0356884139943562,0.1075395033022091,0.059251304959505015,0.010817758762646207,0.021202807174786564,0.0,0.0,0.0,0.0,0.0812865242804453,0.09279840084235907,0.016942592480588825,0.033207481261954094,0.03241552209901645,0.06556031324895102,0.011969620814518427,0.023460456796456117,0.03611356967754695,0.025678533710310442,0.0046882373855979525,0.009188945275771987,0.0348661224941199,0.026868925637111973,0.004905572222458365,0.009614921556018395,0.033194361640239985,0.0234859770712577,0.004287933142325653,0.00840434895895828,0.0012474471834270399,0.009051824009014936,0.0016526293987681089,0.0032391536215854934,0.03454233947420138,0.9382275803777582,0.045794727061398754,0.3357404277663078,0.0029192080373069535,0.01336084044163802,0.0024393445657041432,0.004781115348780121,0.08083410372810462,2.058172035940926,0.06388373895137421,0.7365074041899701,0.00220360871445662,0.003891551942150052,0.0007104969274728742,0.0013925739778468335,0.1300982258106254,0.19586099796922807,0.03575916224107325,0.07008795799250357,0.03611356967754695,0.0348661224941199,0.0046882373855979525,0.004905572222458365,0.033194361640239985,0.004287933142325653
1C_cv_decision,500,0.5,1.0,5,False,0.021836950717307686,0.010803736789384571,0.001972483448298123,0.0038660675586643213,0.8781335722130533,0.18487832227226403,0.03375400916740959,0.06615785796812279,0.08953794620839951,0.1415623272893869,0.025845626649775452,0.050657428233559884,0.283879679260271,0.09440721995718035,0.017236321320633192,0.033783189788441054,0.0,0.0,0.0,0.0,0.13070219290189383,0.1291612647515315,0.0235815127534369,0.04621976499673632,0.06767827804188549,0.10537910995666092,0.019239505204360144,0.03770943020054588,0.03505708956172836,0.027645504136609447,0.0050473554097411255,0.009892816603092606,0.033696026407629476,0.02536548678736316,0.0046310830985126835,0.009076922873084859,0.030606055653326945,0.022853428898676094,0.004172446174715114,0.008177994502441622,0.0013610631540988797,0.009145431456362891,0.0016697197022557595,0.0032726506164212884,0.03882419137225668,3.1071238958209966,0.045655046881429455,1.1118700065136011,0.004451033908401372,0.015253642237202141,0.0027849213124763934,0.005458445772453731,0.12696530042986176,4.931240875253498,0.07078304121824325,1.7646218843936683,0.0033962085734448363,0.005483370190643619,0.001001121848188971,0.0019621988224503835,0.1691203593066364,0.22910978123555206,0.04182953177592856,0.08198588228081997,0.03505708956172836,0.033696026407629476,0.0050473554097411255,0.0046310830985126835,0.030606055653326945,0.004172446174715114
1C_cv_decision,500,1.0,0.2,5,False,-3.565098227319375e-05,0.004397230533163738,0.0008028207845214159,0.0015735287376619752,0.8870393912105229,0.1892829450215747,0.03455817957977555,0.06773403197636008,0.08195673075343063,0.15033976722011436,0.027448160598844123,0.05379839477373448,0.0369482671825458,0.024265818750706138,0.004430312102031194,0.00868341171998114,0.0,0.0,0.0,0.0,0.08190479031207193,0.10135790659052726,0.01850533727371111,0.036270461056473774,0.03169198562018849,0.07767057752036845,0.014180642454119824,0.027794059210074853,0.035380652926689425,0.027054828272791907,0.0049395132448122195,0.00968144595983195,0.03459571646272656,0.026301853663276562,0.004802039518525487,0.009411997456309953,0.03456469974352627,0.02397959652567708,0.004378055312328616,0.008580988412164087,0.0007849364639628566,0.006795334161439017,0.0012406526020018673,0.0024316790999236596,0.022185471409736257,8.479548555255606,0.0344701728224461,3.03436748050024,0.0008159531831631338,0.011716995420362182,0.0021392208993056975,0.0041928729626391666,0.023062129035714807,3.8712175963317925,0.05903772081602025,1.3852974256476094,0.003078843948447043,0.005584214429791489,0.001019533403047549,0.001998285469973196,0.14424737812606533,0.21643445338921816,0.03951534411419175,0.07745007446381583,0.035380652926689425,0.03459571646272656,0.0049395132448122195,0.004802039518525487,0.03456469974352627,0.004378055312328616
1C_cv_decision,500,1.0,0.5,5,False,0.006491444192830911,0.006733326993662044,0.0012293316938290486,0.002409490119904935,0.8972261078179271,0.16365003713373255,0.0298782722915678,0.058561413691472886,0.06942287701487629,0.1246986605073991,0.02276675641686036,0.04462284257704631,0.10930054185755414,0.042575524110798624,0.007773191651029829,0.015235455636018464,0.0,0.0,0.0,0.0,0.1195271386628254,0.10923031952868346,0.019942636656452333,0.03908756784664657,0.053118386951469275,0.08875980958047593,0.01620524996902994,0.03176228993929869,0.03950639776320588,0.02601335777348255,0.0047493676163295855,0.009308760528005987,0.04177839698629686,0.02683675927133306,0.004899699474415007,0.009603410969853413,0.03612338453794858,0.02475174863310977,0.004519030354683961,0.008857299495180564,-0.002271999223090983,0.0076913761506330214,0.001404246738652986,0.0027523236077598525,-0.05750965291011667,4.733738044667835,0.036475217410186125,1.6939464041448478,0.00338301322525728,0.013627315208930306,0.002487995979388118,0.004876472119600711,0.085632034728513,2.8557697279058414,0.060127593604873616,1.0219240726894208,0.0029114273102278437,0.00429622158795955,0.0007843791585887036,0.0015373831508338589,0.17508088700065977,0.2001519519949859,0.036542579678781634,0.071623456170412,0.03950639776320588,0.04177839698629686,0.0047493676163295855,0.004899699474415007,0.03612338453794858,0.004519030354683961
1C_cv_decision,500,1.0,1.0,5,False,0.023807498216104773,0.009874421378985154,0.0018028144438604792,0.003533516309966539,0.9314209285261713,0.11405505917187735,0.02082350956867457,0.040814078754602155,0.03949580267875401,0.07466068484865739,0.013631113750131277,0.026716982950257304,0.28178576537413214,0.05850508596703477,0.010681518437641296,0.02093577613777694,0.0,0.0,0.0,0.0,0.0943856805440693,0.09795432881517419,0.01788393183244973,0.03505250639160147,0.033475468167920755,0.07950673846232545,0.014515878043159751,0.028451120964593114,0.04453568179557799,0.029452979269049977,0.0053773537104635635,0.010539613272508585,0.04129687320296649,0.02781095471629267,0.0050775624146227275,0.009952022332660546,0.03542890619917986,0.02365099434836165,0.004318061037341624,0.008463399633189584,0.0032388085926114835,0.016394947024164122,0.0029932941047456285,0.005866856445301431,0.07272390276807417,1.5377429710018207,0.06442826871344505,0.5502742550703036,0.00910677559639811,0.020487506420136956,0.0037404898044469744,0.00733136001671607,0.20448268061099617,4.04880735211601,0.0718499187893229,1.4488471035945112,0.0012962539505084194,0.0020967745397951335,0.0003828169044827694,0.0007503211327862281,0.10562277308104598,0.15523212637331132,0.028341379088051743,0.05554910301258142,0.04453568179557799,0.04129687320296649,0.0053773537104635635,0.0050775624146227275,0.03542890619917986,0.004318061037341624
1C_cv_decision,500,2.0,0.2,5,False,0.0007747340124887767,0.0057780278006684255,0.0010549187214393533,0.0020676406940211326,0.918751817086875,0.13716738104711826,0.02504322291780442,0.04908471691889666,0.05008675401160256,0.09985075679115264,0.01823017062615882,0.035731134427271286,0.027811370571450146,0.016024702512546885,0.002925697014477214,0.005734366148375339,0.0,0.0,0.0,0.0,0.0803734585295213,0.055481537962622646,0.010129496622402546,0.01985381337990899,0.016498152730043895,0.029535096086797108,0.005392346121607112,0.01056899839834994,0.037474681434274335,0.0260036996979333,0.004747604301049447,0.009305304430056918,0.03598099577097278,0.024171238161792893,0.004413044128014558,0.008649566490908533,0.03244410603279586,0.019536645408697477,0.0035668871294411144,0.006991098773704584,0.0014936856633015378,0.00676038339517494,0.001234271494306892,0.002419172128841508,0.03985852864209882,0.7533408316220822,0.03130598533455738,0.2695795544198222,0.005030575401478458,0.013852685168650675,0.0025291427162957435,0.004957119723939657,0.13423931062099748,1.685424268423428,0.057395196105756024,0.6031213286443403,0.00210170077193307,0.0038122203088035373,0.0006960130191036692,0.0013641855174431916,0.12092490252011906,0.19586427483733526,0.035759760512600006,0.07008913060469601,0.037474681434274335,0.03598099577097278,0.004747604301049447,0.004413044128014558,0.03244410603279586,0.0035668871294411144
1C_cv_decision,500,2.0,0.5,5,False,0.007184232501123366,0.005667065024216781,0.0010346597828706971,0.0020279331744265665,0.9659237055783334,0.11028718731645072,0.020135593432339234,0.039465763127384895,0.021706078150798117,0.08606149061115707,0.015712606580083263,0.030796708896963194,0.09435500158536463,0.04109133328489427,0.007502216719366482,0.014704344769958305,0.0,0.0,0.0,0.0,0.062113089937559894,0.056196834813096265,0.010260091362508146,0.020109779070515966,0.011740478459382033,0.03253772450450996,0.005940548560336236,0.011643475178259022,0.040735526525327734,0.026303497304509812,0.0048023396049854524,0.009412585625771486,0.03676500045940366,0.026345377823915724,0.004809985906718336,0.009427572377167938,0.033669926833575725,0.026011598942801528,0.004749046499249976,0.009308131138529954,0.003970526065924057,0.00909999911182389,0.0016614249289409737,0.0032563928607243085,0.09747084190639732,0.5093417653890534,0.04046835389141396,0.18226560993028457,0.007065599691752007,0.017576790919425007,0.0032090682917070147,0.006289773851745749,0.17345055518943397,1.3922909437004716,0.07412477418570225,0.49822491556360365,0.0009382842694209033,0.0029888262322547536,0.0005456825159563677,0.0010695377312744806,0.054724252575359546,0.13444462156663411,0.02454611732243035,0.048110389951963484,0.040735526525327734,0.03676500045940366,0.0048023396049854524,0.004809985906718336,0.033669926833575725,0.004749046499249976
1C_cv_decision,500,2.0,1.0,5,False,0.0270573685225516,0.007890230027286877,0.0014405523232832083,0.0028234825536350883,0.9307076830390447,0.1682413845952855,0.03071653381624668,0.06020440627984349,0.05008450178829064,0.1368138457834064,0.02497867650486825,0.04895820594954177,0.23714776481356184,0.053161080640463224,0.009705841016044298,0.019023448391446825,0.0,0.0,0.0,0.0,0.1057892437201014,0.10475044815044672,0.01912472778692499,0.03748446646237298,0.0425942261686091,0.08419473497174325,0.015371785189064287,0.030128698970566,0.04287978283380424,0.030355276076008603,0.005542089815375605,0.010862496038136184,0.03907371126539621,0.02384751928551169,0.0043539414177380786,0.008533725178766634,0.023628874871325947,0.017166930327007605,0.0031342383277405345,0.006143107122371447,0.0038060715684079863,0.02058699209479219,0.003758653320499405,0.007366960508178834,0.08876144693082533,1.174215625692671,0.08102780667448294,0.4201876652370535,0.01925090796247825,0.026762757278773412,0.004886188620873258,0.009576929696911585,0.44895068701938146,0.9466838363557416,0.07362873592651395,0.3387664601050784,0.0010056266035918234,0.0024105794206943153,0.00044010957512400403,0.0008626147672430479,0.08508653212337548,0.19296234794225872,0.03522994357237856,0.06905068940186197,0.04287978283380424,0.03907371126539621,0.005542089815375605,0.0043539414177380786,0.023628874871325947,0.0031342383277405345
1C_cv_decision,2000,0.5,0.2,5,False,0.0010779324158741532,0.0011195917327202615,0.00020440854906906067,0.0004006407561753589,0.8997502144075911,0.19176707045075447,0.035011716757520205,0.0686229648447396,0.07140108371673211,0.15715743489677983,0.028692890724205295,0.05623806581944238,0.0471507741442381,0.01653370566617108,0.0030186278508376268,0.0059165105876417485,0.0,0.0,0.0,0.0,0.06366934380307794,0.06730395933161991,0.012287965578446183,0.02408441253375452,0.016092488217190875,0.041489682356498574,0.007574944976792788,0.014846892154513864,0.020467325551421257,0.013936826002246286,0.0025445046604849453,0.004987229134550492,0.018910557976556993,0.012408255845160558,0.0022654272085632556,0.004440237328783981,0.019347629837793128,0.012444858428192514,0.002272109895359775,0.004453335394905159,0.00155676757486425,0.0035627665808107487,0.0006504692078118664,0.0012749196473112582,0.07606111364931911,2.9572541284625564,0.02790854970052025,1.0582397990303587,0.0011196957136281164,0.0059486758105784885,0.0010860746429130555,0.002128706300109589,0.05470649845359876,4.945329348109142,0.05036511541406419,1.7696633796577739,0.0005665846015490011,0.001388153554586427,0.000253441005042655,0.0004967443698836038,0.09812736342170698,0.2035831311864676,0.03716902442612059,0.07285128787519636,0.020467325551421257,0.018910557976556993,0.0025445046604849453,0.0022654272085632556,0.019347629837793128,0.002272109895359775
1C_cv_decision,2000,0.5,0.5,5,False,0.008030990257435502,0.0024341659606490406,0.000444415868452904,0.0008710551021676919,0.8848471805553952,0.21116493891056395,0.03855326679850542,0.07556440292507062,0.08389045640514156,0.1764355092191996,0.03221256944808877,0.06313663611825399,0.15340596545048452,0.025337188383591346,0.004625916540483613,0.009066796419347881,0.0,0.0,0.0,0.0,0.08247032399549639,0.10831419904331105,0.019775376704708646,0.03875973834122894,0.0382456021095318,0.08043221243854375,0.014684845700879337,0.0287822975737235,0.019103583239434042,0.01367041413781956,0.0024958647312404367,0.0048918948732312555,0.018373647508908297,0.013518176382473521,0.0024680700470047774,0.004837417292129363,0.018803676158270666,0.01260321919879644,0.0023010224841209987,0.004510004068877157,0.0007299357305257402,0.004495429341895765,0.000820749352075638,0.0016086687300682506,0.03820936215877002,1.68472526075845,0.04225844031411357,0.6028711919639017,0.00029990708116335834,0.006825831517925956,0.0012462206320325916,0.0024425924387838794,0.01569899622518467,4.711183753487216,0.06444212131237761,1.6858754547000465,0.0007044049084428867,0.0017773859886329117,0.0003245047997892888,0.0006360294075870061,0.12365850948766205,0.21755264706496377,0.03971949741414691,0.07785021493172795,0.019103583239434042,0.018373647508908297,0.0024958647312404367,0.0024680700470047774,0.018803676158270666,0.0023010224841209987
1C_cv_decision,2000,0.5,1.0,5,False,0.028126917594096173,0.004069624856223996,0.0007430084447792004,0.0014562965517672328,0.9035052767616654,0.15313111256542497,0.02795778820264868,0.05479726487719141,0.06127580725732216,0.11620421765295919,0.021215890428588593,0.04158314524003364,0.37938127430198454,0.03954510609735357,0.007219915549485212,0.014151034476991016,0.0,0.0,0.0,0.0,0.08771738540572446,0.12144159964613141,0.02217210118189919,0.043457318316522414,0.04074239488908934,0.09649147926540087,0.01761685326690069,0.034529032403125354,0.017407169451463325,0.011451330861584914,0.0020907174087817088,0.004097806121212149,0.016489391527869497,0.011080559992943073,0.0020230242193080687,0.003965127469843815,0.013990003894556112,0.010396802138918769,0.0018981876858012565,0.0037204478641704626,0.0009177779235938354,0.0059480641339443256,0.0010859629665495789,0.0021284874144371743,0.0527241333608478,0.7705788291577648,0.060650238187112814,0.2757480926162099,0.0034171655569072237,0.008855940398775016,0.0016168661081101242,0.0031690575718958435,0.19630793888893583,1.257362848946234,0.08362017550980635,0.44994151695338463,0.00045392905643347557,0.0009123210537786098,0.00016656627361380944,0.0003264698962830665,0.11700260783683668,0.18913943201417546,0.034531977809292895,0.06768267650621407,0.017407169451463325,0.016489391527869497,0.0020907174087817088,0.0020230242193080687,0.013990003894556112,0.0018981876858012565
1C_cv_decision,2000,1.0,0.2,5,False,0.0013995450399446683,0.0020747561554903373,0.0003787969158949179,0.000742441955154039,0.9027807357262521,0.20388352427144749,0.03722386844904128,0.0729587821601209,0.07135647901091027,0.17077910688056164,0.031179856396356443,0.061112518536858625,0.03814994072525092,0.012197127717365813,0.002226880662524251,0.004364686098547532,0.0,0.0,0.0,0.0,0.07430763192244032,0.0931321945509084,0.017003534595164082,0.0333269278065216,0.02677599881855811,0.06773309342361243,0.012366314385905783,0.024237976196375334,0.021299423009220216,0.014774633608606664,0.0026974667021026077,0.0052870347361211115,0.019592595385025936,0.014725390812679748,0.002688476238728009,0.005269413427906898,0.019636761912137486,0.014465358302334998,0.002641001014861171,0.005176361989127895,0.0017068276241942598,0.0037122268904844005,0.0006777568021651887,0.00132840333224377,0.08013492306601078,0.28998522304548774,0.03202877930250923,0.10376987936338464,0.0016626610970827203,0.007195593102009752,0.001313729552199771,0.002574909922311551,0.07806132102090224,0.485448734479642,0.05960880656776144,0.1737155986260661,0.0005823306271924701,0.0014831800828120358,0.00027079039606617744,0.0005307491762897077,0.09860819819639159,0.2044561667665721,0.037328418186363205,0.07316369964527188,0.021299423009220216,0.019592595385025936,0.0026974667021026077,0.002688476238728009,0.019636761912137486,0.002641001014861171
1C_cv_decision,2000,1.0,0.5,5,False,0.009404402274715512,0.002705360017594143,0.0004939289026029617,0.0009681006491018049,0.9205873799472984,0.16289516551937752,0.029740452221166936,0.058291286353487196,0.054992773917025055,0.12876747847918987,0.023509617545371106,0.04607885038892737,0.15531071585315773,0.02455296685890018,0.004482737934098797,0.008786166350833641,0.0,0.0,0.0,0.0,0.07409423237599207,0.07174839984281127,0.013099405686269282,0.025674835145087792,0.020014245363616335,0.046472011468863074,0.00848458965804503,0.01662979572976826,0.01900871221759449,0.013220810293150174,0.002413778675351613,0.004731006203689161,0.017718864295665184,0.013910974084950931,0.0025397847677324707,0.0049779781447556425,0.01648173059638441,0.01131900587850885,0.002066558282730959,0.004050454234152679,0.001289847921929293,0.005912259171276562,0.0010794259046416576,0.002115674773097649,0.06785561836931919,0.6491428608780824,0.05654453252433418,0.23229278945829085,0.00252698162121007,0.00921537798850893,0.001682490133414308,0.0032976806614920437,0.13293807556679738,1.000223861455908,0.08065624624517312,0.357925512029891,0.00036305634265145116,0.0008397082065367879,0.00015330904214746856,0.0003004857226090384,0.09083226970183585,0.17884102195943788,0.032651753978153626,0.0639974377971811,0.01900871221759449,0.017718864295665184,0.002413778675351613,0.0025397847677324707,0.01648173059638441,0.002066558282730959
1C_cv_decision,2000,1.0,1.0,5,False,0.030176847031278483,0.004430619613361036,0.000808916768654219,0.0015854768665622691,0.8565670725389423,0.230239266706774,0.04203574666624943,0.08239006346584889,0.11110444588251069,0.18969713347089473,0.03463379969869244,0.06788224740943717,0.3544340464514413,0.029253319651352337,0.005340901018318279,0.010468165995903826,0.0,0.0,0.0,0.0,0.10143657221891832,0.11821033333273283,0.021582155365514204,0.04230102451640784,0.04888485682260999,0.09174791152810402,0.016750800249310284,0.032831568488648155,0.01783249631980294,0.016649430550698202,0.0030397562274110217,0.005957922205725602,0.01604300170559459,0.013458009084125484,0.0024570850514949896,0.0048158867009301795,0.014057767720277694,0.012128347109120391,0.002214323098972603,0.004340073273986301,0.0017894946142083602,0.009192345868415663,0.0016782850628402248,0.0032894387231668406,0.1003502023561963,3.3204662250164128,0.08514966621872645,1.1882135785453358,0.0037747285995252565,0.01570657804071604,0.0028676156980384903,0.005620526768155441,0.2116769594021125,3.8894493282566556,0.13711533873085152,1.3918215671281973,0.0007324615241482834,0.0013407322615965563,0.00024478310108378375,0.0004797748781242161,0.16876037529506113,0.2573970856163887,0.0469940633427282,0.09210836415174728,0.01783249631980294,0.01604300170559459,0.0030397562274110217,0.0024570850514949896,0.014057767720277694,0.002214323098972603
1C_cv_decision,2000,2.0,0.2,5,False,0.0015804767314776197,0.001596424356721217,0.00029146587717562817,0.0005712731192642312,0.8886999745969749,0.19035156123337937,0.03475328131461593,0.06811643137664722,0.08220439198233281,0.15047836796175112,0.02747346551640459,0.053847992412153,0.023703139126337806,0.010561492396895779,0.0019282558755663742,0.0037793815161100935,0.0,0.0,0.0,0.0,0.07832198897784089,0.08963258615434995,0.0163645964414209,0.03207460902518496,0.030875436954529416,0.06084967559729592,0.011109579980503539,0.021774776761786935,0.022955683119971974,0.01597745430032306,0.002917070710598287,0.0057174585927726425,0.021915984624667352,0.01517576067629592,0.002770702149902377,0.005430576213808659,0.019596106502702104,0.014845739727817043,0.002710448843925333,0.005312479734093653,0.0010396984953046128,0.0032663538752766776,0.0005963518994278174,0.0011688497228785222,0.04529155111049865,0.46628702875014283,0.02461468155115322,0.16685867029342857,0.003359576617269845,0.005421140718180601,0.0009897603529190906,0.0019399302917214175,0.1463505398515874,0.67514150971718,0.040123156371578844,0.24159628646172596,0.00057989341122899,0.0010046985541661093,0.0001834320205365347,0.00035952676025160796,0.12954702020011152,0.20591854525981831,0.03759541074915033,0.07368700506833464,0.022955683119971974,0.021915984624667352,0.002917070710598287,0.002770702149902377,0.019596106502702104,0.002710448843925333
1C_cv_decision,2000,2.0,0.5,5,False,0.008567304649075085,0.0025470070661549136,0.00046501774141936635,0.000911434773181958,0.8774401685637083,0.1852569013856742,0.03382312794081461,0.06629333076399663,0.0848488716525961,0.14727589903137847,0.026888777358779745,0.0527020036232083,0.09626321733227931,0.01627845221794409,0.002972025160345993,0.005825169314278147,0.0,0.0,0.0,0.0,0.09591360356758433,0.1205876663000763,0.02201619499648577,0.04315174219311211,0.043715807969509475,0.09594754877948088,0.01751754560128298,0.03433438937851464,0.024640430964943012,0.018295667194066292,0.003340316542265785,0.006547020422840938,0.021340321232322254,0.015332981158080692,0.0027994065513608267,0.00548683684066722,0.017578825805802792,0.013029347217079771,0.0023788224601205836,0.004662492021836344,0.003300109732620736,0.007316947369449939,0.0013358857087752728,0.0026183359891995346,0.1339306823535662,37.13379411826732,0.046289111165833105,13.288157567094078,0.007061605159140186,0.011784305076514342,0.002151509904976516,0.004216959413753971,0.28658610594867706,29.465249923837323,0.0659766320281787,10.54400426993121,0.0006682169743053467,0.0009686054775659793,0.00017684235646198365,0.00034661101866548797,0.17774775997518186,0.23620917665428254,0.043125698114424404,0.08452636830427183,0.024640430964943012,0.021340321232322254,0.003340316542265785,0.0027994065513608267,0.017578825805802792,0.0023788224601205836
1C_cv_decision,2000,2.0,1.0,5,False,0.030491926696572812,0.0035863967014888526,0.0006547834578558554,0.0012833755773974764,0.9532097590428786,0.11882476643338293,0.021694334988615505,0.04252089657768639,0.029121390260084257,0.08933704109238438,0.016310637542354966,0.031968849583015733,0.2662647994524501,0.024368264707101784,0.004449016089112222,0.008720071534659955,0.0,0.0,0.0,0.0,0.10807063100519657,0.12222104159859289,0.022314407161775532,0.043736238037080044,0.0510842156525877,0.09892632206374992,0.018061392708445617,0.03540032970855341,0.03294339132650997,0.019733094936147524,0.003602753741972988,0.007061397334267056,0.021198980550563126,0.017450144077379996,0.003185945847632066,0.006244453861358849,0.012884626160613836,0.013406586105035851,0.0024476965429544866,0.004797485224190793,0.011744410775946823,0.01216067345508078,0.0022202250552673434,0.004351641108323993,0.3565027856283869,0.5372561254190683,0.05927382566871081,0.19225463537923426,0.02005876516589611,0.016865601961635987,0.003079223546763803,0.006035278151657054,0.6088858602045195,0.6175621523134472,0.06269114826840393,0.22099177803589728,0.00029768549725429683,0.0006109915898771605,0.00011155129207388864,0.00021864053246482173,0.12171626028467468,0.19089839594358546,0.03485311921661815,0.06831211366457157,0.03294339132650997,0.021198980550563126,0.003602753741972988,0.003185945847632066,0.012884626160613836,0.0024476965429544866
1C_cv_decision,10000,0.5,0.2,5,False,0.0015154313020422972,0.00043691284882031224,7.976900765424314e-05,0.00015634725500231656,0.8392382520411031,0.23101951089713538,0.042178199114057194,0.0826692702635521,0.11785989101702847,0.19453935525657381,0.035517864398845564,0.0696150142217373,0.05490193392043821,0.007983377938813919,0.0014575587273924938,0.0028568151056892876,0.0,0.0,0.0,0.0,0.12999399615854443,0.1364021138909472,0.02490350488982018,0.04881086958404755,0.07327316265646405,0.10599789492722998,0.01935247936656876,0.03793085955847477,0.009039106681484586,0.006657264600490022,0.001215444664323001,0.0023822715420730818,0.008683320843280651,0.00647420841015148,0.0011820233294098747,0.0023167657256433546,0.007760122896452917,0.005684405511224994,0.0010378257081682049,0.0020341383880096817,0.00035578583820393677,0.001645679974612801,0.0003004586815099867,0.0005888990157595739,0.03936073007443475,0.3345660911536571,0.03241622038174018,0.11972293813277589,0.0012789837850316547,0.002491449606930787,0.00045487438353445715,0.000891553791727536,0.1414944894556337,0.387462573876556,0.04292990407214458,0.13865170137545174,0.00020658303594667439,0.00036020518656582046,6.576416867081889e-05,0.00012889777059480503,0.18467580757665658,0.25037518254877245,0.045712045107145494,0.08959560841000516,0.009039106681484586,0.008683320843280651,0.001215444664323001,0.0011820233294098747,0.007760122896452917,0.0010378257081682049
1C_cv_decision,10000,0.5,0.5,5,False,0.009099486558180433,0.0011789674251489303,0.00021524901777261754,0.00042188807483433034,0.8232443831870668,0.21596635253451812,0.03942988098175619,0.07728256672424214,0.13092711346151106,0.17437204900699246,0.031835834879842026,0.06239823636449037,0.17984639274918307,0.013130449602156972,0.002397281145762036,0.00469867104569359,0.0,0.0,0.0,0.0,0.11226332723042402,0.10533154619143717,0.01923082128864917,0.03769240972575237,0.049562043221578624,0.08075045647975923,0.014742948847601113,0.02889617974129818,0.009322817343419923,0.005467891656372112,0.0009982958673964307,0.0019566599000970042,0.008312830204859583,0.0053649301309911974,0.0009794977507276749,0.0019198155914262427,0.007454441368156804,0.005427541570627464,0.0009909289833432268,0.0019422208073527245,0.0010099871385603313,0.0031252557452655294,0.0005705910232181832,0.001118358405507639,0.10833497014431936,0.8927814499286745,0.05855181995155052,0.3194777388447612,0.0018683759752630901,0.004564246832087132,0.0008333136493185387,0.001633294752664336,0.2004089436099299,1.3725513875672841,0.08255372654149289,0.49116120611966996,0.00020103506731069628,0.0002440257248958812,4.455279804567471e-05,8.732348416952243e-05,0.22901142871246757,0.23401768015665608,0.042725587425609876,0.08374215135419535,0.009322817343419923,0.008312830204859583,0.0009982958673964307,0.0009794977507276749,0.007454441368156804,0.0009909289833432268
1C_cv_decision,10000,0.5,1.0,5,False,0.030422922356867062,0.0021482513218192044,0.0003922152360502228,0.0007687418626584366,0.8039859757377148,0.22872340081292183,0.04175898868484425,0.08184761782229473,0.14764104246918341,0.18746111705953256,0.03422556082287417,0.06708209921283337,0.4092594835028388,0.01839993723278058,0.0033593535596910364,0.006584332976994432,0.0,0.0,0.0,0.0,0.1514176058614544,0.155059611625913,0.028309882348500952,0.05548736940306186,0.08957301184518399,0.12923062398662372,0.023594175959314,0.04624458488025544,0.007307566076412324,0.005067312271430976,0.0009251604123284955,0.0018133144081638511,0.006917887997425637,0.004759220315440215,0.0008689107743011527,0.0017030651176302592,0.0060231057665155905,0.004381306237402109,0.0007999134191877398,0.00156783030160797,0.00038967807898667583,0.0047464399624024866,0.0008665774117506049,0.0016984917270311856,0.0533252898313854,1.3718625430605886,0.11514174970276427,0.49091470627871525,0.0012844603098967299,0.006706508276200934,0.0012244352883234463,0.002399893165113955,0.17577128916326457,3.453620844070534,0.15140868632413212,1.2358623470267427,0.00022482840999461337,0.00028519396513056785,5.20690559887846e-05,0.00010205534973801781,0.25537203925181856,0.26122929838401837,0.0476937264687249,0.0934797038787008,0.007307566076412324,0.006917887997425637,0.0009251604123284955,0.0008689107743011527,0.0060231057665155905,0.0007999134191877398
1C_cv_decision,10000,1.0,0.2,5,False,0.0018313729712319433,0.00048295068945055855,8.817432892491439e-05,0.0001728216846928322,0.8046019198759694,0.24801296610388507,0.045280765362954,0.08875030011138985,0.14890198624432538,0.20930089956299477,0.038212941332258464,0.07489736501122658,0.04565677489110545,0.0077551155763486215,0.0014158839124086059,0.0027751324683208674,0.0,0.0,0.0,0.0,0.12919704922898803,0.16769044605141234,0.030615946660153884,0.06000725545390161,0.06771617855646844,0.1486873078447317,0.02714646417375813,0.053207069780565934,0.014199240676294444,0.008877525716455403,0.0016208070299116117,0.003176781778626759,0.011920951309681661,0.009067934355642952,0.0016555707321872395,0.0032449186350869894,0.010892722106062621,0.008462661303638671,0.0015450634975096586,0.003028324455118931,0.002278289366612728,0.0015507192941631525,0.0002831213125905493,0.0005549177726774766,0.1604514930447214,0.274203409576194,0.027565685769451967,0.09812242994287688,0.0033065185702317802,0.0030522374899696093,0.0005572597747064344,0.0010922291584246114,0.23286587259218994,0.33380256728396024,0.04013920135806392,0.11944971462497984,0.0002558426430015835,0.00035779050751823146,6.532331060965236e-05,0.00012803368879491862,0.2379471737181729,0.2612823889128013,0.047703419428793,0.09349870208043427,0.014199240676294444,0.011920951309681661,0.0016208070299116117,0.0016555707321872395,0.010892722106062621,0.0015450634975096586
1C_cv_decision,10000,1.0,0.5,5,False,0.009790138451429705,0.0012185574260064665,0.00022247712994639135,0.00043605517469492706,0.8654229712061868,0.2054065740650944,0.03750193802510261,0.07350379852920112,0.09255000274170193,0.17111074097176926,0.031240404220553825,0.061231192272285496,0.1601805927436248,0.01253569737070503,0.002288694741331115,0.004485841693008985,0.0,0.0,0.0,0.0,0.10442063254261061,0.11048532195677797,0.020171767702982703,0.0395366646978461,0.04714378038922852,0.08618828369891726,0.015735755724850593,0.03084208122070716,0.01300278816273639,0.0074889942766685775,0.0013672970327861548,0.0026799021842608636,0.010828752238688571,0.007117723682377624,0.001299512606308987,0.0025470447083656145,0.00897874578466649,0.006056523762118738,0.0011057648948594953,0.002167299193924611,0.002174035924047787,0.0036673099796290685,0.0006695561337355507,0.0013123300221216793,0.16719767305586097,0.7347179731269231,0.048358758684961,0.262915450093579,0.004024042378069878,0.004755533469842378,0.0008682376514678279,0.0017017457968769426,0.3094753469568987,0.6960062249472792,0.05435016864736298,0.2490626289175246,0.00017063034705805974,0.0002694046431018094,4.918633337449651e-05,9.640521341401317e-05,0.19771136837599015,0.23547079726941217,0.0429908890993943,0.08426214263481283,0.01300278816273639,0.010828752238688571,0.0013672970327861548,0.001299512606308987,0.00897874578466649,0.0011057648948594953
1C_cv_decision,10000,1.0,1.0,5,False,0.031539074062189136,0.0019496402782565234,0.0003559539864739156,0.0006976698134888745,0.8787971526217928,0.1774605388715182,0.03239971340231763,0.06350343826854254,0.08111488244295618,0.14048337898168176,0.025648638540938077,0.05027133154023863,0.37402333013377903,0.015982070582915984,0.0029179135246342747,0.005719110508283178,0.0,0.0,0.0,0.0,0.13719850671523176,0.12426218493391232,0.022687067244394125,0.044466651799012484,0.06677474723967226,0.10560759828990042,0.019281221275774155,0.03779119370051734,0.013237858107979181,0.007443670458534562,0.001359022073591401,0.002663683264239146,0.007144429858022141,0.005333679062030094,0.0009737921122556261,0.0019086325400210272,0.004543149675500681,0.00435996410218105,0.0007960168962257734,0.0015601931166025157,0.006093428249957011,0.005986892256747718,0.001093051979457912,0.0021423818797375073,0.46030318502086054,1.0344333524996543,0.059599681273983365,0.3701672211811724,0.00869470843247845,0.008536350006071908,0.0015585171523616486,0.003054693618628831,0.656806287056191,0.9527315889478845,0.0689646646934,0.3409306205761373,0.00012663990795967886,0.00020136420287961184,3.676390539707004e-05,7.205725457825728e-05,0.1941859395693212,0.23632509260769025,0.04314686137524311,0.08456784829547649,0.013237858107979181,0.007144429858022141,0.001359022073591401,0.0009737921122556261,0.004543149675500681,0.0007960168962257734
1C_cv_decision,10000,2.0,0.2,5,False,0.0018344169629654534,0.0004613024207882315,8.422191389915148e-05,0.0001650749512423369,0.9239803334231093,0.12021909160157299,0.02194890277098713,0.04301984943113478,0.039993954038000205,0.08600043614715695,0.015701459611026848,0.030774860837612623,0.027227496843870522,0.004563829872170882,0.0008332375232013036,0.001633145545474555,0.0,0.0,0.0,0.0,0.07297610747340127,0.10116786270134909,0.018470640165371473,0.036202454724128086,0.02982195807580629,0.07593255366162215,0.013863324163147315,0.027172115359768736,0.019714017058028208,0.010068544131084538,0.0018382562472770846,0.0036029822446630856,0.017596010716549423,0.01021440462258014,0.001864886607757395,0.0036551777512044943,0.016690666279153762,0.00964844589612808,0.0017615571540591653,0.003452652021955964,0.0021180063414787333,0.002067867840116286,0.0003775392873237254,0.0007399770031545018,0.10743656836881255,0.2013221068885238,0.021330103917224445,0.07204219072130964,0.003023350778874403,0.002835735946537578,0.0005177321816822985,0.0010147550760973049,0.15336046275983284,0.19239929675430242,0.026066709536851883,0.06884920412190179,6.39276855281162e-05,0.0001227520979848261,2.2411364349124567e-05,4.392627412428415e-05,0.08754181084697012,0.14813378801195584,0.027045405740945522,0.05300899525225322,0.019714017058028208,0.017596010716549423,0.0018382562472770846,0.001864886607757395,0.016690666279153762,0.0017615571540591653
1C_cv_decision,10000,2.0,0.5,5,False,0.009830666487202227,0.0012128608928444883,0.00022143709004226078,0.0004340166964828311,0.8234142653095344,0.23694446882808368,0.04325994348440703,0.08478948922943778,0.12867912291075265,0.2019587167703468,0.03687244828663861,0.07226999864181168,0.10731756045020238,0.009900644015524407,0.001807602020377082,0.0035428999599390804,0.0,0.0,0.0,0.0,0.17079555195719728,0.14628637588303836,0.026708115975606607,0.05234790731218895,0.09562189065026915,0.1290480853840632,0.023560849122568048,0.046179264280233376,0.02349363237314404,0.009360449805284015,0.0017089765022496315,0.003349593944409278,0.018827739886492608,0.008719364180796314,0.0015919308163082316,0.0031201843999641337,0.014456477149162067,0.007933838172534216,0.0014485140448975181,0.0028390875279991354,0.004665892486651394,0.0029064778722783374,0.0005306478311788215,0.00104006974911049,0.19860243033278635,0.790324964367903,0.02187548755693901,0.2828141563525945,0.009037155223981925,0.004932406295706397,0.0009005300636462969,0.0017650389247467419,0.3846640264241342,0.9118102216865864,0.03337491221305663,0.32628709736659933,0.00031657576579786586,0.00037299307906858654,6.809890773305762e-05,0.00013347385915679294,0.3249389855448753,0.2799838445384357,0.05111782246357362,0.10019093202860428,0.02349363237314404,0.018827739886492608,0.0017089765022496315,0.0015919308163082316,0.014456477149162067,0.0014485140448975181
1C_cv_decision,10000,2.0,1.0,5,False,0.0327019059398142,0.001823454773905578,0.0003329157707528559,0.0006525149106755975,0.9080164391266404,0.19213828638172042,0.035079491203885316,0.06875580275961522,0.07030893912972554,0.1562571476002093,0.02852852150401629,0.05591590214787193,0.2752358375045057,0.012534377365171295,0.002288453742395496,0.004485369335095172,0.0,0.0,0.0,0.0,0.19403850806418552,0.17515686336549863,0.03197912172237795,0.06267907857586077,0.11949719531723857,0.15750719643154357,0.028756748151651204,0.056363226377236356,0.028565190595249444,0.011611761856944819,0.002120007967142251,0.004155215615598812,0.014961579616222588,0.010167061250936731,0.0018562429302249133,0.0036382361432408298,0.00834937885297732,0.006913995168624571,0.0012623170387791374,0.0024741413960071095,0.01360361097902681,0.004847987584804161,0.0008851173862340761,0.0017348300770187893,0.47623035924322576,0.24160743969580023,0.033763534056593124,0.08645811192453981,0.020215811742272067,0.008165069165708895,0.0014907308552162162,0.0029218324762237836,0.7077079242605904,0.2109775840201007,0.032228725075314456,0.07549735883855707,0.0001752533108682486,0.0002172678942401133,3.96675088989856e-05,7.774831744201178e-05,0.30262736145771607,0.30421195426563236,0.055541249871338925,0.1088608497478243,0.028565190595249444,0.014961579616222588,0.002120007967142251,0.0018562429302249133,0.00834937885297732,0.0012623170387791374
2A_PCA_cum60,500,0.5,0.2,5,False,-0.00027511377652474707,0.004761269915857462,0.0008692849784286187,0.0017037985577200926,0.939388360748851,0.13830580236060047,0.02525106926225071,0.049492095754011395,0.034582325205390264,0.09966230629045097,0.018195764429423004,0.035663698281669085,0.03488200348818804,0.02529876682256134,0.004618901755260047,0.009053047440309693,0.0,0.0,0.0,0.0,0.09265281929895584,0.09583658873362573,0.017497287161250756,0.03429468283605148,0.03835755770068075,0.07683189585242865,0.014027520831420929,0.02749394082958502,0.03927371616446476,0.027534893046305683,0.005027160679984588,0.009853234932769793,0.03737066085805281,0.02911057238950071,0.005314839053205535,0.010417084544282848,0.03482215324562107,0.028361069415424125,0.005177999157932549,0.010148878349547795,0.0019030553064119347,0.008003109583594622,0.001461161216373517,0.0028638759840920935,0.04845620665084538,0.3075773537584024,0.03806632851421857,0.1100651424897326,0.00445156291884369,0.01107112523951418,0.002021301676882234,0.003961751286689179,0.11334712763625643,0.4917955476369117,0.05169371563116562,0.1759867765459441,0.0027187763877434836,0.005946404366431886,0.0010856599358473199,0.002127893474260747,0.12205560331816441,0.21590014855729447,0.03941779384451554,0.07725887593525045,0.03927371616446476,0.03737066085805281,0.005027160679984588,0.005314839053205535,0.03482215324562107,0.005177999157932549
2A_PCA_cum60,500,0.5,0.5,5,False,0.00450171802786814,0.005499941048853073,0.0010041472591351503,0.0019681286279048947,0.9155461091538878,0.14698238097714106,0.02683518853899946,0.05259696953643894,0.04400191730773854,0.10366164294448547,0.01892594006291365,0.03709484252331075,0.09257675225258329,0.039148565863396864,0.007147517539119724,0.014009134376674658,0.0,0.0,0.0,0.0,0.09299345657334324,0.11136331367739646,0.020332066326544544,0.039850850000027305,0.039934749746496356,0.09432812998346707,0.017221881533074773,0.03375488780482656,0.03611356967754695,0.025678533710310442,0.0046882373855979525,0.009188945275771987,0.03451781762287029,0.02479571516120889,0.004527057507755652,0.008873032715201078,0.029437898409041815,0.022869231834261067,0.004175331382813344,0.008183649510314155,0.00159575205467665,0.006366921614801514,0.0011624355300980025,0.0022783736389920847,0.04418704849520294,2.3622959008354116,0.031191161288479086,0.8453367315611673,0.006675671268505102,0.010015256051339363,0.0018285272195028958,0.003583913350225676,0.1848521574607903,1.3115053587697654,0.04495866153175677,0.4693161652675761,0.0027005633241063737,0.004631801613426206,0.0008456474085207855,0.0016574689207007394,0.15142373423207697,0.2094708350193388,0.03824396715984499,0.07495817563329618,0.03611356967754695,0.03451781762287029,0.0046882373855979525,0.004527057507755652,0.029437898409041815,0.004175331382813344
2A_PCA_cum60,500,0.5,1.0,5,False,0.012043943560010295,0.008421710254452208,0.001537586893045349,0.0030136703103688838,0.9296026676048679,0.14577691648548985,0.02661510184088317,0.05216559960813101,0.041451834343587686,0.10122498513567861,0.018481069247312104,0.036222895724731724,0.16068019620282042,0.06661314294176994,0.012161840338507812,0.02383720706347531,0.004538755926534432,0.013751037106106447,0.0025105844040350205,0.00492074543190864,0.07650679744986526,0.10116616803660324,0.01847033076333524,0.03620184829613707,0.03172465023696788,0.08166069876391056,0.014909135591542683,0.02922190575942366,0.03505708956172836,0.027645504136609447,0.0050473554097411255,0.009892816603092606,0.035163359693968645,0.025398433191107576,0.004637098261352513,0.009088712592250924,0.033037178094169915,0.024549457315972047,0.00448209718215604,0.008784910477025839,-0.00010627013224030678,0.009156376152496138,0.0016717179212414992,0.003276567125633338,-0.003031344973836614,1.3591703589543955,0.04786228713645497,0.4863728665265879,0.002019911467558447,0.014551189355427686,0.002656671549498934,0.00520707623701791,0.05761777411675295,5.567325506962818,0.07230628421499163,1.9922418465564478,0.0019283464766694433,0.003833411679728621,0.000699882016397045,0.0013717687521382083,0.10766741514439106,0.18463934212238642,0.033710377561114946,0.06607234001978529,0.03505708956172836,0.035163359693968645,0.0050473554097411255,0.004637098261352513,0.033037178094169915,0.00448209718215604
2A_PCA_cum60,500,1.0,0.2,5,False,-0.00019068223475391668,0.004403812064189895,0.0008040224021900646,0.0015758839082925266,0.900795399890072,0.16369061857205175,0.029885681414628943,0.058575935572672724,0.05724758641510303,0.1174980103040827,0.021452103568506846,0.04204612299427342,0.029661926809137516,0.02024029326822812,0.003695355064509501,0.007242895926438622,0.0,0.0,0.0,0.0,0.11438324602734337,0.0981512761139873,0.017919889325182948,0.035122983077358574,0.05137863471866601,0.08107957409897411,0.014803037228973241,0.029013952968787553,0.035380652926689425,0.027054828272791907,0.0049395132448122195,0.00968144595983195,0.035074741626026765,0.02399338159313516,0.004380572109796456,0.008585921335201054,0.03348359975046425,0.024161689980665386,0.004411300876618998,0.008646149718173235,0.0003059113006626497,0.008845259563074945,0.0016149160632281457,0.0031652354839271655,0.008646287599511693,2.6509520733979857,0.045064847213453725,0.9486310163172428,0.0018970531762251665,0.014414987447495855,0.0026318045970490987,0.005158337010216233,0.05361837669180303,3.0246732208579594,0.0712810069581689,1.0823654114018637,0.0028805222327375176,0.00417418691050554,0.000762098776708894,0.0014937136023494323,0.1677095700758011,0.20652120045986247,0.03770544003163765,0.0739026624620098,0.035380652926689425,0.035074741626026765,0.0049395132448122195,0.004380572109796456,0.03348359975046425,0.004411300876618998
2A_PCA_cum60,500,1.0,0.5,5,False,0.004946978778908286,0.007318439132368833,0.0013361580661756488,0.0026188698097042717,0.958342033102023,0.10275579762254514,0.018760556090767898,0.03677068993790508,0.02203618823141447,0.061469840722172354,0.01122280612326115,0.021996700001591853,0.07862765110624516,0.05274003283746701,0.009628968556214625,0.018872778370180664,0.0,0.0,0.0,0.0,0.102304154101976,0.07519915649257083,0.013729424772114038,0.026909672553343516,0.04122500213938121,0.052642823654763644,0.009611220668826866,0.018837992510900656,0.03950639776320588,0.02601335777348255,0.0047493676163295855,0.009308760528005987,0.03915095100938643,0.025192976765128064,0.004599587221654723,0.009015190954443256,0.03456942525813214,0.02264926093108526,0.004135170374258619,0.008104933933546894,0.00035544675381943915,0.009036698357276395,0.0016498678452167201,0.003233740976624771,0.008997194731595881,1.2848919650742152,0.04149065163069493,0.4597926846424813,0.004936972505073717,0.013244232306621247,0.002418054930391712,0.004739387663567755,0.12496640505330425,5.709206908022305,0.055379386234285975,2.0430134538722506,0.0011172258751579534,0.002950975694203381,0.0005387719847882197,0.0010559930901849106,0.06413969472038741,0.15744709986282207,0.028745776069545398,0.05634172109630898,0.03950639776320588,0.03915095100938643,0.0047493676163295855,0.004599587221654723,0.03456942525813214,0.004135170374258619
2A_PCA_cum60,500,1.0,1.0,5,False,0.01698492088219984,0.008725858968310626,0.0015931165968508286,0.003122508529827624,0.9561885758885745,0.10817906546557626,0.01975070480177474,0.03871138141147849,0.0222143613688281,0.06994673958535187,0.012770469031612256,0.02503011930196002,0.1652419724850249,0.05903322599686477,0.010777943173594411,0.021124768620245045,0.004163304744210578,0.014133649381888522,0.0025804395287764305,0.005057661476401804,0.07176240784704904,0.07739687175939024,0.014130670847650862,0.027696114861395688,0.02540088789541186,0.05438678088394248,0.009929622240075351,0.019462059590547687,0.04453568179557799,0.029452979269049977,0.0053773537104635635,0.010539613272508585,0.04085937393814996,0.029491526504483112,0.005384391440588961,0.010553407223554363,0.03557907258077957,0.0248835837890591,0.004543100050945847,0.00890447609985386,0.003676307857428009,0.012026742102051144,0.00219577264753017,0.004303714389159133,0.08254747001073326,1.5156623280300796,0.048297872687451844,0.5423727984602745,0.0089566092147984,0.015703790743308577,0.0028671068094836424,0.005619529346587939,0.2011108588369639,0.979057740445468,0.055330554106346574,0.35035131290078697,0.0009100021085807434,0.001667730777069429,0.0003044845888155152,0.0005967897940784098,0.07401694414843227,0.12833884616340216,0.023431360349293568,0.04592546628461539,0.04453568179557799,0.04085937393814996,0.0053773537104635635,0.005384391440588961,0.03557907258077957,0.004543100050945847
2A_PCA_cum60,500,2.0,0.2,5,False,-0.001430928457700463,0.004663415624323842,0.000851419310821402,0.0016687818492099478,0.9327046088693226,0.1395874052230505,0.025485056861426398,0.04995071144839574,0.036058695101317276,0.09844852197356649,0.01797415874598846,0.03522935114213738,0.025455692174853065,0.017190259700957364,0.003138497669195453,0.006151455431623088,0.0,0.0,0.0,0.0,0.1079189155840434,0.11829565898953019,0.021597733627834823,0.042331557910556254,0.05590423714234534,0.0964683213535654,0.017612625230001688,0.03452074545080331,0.037474681434274335,0.0260036996979333,0.004747604301049447,0.009305304430056918,0.03522573378623382,0.027103522505413147,0.0049484035546879055,0.009698870967188295,0.03402419052175501,0.022746434876694765,0.004152911828262655,0.008139707183394804,0.0022489476480404827,0.00586753772621882,0.001071260923220873,0.0020996714095129114,0.060012455395648145,0.40910152292293667,0.030151894492100616,0.14639509984421134,0.0034504909125192915,0.007851935886360078,0.0014335608016812452,0.0028097791712952407,0.09207525669220251,0.9059904830661222,0.03343156222216196,0.3242045306474073,0.001722972102173673,0.0035594198484472793,0.0006498581808753982,0.0012737220345157806,0.09934801897426755,0.17458083508393277,0.031873953827853095,0.062472949502592065,0.037474681434274335,0.03522573378623382,0.004747604301049447,0.0049484035546879055,0.03402419052175501,0.004152911828262655
2A_PCA_cum60,500,2.0,0.5,5,False,0.0024986484876243966,0.006121293825795445,0.0011175902365017547,0.0021904768635434392,0.951848148205286,0.10750406794138424,0.019627467678354705,0.03846983664957522,0.023584408191620755,0.06680938548645546,0.01219766916132997,0.02390743155620674,0.05216488540541393,0.03792693796167029,0.006924479819568608,0.013571980446354472,0.0,0.0,0.0,0.0,0.06915959917414405,0.05953962399812242,0.010870398376382524,0.021305980817709746,0.01725764952855313,0.039058264529662004,0.007131030846633263,0.013976820459401195,0.040735526525327734,0.026303497304509812,0.0048023396049854524,0.009412585625771486,0.038825677194940296,0.027438856392833055,0.005009626866166499,0.009818868657686339,0.035764816332898824,0.0235593149211269,0.0043013227405564155,0.008430592571490574,0.0019098493303874235,0.007314530017810796,0.0013354443627678792,0.0026174709510250432,0.046884120405316754,0.3707031859152113,0.033352224422622076,0.1326544314156645,0.004970710192428881,0.01210545684763104,0.002210143928117633,0.0043318820991105605,0.12202395835827284,4.357706185629729,0.0495584778972962,1.5593851315414755,0.0010270824569025433,0.0022060717799428408,0.0004027717591167556,0.0007894326478688409,0.07257598540486479,0.14033820776570427,0.025622134024374302,0.05021938268777363,0.040735526525327734,0.038825677194940296,0.0048023396049854524,0.005009626866166499,0.035764816332898824,0.0043013227405564155
2A_PCA_cum60,500,2.0,1.0,5,False,0.016308604861205434,0.009319448670763562,0.0017014907534962462,0.0033349218768526424,0.9352966293975077,0.1287993976262452,0.023515445157657282,0.046090272509008275,0.03556493340684674,0.08226716962737644,0.01501986151567265,0.029438928570718392,0.11197300343113,0.046411476020716304,0.008473537447885475,0.01660813339785553,0.0,0.0,0.0,0.0,0.07974241294116594,0.08208457949211292,0.0149865252703854,0.029373589529955384,0.028520457144838748,0.06210881185298021,0.011339465757240498,0.022225352884191377,0.04287978283380424,0.030355276076008603,0.005542089815375605,0.010862496038136184,0.04129828794807162,0.028925469512803642,0.005281044046196841,0.010350846330545808,0.033964714375989774,0.023293900564791258,0.004252864930539501,0.008335615263857421,0.0015814948857326,0.013003446999413313,0.0023740937489671794,0.004653223747975672,0.03688206378894843,0.7235513712276378,0.05402235528816041,0.2589195329229788,0.008915068457814436,0.014456842687120728,0.002639446283346541,0.00517331471535922,0.2079084330340003,0.9609554178241965,0.04791019855291701,0.34387347994475476,0.0016087322523902733,0.0034321342435706453,0.0006266191151965242,0.0012281734657851875,0.10296840901982487,0.17973822639462836,0.03281556034743613,0.06431849828097481,0.04287978283380424,0.04129828794807162,0.005542089815375605,0.005281044046196841,0.033964714375989774,0.004252864930539501
2A_PCA_cum60,2000,0.5,0.2,5,False,0.0007915454890061481,0.0017480892918950571,0.0003191559792347185,0.0006255457193000483,0.7800843870524822,0.22129303672593267,0.04040239601120416,0.07918869618196016,0.14593827062731796,0.17341768685200207,0.031661592986402864,0.062056722253349614,0.023386690723273044,0.02127911633967989,0.0038850173410064793,0.0076146339883727,0.0,0.0,0.0,0.0,0.09057998776700787,0.12026462908932581,0.021957216740738576,0.04303614481184761,0.04471616856377321,0.09976677490510016,0.018214837701687896,0.035701081895308275,0.020467325551421257,0.013936826002246286,0.0025445046604849453,0.004987229134550492,0.02004185715036616,0.013656970975498532,0.0024934103568246264,0.004887084299376268,0.018557144859165854,0.012942109144007483,0.0023628950399555916,0.00463127427831296,0.00042546840105509254,0.0019780472040674705,0.00036114035782592604,0.000707835101338815,0.020787689138288656,0.27705622097741284,0.017284957409866727,0.09914329539195713,0.0019101806922553902,0.003826379951369403,0.0006985982043168475,0.001369252480461021,0.09332829965773226,0.6497239730581942,0.03150165479873867,0.2325007377812898,0.0012111745806967931,0.001454319407892992,0.00026552118184018284,0.0005204215164067584,0.2424761352993402,0.2311441811321405,0.042200960680711115,0.08271388293419378,0.020467325551421257,0.02004185715036616,0.0025445046604849453,0.0024934103568246264,0.018557144859165854,0.0023628950399555916
2A_PCA_cum60,2000,0.5,0.5,5,False,0.0033365576318745206,0.0023031929022050146,0.00042050356894115886,0.0008241869951246713,0.9111537210914659,0.18736243413447942,0.03420754386817677,0.06704678598162646,0.06043132968621966,0.14283390631721682,0.026077784155506434,0.05111245694479261,0.05427004792341875,0.02453221505493822,0.004478949190385833,0.008778740413156233,0.0,0.0,0.0,0.0,0.051741521031023294,0.07188485959520104,0.013124319714461097,0.02572366664034375,0.015731297372296567,0.05263632014006837,0.00961003329492631,0.018835665258055568,0.019103583239434042,0.01367041413781956,0.0024958647312404367,0.0048918948732312555,0.01968809355328981,0.014406985240513337,0.002630343600624382,0.005155473457223789,0.018856953421298516,0.013165754621299538,0.002403726930887881,0.0047113047845402465,-0.0005845103138557733,0.004150571633282618,0.0007577872366966499,0.0014852629839254337,-0.030596894128699814,4.3295852821314575,0.03974696142813044,1.5493221954616352,0.0002466298181355212,0.005431342318634076,0.0009916229018160983,0.0019435808875595526,0.012910133928509704,6.099950286215368,0.05144412905463064,2.182839175994564,0.0004849992315696197,0.001107951352818145,0.000202283316185621,0.00039647529972381714,0.09618636227512124,0.19150931323413423,0.03496465694355265,0.0685307276093632,0.019103583239434042,0.01968809355328981,0.0024958647312404367,0.002630343600624382,0.018856953421298516,0.002403726930887881
2A_PCA_cum60,2000,0.5,1.0,5,False,0.017249177934423227,0.003929942862663301,0.0007175061185290389,0.0014063119923169163,0.8866800565550416,0.17310481738161615,0.03160447109757451,0.061944763351246046,0.05968149108737794,0.13279471337259371,0.024244886677200837,0.04751997788731364,0.1813617653143118,0.03771327708345106,0.006885470858682929,0.01349552288301854,0.0003102113292579922,0.0013123026052050974,0.00023959257971454276,0.0004696014562405038,0.08747194440768394,0.13754567501235482,0.0251122896305138,0.049220087675807045,0.049298750838331726,0.11411392308081524,0.020834256598923975,0.04083514293389099,0.017407169451463325,0.011451330861584914,0.0020907174087817088,0.004097806121212149,0.016435064585916585,0.011672633896218766,0.002131121630152811,0.00417699839509951,0.014543015653958106,0.011937044660271571,0.002179396210125777,0.004271616571846523,0.0009721048655467568,0.004288410610006673,0.0007829530756483815,0.0015345880282708277,0.055845085455005994,0.4630370717951541,0.04457058553261137,0.16569568813311872,0.0028641537975052163,0.005976352226451619,0.0010911276420079248,0.0021386101783355325,0.16453874396359403,0.5714483012438322,0.06227994229963316,0.2044901483589795,0.000515482012323713,0.0010014690207502117,0.00018284239110250009,0.00035837108656090017,0.12793654500023968,0.18104836679087444,0.03305475816361038,0.06478732600067634,0.017407169451463325,0.016435064585916585,0.0020907174087817088,0.002131121630152811,0.014543015653958106,0.002179396210125777
2A_PCA_cum60,2000,1.0,0.2,5,False,0.0002490518280551378,0.001273618277835958,0.00023252982014054538,0.00045575844747546896,0.8467396345347293,0.20335036618252242,0.037126527545034406,0.07276799398826743,0.10363951166262295,0.14686941952430124,0.026814564693716486,0.052556546799684314,0.016289643964258835,0.009896523968142272,0.0018068498060806867,0.003541425619918146,0.0,0.0,0.0,0.0,0.08431500070387916,0.09442063219988336,0.01723877004992492,0.03378798929785284,0.037007548529265126,0.0702666595347421,0.01282887815590457,0.02514460118557296,0.021299423009220216,0.014774633608606664,0.0026974667021026077,0.0052870347361211115,0.021209779741606857,0.014633929539702564,0.0026717777712787624,0.005236684431706374,0.020317855576148697,0.01397172371020979,0.0025508760811038915,0.004999717118963627,8.964326761334152e-05,0.002118221586645407,0.0003867325816000244,0.0007579958599360478,0.004208718122296284,0.1649933513949019,0.018091209734845144,0.059042112526277966,0.0009815674330715097,0.003929251969439871,0.0007173799792612723,0.0014060647593520936,0.0460842264434399,0.3234490239521243,0.03221837335447779,0.11574474672611675,0.0007892344902604933,0.0012728222235199097,0.00023238448117191238,0.00045547358309694824,0.1618587076000866,0.22001670059382128,0.040169369981032065,0.07873196516282284,0.021299423009220216,0.021209779741606857,0.0026974667021026077,0.0026717777712787624,0.020317855576148697,0.0025508760811038915
2A_PCA_cum60,2000,1.0,0.5,5,False,0.0033787075720541682,0.002365318973582487,0.00043184618584203143,0.0008464185242503816,0.9055665321367876,0.15540138244105262,0.02837228087681725,0.05560967051856181,0.052586568032101905,0.10825182733131837,0.019763989240172447,0.038737418910737995,0.043269420146294695,0.01461367990010557,0.0026680807098158877,0.005229438191239139,0.0,0.0,0.0,0.0,0.07598188064095286,0.07617803863408165,0.01390814338212885,0.027259961028972546,0.027680958898063643,0.053372307960458304,0.00974440567201852,0.0190990351171563,0.01900871221759449,0.013220810293150174,0.002413778675351613,0.004731006203689161,0.01935737823534913,0.014122065077298442,0.002578324533797431,0.005053516086242965,0.017431956106655874,0.01319222793479257,0.0024085602745452274,0.004720778138108645,-0.00034866601775465004,0.003169290468336994,0.000578630626931428,0.0011341160287855988,-0.01834243234172983,0.26472918707728355,0.030121979863566434,0.09473212296292577,0.0015767561109386202,0.005784663009619694,0.0010561301393114766,0.002070015073050494,0.08294912842539492,0.6399506309001665,0.05418541170738443,0.2290033922060067,0.0004609577295806314,0.0008179995657264603,0.00014934560472593735,0.0002927173852628372,0.11671907692194215,0.17319165342234932,0.03162032511701251,0.061975837229344515,0.01900871221759449,0.01935737823534913,0.002413778675351613,0.002578324533797431,0.017431956106655874,0.0024085602745452274
2A_PCA_cum60,2000,1.0,1.0,5,False,0.017678738315429557,0.004648907805564563,0.000848770557623184,0.0016635902929414406,0.864619835942591,0.1818735446532571,0.03320541434000401,0.06508261210640785,0.08119793386905748,0.13245145031386724,0.0241822157037266,0.04739714277930414,0.16144141908084617,0.03647854541084209,0.0066600407288315904,0.013053679828509917,0.00042436568156137,0.0023243465642221644,0.0004243656815613699,0.000831756735860285,0.06580205646762836,0.07344342349435298,0.013408873249420673,0.02628139156886452,0.018802312052053412,0.05369351795144948,0.009803050324605819,0.019213978636227404,0.01783249631980294,0.016649430550698202,0.0030397562274110217,0.005957922205725602,0.018740335326563436,0.014130009601714056,0.002579774998874459,0.005056358997793939,0.01757364645441832,0.012472649465154896,0.002277183821306694,0.0044632802897611205,-0.0009078390067604836,0.0068253798506914,0.0012461381692549741,0.0024424308117397494,-0.05090924963502408,1.8575574547086844,0.07497314593267279,0.6647183982731406,0.00025884986538461674,0.010745653954999252,0.001961879022099231,0.0038452828833144925,0.014515627018364619,4.277641064750809,0.10839329792908814,1.5307341959952976,0.0005657171655738308,0.0008317924429041434,0.00015186382804697576,0.0002976531029720725,0.15726441234649388,0.204715094907254,0.03737569178083799,0.07325635589044245,0.01783249631980294,0.018740335326563436,0.0030397562274110217,0.002579774998874459,0.01757364645441832,0.002277183821306694
2A_PCA_cum60,2000,2.0,0.2,5,False,0.0004383704567186454,0.0014614545280007343,0.0002668238705846892,0.0005229747863459909,0.7977326284437789,0.2247373568030656,0.04103123994504205,0.08042123029228242,0.13804579925564653,0.17197615623823326,0.031398406708237715,0.06154087714814592,0.010333533335038336,0.009581230168702414,0.0017492852973491136,0.0034285991828042627,0.0,0.0,0.0,0.0,0.08808470675242912,0.11345404096514808,0.02071377915890893,0.0405990071514615,0.043701225939119216,0.09018641065705385,0.016465710499097567,0.03227279257823123,0.022955683119971974,0.01597745430032306,0.002917070710598287,0.0057174585927726425,0.022157063932492563,0.015975066473842302,0.002916634755122647,0.005716604120040388,0.021559123231453283,0.015714411500711838,0.002869045885619494,0.005623329935814208,0.0007986191874793844,0.002524123533038875,0.00046083979899167604,0.000903246006023685,0.03478960670896325,0.46118495493395945,0.02020813705557632,0.1650329166262309,0.0013965598885186767,0.003959380557199144,0.0007228806816417815,0.0014168461360178916,0.06083721757352767,0.5949864337209468,0.030967626397934576,0.2129131608902298,0.001065596327626116,0.0016257961347578278,0.00029682840563719035,0.0005817836750488931,0.21381153495015418,0.226513923378247,0.04135559514108756,0.08105696647653161,0.022955683119971974,0.022157063932492563,0.002917070710598287,0.002916634755122647,0.021559123231453283,0.002869045885619494
2A_PCA_cum60,2000,2.0,0.5,5,False,0.003211940907892122,0.0024149613427217683,0.000440909600970559,0.0008641828179022956,0.8955874606346541,0.1607410458611664,0.02934716557837775,0.05752044453362039,0.05704659259151747,0.11668406358646774,0.02130349790922518,0.04175485590208135,0.029181987330278606,0.015746927371206546,0.0028749824442017837,0.005634965590635496,0.0,0.0,0.0,0.0,0.05755685701480366,0.06317342936048938,0.011533837431899731,0.022606321366523473,0.017975412148852322,0.0341774454172665,0.006239919270979476,0.012230241771119773,0.024640430964943012,0.018295667194066292,0.003340316542265785,0.006547020422840938,0.023256370966134036,0.017547654458731902,0.003203748726117856,0.006279347503190998,0.02094627523590548,0.016615535400206164,0.0030335678479061815,0.005945792981896116,0.0013840599988089665,0.004686974869474155,0.0008557206208236088,0.0016772124168142732,0.05617028374130861,30.943458911495412,0.0333708264950957,11.072974562666056,0.00369415572903753,0.006436901153746767,0.0011752119874460446,0.0023034154953942474,0.14992252912675774,30.160118764562252,0.04317399487840833,10.792659891131917,0.00046578868527931,0.0008001233254532437,0.000146081864712263,0.0002863204548360355,0.12201903414818922,0.18090500611800236,0.033028584205479994,0.06473602504274079,0.024640430964943012,0.023256370966134036,0.003340316542265785,0.003203748726117856,0.02094627523590548,0.0030335678479061815
2A_PCA_cum60,2000,2.0,1.0,5,False,0.016289122773526,0.004179813826045996,0.0007631261062324554,0.0014957271682156125,0.906513036351294,0.1847759500739176,0.03373531864664434,0.0661212245474229,0.06234731461832596,0.13938031083723357,0.025447246772544865,0.04987660367418793,0.11218820359700662,0.025175944411080394,0.004596477553481615,0.009009096004823965,0.0,0.0,0.0,0.0,0.08259234582680057,0.08746835031108942,0.015969462844382564,0.03130014717498982,0.034207585812199764,0.06250036968249839,0.011410954109172122,0.02236547005397736,0.03294339132650997,0.019733094936147524,0.003602753741972988,0.007061397334267056,0.02599785661115743,0.01793367946143112,0.003274226926697641,0.006417484776327376,0.01845867521401355,0.014135848094655564,0.0025808409569697583,0.005058448275660726,0.006945534715352513,0.007759305251450616,0.0014166488389292659,0.002776631724301361,0.21083241389793939,0.25557657803015227,0.03939626088694967,0.09145690387863452,0.014484716112496385,0.011133100627777845,0.002032616782936284,0.003983928894555117,0.4396850333025787,0.29218416667039143,0.0434178456946636,0.10455676123373203,0.0004794279105379509,0.0009411289114174138,0.00017182584476786627,0.0003367786557450179,0.13071060435765813,0.20222579175556465,0.03692120928462167,0.07236557019785847,0.03294339132650997,0.02599785661115743,0.003602753741972988,0.003274226926697641,0.01845867521401355,0.0025808409569697583
2A_PCA_cum60,10000,0.5,0.2,5,False,0.0006796774643034868,0.00045978046233159913,8.394404357305705e-05,0.0001645303254031918,0.8815218997559956,0.19762366032442177,0.03608097888547484,0.07071871861553068,0.0747679789872672,0.1520657086051509,0.0277632729420162,0.05441601496635175,0.017548299030638457,0.009732945889059352,0.0017769846714716603,0.003482889956084454,0.0,0.0,0.0,0.0,0.06592990528344206,0.0997471413804408,0.01821125312690814,0.03569405612873996,0.030517635706606254,0.07401502480905342,0.013513232894074353,0.02648593647238573,0.009039106681484586,0.006657264600490022,0.001215444664323001,0.0023822715420730818,0.008966168639756649,0.006635259395937931,0.001211427082017769,0.002374397080754827,0.008515968643539195,0.00656597547956695,0.0011987776273948733,0.0023496041496939516,7.293804172792618e-05,0.0013872433665562704,0.00025327482820409233,0.000496418663280021,0.008069164829898612,0.46220553620038335,0.02791045862552182,0.1653981269420708,0.0005231380379453761,0.0016642280266489918,0.00030384507700932054,0.0005955363509382683,0.0578749710983022,0.7267159794047476,0.03311495057332793,0.26005197341536745,0.00012056808609575218,0.0002492257357310716,4.5502185790243066e-05,8.91842841488764e-05,0.11750630821317122,0.20986085512495245,0.0383151747630867,0.07509774253564992,0.009039106681484586,0.008966168639756649,0.001215444664323001,0.001211427082017769,0.008515968643539195,0.0011987776273948733
2A_PCA_cum60,10000,0.5,0.5,5,False,0.0033908487094704764,0.001429787440400561,0.00026104227784832016,0.0005116428645827075,0.9034121430635764,0.17652468324389997,0.03222885032304608,0.06316854663317031,0.05765841715744443,0.1331707687789853,0.024313544686851648,0.04765454758622923,0.046723550910878084,0.013047651415578962,0.002382164334258937,0.004669042095147517,0.0,0.0,0.0,0.0,0.07458744345797355,0.10247097930447394,0.01870855561823514,0.03666876901174087,0.03161082162422282,0.08014926699800516,0.014633187167437264,0.028681046848177037,0.009322817343419923,0.005467891656372112,0.0009982958673964307,0.0019566599000970042,0.008699376859066726,0.005779943031817362,0.0010552683932070564,0.0020683260506858306,0.008287322951986439,0.005765343629145834,0.001052602919150624,0.002063101721535223,0.0006234404843531861,0.0015693005499984923,0.00028651377024647935,0.0005615669896830995,0.06687254092704331,0.3400506765575004,0.031978466770647564,0.12168557181368495,0.0010354943914334701,0.0022119509285708212,0.0004038451398909124,0.0007915364741861883,0.11107097278531797,0.4265679848909877,0.04417935348543726,0.15264539298775368,0.00011717232427445208,0.0002810327143081758,5.1309319007830906e-05,0.00010056626525534857,0.11070583041572718,0.19728322759920341,0.03601882465783649,0.07059689632935952,0.009322817343419923,0.008699376859066726,0.0009982958673964307,0.0010552683932070564,0.008287322951986439,0.001052602919150624
2A_PCA_cum60,10000,0.5,1.0,5,False,0.016724051208088526,0.0028334725440800463,0.0005173189428213975,0.001013945127929939,0.9017689219848756,0.19035918913142028,0.03475467397189038,0.06811916098490514,0.06522519547378951,0.14532464612058182,0.026532528947232764,0.052003756736576215,0.17716114411415326,0.023577409128413343,0.004304626275720069,0.008437067500411335,0.0,0.0,0.0,0.0,0.10948381223707396,0.12054501899729957,0.02200840869990325,0.04313648105181037,0.052502869081585996,0.10317612084766535,0.018837296261381784,0.0369211006723083,0.007307566076412324,0.005067312271430976,0.0009251604123284955,0.0018133144081638511,0.0065828127148840265,0.00442227295149374,0.0008073928836593569,0.0015824900519723396,0.005525762931930298,0.004144402634877306,0.0007566609368353824,0.0014830554361973496,0.0007247533615282897,0.0033784526885036817,0.0006168182489858136,0.0012089637680121946,0.0991784889729137,2.0418627819485944,0.07871992406256167,0.730671212602285,0.001781803144482,0.004817951184811617,0.0008796335149600215,0.001724081689321642,0.24382990531326254,1.0842943857126424,0.10303212965553593,0.38800976276693405,0.0001340716617373505,0.00024357254695466928,4.447005945201954e-05,8.716131652595829e-05,0.14629411548782406,0.22174403649121396,0.040484736926162196,0.07935008437527791,0.007307566076412324,0.0065828127148840265,0.0009251604123284955,0.0008073928836593569,0.005525762931930298,0.0007566609368353824
2A_PCA_cum60,10000,1.0,0.2,5,False,0.0006702581366414899,0.0004750961427411411,8.674029145433908e-05,0.0001700109712505046,0.8712791272197309,0.20502327696073128,0.037431957868340575,0.07336663742194753,0.08323509012784198,0.15750463331912865,0.02875628019348885,0.056362309179238144,0.01484158736874782,0.009797229057474368,0.0017887211186079297,0.003505893392471542,0.0,0.0,0.0,0.0,0.11142706639284716,0.14093566967651194,0.025731215146307468,0.05043318168676263,0.06289495730310374,0.11854736206384435,0.02164368811169991,0.042421628698931825,0.014199240676294444,0.008877525716455403,0.0016208070299116117,0.003176781778626759,0.0135261330401775,0.008491779921460482,0.0015503798054511179,0.003038744418684191,0.0130881231045292,0.00833036111412292,0.001520908898122997,0.002980981440321074,0.0006731076361169162,0.0010074479242006317,0.0001839339845321469,0.0003605106096830079,0.047404481088956674,0.10199241297041552,0.011688243215509141,0.03649751624847566,0.0011111175717652276,0.001961873481799567,0.0003581874536509413,0.000702047409155845,0.07825190072454014,0.27093900089632184,0.02333496081148242,0.09695427629923423,0.00016286958598811028,0.00033895638608867667,6.188468622373283e-05,0.00012129398499851635,0.13931511066041669,0.2320568996988277,0.04236759952992057,0.08304049507864432,0.014199240676294444,0.0135261330401775,0.0016208070299116117,0.0015503798054511179,0.0130881231045292,0.001520908898122997
2A_PCA_cum60,10000,1.0,0.5,5,False,0.0039132109032867105,0.0012281283952939473,0.00022422454187170547,0.0004394801020685427,0.8123641452644765,0.25572907590927624,0.04668952782848718,0.09151147454383488,0.1379760710528333,0.2012316226219664,0.03673969966447262,0.07200981134236634,0.0396982810097484,0.01071482780516319,0.0019562509628904827,0.003834251887265346,0.0,0.0,0.0,0.0,0.06602220337669064,0.06929586468970632,0.012651636077459293,0.024797206711820216,0.021338024461422418,0.04660179649488773,0.008508285053505064,0.016676238704869926,0.01300278816273639,0.0074889942766685775,0.0013672970327861548,0.0026799021842608636,0.012341366025043038,0.007117356890411639,0.0012994456395644264,0.0025469134535462757,0.011858922518861718,0.006866131345221414,0.001253578340190353,0.002457013546773092,0.0006614221376933518,0.0017188323907476257,0.0003138144243276695,0.0006150762716822323,0.05086771617097219,0.3355769773741277,0.02295675391887806,0.12008467912097752,0.0011438656438746515,0.002360380149020925,0.00043094448396872203,0.0008446511885786952,0.08797079745963876,0.4859006005955667,0.030533422891264227,0.17387729683898004,0.00020328092234706634,0.0003517831594426131,6.422652392571856e-05,0.00012588398689440837,0.17732076673451883,0.25316813061438875,0.04622196532630498,0.09059505203955776,0.01300278816273639,0.012341366025043038,0.0013672970327861548,0.0012994456395644264,0.011858922518861718,0.001253578340190353
2A_PCA_cum60,10000,1.0,1.0,5,False,0.016991804415490565,0.0025159476506079947,0.000459347093913375,0.000900320304070215,0.8909601685963994,0.18580106432740945,0.03392247804686353,0.06648805697185252,0.06806988568321873,0.13980254489402774,0.025524335811695893,0.05002769819092395,0.15696237263901974,0.01749961016344028,0.0031949770780209693,0.0062621550729211,0.0,0.0,0.0,0.0,0.09560556267854334,0.10081100935664271,0.01840548795649919,0.036074756394738415,0.04632041716175308,0.07554743662686952,0.013793011734076144,0.027034302998789242,0.013237858107979181,0.007443670458534562,0.001359022073591401,0.002663683264239146,0.00914555504519578,0.00694959797207578,0.0012688171916326874,0.0024868816956000674,0.006843331956872811,0.005586537268486303,0.0010199574934310809,0.0019991166871249186,0.0040923030627833465,0.004247121888415699,0.0007754148209197392,0.0015198130490026887,0.30913634436954307,1.190600959469367,0.05440094272299629,0.42605108162592864,0.006394526151106341,0.006258336851581724,0.001142610755359057,0.002239517080503752,0.4830483979316895,1.377120741517058,0.06393048049317421,0.49279632843092747,0.00016504219086355698,0.00024785854267926903,4.525257163193087e-05,8.86950403985845e-05,0.19654866555031983,0.2363281695635292,0.04314742314795025,0.0845689493699825,0.013237858107979181,0.00914555504519578,0.001359022073591401,0.0012688171916326874,0.006843331956872811,0.0010199574934310809
2A_PCA_cum60,10000,2.0,0.2,5,False,0.0005161899637056892,0.00043175810453351327,7.882788441289292e-05,0.0001545026534492701,0.8758767705465799,0.1853904312783741,0.03384750705225893,0.06634111382242751,0.0786581626770032,0.13374133649941794,0.024417715623873404,0.04785872262279187,0.008340814227569743,0.0052568114877201136,0.0009597580774588659,0.0018811258318193773,0.0,0.0,0.0,0.0,0.061564809021519326,0.07672833768335155,0.014008613783015107,0.02745688301470961,0.023123035607128212,0.048709311559022514,0.008893062900474587,0.01743040328493019,0.019714017058028208,0.010068544131084538,0.0018382562472770846,0.0036029822446630856,0.018716408868816814,0.009982255143584575,0.0018225021056377476,0.003572104127049985,0.018323308906511408,0.010414034645174116,0.001901333896600724,0.003726614437337419,0.0009976081892113695,0.0012159222932865245,0.00022199602273548062,0.000435112204561542,0.05060400355112471,0.10074287347828846,0.011625202758500123,0.03605037428380572,0.001390708151516778,0.0019147506454421793,0.00034958404016875266,0.0006851847187307552,0.0705441284454229,0.15113199091449636,0.019451333329242024,0.05408188838189651,0.0001021931023065053,0.000215079062719213,3.9267884766127125e-05,7.696505414160916e-05,0.10887100790763138,0.18696448911079572,0.0341348893794706,0.06690438318376238,0.019714017058028208,0.018716408868816814,0.0018382562472770846,0.0018225021056377476,0.018323308906511408,0.001901333896600724
2A_PCA_cum60,10000,2.0,0.5,5,False,0.003425369005500346,0.0011798072747324453,0.0002154023526265517,0.0004221886111480413,0.8749843474589443,0.20996025044457825,0.0383333217826432,0.07513331069398066,0.08397073733931894,0.16249542322342214,0.029667469596939045,0.05814824041000053,0.02767188755230005,0.007327141642234596,0.0013377469198291119,0.0026219839628650594,0.0,0.0,0.0,0.0,0.07989042068309546,0.10269337177281528,0.018749158742078404,0.036748351134473674,0.03699756505862562,0.07854066374544087,0.014339497738268718,0.028105415567006686,0.02349363237314404,0.009360449805284015,0.0017089765022496315,0.003349593944409278,0.02138010811684543,0.00877068515815104,0.0016013007019650299,0.0031385493758514585,0.020061542999273128,0.008859826634209162,0.0016175756343804768,0.0031704482433857345,0.002113524256298591,0.0023767879927469567,0.0004339401326783111,0.0008505226600494897,0.08996157864096888,0.34188934076688593,0.017181338044062012,0.12234352935094808,0.0034320893738708823,0.0032477793308022386,0.0005929606670931396,0.0011622029075025538,0.14608594019689314,0.1340999637017229,0.02400852870110533,0.04798705571897097,0.00015682372724721316,0.0003329823111614076,6.079397435776907e-05,0.00011915618974122738,0.1563903934248842,0.21095712316914345,0.03851532500871186,0.07549003701707524,0.02349363237314404,0.02138010811684543,0.0017089765022496315,0.0016013007019650299,0.020061542999273128,0.0016175756343804768
2A_PCA_cum60,10000,2.0,1.0,5,False,0.01777163649332031,0.0023727305557058103,0.00043319934941394683,0.0008490707248513358,0.8590703029795932,0.2078329060450952,0.03794492361091681,0.07437205027739695,0.090073673161232,0.16114932984321956,0.029421707693990603,0.05766654708022158,0.1127726570306251,0.013521836865011641,0.0024687383566239377,0.004838727178982918,0.0,0.0,0.0,0.0,0.10415525146068913,0.10894657871367698,0.01989083290816435,0.03898603250000213,0.048531290806434604,0.0909363820162792,0.016602635909407745,0.03254116638243918,0.028565190595249444,0.011611761856944819,0.002120007967142251,0.004155215615598812,0.020862434446438552,0.010557601056060432,0.0019275454171815542,0.0037779890176758463,0.01542828339524603,0.009748588533072715,0.0017798406144667077,0.003488487604354747,0.0077027561488108385,0.004504773765478312,0.0008224554026033194,0.001612012589102506,0.26965533883368886,0.1754812845983846,0.02735921219559316,0.06279517122308582,0.01313690720000336,0.005169076665955657,0.0009437399638058365,0.0018497303290594396,0.4598921598719582,0.2228662357367082,0.0317302771749286,0.07975165821791592,0.00027692143836266666,0.0003610116072553052,6.591140027164211e-05,0.00012918634453241854,0.29539502945220086,0.28202162153423643,0.05148986793949534,0.10092014116141086,0.028565190595249444,0.020862434446438552,0.002120007967142251,0.0019275454171815542,0.01542828339524603,0.0017798406144667077
2B_clustering,500,0.5,0.2,5,False,0.0008569834534263145,0.0054156094944432095,0.0009887504942485649,0.0019379509687271871,0.9201038758770659,0.1524804564607479,0.027838995194078654,0.05456443058039416,0.04798836541552706,0.11314795825443513,0.02065789635720233,0.040489476860116565,0.035145007609026245,0.027804247159061244,0.005076337787822258,0.009949622064131625,0.0,0.0,0.0,0.0,0.16407642394858626,0.08048250055608312,0.014694027012996267,0.028800292945472684,0.04772708385665437,0.06382314370312551,0.011652458499031881,0.022838818658102486,0.03927371616446476,0.027534893046305683,0.005027160679984588,0.009853234932769793,0.03959462102021092,0.028319287062800073,0.0051703707789199395,0.010133926726683081,0.034969524384159976,0.02776524729194842,0.0050692174188364586,0.00993566614091946,-0.000320904855746142,0.0046863951213603795,0.0008556147737837468,0.0016770049566161437,-0.008170982710225871,1.3960598887909084,0.0217224037838723,0.49957361524303695,0.004304191780304763,0.011239874600447043,0.002052110954064737,0.004022137469966885,0.10959471627997508,4.698645883418234,0.05155551740687576,1.6813888355169442,0.0031671541906213335,0.005230032444903643,0.0009548689155192068,0.0018715430744176453,0.16248030189182122,0.21995836084362452,0.04015871864863807,0.07871108855133062,0.03927371616446476,0.03959462102021092,0.005027160679984588,0.0051703707789199395,0.034969524384159976,0.0050692174188364586
2B_clustering,500,0.5,0.5,5,False,0.005338522250638686,0.006175980224396698,0.0011275745612026296,0.002210046139957154,0.9261641793149131,0.13542630687246196,0.024725347717888105,0.048461681527060686,0.04263725573605685,0.09269784569341709,0.016924233706139217,0.03317149806403286,0.10006059486084058,0.04470297813233692,0.008161609836913697,0.015996755280350845,0.0,0.0,0.0,0.0,0.18883988229463633,0.07742399691035048,0.014135623200003082,0.02770582147200604,0.06850981905788904,0.05821456580975315,0.010628476956456932,0.02083181483465559,0.03611356967754695,0.025678533710310442,0.0046882373855979525,0.009188945275771987,0.03610016828724361,0.024594091347032804,0.004490246204037494,0.008800882559913488,0.03237152425453102,0.025475678962068746,0.00465120134509495,0.009116354636386102,1.340139030333548e-05,0.007467023348480456,0.0013632857084601682,0.0026720399885819296,0.00037109015871306106,1.564156373329536,0.03773613234308185,0.5597261697035318,0.0037420454230159103,0.013603006627913123,0.0024835578600001006,0.004867773405600197,0.1036188185335355,1.0821678911449328,0.06627841770465114,0.3872488064587449,0.0017236898510888101,0.0032352226014691057,0.0005906681324583918,0.001157709539618448,0.11317286458386638,0.17185564575979437,0.03137640460575214,0.06149775302727419,0.03611356967754695,0.03610016828724361,0.0046882373855979525,0.004490246204037494,0.03237152425453102,0.00465120134509495
2B_clustering,500,0.5,1.0,5,False,0.021733817254117185,0.011399434925554744,0.0020812425505128524,0.0040792353990051905,0.9489950795006873,0.11975311029596285,0.021863826613501003,0.042853100162461966,0.0303985747002317,0.08203049266810172,0.01497665041252715,0.029354234808553214,0.26268459759321866,0.05358475598614332,0.009783193197340227,0.019175058666786843,0.0038821112951540854,0.010021469074041294,0.0018296615570642754,0.0035861366518459797,0.15548568634914928,0.07356424823445804,0.013430932727974085,0.026324628146829208,0.04201564454976942,0.05166449630100735,0.009432603348734647,0.01848790256351991,0.03505708956172836,0.027645504136609447,0.0050473554097411255,0.009892816603092606,0.03405426435304041,0.0283815296604308,0.005181734670506629,0.010156199954192993,0.031183833703827817,0.024730884670450794,0.004515221133688205,0.008849833422028882,0.001002825208687917,0.009943376799279266,0.0018154039235795908,0.0035581916902159977,0.02860548953792008,2.762271925858203,0.051515553654959856,0.9884663139204402,0.003873255857900539,0.014684868704337413,0.0026810779477890877,0.005254912777666612,0.11048423888927028,6.448325272166042,0.07069785032464093,2.3075035636680408,0.0013813840692776377,0.0028310664067097632,0.0005168796442500108,0.0010130841027300211,0.0896867083827838,0.1732700096600885,0.03163463094332283,0.06200387664891275,0.03505708956172836,0.03405426435304041,0.0050473554097411255,0.005181734670506629,0.031183833703827817,0.004515221133688205
2B_clustering,500,1.0,0.2,5,False,-0.00029294878369235983,0.00405956580876116,0.0007411719223783969,0.0014526969678616579,0.9296269906495883,0.14422511927791656,0.026331783729129365,0.051610296109093554,0.04041777976874772,0.10814623847412232,0.019744711440536623,0.03869963442345178,0.031138218745399748,0.01890482013140713,0.0034515321438498216,0.006765003001945651,0.0,0.0,0.0,0.0,0.16072986872564335,0.06934501636466134,0.012660609904496635,0.024814795412813406,0.042222714768234235,0.05189901392974422,0.009475420213865248,0.018571823619175885,0.035380652926689425,0.027054828272791907,0.0049395132448122195,0.00968144595983195,0.035653993977395985,0.025483286079349368,0.004652590208339011,0.009119076808344461,0.037521531552637384,0.025812178983096144,0.004712637562467506,0.009236769622436311,-0.0002733410507065627,0.006566406705695021,0.0011988563581541165,0.0023497584619820685,-0.007725720926432311,1.8102809222015257,0.03428089975751842,0.6478007083872064,-0.0021408786259479668,0.010967056108934075,0.002002301340096009,0.003924510626588177,-0.06050986764953081,4.3449911899026175,0.05978126694070587,1.5548351287556392,0.00265710962649843,0.005451736778758898,0.0009953464037689333,0.0019508789513871091,0.13165780919662284,0.2149738151975513,0.03924866928554858,0.07692739179967521,0.035380652926689425,0.035653993977395985,0.0049395132448122195,0.004652590208339011,0.037521531552637384,0.004712637562467506
2B_clustering,500,1.0,0.5,5,False,0.00395910777170426,0.0051386090072245705,0.0009381773558187082,0.0018388276174046679,0.8969702206983914,0.16611613419610655,0.030328517954920954,0.05944389519164507,0.06443818235365052,0.12206474904496455,0.022285872176044753,0.043680309465047716,0.06565746593404866,0.028444963943774024,0.0051933161331420485,0.010178899620958415,0.0,0.0,0.0,0.0,0.1630498062637982,0.07987047667368008,0.014582287250954921,0.028581283011871645,0.04636463078802448,0.06156762483251216,0.011240658977594045,0.022031691596084327,0.03950639776320588,0.02601335777348255,0.0047493676163295855,0.009308760528005987,0.03894057928561813,0.02564537677758412,0.004682183785600656,0.009177080219777286,0.032839212091082856,0.022780379078160464,0.004159109163209076,0.008151853959889788,0.0005658184775877501,0.0069953651927510815,0.001277173104685414,0.002503259285183411,0.014322198672203967,7.711172824303376,0.03205148877892477,2.7594077564519632,0.006667185672123002,0.012403248316030329,0.002264512963009259,0.004438445407498147,0.16876217649821967,3.1330138283826954,0.050736119316913825,1.1211345998968032,0.0032182265770354266,0.0058356858050216025,0.0010654455846410087,0.002088273345896377,0.15858268564827951,0.22560458297334332,0.04118957305701535,0.08073156319175008,0.03950639776320588,0.03894057928561813,0.0047493676163295855,0.004682183785600656,0.032839212091082856,0.004159109163209076
2B_clustering,500,1.0,1.0,5,False,0.023161018879909293,0.010020364647461298,0.0018294599172806183,0.003585741437870012,0.939395519175443,0.14540210279128732,0.026546670535824313,0.052031474250215655,0.038780053476642644,0.10887067350988992,0.019876974577382283,0.038958870171669276,0.22556810773079575,0.05599881880905344,0.010223938751787717,0.020038919953503924,0.00414906128696582,0.016018858180468266,0.00292462999030621,0.0057322747810001715,0.1597677369752135,0.08733868830919271,0.01594578990995253,0.031253748223506954,0.05118653466751846,0.061106082414579176,0.011156393246411588,0.021866530762966713,0.04453568179557799,0.029452979269049977,0.0053773537104635635,0.010539613272508585,0.039859298296871626,0.030380643639940804,0.005546721277707146,0.010871573704306005,0.032944564092451896,0.02504206380974386,0.00457203441169349,0.00896118744691924,0.004676383498706352,0.013562164025923452,0.002476101055194451,0.004853158068181124,0.10500307416806387,3.8935373666301625,0.055002382718515735,1.3932844528725001,0.011591117703126052,0.02071164426367844,0.0037814115887463864,0.0074115667139429174,0.26026586403976404,3.3487403408584155,0.0725885370358976,1.1983313409582528,0.0016396420384452099,0.004417296334467955,0.0008064842818576613,0.0015807091924410163,0.0859351230133664,0.18640949896467637,0.03403356250539639,0.06670578251057692,0.04453568179557799,0.039859298296871626,0.0053773537104635635,0.005546721277707146,0.032944564092451896,0.00457203441169349
2B_clustering,500,2.0,0.2,5,False,0.0012750149542978964,0.005075807480801682,0.0009267114182628506,0.0018163543797951871,0.9652633137003696,0.09813716013139634,0.017917312111154143,0.03511793173786212,0.02024456961290533,0.06396600733870077,0.01167854171098247,0.02288994175352564,0.020670823173062923,0.013217359145539238,0.0024131485848863494,0.004729771226377245,0.0,0.0,0.0,0.0,0.15176925723287182,0.07556715455273716,0.013796611718337784,0.027041358967942054,0.03876723297838036,0.056881228098160964,0.010385043909319812,0.02035468606226683,0.037474681434274335,0.0260036996979333,0.004747604301049447,0.009305304430056918,0.03735272140256878,0.026874512930409974,0.0049065923179832695,0.009616920943247209,0.037717559864503786,0.023321136609805164,0.004257837529283281,0.00834536155739523,0.00012196003170554028,0.008436288003370146,0.0015402484136853494,0.0030188868908232846,0.003254464802308066,0.3229347170974449,0.04107949372858173,0.11556070438180228,-0.00024287843022943896,0.012675956681484205,0.002314302470802409,0.004536032842772722,-0.006481133953211371,1.3689904596375757,0.06212570829228508,0.4898869444252057,0.0010952726311717366,0.0031196283760546234,0.0005695636108661088,0.0011163446772975733,0.06146883915119054,0.14876246538954527,0.027160186001311832,0.05323396456257119,0.037474681434274335,0.03735272140256878,0.004747604301049447,0.0049065923179832695,0.037717559864503786,0.004257837529283281
2B_clustering,500,2.0,0.5,5,False,0.004468980131676864,0.006786245191408867,0.0012389931906985334,0.0024284266537691257,0.9239728529332829,0.12928043818346927,0.023603270745746106,0.04626241066166237,0.038967495851710825,0.08804856952922428,0.016075395895739388,0.0315077759556492,0.052463433395736954,0.029506000802313574,0.005387034073730891,0.010558586784512545,0.0,0.0,0.0,0.0,0.15235659047975464,0.09386293567622746,0.0171369490611754,0.033588420159903785,0.04936104446597234,0.06393539457297763,0.011672952610204408,0.02287898711600064,0.040735526525327734,0.026303497304509812,0.0048023396049854524,0.009412585625771486,0.039489682849602976,0.028959808778451376,0.005287313509664649,0.010363134478942711,0.03510346246661165,0.023431823109419377,0.004278046026833278,0.008384970212593226,0.0012458436757247404,0.010795966390705911,0.0019710647740857528,0.0038632869572080755,0.030583713578616445,0.6541598317098408,0.04871211239679362,0.23408808941362522,0.005632064058716105,0.01367741053068912,0.002497142091972379,0.004894398500265863,0.13825926750239237,3.2236082265879564,0.05574317165035872,1.1535533889441463,0.0019582853766969065,0.0032116481030832252,0.0005863640376091198,0.001149273513713875,0.12606077802698545,0.18875004623689923,0.034460886018030934,0.06754333659534063,0.040735526525327734,0.039489682849602976,0.0048023396049854524,0.005287313509664649,0.03510346246661165,0.004278046026833278
2B_clustering,500,2.0,1.0,5,False,0.022861175169996785,0.009208588228829577,0.0016812504985688347,0.0032952509771949157,0.9307888688228413,0.1286825360632259,0.02349410925293362,0.04604845413574989,0.03862133093022004,0.08733992782521084,0.01594601621358037,0.031254191778617525,0.16450464561509748,0.04889458371342946,0.008926888813223342,0.01749670207391775,0.0,0.0,0.0,0.0,0.1630032773635987,0.10326542602293615,0.018853601081047708,0.03695305811885351,0.057381199381259095,0.07926201759830283,0.014471198330653969,0.028363548728081778,0.04287978283380424,0.030355276076008603,0.005542089815375605,0.010862496038136184,0.03955243799430449,0.025706681893586814,0.004693376517242372,0.00919901797379505,0.025944394822089545,0.018009951388502404,0.0032881522116847512,0.006444778334902112,0.00332734483949975,0.014644208411968684,0.0026736544280140514,0.005240362678907541,0.07759705436000108,1.9504388939041009,0.057620321617937766,0.6979555944281116,0.016935388011714667,0.022415828778598844,0.0040925516890706875,0.008021401310578548,0.39495041468269043,0.7703515342449393,0.06198480361031369,0.2756667561762489,0.0012644227519672635,0.002351803613604941,0.0004293786299978633,0.0008415821147958121,0.10374973494424629,0.16232203004139348,0.029635812477900814,0.058086192456685594,0.04287978283380424,0.03955243799430449,0.005542089815375605,0.004693376517242372,0.025944394822089545,0.0032881522116847512
2B_clustering,2000,0.5,0.2,5,False,0.001146211955201982,0.0014769487242686247,0.00026965271085346783,0.0005285193132727969,0.8662365892335576,0.18799181508380686,0.03432245258258032,0.06727200706185743,0.08542623374966676,0.144611406254935,0.02640230975945719,0.051748527128536094,0.020903573385435522,0.010738947704936146,0.001960654633953953,0.0038428830825497483,0.0,0.0,0.0,0.0,0.1336882076995732,0.08708067154981877,0.015898682710178032,0.031161418111948943,0.032091698412726535,0.06291088929173737,0.011485904392598252,0.022512372609492574,0.020467325551421257,0.013936826002246286,0.0025445046604849453,0.004987229134550492,0.01961712515818657,0.01355347796481173,0.002474515204658865,0.004850049801131375,0.02020079435688028,0.01371045427541653,0.002503175026762927,0.0049062230524553364,0.00085020039323467,0.0019069492140875058,0.0003481597001908251,0.0006823930123740172,0.041539398545192396,0.7198004973536404,0.01640651656969446,0.25757729994529727,0.000266531194540964,0.00384759584290768,0.0007024716784412132,0.0013768444897447778,0.01302227757463259,5.72191402414126,0.03404069950464404,2.0475606369765207,0.0005799241273711803,0.0010297288731217942,0.0001880019106410606,0.0003684837448564788,0.1288893111560711,0.1978710391294223,0.03612614386939066,0.0708072419840057,0.020467325551421257,0.01961712515818657,0.0025445046604849453,0.002474515204658865,0.02020079435688028,0.002503175026762927
2B_clustering,2000,0.5,0.5,5,False,0.005111166894424307,0.002109483732467706,0.0003851372749875852,0.0007548690589756669,0.8757311290057196,0.19364343431625478,0.035354292362594235,0.0692944130306847,0.086651248787569,0.14519627703205862,0.026509092065409252,0.05195782044820214,0.09030335817236802,0.022745179652479897,0.004152682656723585,0.008139258007178227,0.0,0.0,0.0,0.0,0.16149279288286225,0.08602720255505965,0.01570634646615741,0.030784439073668523,0.05198672265860431,0.05752356103020721,0.010502317321423201,0.020584541949989474,0.019103583239434042,0.01367041413781956,0.0024958647312404367,0.0048918948732312555,0.018958526912317353,0.012533300576290983,0.0022882571485423565,0.004484984011143019,0.01769639045871737,0.012314110528588364,0.0022482387040399037,0.0044065478599182115,0.00014505632711668377,0.004240158217175749,0.0007741434343126822,0.0015173211312528572,0.007593147594282756,0.909871432632756,0.04012482214680614,0.3255933106139017,0.0014071927807166433,0.006289927396527742,0.001148378373382662,0.0022508216118300177,0.07366119555057682,3.745159576231387,0.05659435916658057,1.3401881424875008,0.00059926654207029,0.0010612429026006422,0.00019375555891554323,0.00037976089547446474,0.13027167370771542,0.2030019788143445,0.03706292100493411,0.07264332516967086,0.019103583239434042,0.018958526912317353,0.0024958647312404367,0.0022882571485423565,0.01769639045871737,0.0022482387040399037
2B_clustering,2000,0.5,1.0,5,False,0.024166023574642922,0.003559892673922255,0.000649944506601534,0.0012738912329390067,0.8455752241464505,0.18753500544827836,0.034239050935292094,0.0671085398331725,0.10044981358919428,0.14084102715483274,0.025713935864966512,0.05039931429533436,0.24064897191160906,0.03630118457188018,0.006627659218059097,0.01299021206739583,0.00023740889171457077,0.0013003420534437172,0.00023740889171457074,0.0004653214277605586,0.11243472297684962,0.0825898196143496,0.015078769074353965,0.02955438738573377,0.025708002195247385,0.04898453447710726,0.008943311500667057,0.01752889054130743,0.017407169451463325,0.011451330861584914,0.0020907174087817088,0.004097806121212149,0.016014295727191947,0.011931939311559399,0.002178464105241248,0.004269789646272846,0.014878040055438019,0.010727832323803092,0.0019586252522933397,0.003838905494494946,0.0013928737242713868,0.005590514718606533,0.0010206836731484815,0.002000539999371024,0.08001724393820309,0.6905303040239241,0.057916624871026764,0.24710309578113837,0.0025291293960253074,0.00735995284265141,0.0013437373980314826,0.0026337253001417057,0.14529239823150542,0.9270709560139782,0.07170242918919457,0.33174808101093384,0.00068249030992207,0.0010783236932930174,0.0001968740703696226,0.0003858731779244603,0.16933275394124647,0.2111000914235262,0.03854142732135605,0.07554119754985786,0.017407169451463325,0.016014295727191947,0.0020907174087817088,0.002178464105241248,0.014878040055438019,0.0019586252522933397
2B_clustering,2000,1.0,0.2,5,False,0.0011848915864832545,0.0016777886646870653,0.0003063208994585257,0.0006003889629387103,0.8498998299482952,0.21021182612049613,0.03837925300684981,0.07522333589342563,0.10238420244167186,0.16543561261465406,0.03020427228124408,0.0592003736712384,0.01856877543131878,0.010200345606994647,0.0018623197944332313,0.0036501467970891334,0.0,0.0,0.0,0.0,0.15715264567997317,0.08084575044101779,0.014760347064992891,0.028930280247386066,0.040511265568425235,0.06605252479661596,0.012059485937091965,0.02363659243670025,0.021299423009220216,0.014774633608606664,0.0026974667021026077,0.0052870347361211115,0.02074002987289885,0.015062488117534287,0.002750021504709018,0.005390042149229676,0.019974738390016063,0.014812420314384494,0.002704365579145384,0.005300556535124952,0.00055939313632134,0.002499538811481211,0.00045635126346930407,0.000894448476399836,0.02626330000015553,0.24311823613970682,0.02178608787868468,0.08699874348872895,0.001324684619204143,0.004166266206728864,0.0007606526606656268,0.0014908792149046285,0.06219345090384443,0.3929308166574114,0.03554153745255307,0.14060848692383138,0.0008078560818040879,0.0014409373689791957,0.0002630779669806834,0.0005156328152821395,0.15661263731380626,0.22422854320800956,0.04093834371718288,0.08023915368567844,0.021299423009220216,0.02074002987289885,0.0026974667021026077,0.002750021504709018,0.019974738390016063,0.002704365579145384
2B_clustering,2000,1.0,0.5,5,False,0.006103379963726897,0.0021688646318003737,0.00039597869433740036,0.0007761182409013047,0.8732452599612941,0.196391478529925,0.035856014297543815,0.07027778802318588,0.08313954321589548,0.15423149226206598,0.02815868912987234,0.05519103069454978,0.08036298558457503,0.017255622581455913,0.0031504312438863096,0.006174845238017167,0.0,0.0,0.0,0.0,0.14212839885406034,0.08830250125411675,0.01612175727366932,0.03159864425639187,0.04100799658206835,0.06154053157148824,0.011235712447520986,0.02202199639714113,0.01900871221759449,0.013220810293150174,0.002413778675351613,0.004731006203689161,0.01833241549100025,0.012706410641193348,0.0023198625777017595,0.004546930652295449,0.01703795248065252,0.011385697987944155,0.002078734540312732,0.004074319699012955,0.0006762967265942433,0.0036250955512069877,0.000661848868835897,0.001297223782918358,0.03557825058597408,0.6499241343246595,0.03384983337501517,0.2325723645706006,0.0019707597369419435,0.006659605676422073,0.0012158720843552732,0.0023831092853363353,0.10367665701823991,1.308670378751772,0.05838357154025659,0.4683016806970343,0.00065105755134383,0.0010139066357811818,0.0001851131785405093,0.0003628218299393982,0.1556273888271459,0.20886060492689046,0.03813255489754418,0.07473980759918658,0.01900871221759449,0.01833241549100025,0.002413778675351613,0.0023198625777017595,0.01703795248065252,0.002078734540312732
2B_clustering,2000,1.0,1.0,5,False,0.02361991285916096,0.004699333492080598,0.0008579769862840228,0.0016816348931166846,0.852194269326928,0.20679624399286664,0.03775565588074509,0.07400108552626036,0.09631146526189963,0.16562541747969625,0.03023892574994669,0.05926829446989552,0.21693998426785813,0.035025607273310395,0.0063947717313030394,0.012533752593353957,0.0,0.0,0.0,0.0,0.12032541051211743,0.07807561984374356,0.014254592726538774,0.027939001744015996,0.028276242720489505,0.044608626297807395,0.008144383627542426,0.015962991909983154,0.01783249631980294,0.016649430550698202,0.0030397562274110217,0.005957922205725602,0.016476624852518062,0.013761345871029241,0.0025124665183977645,0.0049244343760596184,0.016841781842751587,0.014789414926849001,0.0027001653892462715,0.005292324162922692,0.0013558714672848766,0.0062423942968068274,0.0011397000564008996,0.002233812110545763,0.07603374440510535,1.3839037155756884,0.05693925768674532,0.4952235845248651,0.0009907144770513639,0.016023869892965132,0.0029255449996349646,0.005734068199284531,0.05555669039736,2.4645932637865657,0.15864594083393074,0.8819433727587723,0.0006961275225617534,0.0013481543715316137,0.0002461381867623551,0.000482430846054216,0.1577244857969558,0.23705068577047622,0.04327933595618624,0.08482749847412503,0.01783249631980294,0.016476624852518062,0.0030397562274110217,0.0025124665183977645,0.016841781842751587,0.0027001653892462715
2B_clustering,2000,2.0,0.2,5,False,0.0008071302149251601,0.0016423249717437175,0.00029984614459268954,0.0005876984434016715,0.844129072781329,0.24396987095763184,0.044542600558373155,0.08730349709441138,0.11449154279128826,0.19882458258319452,0.03630023628912147,0.07114846312667808,0.011615086201061692,0.006320488663597355,0.0011539580718359843,0.002261757820798529,0.0,0.0,0.0,0.0,0.16650743714338798,0.09526162088572077,0.017392312874538175,0.03408893323409482,0.05819849821364882,0.06732787548976706,0.0122923320515482,0.02409297082103447,0.022955683119971974,0.01597745430032306,0.002917070710598287,0.0057174585927726425,0.022697587226177783,0.016124977331141103,0.002944004607841811,0.005770249031369949,0.0215641939683453,0.015597872661058172,0.0028477689018515644,0.005581627047629066,0.00025809589379418636,0.002026631496461217,0.0003700105954540866,0.0007252207670900097,0.011243224278942976,0.27664281338351,0.016195478869840123,0.09899535938440245,0.0013914891516266703,0.003604802089274689,0.000658143806545833,0.0012899618608298326,0.06061632513196913,0.32939347957224246,0.02802732703987745,0.1178719428504651,0.0010344761943516666,0.0018254593538857328,0.00033328175531067386,0.0006532322404089208,0.17495709045782307,0.25736206449621385,0.04698766939022525,0.09209583200484149,0.022955683119971974,0.022697587226177783,0.002917070710598287,0.002944004607841811,0.0215641939683453,0.0028477689018515644
2B_clustering,2000,2.0,0.5,5,False,0.0052299376398219,0.0023963579414730944,0.0004375131001338195,0.0008575256762622861,0.905406429221032,0.16001164853637692,0.029213996455654045,0.057259433053081926,0.05817340592895545,0.1174584640756007,0.0214448834480389,0.042031971558156245,0.04878412358348446,0.016001427933124996,0.002921447677088609,0.0057260374470936735,0.0,0.0,0.0,0.0,0.14178863736247102,0.08816158927281884,0.01609603038340945,0.03154821955148252,0.03837366815441469,0.06399510726765498,0.011683854606819142,0.022900355029365518,0.024640430964943012,0.018295667194066292,0.003340316542265785,0.006547020422840938,0.023000661506325997,0.0163132334327657,0.0029783753123244034,0.00583761561215583,0.02136948044580945,0.014899787884262982,0.002720316642084336,0.005331820618485299,0.001639769458617007,0.004929349207413763,0.0008999719182402432,0.0017639449597508768,0.06654792121736774,12.899235474003884,0.03280176792158206,4.6159321325394105,0.0032709505191335572,0.008126375284313333,0.0014836663513236234,0.0029079860485943018,0.13274729341330438,34.372777807292195,0.05144475929527305,12.30014056918904,0.0004527558700482066,0.0007419527717275527,0.0001354614232262206,0.0002655043895233924,0.12180724150590702,0.17594304308779862,0.0321226578450969,0.06296040937638993,0.024640430964943012,0.023000661506325997,0.003340316542265785,0.0029783753123244034,0.02136948044580945,0.002720316642084336
2B_clustering,2000,2.0,1.0,5,False,0.022710737975123803,0.0031275105025987504,0.0005710026837025516,0.0011191652600570012,0.8915045992063448,0.18576368681599328,0.03391565387814818,0.06647468160117044,0.07188307568637083,0.14276003360607195,0.02606429690541373,0.05108602193461091,0.16125427156049207,0.023303106959717105,0.0042545457805975625,0.008338909729971223,0.0,0.0,0.0,0.0,0.10618888703467953,0.07145981143887499,0.013046716893379178,0.025571565111023188,0.01760609932108773,0.042829687040704494,0.007819595241026845,0.015326406672412616,0.03294339132650997,0.019733094936147524,0.003602753741972988,0.007061397334267056,0.026182823046502487,0.016822930798715868,0.0030714328939350274,0.006020008472112654,0.01989635266354941,0.012887764944889794,0.0023529731920468215,0.00461182745641177,0.006760568280007447,0.00842944540662478,0.0015389991321555663,0.00301643829902491,0.20521773890859762,0.5221232318314862,0.03959408015304764,0.18683939895611484,0.01304703866296053,0.012509088927900338,0.0022838367265497097,0.004476319984037431,0.3960441878508555,0.6204536173075915,0.045412927819059284,0.22202647549556312,0.00055734934561018,0.0010719725252735267,0.00019571451103936246,0.0003836004416371504,0.1489904936485455,0.23150771412551002,0.04226733242099974,0.08284397154515949,0.03294339132650997,0.026182823046502487,0.003602753741972988,0.0030714328939350274,0.01989635266354941,0.0023529731920468215
2B_clustering,10000,0.5,0.2,5,False,0.0009968390299974806,0.0005586347122202036,0.00010199227776280413,0.00019990486441509608,0.8536346494510789,0.22376936348296728,0.04085450935273132,0.08007483833135338,0.10009485770360273,0.18242505853401542,0.033306106537760186,0.06527996881400996,0.02204673523319259,0.007626365336938593,0.0013923774422722514,0.0027290597868536125,0.0,0.0,0.0,0.0,0.1522660471475493,0.09641605690159596,0.017603083090235255,0.0345020428568611,0.047776192496225264,0.07287282426788076,0.013304696560209396,0.026077205258010414,0.009039106681484586,0.006657264600490022,0.001215444664323001,0.0023822715420730818,0.008639099999587074,0.006573871326583059,0.0012002192052353172,0.0023524296422612217,0.007833668575362137,0.006202191225466572,0.0011323600133828836,0.0022194256262304517,0.0004000066818975051,0.0011818406674754416,0.00021577359765108717,0.00042291625139613087,0.0442528997602023,0.25292612966469863,0.02366646250495648,0.09050845311189024,0.0012054381061224202,0.0016320959910921873,0.0002979785967783139,0.0005840380496854952,0.13335810148049576,0.3114533426732036,0.030740420598570514,0.11145214730976666,0.0001969018102102641,0.00039293372729531245,7.173955534807535e-05,0.0001406095284822277,0.16408009696257583,0.23935625855860557,0.043700274030862414,0.08565253710049033,0.009039106681484586,0.008639099999587074,0.001215444664323001,0.0012002192052353172,0.007833668575362137,0.0011323600133828836
2B_clustering,10000,0.5,0.5,5,False,0.006164236438550487,0.0010749271506105395,0.0001962539493547152,0.00038465774073524175,0.8389739160506245,0.2043977623476088,0.037317755047121814,0.07314279989235875,0.10708733475152532,0.16006313274198575,0.029223396142576442,0.057277856439449826,0.09174198524242785,0.01394455262915613,0.002545915343102261,0.004989994072480432,0.0,0.0,0.0,0.0,0.17344453433682247,0.07974354986810551,0.0145591136927665,0.02853586283782234,0.05626975835992823,0.05883789121095803,0.010742280084092223,0.021054868964820755,0.009322817343419923,0.005467891656372112,0.0009982958673964307,0.0019566599000970042,0.00846300235841088,0.005277015293198461,0.0009634467707948449,0.001888355670757896,0.007665603560334581,0.005241343292129811,0.000956933984242629,0.0018755906091155528,0.0008598149850090279,0.002073230901242128,0.00037851844384235956,0.0007418961499310248,0.09222694742763615,0.453434308172517,0.03900537468195182,0.1622593833027866,0.0016572137830853303,0.0031519167745883165,0.0005754586389403156,0.0011278989323230187,0.1777589029195139,0.7276488887115612,0.057703712521276186,0.26038581072338035,0.00019082835164689857,0.00025327973526606475,4.624234145472013e-05,9.063498925125146e-05,0.20633156368434055,0.22439797162523198,0.04096927697251458,0.08029978286612857,0.009322817343419923,0.00846300235841088,0.0009982958673964307,0.0009634467707948449,0.007665603560334581,0.000956933984242629
2B_clustering,10000,0.5,1.0,5,False,0.0244762441194248,0.0018654345304865022,0.00034058019063217194,0.000667537173639057,0.7569875974550185,0.23682004274657217,0.04323722649387843,0.08474496392800172,0.17313923325751876,0.1943819249567498,0.03548912169002943,0.06955867851245767,0.23644316588604503,0.02939069472412619,0.005365982160383997,0.010517325034352635,0.0,0.0,0.0,0.0,0.16417741643343015,0.10579413717132245,0.019315278460176364,0.03785794578194567,0.056585924454048024,0.0831169509251412,0.015175009644249907,0.029743018902729818,0.007307566076412324,0.005067312271430976,0.0009251604123284955,0.0018133144081638511,0.00685226098874345,0.0045943865379443226,0.0008388163815767234,0.0016440801078903779,0.006634540868906281,0.0040797893928417595,0.0007448642267765791,0.001459933884482095,0.0004553050876688702,0.003945264038191347,0.000720303369677108,0.0014117946045671317,0.06230598299186474,1.0886521916814975,0.09484252358757163,0.3895691836054442,0.0006730252075060466,0.0054496685100365915,0.00099496879129087,0.0019501388309301052,0.09209977719920492,2.1213936942406626,0.12824864918843223,0.7591309840607543,0.00028495716856626155,0.0003659895157425501,6.682023786086227e-05,0.00013096766620729005,0.2838213793192752,0.2527866926007834,0.04615232459152444,0.0904585561993879,0.007307566076412324,0.00685226098874345,0.0009251604123284955,0.0008388163815767234,0.006634540868906281,0.0007448642267765791
2B_clustering,10000,1.0,0.2,5,False,0.001095976294074566,0.0006375346992137232,0.00011639737865054243,0.00022813886215506315,0.8290555705020537,0.2096589127734244,0.03827830530267085,0.07502547839323487,0.11323707968503229,0.16686447384598643,0.030465145457225864,0.05971168509616269,0.01358615169221261,0.007606808463663006,0.0013888068620564818,0.002722061449630704,0.0,0.0,0.0,0.0,0.14796710930370394,0.07508644762918719,0.013708847043145374,0.026869340204564933,0.03469856077790137,0.05810212655408697,0.01060794845089778,0.020791578963759647,0.014199240676294444,0.008877525716455403,0.0016208070299116117,0.003176781778626759,0.013801805439063407,0.009102078148732424,0.0016618045074118701,0.0032571368345272653,0.013524777321337507,0.009037711805319225,0.0016500528746680259,0.0032341036343493308,0.00039743523723103,0.001053314389201465,0.0001923080170368061,0.00037692371339213994,0.02798989370569316,0.16817127514067834,0.014393899034402363,0.06017931793371877,0.0006744633549569367,0.0021202048003487787,0.0003870946652272544,0.0007587055438454186,0.04749995935225959,0.20023511994373308,0.027565017342217415,0.07165321743865098,0.00018413519392389567,0.0002644024571560568,4.827306334805518e-05,9.461520416218815e-05,0.19396962327613518,0.21617751530874418,0.03946843385333919,0.07735813035254481,0.014199240676294444,0.013801805439063407,0.0016208070299116117,0.0016618045074118701,0.013524777321337507,0.0016500528746680259
2B_clustering,10000,1.0,0.5,5,False,0.006316250294183226,0.0010922975428754094,0.00019942533458010937,0.00039087365577701437,0.8240458904363739,0.219656585204858,0.04010362220708542,0.07860309952588741,0.12204506119293876,0.17435363104994164,0.03183247223632873,0.06239164558320431,0.08258809447188865,0.012288479967069317,0.0022435592251380683,0.004397376081270614,0.0,0.0,0.0,0.0,0.14619156396602395,0.08504617717174434,0.015527236555515096,0.030433383648809587,0.036876881193131525,0.06396430228538251,0.011678230412261082,0.02288933160803172,0.01300278816273639,0.0074889942766685775,0.0013672970327861548,0.0026799021842608636,0.01157884234717883,0.006849955242873966,0.0012506250014742834,0.0024512250028895953,0.010527949602805373,0.005742404900959884,0.0010484148995279826,0.002054893203074846,0.0014239458155575274,0.0025944401955185215,0.00047367780639453593,0.0009284085005332904,0.10951080627755883,0.6030033880819857,0.033414212641919766,0.215781991164303,0.00247483855993097,0.003361518688915943,0.000613726537798151,0.0012029040140843761,0.19033137577550108,0.7466766531520942,0.03656721091886049,0.26719480878132373,0.00020601946232438247,0.0002726474533697532,4.977838681898391e-05,9.756563816520847e-05,0.2134470360753707,0.24809297630365634,0.04529537316003574,0.08877893139367005,0.01300278816273639,0.01157884234717883,0.0013672970327861548,0.0012506250014742834,0.010527949602805373,0.0010484148995279826
2B_clustering,10000,1.0,1.0,5,False,0.024866201245642115,0.0022204616636674226,0.00040539898042203225,0.0007945820016271833,0.8390998610552634,0.2379364348984801,0.043441050882085656,0.08514445972888789,0.11586804091852522,0.1934268665487492,0.035314752678763786,0.06921691525037701,0.22591440935537715,0.02521762720400575,0.004604087755463293,0.009024012000708055,0.0,0.0,0.0,0.0,0.1426493341225901,0.07212028345839556,0.013167302034609982,0.025807911987835563,0.035745202557004994,0.04572453478050662,0.008348119710237668,0.01636231463206583,0.013237858107979181,0.007443670458534562,0.001359022073591401,0.002663683264239146,0.008985813676702616,0.006117807511946456,0.00111695372558921,0.0021892293021548515,0.0058044460292514906,0.005861776319388763,0.001070209039059611,0.0020976097165568376,0.00425204443127653,0.00424724499296361,0.0007754372966323465,0.0015198571013993992,0.321203354545221,0.5641643941458632,0.048145077673246016,0.20188363567908416,0.0074334120787276576,0.0063113588626773935,0.0011522912058661862,0.002258490763497725,0.5615267982247949,0.7751647118764153,0.06631242876933159,0.2773891296714476,0.0002283710249038265,0.00035509583702013196,6.48313333373681e-05,0.00012706941334124147,0.23851730695430878,0.2706895854200262,0.049420930672089955,0.0968650241172963,0.013237858107979181,0.008985813676702616,0.001359022073591401,0.00111695372558921,0.0058044460292514906,0.001070209039059611
2B_clustering,10000,2.0,0.2,5,False,0.0008292374796268971,0.0005445022681452107,9.941205829195284e-05,0.00019484763425222756,0.759155707276181,0.22959507850814315,0.041918134530359856,0.08215954367950531,0.16937081053106715,0.18749433541002666,0.03423162563617041,0.067093986246894,0.009209367612581105,0.0034276919067007475,0.0006258080591592975,0.001226583795952223,0.0,0.0,0.0,0.0,0.14813957592200755,0.09774276413886832,0.01784530558392173,0.03497679894448659,0.046202911331768855,0.0710651892750862,0.012974669073112972,0.025430351383301426,0.019714017058028208,0.010068544131084538,0.0018382562472770846,0.0036029822446630856,0.01914835152103917,0.010382780381694509,0.0018956276748920604,0.0037154302427884383,0.018924242323697736,0.010593019294316159,0.0019340118731948055,0.003790663271461819,0.0005656655369890227,0.0012290652255211195,0.0002243955828876971,0.0004398153424598863,0.028693570433869442,0.11690467373313423,0.012199141122512877,0.04183380022919394,0.0007897747343304517,0.0016094236970882385,0.00029383922115952993,0.0005759248734726786,0.0400615831875244,0.1379061494646328,0.016261938449010062,0.04934908180189947,0.00023042514040764846,0.0003853154494241412,7.034865446828103e-05,0.00013788336275783082,0.21142778690268932,0.22988674895888273,0.04197138602543578,0.08226391660985412,0.019714017058028208,0.01914835152103917,0.0018382562472770846,0.0018956276748920604,0.018924242323697736,0.0019340118731948055
2B_clustering,10000,2.0,0.5,5,False,0.006271501911668576,0.0010342682541722335,0.00018883068444053964,0.0003701081415034577,0.867307638820402,0.19502921790891498,0.03560730067376775,0.06979030932058479,0.08933074870078424,0.14943842398387921,0.02728359859133056,0.053475853239007894,0.05302830444664849,0.007203869605404805,0.001315240628068684,0.0025778716310146206,0.0,0.0,0.0,0.0,0.1779871868731266,0.0854432064212585,0.015599723847497844,0.030575458741095775,0.06114489833021967,0.06492857672005779,0.011854282032093481,0.023234392782903224,0.02349363237314404,0.009360449805284015,0.0017089765022496315,0.003349593944409278,0.02100854113590361,0.008772901832623062,0.0016017054095020208,0.0031393426026239605,0.018929009743810118,0.008507635729140258,0.0015532746666290103,0.00304441834659286,0.002485091237240403,0.002287904091511785,0.00041771222677645616,0.0008187159644818541,0.10577722498463793,0.6440420148757686,0.016547741232195372,0.2304674751586437,0.004564622629333896,0.003551158518298295,0.0006483498752495328,0.0012707657554890841,0.1942919067105101,0.23025721906828764,0.025190547655484473,0.08239648763591174,0.00014114361911777136,0.00023797027471277377,4.344722915862914e-05,8.515656915091311e-05,0.15972524464295343,0.22276436606163472,0.0406710227667652,0.07971520462285979,0.02349363237314404,0.02100854113590361,0.0017089765022496315,0.0016017054095020208,0.018929009743810118,0.0015532746666290103
2B_clustering,10000,2.0,1.0,5,False,0.025383124326635996,0.002718725478486794,0.0004963690907437478,0.0009728834178577456,0.8149796940205307,0.20852597928029862,0.03807146089255815,0.07462006334941397,0.12324894383598026,0.1654502959485231,0.030206953078970564,0.059205628034782305,0.15853511507250231,0.011408656438645687,0.0020829261607575988,0.004082535275084893,0.0,0.0,0.0,0.0,0.1902471301795652,0.10518636095387968,0.01920431421210684,0.03764045585572941,0.07145277511793419,0.08975487656935623,0.016386923514376102,0.03211837008817716,0.028565190595249444,0.011611761856944819,0.002120007967142251,0.004155215615598812,0.019822641200913673,0.011790479413290398,0.002152637179486476,0.004219168871793492,0.014696611278359419,0.010417524517392791,0.0019019710571797168,0.003727863272072245,0.008742549394335724,0.003180672454571897,0.0005807086838014512,0.0011381890202508444,0.30605604976392864,0.21845286411935816,0.029240850577528777,0.07817235346745847,0.013868579316889977,0.004171992800208481,0.0007616981888077763,0.0014929284500632414,0.48550627627166787,0.20834220411957052,0.033799200180117714,0.07455430025273456,0.00041789522832342635,0.0003359002911837157,6.132672218462492e-05,0.00012020037548186483,0.4733043174615289,0.24950756538833,0.04555364061046119,0.08928513559650393,0.028565190595249444,0.019822641200913673,0.002120007967142251,0.002152637179486476,0.014696611278359419,0.0019019710571797168
GMM,500,0.5,0.2,5,False,-0.0011879601583977032,0.006297599432830187,0.0011497790891642778,0.0022535670147619843,0.8945988818967934,0.20907780219237057,0.038172209511454815,0.07481753064245143,0.07287720142562097,0.16565663246586668,0.03024462480063261,0.05927946460923991,0.024155356107283536,0.01714922270504824,0.0031310053730782285,0.006136770531233328,0.0,0.0,0.0,0.0,0.12860953529051686,0.06774301907621513,0.012368126553848603,0.024241528045543262,0.05629036502213682,0.057042049652892925,0.010414405773739728,0.020412235316529866,0.03927371616446476,0.027534893046305683,0.005027160679984588,0.009853234932769793,0.03950836185828012,0.02873784903565852,0.0052467893903360855,0.010283707205058727,0.03904382311645566,0.028664983767762806,0.005233486073374372,0.01025763270381377,-0.0002346456938153635,0.0069949182624899145,0.0012770915067568563,0.0025030993532434384,-0.005974624169323484,0.8164130420795079,0.03248944136613775,0.2921496550670625,0.0002298930480090968,0.012716666839859557,0.002321735094823005,0.00455060078585309,0.005853610772313611,0.5132174752898031,0.05901635871925725,0.18365251490642254,0.0039257745983947235,0.009586010470967316,0.0017501580571431734,0.00343030979200062,0.1291080945236848,0.2416613776676553,0.04412112927545,0.08647741337988199,0.03927371616446476,0.03950836185828012,0.005027160679984588,0.0052467893903360855,0.03904382311645566,0.005233486073374372
GMM,500,0.5,0.5,5,False,0.0014764211313978567,0.005858561878743399,0.0010696221651758685,0.002096459443744702,0.9730388282670632,0.11281376162656614,0.020596880679960326,0.04036988613272224,0.016464347752164588,0.09017894658470023,0.01646434775216459,0.0322701215942426,0.05448301159014148,0.03767349960353995,0.006878208517673588,0.013481288694640233,0.007379020163266599,0.026341652619930437,0.004809305780633653,0.00942623933004196,0.10835235968834239,0.06941776800917836,0.012673892476762491,0.024840829254454484,0.039630630247653606,0.05859092490709972,0.010697190412236598,0.02096649320798373,0.03611356967754695,0.025678533710310442,0.0046882373855979525,0.009188945275771987,0.037283297645005264,0.025118078111534457,0.004585912660954729,0.008988388815471269,0.03590788719311148,0.02217587797320679,0.004048742866135767,0.007935536017626104,-0.0011697279674582968,0.00976188203899738,0.0017822676654877967,0.0034932446243560815,-0.0323902615527254,2.3377050663566243,0.05055426352182131,0.8365370144565877,0.00020568248443545017,0.014198222678109324,0.0025922289457606293,0.005080768733690833,0.0056954348814581834,3.0945445038369432,0.07140839038695262,1.1073685289040156,0.001149726797772317,0.004295474296373313,0.0007842427224357648,0.001537115735974099,0.050632152519585985,0.1425561372308471,0.026027070690712334,0.051013058553796176,0.03611356967754695,0.037283297645005264,0.0046882373855979525,0.004585912660954729,0.03590788719311148,0.004048742866135767
GMM,500,0.5,1.0,5,False,0.00952646546747062,0.009617506608246902,0.001755908438763943,0.003441580539977328,0.9350528730036225,0.13652484592826183,0.024925912591608777,0.0488547886795532,0.03374862920555219,0.09991954557262413,0.01824272968193056,0.035755750176583896,0.10895194950226757,0.05030348375903178,0.009184117591972157,0.018000870480265427,0.0422365710257092,0.04342164425885425,0.007927671348179722,0.015538235842432255,0.09257064317777473,0.07258555429333978,0.013252248478492719,0.02597440701784573,0.03224884152582968,0.05657653107744821,0.010329414098836814,0.020245651633720156,0.03505708956172836,0.027645504136609447,0.0050473554097411255,0.009892816603092606,0.03578140058874478,0.030109101537240616,0.005497144699386719,0.01077440361079797,0.031925966943633824,0.027285416238498596,0.00498161265491448,0.009763960803632381,-0.0007243110270164066,0.0065427976711083646,0.0011945459578861061,0.002341310077456768,-0.020660900150911266,2.2210505704399437,0.03337908576536976,0.7947927392092536,0.0031311226180945066,0.008725175976708693,0.0015929919002151737,0.0031222641244217403,0.08931496188755961,5.380071452596067,0.044696906885011184,1.9252338437766154,0.0025383895715453807,0.007012582526579354,0.001280316545391361,0.0025094204289670676,0.10744540219662395,0.19188346822388655,0.03503296798618281,0.0686646172529183,0.03505708956172836,0.03578140058874478,0.0050473554097411255,0.005497144699386719,0.031925966943633824,0.00498161265491448
GMM,500,1.0,0.2,5,False,0.0011896074286546533,0.005326910167416558,0.0009725562868325566,0.001906210322191811,0.9356325724278265,0.11996929025876606,0.021903295494203653,0.04293045916863916,0.03299364074071974,0.07379458272014609,0.013472985859168318,0.026407052283969903,0.019915892976439645,0.01566124060136268,0.002859338251960704,0.00560430297384298,0.0,0.0,0.0,0.0,0.11062692206276241,0.05781469088611733,0.010555470117838268,0.020688721430963005,0.041387442299131265,0.04377470907755169,0.007992131870000408,0.0156645784652008,0.035380652926689425,0.027054828272791907,0.0049395132448122195,0.00968144595983195,0.03603077050313309,0.02793714112460057,0.005100600795382992,0.009997177558950665,0.03317613231916415,0.024558791825194246,0.004483801422577453,0.008788250788251808,-0.0006501175764436704,0.006295669094831173,0.0011494266592757213,0.0022528762521804137,-0.018374945702408052,2.698719641095152,0.03252179470515952,0.9657244208892396,0.002204520607525236,0.011509069108070372,0.0021012589221253352,0.004118467487365657,0.06230864682155968,2.973498888005895,0.056296752549075395,1.0640529115758728,0.00147138760713591,0.0026866943291717587,0.0004905210297361941,0.0009614212182829405,0.09555033622846647,0.16739229601678152,0.030561512160324468,0.059900563834235955,0.035380652926689425,0.03603077050313309,0.0049395132448122195,0.005100600795382992,0.03317613231916415,0.004483801422577453
GMM,500,1.0,0.5,5,False,0.002722721869092917,0.00593214934931597,0.0010830573377033166,0.0021227923818985003,0.8972720397327445,0.16766850075470227,0.030611940015474133,0.0599994024303293,0.056913868159817686,0.12623690140350585,0.02304759949608524,0.04517329501232707,0.03481157311572767,0.02341170205054652,0.004274372440891428,0.008377769984147198,0.0015126760451854798,0.005772007836180942,0.0010538196313242953,0.0020654864773956188,0.10694891293503327,0.07671354231739423,0.01400591253112132,0.027451588560997785,0.043037613854763436,0.061891505725418704,0.011299791267923989,0.02214759088513102,0.03950639776320588,0.02601335777348255,0.0047493676163295855,0.009308760528005987,0.042366928649416664,0.026013527706838107,0.004749398641773622,0.0093088213378763,0.040549165139450984,0.029217509910549267,0.005334363084046194,0.01045535164473054,-0.0028605308862107897,0.007951066668056268,0.0014516595234406195,0.002845252665943614,-0.07240677581783794,4.483716459184479,0.03903470424805071,1.6044773288196532,-0.0010427673762451102,0.01321600262052998,0.0024129009184372194,0.00472928580013695,-0.026394898934984257,9.690540199339766,0.06114795353322445,3.467715274904813,0.0032449863742690667,0.006097666254509472,0.0011132764519109584,0.0021820218457454786,0.15028705829013506,0.21395698849400463,0.03906302297801321,0.07656352503690589,0.03950639776320588,0.042366928649416664,0.0047493676163295855,0.004749398641773622,0.040549165139450984,0.005334363084046194
GMM,500,1.0,1.0,5,False,0.00776784034457525,0.007242420090531484,0.0013222789515042336,0.0025916667449482978,0.9363782405904459,0.13209892852263963,0.024117854324704105,0.047270994476420046,0.03486325424330549,0.09183145225787707,0.016766052630032665,0.032861463154864025,0.11045019339005542,0.05555786735776514,0.010143432399575969,0.019881127503168897,0.043710257619127044,0.04996918092777115,0.009123082524732394,0.017881241748475492,0.11599650052959982,0.06650092012969783,0.012141351349961626,0.023797048645924787,0.04524770341581694,0.05568914414059591,0.010167400151320343,0.019928104296587874,0.04453568179557799,0.029452979269049977,0.0053773537104635635,0.010539613272508585,0.04453548649800346,0.03232689052498574,0.005902055718178237,0.011568029207629345,0.03727098599434881,0.02917713046854265,0.005326990840297362,0.01044090204698283,1.9529757451986848e-07,0.008797520472241667,0.0016062001375867542,0.003148152269670038,4.3851933250182995e-06,0.33183952570342956,0.03606556878117449,0.11874724921706138,0.007264695801229146,0.014460980101876903,0.0026402016684771118,0.005174795270215139,0.16312079457040007,0.5386464475725695,0.05731278532749577,0.19275215577227314,0.0018361475671477329,0.0028429195997202957,0.0005190437313134545,0.0010173257133743708,0.12894554882730955,0.17618893739570474,0.032167551798164336,0.0630484015244021,0.04453568179557799,0.04453548649800346,0.0053773537104635635,0.005902055718178237,0.03727098599434881,0.005326990840297362
GMM,500,2.0,0.2,5,False,0.0006880288330970831,0.006184653458306505,0.0011291580698222696,0.0022131498168516486,0.9504856324497006,0.1108001543568452,0.020229247972099476,0.03964932602531497,0.024119455719316663,0.0730237905656897,0.013332259109120394,0.026131227853875973,0.019009215527566674,0.014135612216899377,0.002580797891780466,0.005058363867889713,0.0,0.0,0.0,0.0,0.10815390765446534,0.07085853170444512,0.012936938735406526,0.02535639992139679,0.03933488545878161,0.05996716353770128,0.01094845605973343,0.021458973877077524,0.037474681434274335,0.0260036996979333,0.004747604301049447,0.009305304430056918,0.03803374446906851,0.025458416122290838,0.004648049596177297,0.009110177208507502,0.03816070587826279,0.02335661364541936,0.004264314720176384,0.008358056851545712,-0.00055906303479417,0.005099321807762065,0.0009310045273631018,0.0018247688736316794,-0.014918419941065908,0.5300295777985723,0.02529661663539872,0.18966864852474205,-0.00068602444398845,0.01020399421640866,0.0018629859363264248,0.0036514524351997923,-0.01830634491694494,0.8596690742239348,0.05078185048592881,0.30762862737546093,0.0016301731901701632,0.003184345102754836,0.0005813792145533099,0.0011395032605244874,0.09973701383388353,0.16439607580189516,0.030014479694009055,0.05882838020025775,0.037474681434274335,0.03803374446906851,0.004747604301049447,0.004648049596177297,0.03816070587826279,0.004264314720176384
GMM,500,2.0,0.5,5,False,0.00367731378002472,0.005913656731455159,0.0010796810630534204,0.002116174883584704,0.9584151159423736,0.1312852527653493,0.0239692981357831,0.046979824346134874,0.025440065469987554,0.09979774516788618,0.018220492072201153,0.03571216446151426,0.03845071726522024,0.020619877113907913,0.0037646572760906285,0.007378728261137632,0.0010899502840788565,0.004059782238608287,0.0007412114368815266,0.001452774416287792,0.10254554406364527,0.07004425249247925,0.012788272371239447,0.025065013847629315,0.038312531530569495,0.05563098462682516,0.010156781725445086,0.019907292181872368,0.040735526525327734,0.026303497304509812,0.0048023396049854524,0.009412585625771486,0.040918834303237187,0.026097205211091414,0.004764675993985379,0.009338764948211342,0.04049595613664623,0.024641149754522435,0.004498837854471608,0.008817722194764352,-0.00018330777790945334,0.005990019132041116,0.0010936228661688118,0.002143500817690871,-0.004499948657727071,0.6522401134122662,0.026930620601882994,0.233401127043409,0.00023957038868152673,0.009815436039867093,0.0017920452435947944,0.0035124086774457972,0.005881116782240459,1.8498262529819705,0.04375394006453117,0.6619518232660091,0.0011259034211903334,0.004824204184701844,0.0008807751513240062,0.001726319296595052,0.044421311092609814,0.14115777404411514,0.025771765670393035,0.05051266071397035,0.040735526525327734,0.040918834303237187,0.0048023396049854524,0.004764675993985379,0.04049595613664623,0.004498837854471608
GMM,500,2.0,1.0,5,False,0.00848306511953403,0.0076586492494210125,0.0013982716513092992,0.0027406124365662262,0.9327603871625312,0.15226764991785915,0.02780014221277037,0.054488278737029924,0.04615620751430433,0.1074932575339476,0.019625493977018415,0.03846596819495609,0.07436231620830433,0.03456258457983527,0.0063102357400186635,0.012368062050436581,0.012936247135594338,0.026344106567710485,0.004809753808151677,0.009427117463977286,0.09656609424473636,0.06659450508482875,0.012158437546951065,0.02383053759202409,0.033310933556482486,0.052060259953182086,0.009504859575313556,0.01862952476761457,0.04287978283380424,0.030355276076008603,0.005542089815375605,0.010862496038136184,0.038004077406552934,0.029680209900491805,0.005418840157995841,0.010620926709671848,0.031663856518403886,0.021492346183728278,0.0039239476061793494,0.007690937308111525,0.004875705427251268,0.008263892087958673,0.0015087733697878105,0.0029571958047841084,0.11370639273404959,0.8487727952272904,0.035067409275417585,0.30372944401323076,0.011215926315400304,0.015827419518521155,0.002889678232463864,0.005663769335629173,0.2615667704958218,0.5355931944927815,0.04813962547611016,0.19165956318969946,0.0023365563145904835,0.005379119334274864,0.0009820883329648383,0.0019248931326110831,0.11291003351219592,0.2240494780366686,0.040905651039313894,0.08017507603705523,0.04287978283380424,0.038004077406552934,0.005542089815375605,0.005418840157995841,0.031663856518403886,0.0039239476061793494
GMM,2000,0.5,0.2,5,False,0.0009100380835357734,0.0018818470085745851,0.0003435766854566393,0.000673410303495013,0.8948505790759919,0.14543624809601313,0.026552904587034718,0.052043692990588045,0.055701063354108286,0.09657373366608987,0.017631870797137836,0.03455846676239016,0.012462178090536253,0.009762163829819722,0.0017823191132177619,0.0034933454619068133,0.0,0.0,0.0,0.0,0.10361011772371678,0.06717235218084526,0.01226393751004343,0.024037317519685124,0.0377261277402993,0.05431856942726891,0.009917168588908551,0.01943765043426076,0.020467325551421257,0.013936826002246286,0.0025445046604849453,0.004987229134550492,0.019231180631301973,0.012350315371914437,0.0022548487738334472,0.004419503596713556,0.019156280918910536,0.011763800345596926,0.0021477662704235015,0.004209621890030063,0.001236144920119275,0.0034863092292552497,0.0006365100691005166,0.0012475597354370126,0.06039601593347632,0.6317664397256233,0.027652824871330358,0.22607471700680182,0.0013110446325107067,0.0049392241949852995,0.0009017748360562478,0.0017674786786702457,0.06405549319166826,1.8157572176644803,0.039945339381169495,0.6497603755508671,0.00044142815670738573,0.0006946808117001734,0.00012683078361139455,0.00024858833587833334,0.1131997808621056,0.16209842734326746,0.029594988397339934,0.05800617725878627,0.020467325551421257,0.019231180631301973,0.0025445046604849453,0.0022548487738334472,0.019156280918910536,0.0021477662704235015
GMM,2000,0.5,0.5,5,False,0.0024755714134317265,0.0019839567224159476,0.0003622192833270766,0.00070994979532107,0.8524767342313886,0.1778527306073677,0.03247131748918159,0.06364378227879591,0.0869801960649655,0.13017090048832677,0.02376584617607227,0.04658105850510165,0.028119165441492164,0.01506676808558795,0.002750802916391816,0.005391573716127959,0.0,0.0,0.0,0.0,0.10713414813814057,0.06953689588337018,0.012695642151403324,0.024883458616750516,0.04354578697528756,0.051415614171387465,0.009387163896550402,0.018398841237238787,0.019103583239434042,0.01367041413781956,0.0024958647312404367,0.0048918948732312555,0.01853458362665024,0.013331271370020823,0.002433946016527735,0.004770534192394361,0.01792187049527984,0.013355414154543414,0.0024383538657557382,0.004779173576881247,0.00056899961278379,0.00228818244021933,0.00041776304606511443,0.0008188155702876243,0.029784967859289413,1.3766001480476908,0.021312185094703177,0.4926100364504387,0.00118171274415416,0.003302532545177982,0.0006029571906296432,0.0011817960936341008,0.061858172330460204,1.4193719500586195,0.030851012606132815,0.507915729230972,0.0006757347118760734,0.0009010825548619187,0.00016451441382408643,0.0003224482510952094,0.15911537722524338,0.18305668072699965,0.03342142444539963,0.06550599191298327,0.019103583239434042,0.01853458362665024,0.0024958647312404367,0.002433946016527735,0.01792187049527984,0.0024383538657557382
GMM,2000,0.5,1.0,5,False,0.00571325537182402,0.0029638001579450654,0.0005411134008146289,0.0010605822655966725,0.9475101524655776,0.12678295429075628,0.023147294657397868,0.04536869752849982,0.03195309125810723,0.0856217391273781,0.01563231931096256,0.03063934584948662,0.056268755702142945,0.031015749470606754,0.005662675207660077,0.011098843407013751,0.00645210242930903,0.012080975984291724,0.002205674354424918,0.004323121734672839,0.0848008504958113,0.07432050017128182,0.01356900480962587,0.026595249426866707,0.0293110286592808,0.05779596481774344,0.010552051221151012,0.020682020393455982,0.017407169451463325,0.011451330861584914,0.0020907174087817088,0.004097806121212149,0.01752726702706997,0.010933389402302505,0.0019961546685430026,0.003912463150344285,0.015860472254076125,0.009679756412070464,0.0017672736460154217,0.0034638563461902266,-0.00012009757560665332,0.002237389320062351,0.00040848953350643185,0.0008006394856726064,-0.006899316740812678,0.5056072003387446,0.023748126654958127,0.18092921299020853,0.0015466971973871902,0.004077840407053584,0.0007445083922830989,0.0014592364488748737,0.0888540323399436,0.4823227550971006,0.03761285315466969,0.17259698127028494,0.00024051113323516666,0.0005716778118285958,0.00010437361105457186,0.00020457227766696085,0.05785847709540233,0.12654507712950985,0.023103864428354548,0.04528357427957491,0.017407169451463325,0.01752726702706997,0.0020907174087817088,0.0019961546685430026,0.015860472254076125,0.0017672736460154217
GMM,2000,1.0,0.2,5,False,0.0007536159874437586,0.001969229909474652,0.0003595305474443744,0.0007046798729909738,0.8289347038871356,0.22577704180936753,0.04122105958859253,0.08079327679364136,0.11355242373544085,0.1798662450459532,0.032838933248473465,0.06436430916700799,0.01195650392616861,0.007375051028230487,0.001346493936971169,0.0026391281164634913,0.0,0.0,0.0,0.0,0.12801986363479342,0.1051766951517491,0.019202549486152406,0.03763699699285872,0.06169860693949104,0.09287145938645364,0.016955931084795185,0.033233624926198566,0.021299423009220216,0.014774633608606664,0.0026974667021026077,0.0052870347361211115,0.021375697658112824,0.014562147262103012,0.002658672180388638,0.00521099747356173,0.020170375508737723,0.014535059657112017,0.002653726682961186,0.005201304298603924,-7.627464889259781e-05,0.0020302312819461227,0.0003706678233581741,0.0007265089337820213,-0.003581066438259395,0.16096461467521755,0.01748670870417509,0.05760044760625925,0.0011290475004824769,0.004795853612944545,0.0008755990687674591,0.0017161741747842199,0.05300836083652338,0.3729568129098468,0.04022550521121565,0.13346088147855859,0.0010119926920015804,0.0016060761015161452,0.00029322803662344996,0.000574726951781962,0.18445924530522365,0.23386556719084653,0.042697815524722245,0.0836877184284556,0.021299423009220216,0.021375697658112824,0.0026974667021026077,0.002658672180388638,0.020170375508737723,0.002653726682961186
GMM,2000,1.0,0.5,5,False,0.002056185160816712,0.0025747702148326895,0.0004700865756854289,0.0009213696883434406,0.8683552184574582,0.21190936208817293,0.03868917925407412,0.07583079133798527,0.09171977608225045,0.1618664642230894,0.029552637919529664,0.05792317032227814,0.027735395769073523,0.013711407668563552,0.002503349091740525,0.004906564219811429,0.0,0.0,0.0,0.0,0.10051858054654961,0.07328910691657911,0.013380699025872756,0.026226170090710602,0.036955169041142,0.05941586334996424,0.010847802876806626,0.021261693638540986,0.01900871221759449,0.013220810293150174,0.002413778675351613,0.004731006203689161,0.019313090243616788,0.012633950879958885,0.002306633295788575,0.004521001259745606,0.01924426186940532,0.012399988431310729,0.002263917792210662,0.0044372788727328975,-0.00030437802602230384,0.0045967599934271415,0.0008392497132791148,0.001644929438027065,-0.016012553745780034,1.203921266804572,0.04480015039273128,0.43081769238885226,-0.0002355496518108266,0.007642406694530182,0.0013953061800742246,0.00273480011294548,-0.012391668047496918,1.7450480271763729,0.07403620022192593,0.6244574166973998,0.00072180456611863,0.0013227854803524166,0.0002415064821097751,0.00047335270493515915,0.13501352713605125,0.21958221028183694,0.040090043266068305,0.07857648480149387,0.01900871221759449,0.019313090243616788,0.002413778675351613,0.002306633295788575,0.01924426186940532,0.002263917792210662
GMM,2000,1.0,1.0,5,False,0.005734271604465372,0.004083036591156555,0.0007454570813651478,0.0014610958794756897,0.8946093728414474,0.17389823098521603,0.031749327940282214,0.06222868276295314,0.05960331870697761,0.13234991931479703,0.024163678764234336,0.0473608103778993,0.04687340643170783,0.025885833816772726,0.004726085033758824,0.009263126666167295,0.002929886465667516,0.009706686303197286,0.0017721903489625278,0.0034734930839665544,0.0606998505080744,0.05718921557582493,0.010441274472301703,0.020464897965711337,0.015450403998650605,0.039146552529060005,0.007147149956242358,0.014008413914235022,0.01783249631980294,0.016649430550698202,0.0030397562274110217,0.005957922205725602,0.018164032113530834,0.01628199367334865,0.002972671738683152,0.005826436607818978,0.01735620373167834,0.014901799928412176,0.0027206839894067395,0.0053325406192372094,-0.0003315357937278767,0.0034981070698270242,0.0006386640502375201,0.0012517815384655395,-0.018591664777730665,0.776375468718799,0.036608181971992136,0.2778223934431427,0.0004762925881246044,0.00823950562236684,0.001504321030686987,0.0029484692201464944,0.02670924920341522,1.8128045279456118,0.082417360144323,0.648703769104833,0.0006200661499935966,0.001198491581906431,0.0002188136247967342,0.000428874704601599,0.14198173939970435,0.19503275570462075,0.035607946583938385,0.06979157530451924,0.01783249631980294,0.018164032113530834,0.0030397562274110217,0.002972671738683152,0.01735620373167834,0.0027206839894067395
GMM,2000,2.0,0.2,5,False,0.000979331641363644,0.0018164443777913565,0.0003316358533899206,0.0006500062726442444,0.8421046656862963,0.2039097320191004,0.037228653307231574,0.07296816048217389,0.103979982437441,0.1536729118645345,0.028056706768569604,0.054991145266396424,0.008542287993828028,0.005897015373638063,0.0010766427806987741,0.002110219850169597,0.0,0.0,0.0,0.0,0.10443692994291688,0.07674928429679094,0.014012438093909806,0.02746437866406322,0.040998106938191545,0.0626201825890938,0.01143282885304631,0.022408344551970768,0.022955683119971974,0.01597745430032306,0.002917070710598287,0.0057174585927726425,0.023573439333545318,0.01559051610369564,0.002846425784380551,0.00557899453738588,0.02271662246992264,0.014950894201868892,0.002729647336412263,0.0053501087793680355,-0.0006177562135733466,0.003002256771686905,0.0005481345857585183,0.001074343788086696,-0.026910818133566217,0.4134505237638377,0.02485933758041451,0.14795136980814935,0.00023906065004930695,0.0035216898898825844,0.0006429696644088586,0.001260220542241363,0.010414007232977696,0.5355884735534494,0.02751690456405446,0.19165787382325578,0.0008297866218448999,0.0011948211048524683,0.00021814349043698073,0.0004275612412564822,0.17135191310254425,0.2198835970735107,0.04014506871417958,0.07868433467979198,0.022955683119971974,0.023573439333545318,0.002917070710598287,0.002846425784380551,0.02271662246992264,0.002729647336412263
GMM,2000,2.0,0.5,5,False,0.0017490000185380228,0.0023737735885798576,0.0004333897802917252,0.0008494439693717814,0.9220345088642957,0.16927946200093782,0.030906059953417418,0.06057587750869814,0.05138344377578448,0.12732338664541623,0.02324596365454883,0.0455620887629157,0.01521792960674277,0.008785354139574705,0.001603978879305485,0.0031437986034387505,0.0,0.0,0.0,0.0,0.06160006393157403,0.055385596688453054,0.010111980222383054,0.019819481235870785,0.013782965569076853,0.03590860216668378,0.006555983805057197,0.012849728257912106,0.024640430964943012,0.018295667194066292,0.003340316542265785,0.006547020422840938,0.024563926959616244,0.01778518700001889,0.0032471160364526594,0.006364347431447212,0.024559689025755487,0.01717953012864425,0.003136538726266028,0.006147615903481415,7.650400532677405e-05,0.002420002176900879,0.0004418299271667396,0.0008659866572468096,0.003104816041392011,19.51115279047047,0.017820310875056217,6.981976357430089,8.074193918754005e-05,0.004571155920527878,0.0008345750705154705,0.001635767138210322,0.0032768071022134526,57.33074899352829,0.03371204546586152,20.5155450487824,0.0004320588014396867,0.00107580028291087,0.00019641336077357434,0.0003849701871162057,0.0833407677083728,0.18859531057520182,0.03443263528057688,0.06748796514993068,0.024640430964943012,0.024563926959616244,0.003340316542265785,0.0032471160364526594,0.024559689025755487,0.003136538726266028
GMM,2000,2.0,1.0,5,False,0.004460420865210364,0.0030622886984533544,0.0005590948659120126,0.0010958259371875445,0.8936153038502765,0.1854765533013706,0.03386323071048999,0.06637193219256038,0.0675506938368474,0.14055739514036153,0.025662151980847675,0.05029781788246144,0.0328361714803014,0.017419657516676644,0.003180379788632741,0.006233544385720172,0.0001031959570376865,0.0005652275351287491,0.00010319595703768653,0.0002022640757938656,0.07685169343528883,0.05612446049567419,0.010246877680429443,0.02008388025364171,0.019449000155934506,0.0397062905999101,0.007249343678808699,0.01420871361046505,0.03294339132650997,0.019733094936147524,0.003602753741972988,0.007061397334267056,0.03129432303579514,0.02061259769634134,0.0037633282423550577,0.0073761233550159126,0.02790753170821588,0.019500077640771735,0.003560210798984267,0.006978013166009163,0.0016490682907148236,0.005019046965577032,0.0009163484134081317,0.0017960428902799382,0.050057635972280856,0.40081023773212315,0.028627197261876337,0.14342810154346283,0.005035859618294059,0.009091958569554925,0.001659956933482545,0.003253515589625788,0.15286403176838892,0.427010304522749,0.04886105171568477,0.15280367503518313,0.0006043864014565493,0.0011084524150903076,0.00020237479722201376,0.000396654602555147,0.1363783237527162,0.1939493989804902,0.03541015361206132,0.06940390107964019,0.03294339132650997,0.03129432303579514,0.003602753741972988,0.0037633282423550577,0.02790753170821588,0.003560210798984267
GMM,10000,0.5,0.2,5,False,0.0011365620327669207,0.000854394450074718,0.0001559903711043815,0.00030574112736458773,0.8358198312273027,0.2098830600322077,0.038319228805950366,0.07510568845966271,0.11003542667621632,0.15885240721971092,0.029002348916077392,0.056844603875511684,0.013691050442209647,0.009632292750934777,0.0017586080067268227,0.0034468716931845725,0.0,0.0,0.0,0.0,0.11108784394530788,0.10853026158785925,0.019814824147868986,0.03883705532982321,0.055992152621365664,0.08918957857667432,0.016283714693608013,0.031916080799471704,0.009039106681484586,0.006657264600490022,0.001215444664323001,0.0023822715420730818,0.009068651200363074,0.0069346076792137,0.001266080351117964,0.0024815174881912096,0.008738834776459722,0.006498458929993192,0.0011864508483260521,0.0023254436627190623,-2.954451887848816e-05,0.0020438733286691655,0.0003731585089317574,0.0007313906775062445,-0.003268521981160566,0.37161820232368553,0.04129160035949919,0.1329818658322382,0.0003002719050248442,0.0023048942721408,0.00042081419517198907,0.0008247958225370986,0.03321920136642831,0.632211949575851,0.0456836342364613,0.226234140659248,0.00017731493155752839,0.0002620627630819713,4.7845895607375914e-05,9.377795539045679e-05,0.18157450152401514,0.22366467242022967,0.04083539546718779,0.08003737511568806,0.009039106681484586,0.009068651200363074,0.001215444664323001,0.001266080351117964,0.008738834776459722,0.0011864508483260521
GMM,10000,0.5,0.5,5,False,0.0021326039983720836,0.0011571615631111648,0.00021126783026464096,0.00041408494731869625,0.8750423650585599,0.2052752475617769,0.03747796119568085,0.07345680394353446,0.08210615213109487,0.15973036432708365,0.029162641220154068,0.05715877679150197,0.024540935328380815,0.012363360336918103,0.0022572304476982386,0.004424171677488547,0.0,0.0,0.0,0.0,0.1031816848492825,0.07587245308374087,0.013852351349072424,0.02715060864418195,0.04066325470524821,0.05932802571338776,0.010831765991823,0.02123026134397308,0.009322817343419923,0.005467891656372112,0.0009982958673964307,0.0019566599000970042,0.009164965876663258,0.005584840721418012,0.0010196477477313567,0.001998509585553459,0.009149952133221268,0.005919923501381066,0.0010808252134704584,0.0021184174184020986,0.00015785146675666002,0.0020944551792646884,0.00038239344912226544,0.0007494911602796403,0.016931734361188222,0.4337982598224925,0.04081157389302511,0.15523271364336053,0.00017286521019864036,0.002427078294435019,0.00044312184356440836,0.0008685188133862404,0.018542164222563384,0.7168891784099057,0.04751677724986647,0.2565354978410146,0.00012596560448952023,0.00025250634275547336,4.610113994676798e-05,9.035823429566523e-05,0.12283074556885107,0.20453617978695626,0.037343026498416046,0.07319233193689545,0.009322817343419923,0.009164965876663258,0.0009982958673964307,0.0010196477477313567,0.009149952133221268,0.0010808252134704584
GMM,10000,0.5,1.0,5,False,0.004697670442136036,0.0019122055151270141,0.0003491193650736173,0.0006842739555442899,0.8080679075178597,0.24517509535971604,0.044762643422332216,0.08773478110777114,0.13375276679267792,0.1975835076959632,0.03607364805202488,0.07070435018196876,0.052950047123081316,0.03222009203380114,0.005882557070601797,0.011529811858379521,0.0072363449507673455,0.01541708562376069,0.002814761855707445,0.0055169332371865915,0.09625740377785551,0.07904950777046217,0.014432399521854013,0.028287503062833865,0.038876649036494695,0.061146339558910676,0.011163743161761955,0.02188093659705343,0.007307566076412324,0.005067312271430976,0.0009251604123284955,0.0018133144081638511,0.006947487119556223,0.0047481283374264105,0.0008668856654459819,0.0016990959042741246,0.006125243084099409,0.004816774352315817,0.0008794186557252365,0.0017236605652214635,0.00036007895685609474,0.002914396889842286,0.0005320936393631728,0.0010429035331518187,0.04927481367816566,0.8992718594148463,0.07059173913383002,0.3218003020510022,0.001182322992312907,0.003321651729726047,0.0006064478601823365,0.0011886378059573794,0.16179436216516307,1.3277964185688809,0.07708668965976007,0.475145846146835,0.0002740086445740368,0.0004970494261198216,9.074839429360793e-05,0.00017786685281547153,0.21393737402978014,0.2586813608075072,0.04722853884013483,0.09256793612666427,0.007307566076412324,0.006947487119556223,0.0009251604123284955,0.0008668856654459819,0.006125243084099409,0.0008794186557252365
GMM,10000,1.0,0.2,5,False,0.0011040765436195797,0.000832483375281557,0.00015198997446324913,0.0002979003499479683,0.8328082153180205,0.23712308074734814,0.04329255341014718,0.08485340468388847,0.11875732891906272,0.18637677551394757,0.03402758804802186,0.06669407257412285,0.009589013862003828,0.0059218330434432954,0.0010811738465577878,0.002119100739253264,0.0,0.0,0.0,0.0,0.10811989673122034,0.07534031338995013,0.013755196377728067,0.02696018490034701,0.04402715924356163,0.05984316673836602,0.010925817445048641,0.021414602192295337,0.014199240676294444,0.008877525716455403,0.0016208070299116117,0.003176781778626759,0.014254834872331963,0.008847833553512978,0.0016153860074367167,0.0031661565745759648,0.014057808139551304,0.008594740888932107,0.0015691778202600395,0.0030755885277096774,-5.559419603752118e-05,0.0013274795276916568,0.00024236349398100806,0.0004750324482027758,-0.003915293592447799,0.2032255983185003,0.017117938880794666,0.07272334638153069,0.00014143253674313338,0.002054021576882255,0.0003750113170869143,0.000735022181490352,0.009960570425379234,0.39666115411634867,0.026148258707995333,0.14194337103976412,0.00018716297760128808,0.0002980266223831204,5.44119679387697e-05,0.00010664745715998861,0.1764826254515751,0.23345026662474874,0.0426219923619901,0.0835391050295006,0.014199240676294444,0.014254834872331963,0.0016208070299116117,0.0016153860074367167,0.014057808139551304,0.0015691778202600395
GMM,10000,1.0,0.5,5,False,0.002258667683759451,0.0012615375412361543,0.00023032418949154847,0.000451435411403435,0.843980105683379,0.21971112527599593,0.04011357981616881,0.07862261643969086,0.11096813906056975,0.16535205968612893,0.03018901767334447,0.05917047463975516,0.02162720522191327,0.011621772187353769,0.002121835595066605,0.0041587977663305456,0.0,0.0,0.0,0.0,0.10360710209741782,0.08527531720943689,0.015569071611339025,0.030515380358224486,0.043263561415671434,0.06908727961037378,0.012613553826422815,0.024722565499788716,0.01300278816273639,0.0074889942766685775,0.0013672970327861548,0.0026799021842608636,0.01321093472930637,0.007802433583945146,0.001424522959120878,0.002792064999876921,0.0131218746391995,0.007846320414905015,0.001432535561552257,0.0028077697006424233,-0.0002081465665699704,0.002111762426473587,0.00038555330569047615,0.0007556844791533333,-0.01600784108492137,0.3008603437308721,0.029681608614545153,0.107661491321169,-0.00011908647646312413,0.002479136423483881,0.00045262631409160063,0.0008871475756195372,-0.009158533921546974,0.41397065615178197,0.03484053535553899,0.14813749679276988,0.0001682359679993724,0.00026690901325704814,4.873069578744357e-05,9.551216374338939e-05,0.16309130169063243,0.23241676085744914,0.042433300887969545,0.08316926974042031,0.01300278816273639,0.01321093472930637,0.0013672970327861548,0.001424522959120878,0.0131218746391995,0.001432535561552257
GMM,10000,1.0,1.0,5,False,0.004949928108839067,0.002049178186974301,0.00037412703911778787,0.0007332889966708642,0.8637330576189615,0.20594846547216647,0.037600873407559805,0.07369771187881721,0.09188572027628499,0.15672597881846267,0.028614117981982955,0.05608367124468659,0.04480823143456495,0.026773075547641172,0.004888072470411016,0.00958062204200559,0.0020917233013664793,0.004822562495381844,0.0008804754212330131,0.0017257318256167057,0.04682608665560797,0.03635627271927287,0.0066377168917184795,0.01300992510776822,0.004500016699221609,0.016123858732809863,0.0029438003806622082,0.005769848746097928,0.013237858107979181,0.007443670458534562,0.001359022073591401,0.002663683264239146,0.012133050240324296,0.008126092465280928,0.0014836147158690434,0.002907884843103325,0.0112987496983797,0.0076598173944629755,0.001398484924439273,0.0027410304519009747,0.0011048078676548698,0.002726487062292676,0.0004977861555878972,0.0009756608649522786,0.08345820438949691,0.3721340412666708,0.03921831433689336,0.13316645642731179,0.0019391084095994567,0.0030923589768075866,0.00056458492250037,0.001106586448100725,0.14648203612566857,0.3825307181104477,0.043239105949892186,0.13688685945519155,0.00016214028439770123,0.0002523094748394422,4.606519694728155e-05,9.028778601667183e-05,0.1710670549707891,0.21900104503197582,0.03998393749373928,0.078368517487729,0.013237858107979181,0.012133050240324296,0.001359022073591401,0.0014836147158690434,0.0112987496983797,0.001398484924439273
GMM,10000,2.0,0.2,5,False,0.0011112803849940452,0.0009756114424332726,0.00017812146479361874,0.00034911807099549273,0.7965722038753373,0.23393435705011106,0.04271037477727117,0.0837123345634515,0.13880914983424392,0.18707636536903502,0.034155315096232916,0.06694441758861651,0.005700403764918147,0.004162242645162537,0.0007599180621884975,0.001489439401889455,0.0,0.0,0.0,0.0,0.14076172592537758,0.1237863397856212,0.022600190203861312,0.04429637279956817,0.0787864225917812,0.10710283365924052,0.019554212655963202,0.038326256805687874,0.019714017058028208,0.010068544131084538,0.0018382562472770846,0.0036029822446630856,0.019555036310431696,0.01013383487281218,0.0018501766512905755,0.003626346236529528,0.019532302139445297,0.010380848611735067,0.0018952749835644946,0.003714738967786409,0.0001589807475965167,0.0017530427161179145,0.00032006034662930235,0.0006273182793934326,0.008064350716982305,0.12838976167910476,0.016215203012934755,0.04594368616791391,0.00018171491858291576,0.0024662983155310427,0.0004502824069844486,0.0008825535176895193,0.009217549018448845,0.16428169196722453,0.022862142582512384,0.05878744847070189,0.00020233113284810156,0.0003221058726917588,5.8808217459387855e-05,0.00011526410622040019,0.18333259444001046,0.24077041970685867,0.04395846335114429,0.0861585881682428,0.019714017058028208,0.019555036310431696,0.0018382562472770846,0.0018501766512905755,0.019532302139445297,0.0018952749835644946
GMM,10000,2.0,0.5,5,False,0.002125041139154663,0.001003683467569881,0.00018324669192767623,0.0003591635161782454,0.8674603644455262,0.22823896930635015,0.04167054399693907,0.08167426623400058,0.0967304790203335,0.1786723559517807,0.03262095991912757,0.06393708144149003,0.01470940769759897,0.006956927916450293,0.0012701554502590805,0.0024895046825077977,0.0,0.0,0.0,0.0,0.07868738214851292,0.06802706562198155,0.012419986120681166,0.024343172796535084,0.02334252322624776,0.052657156922701474,0.00961383755355097,0.018843121604959902,0.02349363237314404,0.009360449805284015,0.0017089765022496315,0.003349593944409278,0.023635190346267102,0.009140166559966995,0.0016687584680827728,0.0032707665974422346,0.02290088271484274,0.00855597222374775,0.0015620996627780936,0.0030617153390450633,-0.00014155797312306325,0.002651649999884772,0.0004841228398484869,0.0009488807661030343,-0.006025376190225806,0.6240501678134133,0.020709025932069806,0.22331348456517666,0.0005927496583013,0.002932512881932575,0.0005354011518696517,0.0010493862576645174,0.025230226168809877,0.4968108685591774,0.02208282560394781,0.1777814860887491,0.00017085561496374036,0.0003632871670572165,6.632685874979504e-05,0.0001300006431495983,0.153000926043058,0.2254187783892803,0.04115564993635562,0.08066507387525701,0.02349363237314404,0.023635190346267102,0.0017089765022496315,0.0016687584680827728,0.02290088271484274,0.0015620996627780936
GMM,10000,2.0,1.0,5,False,0.0056729770759667165,0.002211339741015297,0.00040373355282057006,0.0007913177635283173,0.843323729597298,0.23465340291326503,0.042841653990314574,0.08396964182101656,0.11013693549002164,0.18638800195967128,0.03402963770720969,0.06669808990613099,0.036608688002159086,0.02012513186057483,0.003674329564267583,0.007201685945964462,0.00036232578159574313,0.0017559310139634093,0.00032058767525689266,0.0006283518435035096,0.10345340932094005,0.06790406227452958,0.012397528884665136,0.024299156613943666,0.03895464691212845,0.05222420008834149,0.009534790812015975,0.01868818999155131,0.028565190595249444,0.011611761856944819,0.002120007967142251,0.004155215615598812,0.026173850461403168,0.011334634649421405,0.0020694116928559212,0.004056046917997606,0.02394483218079252,0.011403954715161157,0.002082067747420389,0.0040808527849439625,0.0023913401338462666,0.002253149735929215,0.00041136697860174644,0.000806279278059423,0.08371518215054274,0.12015967284425047,0.01438338267864266,0.04299858670190146,0.0046203584144568766,0.004167407415400613,0.0007608610159097393,0.001491287591183089,0.16174785878114595,0.19539155593010193,0.026593601007354344,0.06991997031624676,0.0002942472600032561,0.0004635311562069941,8.462882345367382e-05,0.00016587249396920068,0.23513076206733594,0.2872241303303561,0.0524397117472466,0.10278183502460334,0.028565190595249444,0.026173850461403168,0.002120007967142251,0.0020694116928559212,0.02394483218079252,0.002082067747420389
PS_propensity_score,500,0.5,0.2,5,False,0.0003468868132259332,0.005381351293830149,0.0009824958311634613,0.0019256918290803842,0.9141610082888253,0.14960209949447653,0.027313481514419,0.053534423768261244,0.04754371238673927,0.10540605803783568,0.019244425228340443,0.03771907344754727,0.022874661307411663,0.01616792690842,0.0029518460919454657,0.005785618340213113,0.0,0.0,0.0,0.0,0.09330596894277088,0.07747513758140451,0.014144960166383828,0.027724121926112302,0.04417126361615141,0.06395151289748574,0.011675895400178502,0.022884754984349862,0.03927371616446476,0.027534893046305683,0.005027160679984588,0.009853234932769793,0.04201403299383253,0.02695268098174327,0.004920863786313758,0.009644893021174966,0.04021659293843547,0.02709852849206485,0.004947491776766791,0.009697083882462909,-0.0027403168293677668,0.008591466473715887,0.0015685799965678522,0.0030744167932729902,-0.06977482899484899,2.075163489199815,0.04282624979904553,0.7425877176499663,-0.0009428767739707151,0.009612456858032909,0.0017549864847299526,0.003439773510070707,-0.02400783185431865,0.8467598443552993,0.04545980651987283,0.30300911879473447,0.001826251840098377,0.0035653561359271424,0.000650941993728917,0.0012758463077086773,0.10361971150520909,0.16772455829142421,0.03062217467460106,0.06001946236221808,0.03927371616446476,0.04201403299383253,0.005027160679984588,0.004920863786313758,0.04021659293843547,0.004947491776766791
PS_propensity_score,500,0.5,0.5,5,False,0.00028206340214780316,0.005394771757681244,0.0009849460614246037,0.0019304942803922232,0.9557437602226856,0.08849825822117814,0.016157497442552095,0.03166869498740211,0.01743035295546864,0.044268176318819845,0.008082226249811211,0.015841163449629974,0.03020201763687145,0.026958614257497293,0.004921947049303884,0.009647016216635614,0.00052502650617702,0.002875688607212792,0.0005250265061770198,0.0010290519521069588,0.08994379760446332,0.08814995881817728,0.016093906962622376,0.031544057646739856,0.0453307616592354,0.07350651257575179,0.013420391687092142,0.0263039677067006,0.03611356967754695,0.025678533710310442,0.0046882373855979525,0.009188945275771987,0.03746086418877949,0.025278524553407563,0.004615206039449843,0.009045803837321693,0.03732720538193032,0.026258626736328165,0.004794147397531732,0.009396528899162194,-0.0013472945112325164,0.011124822224323616,0.002031105360165614,0.003980966505924603,-0.03730715416012176,6.356284735009916,0.05765485939125755,2.274567280443243,-0.0012136357043833668,0.014613904083397017,0.0026681216398978017,0.005229518414199691,-0.033606085336336466,6.8175220992530265,0.07506701251006893,2.439618951499893,0.0014277795237015798,0.002597019800973238,0.0004741487757602065,0.0009293316004900047,0.09386301610987856,0.16574876497581523,0.030261445818625405,0.05931243380450579,0.03611356967754695,0.03746086418877949,0.0046882373855979525,0.004615206039449843,0.03732720538193032,0.004794147397531732
PS_propensity_score,500,0.5,1.0,5,False,0.005636116782554542,0.006431395707438673,0.0011742068350686858,0.002301445396734624,0.8727484875532362,0.2000849521891948,0.03653034724378822,0.07159948059782492,0.08347267171984704,0.15248638856650415,0.02784007824345739,0.05456655335717649,0.056232740677965104,0.058007952966118756,0.010590754784747317,0.02075787937810474,0.012503230424856359,0.03288543507750771,0.0060040315351075416,0.011767901808810781,0.06653779883729509,0.08507511419803995,0.015532519709531505,0.030443738630681748,0.031967434708022234,0.06779633778396005,0.012377861173504907,0.024260607900069616,0.03505708956172836,0.027645504136609447,0.0050473554097411255,0.009892816603092606,0.035942520777726764,0.027265608020865067,0.004977996185707195,0.0097568725239861,0.03547512266552779,0.024068796307839094,0.00439434088993351,0.008612908144269679,-0.0008854312159983937,0.008742696956999375,0.001596190778926777,0.0031285339266964828,-0.025256837548917055,1.6112540550279653,0.04640001532444546,0.5765798586495181,-0.00041803310379943866,0.011362210112457612,0.0020744462605687816,0.004065914670714812,-0.011924352792132442,4.428256816810226,0.06005006155863163,1.5846313506754155,0.0040128562814756895,0.00735762974972018,0.001343313261230944,0.0026328939920126503,0.1635723893924805,0.24183360971290588,0.04415257440088633,0.08653904582573721,0.03505708956172836,0.035942520777726764,0.0050473554097411255,0.004977996185707195,0.03547512266552779,0.00439434088993351
PS_propensity_score,500,1.0,0.2,5,False,0.0011047493674877507,0.0051071233857160935,0.0009324288941062872,0.0018275606324483229,0.8673211662373519,0.1952163657434253,0.03564146903728427,0.06985727931307717,0.08349342531100828,0.14922573776932488,0.027244767578869962,0.053399744454585125,0.020189976969251414,0.012660928184058794,0.0023115586551206405,0.004530654964036455,0.0,0.0,0.0,0.0,0.10876109546768478,0.10863577002731246,0.019834087265300886,0.038874811039989736,0.059233326365747935,0.09749353937190121,0.017799803575002777,0.03488761500700544,0.035380652926689425,0.027054828272791907,0.0049395132448122195,0.00968144595983195,0.035734643265803605,0.026110326769760973,0.0047670716518763605,0.009343460437677666,0.03435321909527502,0.025633325902757777,0.004679983606940637,0.009172767869603648,-0.00035399033911418665,0.00811446891093891,0.0014814925548985401,0.002903725407601139,-0.010005195207891227,10.908011373135698,0.042263655241362136,3.903381739238358,0.0010274338314144064,0.010875026578366129,0.001985499123479784,0.003891578282020377,0.02903942540414106,10.964704079371366,0.05492105834772034,3.923668963618533,0.0039511530879725795,0.0064037618545245475,0.0011691616068714035,0.002291556749467951,0.18539760172402914,0.24629495773309476,0.04496710138339915,0.08813551871146233,0.035380652926689425,0.035734643265803605,0.0049395132448122195,0.0047670716518763605,0.03435321909527502,0.004679983606940637
PS_propensity_score,500,1.0,0.5,5,False,0.0009255709796848198,0.005635620451598179,0.0010289188156259246,0.0020166808786268122,0.937253260580451,0.14511500283733195,0.02649425349547763,0.05192873685113615,0.03945412552652474,0.10461683725050028,0.01910033388564858,0.03743665441587121,0.03140518587706391,0.02126757641454146,0.0038829104485697333,0.007610504479196677,0.0,0.0,0.0,0.0,0.08264161003727535,0.07994821193534087,0.014596479703063315,0.028609100218004096,0.04003124901898739,0.06271049086722334,0.011449316813399977,0.022440660954263954,0.03950639776320588,0.02601335777348255,0.0047493676163295855,0.009308760528005987,0.04160060718608458,0.02690550283123257,0.004912250273895064,0.009628010536834325,0.03503828821151945,0.02453893912358223,0.004480176831744013,0.008781146590218265,-0.0020942094228786974,0.01235970855235928,0.0022565637261055664,0.00442286490316691,-0.05300937421404539,10.031764852499858,0.05850369440357207,3.589820948850416,0.004468109551686409,0.018605222310358563,0.0033968333155939227,0.006657793298564088,0.11309837911488319,7.383146094870051,0.0810035938604872,2.6420248988574495,0.0018070772547980369,0.003713154335476584,0.0006779261296795434,0.001328735214171905,0.1023303633280789,0.18599468076127204,0.033957827409640276,0.06655734172289494,0.03950639776320588,0.04160060718608458,0.0047493676163295855,0.004912250273895064,0.03503828821151945,0.004480176831744013
PS_propensity_score,500,1.0,1.0,5,False,0.00260274613194168,0.007134791503527554,0.0013026287498594138,0.002553152349724451,0.9134176481865126,0.15681231742602986,0.028629881182965666,0.05611456711861271,0.05205647635671436,0.11112256272590715,0.02028811141758737,0.03976469837847124,0.03653218216858633,0.02979582569521775,0.0054399486175876035,0.010662299290471702,0.0015035833223253294,0.007821337212393264,0.0014279742736941217,0.0027988295764404783,0.054372711667250787,0.0625206414198493,0.011414655205114425,0.022372724202024272,0.017008220248315366,0.049981081861249776,0.009125255327972932,0.017885500442826947,0.04453568179557799,0.029452979269049977,0.0053773537104635635,0.010539613272508585,0.04340429309717163,0.02930230691116879,0.005349844827395558,0.010485695861695293,0.039922798764869045,0.02634015098911516,0.004809031621610129,0.009425701978355853,0.0011313886984063433,0.010082939188853958,0.0018408844132293848,0.0036081334499295944,0.025404095161257856,1.4066900556552884,0.040875542021362586,0.5033775716017247,0.004612883030708925,0.011550390811694223,0.002108803198521777,0.004133254269102683,0.10357724064677876,2.332878732255791,0.043173617148310264,0.8348099329792936,0.0020533601667067267,0.0037765556104502234,0.0006895015658387601,0.0013514230690439698,0.11518310173857385,0.18978214574885557,0.03464932074612712,0.06791266866240916,0.04453568179557799,0.04340429309717163,0.0053773537104635635,0.005349844827395558,0.039922798764869045,0.004809031621610129
PS_propensity_score,500,2.0,0.2,5,False,3.2015605063863356e-05,0.006148645549951145,0.0011225839552706665,0.0022002645523305064,0.9245138012765627,0.1533385205015152,0.027995655537716085,0.05487148485392353,0.04503510607976028,0.11193477528770752,0.020436400464783077,0.04005534491097483,0.017182395126416332,0.014068197221942986,0.0025684896539632284,0.005034239721767928,0.0,0.0,0.0,0.0,0.06725499110084858,0.07694424243967105,0.014048032418118056,0.02753414353951139,0.027705828324369755,0.062456568907550254,0.011402957218347021,0.02234979614796016,0.037474681434274335,0.0260036996979333,0.004747604301049447,0.009305304430056918,0.03666996894895298,0.024137182662218835,0.004406826472906618,0.008637379886896971,0.035120570871014174,0.02349562478352842,0.00428969456553865,0.008407801348455753,0.0008047124853213434,0.012829973325792596,0.002342421934242061,0.004591146991114439,0.02147349769290796,1.2707296410450983,0.06150527568397493,0.45472476207535073,0.0023541105632601403,0.017955920718821395,0.0032782876061576184,0.006425443708068932,0.06281869446679511,1.4515567167013406,0.08396577147749472,0.5194329000605006,0.002534560602535023,0.0045346630677766415,0.0008279124176356149,0.0016227083385658052,0.1394774977323986,0.19879154243982786,0.03629420401184643,0.071136639863219,0.037474681434274335,0.03666996894895298,0.004747604301049447,0.004406826472906618,0.035120570871014174,0.00428969456553865
PS_propensity_score,500,2.0,0.5,5,False,0.0022071650173908623,0.00584543777270096,0.0010672260422003573,0.0020917630427127,0.9176570817580066,0.13955727689649597,0.025479556206735133,0.04993993016520086,0.045271255533274726,0.09289427806432018,0.0169600971863285,0.03324179048520386,0.026498815562766013,0.023353128300585765,0.004263678386181037,0.008356809636914831,0.0003871050693935466,0.002120261786314482,0.0003871050693935467,0.0007587259360113515,0.054761308981525786,0.056052630479640334,0.010233763373733542,0.020058176212517743,0.018829857349627263,0.03721024757143471,0.006793630655075538,0.013315516083948055,0.040735526525327734,0.026303497304509812,0.0048023396049854524,0.009412585625771486,0.0353071769544697,0.02832130230777034,0.005170738710629645,0.010134647872834104,0.032432195010245655,0.02438645507056941,0.004452337179912368,0.00872658087262824,0.005428349570858023,0.013849292271763023,0.0025285232609088583,0.004955905591381362,0.13325836275819092,1.927155253815721,0.062300213722472984,0.6896236508285833,0.008303331515082025,0.013541886997941883,0.0024723989933195614,0.00484590202690634,0.20383513417751942,1.5237119472043898,0.05578921496633135,0.5452533176876572,0.0030501751924073206,0.005716378674118901,0.0010436631823521317,0.002045579837410178,0.14456183073545426,0.23275859409626107,0.04249571081323699,0.0832915931939445,0.040735526525327734,0.0353071769544697,0.0048023396049854524,0.005170738710629645,0.032432195010245655,0.004452337179912368
PS_propensity_score,500,2.0,1.0,5,False,0.010074859342820668,0.007853307388842599,0.001433811202630362,0.0028102699571555096,0.9533354144295975,0.11184192516425465,0.020419448429088983,0.040022118921014406,0.02403170061307596,0.07454216277985205,0.013609474679915657,0.026674570372634685,0.0778121410649366,0.06081985363946812,0.01110413526083312,0.021764105111232914,0.018084731636784517,0.038322304774553936,0.00699666359353704,0.013713460643332597,0.06333436762984178,0.06366078577604191,0.011622816132680725,0.02278071962005422,0.02356294266423826,0.046963019948090025,0.008574235131378,0.01680550085750088,0.04287978283380424,0.030355276076008603,0.005542089815375605,0.010862496038136184,0.04288194062503281,0.024288750030121608,0.004434498761700629,0.008691617572933233,0.036267986538521604,0.023402872217350962,0.0042727603412846885,0.00837461026891799,-2.157791228569785e-06,0.01878201979133956,0.003429111971741717,0.006721059464613765,-5.0321878656278685e-05,1.1925815676022726,0.07997427017415315,0.42675983314388277,0.006611796295282639,0.020008342186913698,0.0036530067846849597,0.007159893297982521,0.154193791533623,0.9412616393630315,0.07410103871924707,0.33682615183037096,0.00197840707109159,0.003653493318711209,0.0006670335681175135,0.0013073857935103263,0.11955305385199183,0.19229347808041325,0.035107825201922516,0.06881133739576813,0.04287978283380424,0.04288194062503281,0.005542089815375605,0.004434498761700629,0.036267986538521604,0.0042727603412846885
PS_propensity_score,2000,0.5,0.2,5,False,0.0008580219306416479,0.0013598385946157177,0.0002482714242790506,0.00048661199158693915,0.8207367058599213,0.2276362917571098,0.04156051063406545,0.08145860084276828,0.12376677189873991,0.1775169422537664,0.03241001120390994,0.06352362195966348,0.011515595276034666,0.011391781758254413,0.002079845279723935,0.004076496748258912,0.0,0.0,0.0,0.0,0.06256107535186844,0.08474409443225889,0.015472084045298715,0.03032528472878548,0.031097423666697505,0.06584195625264565,0.012021041556614112,0.02356124145096366,0.020467325551421257,0.013936826002246286,0.0025445046604849453,0.004987229134550492,0.01997345361180087,0.013477176709986018,0.0024605845651808674,0.0048227457477545,0.019876809428388365,0.012515729669415927,0.0022850491545252597,0.004478696342869509,0.0004938719396203762,0.0037015588807671434,0.0006758090989765801,0.001324585833994097,0.024129773984373548,0.7444906026544716,0.03238436098359999,0.2664125406573201,0.0005905161230328732,0.0038807650294415425,0.0007085275156674443,0.0013887139307081908,0.02885165047818794,2.0124262366392807,0.03302059758215551,0.7201374801467414,0.000999827748982055,0.001402212347331152,0.00025600777768184697,0.0005017752442564201,0.19290863512256473,0.24510514733738398,0.04474987271910417,0.08770975052944417,0.020467325551421257,0.01997345361180087,0.0025445046604849453,0.0024605845651808674,0.019876809428388365,0.0022850491545252597
PS_propensity_score,2000,0.5,0.5,5,False,0.0023283329115410902,0.002592176689223737,0.00047326454857563315,0.0009275985152082409,0.8759472760651673,0.18267186464338644,0.033351166962237715,0.06536828724598592,0.07967743175934376,0.13239805309161165,0.02417246674934743,0.047378034828720966,0.032975231170596635,0.02944309464529994,0.005375549033330115,0.010536076105327025,0.0013541217285156463,0.006008320445572851,0.0010969642135865805,0.0021500498586296975,0.09111609240693894,0.09017850511656757,0.016464267151479698,0.03226996361690021,0.04857031072147235,0.07321008900078925,0.013366272394231039,0.026197893892692836,0.019103583239434042,0.01367041413781956,0.0024958647312404367,0.0048918948732312555,0.018454851992118347,0.013071686973591894,0.002386552606694239,0.004677643109120708,0.0181644956433642,0.013683473353361267,0.002498249006885608,0.004896568053495792,0.0006487312473156669,0.004972141907637235,0.0009077847606432272,0.0017792581308607254,0.033958615992866203,4.3837242400764636,0.04638323611495145,1.5686955727524199,0.0009390875960698133,0.0072529818190823275,0.0013242072504954148,0.0025954462109710127,0.04915766766369545,4.2122084006769525,0.06790825698424109,1.5073194178695035,0.0006032342086939186,0.001147887576217356,0.00020957463965805883,0.0004107662937297953,0.12742480403413214,0.19696932435090567,0.03596151402784755,0.0704845674945812,0.019103583239434042,0.018454851992118347,0.0024958647312404367,0.002386552606694239,0.0181644956433642,0.002498249006885608
PS_propensity_score,2000,0.5,1.0,5,False,0.007343893194971496,0.007650797199355273,0.0013968380696614108,0.002737802616536365,0.8609197180428878,0.20008262437480448,0.03652992224497113,0.07159864760014342,0.09255852937424805,0.14954695050343778,0.027303412732280475,0.05351468895526973,0.08196138678576119,0.10145295489294753,0.018522690640140494,0.036304473654675366,0.03540925883366306,0.07414607261739284,0.01353715884098739,0.026532831328335282,0.05458791313326118,0.058859267887863456,0.01074618291347409,0.021062518510409217,0.01963212311391175,0.03976930698742027,0.007260848844452634,0.014231263735127163,0.017407169451463325,0.011451330861584914,0.0020907174087817088,0.004097806121212149,0.01741236665315826,0.011904459996453034,0.002173447091658399,0.004259956299650462,0.01692436435022475,0.011351573188690763,0.0020725042328722594,0.004062108296429628,-5.197201694930071e-06,0.006902736549335287,0.0012602615055287696,0.0024701125508363882,-0.00029856673191042127,0.907196663009038,0.0724074068291687,0.32463615659666223,0.00048280510123858316,0.008318513162317407,0.0015187457679682924,0.002976741705217853,0.027735991344531308,1.1991191252695013,0.08605397803825214,0.42909926811003296,0.0006998967974146133,0.001123904863880873,0.00020519601547910914,0.0004021841903390539,0.16139842256339598,0.20967942427894337,0.038282050174091226,0.0750328183412188,0.017407169451463325,0.01741236665315826,0.0020907174087817088,0.002173447091658399,0.01692436435022475,0.0020725042328722594
PS_propensity_score,2000,1.0,0.2,5,False,0.0005179658103143125,0.0011000005183168413,0.00020083169904983622,0.00039363013013767896,0.8367968433983406,0.23405460990548146,0.042732329844434765,0.08375536649509213,0.11275659569471026,0.1869148418920215,0.03412582507892393,0.0668866171546909,0.01033482423608101,0.008419230489915558,0.0015371341520540073,0.0030127829380258543,0.0,0.0,0.0,0.0,0.08839706284365446,0.10365500654002406,0.018924728426772234,0.03709246771647358,0.044409745284047716,0.09050787581978442,0.016524401739457434,0.03238782740933657,0.021299423009220216,0.014774633608606664,0.0026974667021026077,0.0052870347361211115,0.019851205648707078,0.015242797970946438,0.00278294142939378,0.005454565201611809,0.020109484984515247,0.015186972325884826,0.0027727491076979392,0.005434588251087961,0.0014482173605131316,0.0042893193850081284,0.0007831189945043794,0.0015349132292285835,0.06799326723011345,0.36141423896574904,0.037473520605329075,0.12933042443960086,0.0011899380247049564,0.005703564951194373,0.00104132372732167,0.002040994505550473,0.05586714833495077,0.555163432953533,0.048553552772750155,0.19866268308269586,0.0010262934756083335,0.002005345818533521,0.00036612438013649027,0.0007176037850675209,0.17113198246297634,0.24280174334558716,0.04432933061065265,0.08688548799687919,0.021299423009220216,0.019851205648707078,0.0026974667021026077,0.00278294142939378,0.020109484984515247,0.0027727491076979392
PS_propensity_score,2000,1.0,0.5,5,False,0.00168096600517525,0.002334649219084988,0.00042624668038488946,0.0008354434935543833,0.8637549803370899,0.19403190332888046,0.035425216776296516,0.06943342488154117,0.08643533931526863,0.14611284839582783,0.026676434335909143,0.05228581129838192,0.023078533941891594,0.023909287432845094,0.004365218686948014,0.008555828626418106,4.573566941360648e-05,0.0002505045782043134,4.573566941360647e-05,8.964191205066868e-05,0.08123826378784231,0.08689371364941029,0.01586454902372552,0.03109451608650202,0.041739127110273076,0.06764521078505425,0.012350269284721988,0.024206527798055096,0.01900871221759449,0.013220810293150174,0.002413778675351613,0.004731006203689161,0.01904038097976966,0.01215527483353388,0.002219239406333786,0.004349709236414221,0.018136875106139674,0.011288183865585711,0.0020609309788157193,0.00403942471847881,-3.1668762175162483e-05,0.00523558164792576,0.0009558820567430032,0.0018735288312162863,-0.0016660130266930029,1.0596956199796683,0.050370108427963356,0.3792072074994938,0.0008718371114548065,0.006596321899024963,0.0012043181002204288,0.0023604634764320402,0.04586513286512084,1.3775688584115178,0.060526025138028544,0.4929566850021706,0.0006643581283195735,0.0010085975733123893,0.00018414388078272204,0.0003609220063341352,0.14977272987408294,0.1938943506464851,0.035400103207298764,0.06938420228630558,0.01900871221759449,0.01904038097976966,0.002413778675351613,0.002219239406333786,0.018136875106139674,0.0020609309788157193
PS_propensity_score,2000,1.0,1.0,5,False,0.006588804495968797,0.0050197700206874975,0.000916480424606239,0.0017963016322282283,0.8447041633267582,0.23591773678671363,0.043072488717883134,0.08442207788705094,0.11223111161724662,0.18519467116263524,0.033811766308508934,0.06627106196467751,0.05702128771816282,0.05593419565339156,0.010212140231756657,0.020015794854243048,0.012061829423879506,0.02505426367313304,0.004574261791819068,0.008965553111965374,0.07355003708457243,0.08206821347439103,0.014983537258024463,0.029367733025727948,0.03419972967936679,0.06568657925273137,0.01199267372735727,0.02350564050562025,0.01783249631980294,0.016649430550698202,0.0030397562274110217,0.005957922205725602,0.017037070218078564,0.013306394940280629,0.002429404222621436,0.004761632276338015,0.016761516526524505,0.012208601013630598,0.0022289753902486383,0.004368791764887331,0.0007954261017243797,0.009473013287790447,0.0017295276884230018,0.0033898742693090835,0.044605426377744894,3.3249225283164088,0.09260967856000897,1.1898082462011244,0.0010709797932784378,0.011459162288446336,0.0020921472251648598,0.0041006085613231255,0.060057760510462854,3.476009113514265,0.11061580545841422,1.2438738863559948,0.0008799081249178666,0.0014881288438725398,0.00027169391208769117,0.0005325200676918747,0.16245351835112404,0.2366361828871554,0.04320365842973766,0.08467917052228581,0.01783249631980294,0.017037070218078564,0.0030397562274110217,0.002429404222621436,0.016761516526524505,0.0022289753902486383
PS_propensity_score,2000,2.0,0.2,5,False,0.00038289902454716245,0.0010528819692310154,0.00019222906831276246,0.0003767689738930144,0.8714817550562312,0.20426262796248573,0.03729308299677965,0.07309444267368811,0.08695520464172629,0.15565067815816605,0.0284177958394014,0.05569887984522675,0.009544304347015533,0.007030511547596251,0.0012835899218063406,0.0025158362467404276,0.0,0.0,0.0,0.0,0.07916749519786433,0.07559740778934082,0.013802135178379573,0.027052184949623963,0.03482485176263277,0.06026846645801398,0.011003466195099246,0.02156679374239452,0.022955683119971974,0.01597745430032306,0.002917070710598287,0.0057174585927726425,0.02113926196670787,0.015446390418981342,0.0028201121548359184,0.0055274198234784005,0.02072719202472709,0.01467665256554121,0.002679577892937663,0.005251972670157819,0.0018164211532640765,0.004380863894517243,0.0007998326587956755,0.0015676720112395238,0.07912729687768583,0.7852638502572561,0.033697373639731146,0.28100305992778196,0.0022284910952448766,0.00451246349835134,0.0008238593493219016,0.0016147643246709272,0.09707796904140242,0.886761523978736,0.03271556905795455,0.31732353600973046,0.0007374323314292967,0.0013157215877995809,0.0002402167976781148,0.000470824923449105,0.14511617121636372,0.22164530314443998,0.04046671076576017,0.07931475310088992,0.022955683119971974,0.02113926196670787,0.002917070710598287,0.0028201121548359184,0.02072719202472709,0.002679577892937663
PS_propensity_score,2000,2.0,0.5,5,False,0.0018746185081975945,0.002363193413592846,0.00043145811345747916,0.0008456579023766592,0.9220815806123299,0.15794848846550216,0.028837316685466692,0.056521140703514716,0.050498852341240776,0.11271790810592264,0.020579380301469413,0.04033558539088005,0.017511596296517388,0.017334798714114377,0.003164886761843997,0.006203178053214234,0.0,0.0,0.0,0.0,0.05196498242822603,0.06288930355217603,0.011481963393772195,0.0225046482517935,0.020181804260623378,0.04432481744090474,0.008092567456560645,0.015861432214858865,0.024640430964943012,0.018295667194066292,0.003340316542265785,0.006547020422840938,0.021676716414878214,0.014509119831083042,0.0026489907403432424,0.005192021851072755,0.021825260530423145,0.013509507486282563,0.0024664873303406245,0.004834315167467624,0.0029637145500647803,0.007154714706525668,0.001306266212426021,0.002560281776355001,0.12027851924673727,9.034823197847839,0.04379456577384963,3.2330699594410515,0.0028151704345198503,0.009564978170681743,0.0017463181020422964,0.003422783480002901,0.11425004856956966,28.007433720463254,0.06110681072175959,10.022331441331994,0.000258830239399937,0.0005176793784076851,9.451489103638065e-05,0.00018524918643130606,0.07105185803245959,0.1395468503845016,0.025477652594796663,0.04993619908580146,0.024640430964943012,0.021676716414878214,0.003340316542265785,0.0026489907403432424,0.021825260530423145,0.0024664873303406245
PS_propensity_score,2000,2.0,1.0,5,False,0.009446542442295485,0.006196965368398591,0.0011314059067834066,0.002217555577295477,0.9488937884857258,0.09602203910944236,0.017531145612628283,0.03436104540075143,0.01932995429920476,0.0549438713834193,0.010031332584453776,0.019661411865529402,0.07779877231079985,0.04783250841088406,0.008732981279565595,0.017116643307948567,0.01261034895532764,0.026857418460286515,0.004903471309018197,0.009610803765675666,0.06397394609193395,0.05543926662033432,0.0101217789665001,0.019838686774340197,0.02188834245925418,0.038998338192188925,0.007120089844359038,0.013955376094943715,0.03294339132650997,0.019733094936147524,0.003602753741972988,0.007061397334267056,0.022813107206697644,0.016800556295300702,0.0030673478871905396,0.0060120018588934575,0.019786899311976865,0.013753035856478203,0.002510949324256831,0.004921460675543389,0.010130284119812292,0.012117395994833845,0.00221232370819775,0.00433615446806759,0.3075058065336569,0.8196509431842759,0.05693932350846789,0.29330832309677657,0.013156492014533084,0.01415245188586901,0.0025838723806323283,0.005064389866039363,0.3993666554889844,0.5547607835006133,0.056091340196957884,0.1985185968264501,0.0002887882992400073,0.0004992215418344235,9.11449665517409e-05,0.00017864413444141215,0.09996595823069009,0.15457963613174944,0.02822225121343326,0.05531561237832919,0.03294339132650997,0.022813107206697644,0.003602753741972988,0.0030673478871905396,0.019786899311976865,0.002510949324256831
PS_propensity_score,10000,0.5,0.2,5,False,0.0007778633189955859,0.0007788154485524652,0.0001421915964352298,0.0002786955290130504,0.7114562714038605,0.28110531275302353,0.05132257360979188,0.10059224427519209,0.21192324155382797,0.23706895007662232,0.04328267054701071,0.08483403427214099,0.016356505716743762,0.013541025083573537,0.002472241630005501,0.004845593594810782,0.0,0.0,0.0,0.0,0.08037742950328702,0.09326505114237515,0.017027790779183944,0.03337446992720053,0.04316686640181649,0.07429254949658713,0.013563901737949947,0.026585247406381896,0.009039106681484586,0.006657264600490022,0.001215444664323001,0.0023822715420730818,0.008627240342636296,0.006564693745431077,0.0011985436158285592,0.002349145487023976,0.008711259845447232,0.006423359401408838,0.0011727396130381672,0.002298569641554808,0.00041186633884828997,0.0022051967282684165,0.00040261199726973395,0.0007891195146486785,0.04556493836851638,0.4064351882998832,0.043684110726274865,0.14544096425319444,0.0003278468360373462,0.00226467006797983,0.00041347029384643697,0.0008104017759390165,0.036269827051483405,0.40309945891297566,0.044665290295939866,0.14424728882231228,0.0003944154960906672,0.0005535983346335095,0.00010107276522535553,0.00019810261984169684,0.2913325572914219,0.28039008514842084,0.051191991512194786,0.10033630336390177,0.009039106681484586,0.008627240342636296,0.001215444664323001,0.0011985436158285592,0.008711259845447232,0.0011727396130381672
PS_propensity_score,10000,0.5,0.5,5,False,0.0026236352855308104,0.0019604220941209704,0.00035792246772719047,0.0007015280367452933,0.8695563124732014,0.2119988421335741,0.038705516000511725,0.07586281136100298,0.08519897420772778,0.1685044994571553,0.030764571797933658,0.06029856072394997,0.03851006115943433,0.03908764485851047,0.007136394936252337,0.01398733407505458,0.0024826860480231857,0.00730457060401681,0.0013336260309030478,0.0026139070205699736,0.08144762027309656,0.0843694892459871,0.015403690808405554,0.030191233984474885,0.039158692659253716,0.0677353617290839,0.01236672851993046,0.024238787899063703,0.009322817343419923,0.005467891656372112,0.0009982958673964307,0.0019566599000970042,0.008036710777861647,0.004679373113042043,0.0008543327363320995,0.0016744921632109151,0.007774406921811926,0.004793002443108454,0.0008750785187559572,0.001715153896761676,0.0012861065655582562,0.0029638879563164,0.0005411294305307929,0.001060613683840354,0.13795256500075215,0.8389326964295698,0.051953563039338846,0.3002082098812313,0.0015484104216079771,0.0034147494125057916,0.0006234450938189786,0.001221952383885198,0.16608825042580833,1.1638314971688712,0.060037103387832934,0.41647175256780844,0.00014651745649459146,0.00034209057794618887,6.245690875036898e-05,0.0001224155411507232,0.1255606600868665,0.21204660619793023,0.038714236485673716,0.07587990351192048,0.009322817343419923,0.008036710777861647,0.0009982958673964307,0.0008543327363320995,0.007774406921811926,0.0008750785187559572
PS_propensity_score,10000,0.5,1.0,5,False,0.009117564534088003,0.0064281104364947396,0.0011736070294008495,0.002300269777625665,0.8612070363111481,0.1755618354875933,0.03205305917785528,0.06282399598859635,0.07805651497560549,0.13266534265505098,0.024221266923774576,0.04747368317059817,0.11483276681263897,0.08854462730678081,0.016165963240603917,0.03168528795158368,0.04733507385553961,0.06586065654445059,0.012024455747165277,0.02356793326444394,0.10136928715285486,0.097729293918628,0.017842846269428336,0.03497197868807954,0.05520513982714575,0.08211990430207389,0.014992974668803801,0.02938623035085545,0.007307566076412324,0.005067312271430976,0.0009251604123284955,0.0018133144081638511,0.006405291230947364,0.004135825092200042,0.0007550948989646155,0.0014799860019706465,0.006066634924521682,0.004729751983182756,0.00086353061753133,0.001692520010361407,0.0009022748454649565,0.004531697561038391,0.0008273709926572905,0.0016216471456082892,0.12347132219267387,1.4555234031371742,0.1040186909714266,0.5208523605716118,0.0012409311518906331,0.005681253981493207,0.001037250320193289,0.002033010627578846,0.1698145646463839,1.3321811977762448,0.12976068158662676,0.4767149192347829,0.00013285540408766386,0.00020822568460634582,3.801663483695061e-05,7.451260428042319e-05,0.15739314062171136,0.1998716534752442,0.036491404404749024,0.07152315263330808,0.007307566076412324,0.006405291230947364,0.0009251604123284955,0.0007550948989646155,0.006066634924521682,0.00086353061753133
PS_propensity_score,10000,1.0,0.2,5,False,0.0007750737107312757,0.0005889249439070501,0.00010752249215178531,0.00021074408461749922,0.8189861411824632,0.21322372176063437,0.0389291474011682,0.07630112890628966,0.11536115570047831,0.16941825301134894,0.030931399609144452,0.06062554323392313,0.014192169874765992,0.01066461472697033,0.0019470833510211495,0.003816283368001453,0.0,0.0,0.0,0.0,0.10196999950519844,0.09660897302124404,0.01763830459371446,0.03457107700368034,0.05467173356575105,0.08195021242430262,0.01496199331237689,0.029325506892258702,0.014199240676294444,0.008877525716455403,0.0016208070299116117,0.003176781778626759,0.012403935604648201,0.008706601406549486,0.0015896006631911203,0.003115617299854596,0.01220562077536624,0.008672271410171484,0.0015833328920526863,0.003103332468423265,0.001795305071646217,0.001985522019273493,0.0003625050661264331,0.0007105099296078089,0.1264366956356684,0.2741010028592813,0.026736397048405993,0.09808578416986671,0.0019936199009281696,0.0028292104064493117,0.0005165407865135492,0.0010124199415665564,0.14040327552560905,0.3692960046961003,0.03620492642333462,0.13215087808347742,0.0002047313623410316,0.00030600621434725885,5.586883544491822e-05,0.00010950291747203972,0.2040206661202643,0.22884309648894374,0.041780842025441925,0.08189045036986617,0.014199240676294444,0.012403935604648201,0.0016208070299116117,0.0015896006631911203,0.01220562077536624,0.0015833328920526863
PS_propensity_score,10000,1.0,0.5,5,False,0.00297293439204565,0.0019167344355001381,0.0003499462290234522,0.0006858946088859662,0.8475487039761224,0.2281060392593441,0.04164627440183393,0.0816266978275945,0.1089736761442043,0.17646286466867037,0.03221756384700405,0.06314642514012793,0.03914994854133158,0.02745771345632323,0.005013069679180458,0.009825616571193697,0.0005521505841698896,0.0030242533008950343,0.0005521505841698896,0.0010822151449729836,0.07000364826229205,0.0740468653330543,0.013519046151820374,0.02649733045756793,0.02961168655236589,0.05784652594381349,0.010561282377578156,0.020700113460053186,0.01300278816273639,0.0074889942766685775,0.0013672970327861548,0.0026799021842608636,0.0105881109992925,0.006757603760654305,0.001233764004797368,0.0024181774494028414,0.010327884278601986,0.00628583417578754,0.0011476310569385763,0.0022493568715996094,0.0024146771634438557,0.0039361689208902055,0.0007186428360407778,0.0014085399586399243,0.18570456837587435,0.8210889656214573,0.0498715624683401,0.2938229128171112,0.002674903884134356,0.00390268999250403,0.0007125304479480416,0.0013965596779781614,0.20571771612800616,0.62920121021589,0.04669985024802734,0.22515676141593138,0.00014876672666144116,0.0002795371737097335,5.103627190068704e-05,0.0001000310929253466,0.14234908251244555,0.22539399578987054,0.04115112527344551,0.08065620553595321,0.01300278816273639,0.0105881109992925,0.0013672970327861548,0.001233764004797368,0.010327884278601986,0.0011476310569385763
PS_propensity_score,10000,1.0,1.0,5,False,0.012181150152105533,0.007198269854480685,0.0013142182581028336,0.0025758677858815538,0.869624243873991,0.2429271396606754,0.0443522247407866,0.08693036049194174,0.10046458765117817,0.19331184805617158,0.03529375327112546,0.0691757564114059,0.13493830087053355,0.08601819751384569,0.015704702378089363,0.03078121666105515,0.05621813039074334,0.07176885358857774,0.013103140012249872,0.02568215442400975,0.0698477963876449,0.11084688435628184,0.020237779663700693,0.03966604814085336,0.03734442079615221,0.09576778428257934,0.017484725244619137,0.03427006147945351,0.013237858107979181,0.007443670458534562,0.001359022073591401,0.002663683264239146,0.007356207036243474,0.005487341450308689,0.001001846897689061,0.0019636199194705594,0.006181927100131158,0.004992097307160833,0.0009114281014642614,0.0017863990788699524,0.005881651071735674,0.005630732519000455,0.0010280264053114784,0.002014931754410498,0.4443053418279589,0.9957274226205858,0.0573922711790346,0.35631648205723937,0.007055931007847973,0.006476185652096157,0.001182384322748123,0.002317473272586321,0.5330115302863858,0.8449684230529321,0.060239607068356155,0.3023680669146306,0.00013962382239934035,0.0002793192731122305,5.0996488876504956e-05,9.995311819794972e-05,0.13768700995673117,0.2308485427583412,0.042146984745313115,0.0826080901008137,0.013237858107979181,0.007356207036243474,0.001359022073591401,0.001001846897689061,0.006181927100131158,0.0009114281014642614
PS_propensity_score,10000,2.0,0.2,5,False,0.0007023629490695053,0.0005776589745384151,0.00010546561696666413,0.00020671260925466168,0.8735649888936645,0.22728122216830263,0.04149568409297419,0.0813315408222294,0.08613548373394492,0.18506877475309097,0.03378878087403683,0.0662260105131122,0.00841378028128386,0.006952528813632466,0.0012693522876437108,0.002487930483781673,0.0,0.0,0.0,0.0,0.09584513106924494,0.08824815103188004,0.0161118343260945,0.03157919527914522,0.047915320178396587,0.07461334640561383,0.0136224709724339,0.026700043105970444,0.019714017058028208,0.010068544131084538,0.0018382562472770846,0.0036029822446630856,0.017629266058946606,0.010125591751578077,0.0018486716701425197,0.0036233964734793387,0.01722199669086589,0.010051062252704994,0.0018350645075650718,0.0035967264348275405,0.0020847509990815733,0.0017024130723732648,0.000310816680643504,0.0006092006940612678,0.1057496801866985,0.18133041838244082,0.018165132874274556,0.06488825686647601,0.0024920203671622734,0.0021560293119714516,0.0003936352962697024,0.0007715251806886166,0.12640855284983554,0.19297786257757363,0.021986740175513626,0.06905624124280782,0.0001927594108957531,0.0003784030352369147,6.908662607589348e-05,0.00013540978710875121,0.16059161298287114,0.23643769580265112,0.043167419811885516,0.08460814283129561,0.019714017058028208,0.017629266058946606,0.0018382562472770846,0.0018486716701425197,0.01722199669086589,0.0018350645075650718
PS_propensity_score,10000,2.0,0.5,5,False,0.00412924597021299,0.0025141758012871243,0.0004590235999661947,0.0008996862559337416,0.8520164212521526,0.1985921112781631,0.03625779302987534,0.07106527433855567,0.09176993930142575,0.15330316267582692,0.02798920011147815,0.05485883221849717,0.038965842048030185,0.024060028069723554,0.004392740035998357,0.00860977047055678,0.0,0.0,0.0,0.0,0.10979443542398433,0.1032311318892641,0.018847339857513613,0.03694078612072668,0.06341437811196442,0.08747757197335831,0.015971146481863353,0.031303447104452174,0.02349363237314404,0.009360449805284015,0.0017089765022496315,0.003349593944409278,0.017906118150951153,0.008601532480882306,0.001570417789630871,0.003078018867676507,0.016098948484563565,0.007985510118637256,0.0014579480083877934,0.002857578096440075,0.00558751422219284,0.002718516627693849,0.0004963309599802648,0.0009728086815613189,0.23783100601250862,0.1932208938288164,0.02106364871476905,0.06914320885915094,0.007394683888580431,0.004097083747745731,0.0007480217295427143,0.00146612258990372,0.3147526857972571,0.18445602428004487,0.027668312721884497,0.06600674057238878,0.00019782881283061476,0.00024329625150040868,4.441961503440798e-05,8.706244546743964e-05,0.21960376976552334,0.24241578965280833,0.04425886542942352,0.0867473762416701,0.02349363237314404,0.017906118150951153,0.0017089765022496315,0.001570417789630871,0.016098948484563565,0.0014579480083877934
PS_propensity_score,10000,2.0,1.0,5,False,0.017338353719468052,0.0060496276401396185,0.0011045058410037382,0.0021648314483673266,0.8891974968558579,0.1618656299195086,0.02955248559723266,0.057922871770576013,0.06278557080087795,0.11458436922108683,0.020920147919963307,0.04100348992312808,0.1419605345042974,0.05096031258686618,0.009304037580447018,0.018235913657676156,0.05287187209038535,0.04571122635865199,0.00834568993595281,0.01635755227446751,0.10410410819103731,0.1184911600291655,0.02163342707097615,0.04240151705911325,0.05653838820014653,0.1073195903129201,0.01959378682553308,0.03840382217804484,0.028565190595249444,0.011611761856944819,0.002120007967142251,0.004155215615598812,0.01516517997431575,0.009789743050551617,0.0017873543669888528,0.0035032145592981513,0.011602519753093543,0.007346781043314992,0.0013413325674916535,0.002629011832283641,0.013400010620933647,0.004896961101259293,0.0008940586861283515,0.001752355024811569,0.4691027905538355,0.23086165424619498,0.031383380203809444,0.08261278198648488,0.01696267084215586,0.007010217480982557,0.001279884749117063,0.0025085741082694437,0.5938231283839881,0.22937603407125287,0.028217680324680194,0.0820811596344405,0.0001603289815200723,0.00021789945438131246,3.9782815477570914e-05,7.797431833603899e-05,0.23319183241289793,0.25492334600401173,0.04654242234703056,0.09122314780017989,0.028565190595249444,0.01516517997431575,0.002120007967142251,0.0017873543669888528,0.011602519753093543,0.0013413325674916535
Prognostic_score,500,0.5,0.2,5,False,0.0023641541598015963,0.005835922894803009,0.0010654888711148188,0.0020883581873850448,0.9259659710999718,0.12572526424896893,0.022954187759152696,0.044990208007939285,0.03600094046472661,0.08040247724991778,0.0146794168230253,0.028771656973129587,0.0328559556867069,0.021978074349805844,0.0040126290306381155,0.007864752900050707,0.0,0.0,0.0,0.0,0.0889477752142387,0.09857638290493909,0.017997502851433925,0.035275105588810494,0.03543849021319568,0.0751459553024746,0.013719711608146763,0.026890634751967655,0.03927371616446476,0.027534893046305683,0.005027160679984588,0.009853234932769793,0.039016324213089745,0.02563194222167219,0.00467973098249298,0.00917227272568624,0.03544285747589177,0.02496375431043744,0.00455773711861447,0.008933164752484362,0.0002573919513750166,0.007032371987983322,0.0012839295901953048,0.0025165019967827973,0.006553796699480863,0.32239433492861447,0.03237476387557173,0.11536733110615484,0.0038308586885729672,0.010232787038197931,0.0018682427623224948,0.00366175581415209,0.09754255677081014,1.000313848070556,0.04374371665139682,0.35795771332638554,0.002189444337111557,0.003339076091110029,0.0006096290987757127,0.001194873033600397,0.13168202230085382,0.18262536536756452,0.03334267739481261,0.06535164769383271,0.03927371616446476,0.039016324213089745,0.005027160679984588,0.00467973098249298,0.03544285747589177,0.00455773711861447
Prognostic_score,500,0.5,0.5,5,False,0.005586914192462921,0.006057519922359319,0.0011059467680043806,0.002167655665288586,0.9424658663889488,0.1244025350927173,0.022712691560369765,0.04451687545832474,0.03202993455419876,0.08148540422360318,0.014877131333564731,0.029159177413786874,0.078656238208851,0.04524214946479829,0.008260048603963434,0.01618969526376833,0.0,0.0,0.0,0.0,0.09494976289098382,0.11577207754606333,0.02113699280040541,0.0414285058887946,0.042378942939645406,0.09314398410682026,0.017005687063736046,0.03333114664492265,0.03611356967754695,0.025678533710310442,0.0046882373855979525,0.009188945275771987,0.03698034636083551,0.026504170899964593,0.004838977423294202,0.009484395749656637,0.03588985776093171,0.0241508827998845,0.0044093277643867555,0.00864228241819804,-0.0008667766832885467,0.007335498153316414,0.0013392726030362963,0.0026249743019511407,-0.02400141251689858,2.8695642187505603,0.03730398146202155,1.026860367841989,0.00022371191661525356,0.01244530604763775,0.002272191619115553,0.0044534955734664835,0.006194677474775534,3.7366077745982427,0.06263177903138338,1.337127919575136,0.0015245888894650432,0.0030860647337706795,0.0005634357562024588,0.0011043340821568191,0.09602823149534377,0.1751143125333595,0.03197135303884354,0.06266385195613333,0.03611356967754695,0.03698034636083551,0.0046882373855979525,0.004838977423294202,0.03588985776093171,0.0044093277643867555
Prognostic_score,500,0.5,1.0,5,False,0.017142924016082174,0.010559639124245453,0.0019279175158211108,0.003778718331009377,0.8916308030121005,0.19889270722171362,0.036312674089534404,0.07117284121548743,0.07374901589599568,0.15234651503920596,0.027814540948091045,0.054516500258258445,0.20480980650802258,0.10646634898847757,0.019438006985402163,0.03809849369138824,0.0006552318669811633,0.003588852739418076,0.0006552318669811633,0.0012842544592830802,0.12267992187084772,0.1343664863670917,0.024531851851988834,0.048082429629898116,0.06418462691149664,0.11072314022841842,0.02021518718030416,0.03962176687339615,0.03505708956172836,0.027645504136609447,0.0050473554097411255,0.009892816603092606,0.032933912308263355,0.028043584382499473,0.005120034586531515,0.01003526778960177,0.03276367501132429,0.02744349188786584,0.005010473187898053,0.009820527448280183,0.0021231772534649764,0.008308057187582629,0.0015168367768939783,0.0029730000827121973,0.06056342040962992,1.8245477196865587,0.043256834432284126,0.6529060163004013,0.002293414550404066,0.011078199406609517,0.0020225932371801263,0.003964282744873047,0.06541942240715215,1.21235603802683,0.05639006596942813,0.4338360365065253,0.0039722506363793165,0.007705202029419032,0.001406770987215796,0.00275727113494296,0.15818988605349152,0.2461777339880446,0.04494569935358608,0.08809357073302872,0.03505708956172836,0.032933912308263355,0.0050473554097411255,0.005120034586531515,0.03276367501132429,0.005010473187898053
Prognostic_score,500,1.0,0.2,5,False,-0.00026156314292348184,0.004831802320217008,0.0008821623747295517,0.0017290382544699213,0.8897331087805145,0.16086966578841608,0.029370648256877525,0.057566470583479946,0.06325926582408073,0.1119370365594417,0.020436813314628897,0.04005615409667264,0.02322471314638933,0.015142362921895159,0.0027646045820839387,0.00541862498088452,0.0,0.0,0.0,0.0,0.08993752103557531,0.1031740450472924,0.018836917273818737,0.036920357856684724,0.03822780676589574,0.07755325999780066,0.014159223302952823,0.027752077673787533,0.035380652926689425,0.027054828272791907,0.0049395132448122195,0.00968144595983195,0.03625257235160785,0.02620091727952876,0.004783611140441597,0.00937587783526553,0.035228235602877536,0.02533234851064882,0.004625032904621585,0.009065064493058307,-0.00087191942491842,0.005897973719243358,0.0010768177498674096,0.0021105627897401225,-0.02464396083150544,2.1307379650796943,0.031477135417649724,0.7624747884364449,0.00015241732381187666,0.009507463933265521,0.0017358174869721056,0.0034022022744653268,0.004307928520361326,10.207169636122792,0.04885328164655439,3.6525887445510175,0.0028958953743774,0.004456507407070355,0.0008136432115137637,0.001594740694566977,0.1639588964256672,0.2100131349212653,0.03834297712291765,0.0751522351609186,0.035380652926689425,0.03625257235160785,0.0049395132448122195,0.004783611140441597,0.035228235602877536,0.004625032904621585
Prognostic_score,500,1.0,0.5,5,False,0.003946968163433701,0.005875207126903769,0.0010726611578067704,0.00210241586930127,0.9638480495367042,0.0776729736458839,0.014181079924784965,0.027794916652578532,0.011398163002921546,0.037595421810504064,0.006863953528178262,0.013453348915229394,0.08135628924595681,0.04347205945049726,0.007936875860747662,0.015556276687065418,0.0,0.0,0.0,0.0,0.0849368285328982,0.0622128028669368,0.011358451831947784,0.022262565590617657,0.01835309066202912,0.04471108293114984,0.008163089563958323,0.015999655545358312,0.03950639776320588,0.02601335777348255,0.0047493676163295855,0.009308760528005987,0.03976301304026433,0.028159497860755518,0.005141197395451422,0.010076746895084787,0.03600039474396953,0.024762000735958405,0.004520902124014648,0.00886096816306871,-0.0002566152770584568,0.010812556997618822,0.001974093790635387,0.0038692238296453587,-0.006495537218973002,3.1588225702971613,0.04997596627848238,1.1303701395800263,0.0035060030192363267,0.012457118466046592,0.00227434826178929,0.004457722593107009,0.08874519616419319,4.8939779585187795,0.05489515877881042,1.751287520891694,0.0011367372490258898,0.0018122318520478312,0.0003308667549319873,0.0006484988396666951,0.09094991201031982,0.13793048037819275,0.025182545156886622,0.04935778850749778,0.03950639776320588,0.03976301304026433,0.0047493676163295855,0.005141197395451422,0.03600039474396953,0.004520902124014648
Prognostic_score,500,1.0,1.0,5,False,0.017467917523836782,0.008103395779853402,0.0014794708870059584,0.0028997629385316783,0.9085111510551597,0.14802009733068752,0.027024648757375928,0.05296831156445682,0.05300540687846412,0.09791810252580953,0.017877317847163152,0.03503954298043978,0.22440987260412662,0.07192336484371799,0.013131349778859457,0.025737445566564536,0.0,0.0,0.0,0.0,0.0965552749826354,0.10273899719568579,0.01875748876651237,0.03676467798236425,0.041357088685606995,0.0785548277734551,0.01434208372415156,0.028110484099337057,0.04453568179557799,0.029452979269049977,0.0053773537104635635,0.010539613272508585,0.03952722356361567,0.02748545217946247,0.005018134053973709,0.009835542745788468,0.03452889279170835,0.022219249293802194,0.004056661349682065,0.007951056245376847,0.005008458231962307,0.013978462262507431,0.0025521063668033405,0.005002128478934547,0.11245944891899284,1.7555639885499668,0.053732534282870795,0.6282205051460712,0.01000678900386962,0.01892004721386055,0.0034543122160313974,0.006770451943421539,0.22469149680477618,1.2604992571351996,0.06315706080229684,0.4510638662096163,0.0020343714645102234,0.0030577952865436927,0.0005582744848909846,0.0010942179903863298,0.1409157222035499,0.20092645884855728,0.036683984636996105,0.07190060988851237,0.04453568179557799,0.03952722356361567,0.0053773537104635635,0.005018134053973709,0.03452889279170835,0.004056661349682065
Prognostic_score,500,2.0,0.2,5,False,9.613472363956671e-05,0.005318472475277416,0.0009710157820599258,0.0019031909328374546,0.9407973690592364,0.1384026146334208,0.025268744684139723,0.04952673958091386,0.033411828076476295,0.10135695057221612,0.018505162729446308,0.03627011894971476,0.021839262430769626,0.013940665309959776,0.002545205618964906,0.004988603013171215,0.0,0.0,0.0,0.0,0.07361207617109732,0.06772952880482015,0.01236566357853197,0.02423670061392266,0.018577938411047934,0.04621094796010203,0.00843692620048174,0.01653637535294421,0.037474681434274335,0.0260036996979333,0.004747604301049447,0.009305304430056918,0.03629215765651418,0.02420454087487034,0.004419124343740771,0.008661483713731911,0.03164191500052736,0.022363808036159165,0.004083054044373228,0.008002785926971527,0.001182523777760142,0.0068729562788673775,0.0012548243968941433,0.002459455817912521,0.031555272319903294,0.5899166496308239,0.032158373534060244,0.21109896195310693,0.005832766433746953,0.012343975340446924,0.0022536912477500977,0.0044172348455901915,0.15564552413812716,0.774652408673632,0.05284123735888242,0.2772058043247558,0.0020514114765013336,0.0036827213223209632,0.0006723698470801483,0.0013178449002770908,0.11784931390171294,0.1791824844542994,0.03271409621514618,0.0641196285816865,0.037474681434274335,0.03629215765651418,0.004747604301049447,0.004419124343740771,0.03164191500052736,0.004083054044373228
Prognostic_score,500,2.0,0.5,5,False,0.0043630442508012755,0.0061586431474010194,0.001124409258485384,0.0022038421466313526,0.970842275714974,0.11079613505356022,0.020228514151074597,0.03964788773610621,0.020755940611466107,0.08023153878625137,0.014648207872193512,0.028710487429499283,0.0756139259548212,0.041649388822306184,0.007604103254760207,0.014904042379330006,0.0,0.0,0.0,0.0,0.06712322859742545,0.07399433601324278,0.013509455654023316,0.026478533081885698,0.02050485836421828,0.05043009487191785,0.009207233512825003,0.018046177685137006,0.040735526525327734,0.026303497304509812,0.0048023396049854524,0.009412585625771486,0.03836507156364562,0.028608343070605193,0.005223144944205691,0.010237364090643153,0.03613002388414229,0.027218441557598696,0.004969384807077619,0.009739994221872132,0.002370454961682127,0.010552726143876172,0.0019266553840584953,0.003776244552754651,0.05819134214966537,1.3051726547700833,0.04797718945577541,0.46705003624489844,0.004605502641185419,0.01358071216374154,0.002479487466355345,0.004859795434056476,0.11305862557887703,1.9605225865986855,0.059790462807613604,0.7015639975166039,0.0008085933695891401,0.002344445628512454,0.00042803525186021596,0.0008389490936460233,0.05353432817857138,0.12749225068807996,0.023276793869654977,0.04562251598452376,0.040735526525327734,0.03836507156364562,0.0048023396049854524,0.005223144944205691,0.03613002388414229,0.004969384807077619
Prognostic_score,500,2.0,1.0,5,False,0.01989485675266939,0.009367784370633753,0.001710315604546814,0.0033522185849117554,0.9506306731172729,0.11919648589277627,0.02176220136627329,0.04265391467789565,0.025778855245001,0.08184988688911132,0.014943676459470872,0.02928960586056291,0.19526067311964143,0.06293999268058253,0.0114912179201217,0.022522787123438533,0.0,0.0,0.0,0.0,0.10220222256842307,0.1241922816401554,0.02267430470744927,0.044441637226600564,0.04634237706636151,0.10425942844350393,0.019035080263700942,0.03730875731685385,0.04287978283380424,0.030355276076008603,0.005542089815375605,0.010862496038136184,0.03662110382407056,0.02468821810506708,0.004507431320250896,0.008834565387691756,0.02754016371487766,0.018625343857139633,0.003400506990615218,0.006664993701605827,0.00625867900973368,0.0198096155572894,0.003616724432077559,0.007088779886872016,0.1459587385036768,0.8021666369609606,0.07487515162851395,0.28705164446849596,0.015339619118926567,0.028427706389850173,0.005190165349284896,0.010172724084598397,0.35773546658061905,1.725676475843411,0.08843804261787705,0.617525396079964,0.00052191278744365,0.0014268531118029626,0.00026050654519364113,0.0005105928285795366,0.05201440758306381,0.1250944086310359,0.022839009808329105,0.044764459224325044,0.04287978283380424,0.03662110382407056,0.005542089815375605,0.004507431320250896,0.02754016371487766,0.003400506990615218
Prognostic_score,2000,0.5,0.2,5,False,0.0007553856714744661,0.0015470487080036972,0.00028245115831094933,0.0005536042702894607,0.8941303118777206,0.19182234682533597,0.03502180879660533,0.06864274524134645,0.06787223797253715,0.14810063629820486,0.0270393530937984,0.05299713206384487,0.03316459877903417,0.012853093801135458,0.0023466431362039034,0.004599420546959651,0.0,0.0,0.0,0.0,0.06273414365529807,0.08625579221174934,0.015748081036617845,0.030866238831770976,0.02334387545077745,0.0609065800426517,0.011119969263284766,0.02179513975603814,0.020467325551421257,0.013936826002246286,0.0025445046604849453,0.004987229134550492,0.019272236659597864,0.012828090017928392,0.002342078090842077,0.004590473058050471,0.019026109429173203,0.012065405126008408,0.002202831517651089,0.004317549774596134,0.0011950888918233768,0.0032839173067053594,0.0005995585286213788,0.0011751347160979025,0.05839008564264547,3.301063408111669,0.026885293909600275,1.181270369686727,0.0014412161222480532,0.0060583931936360295,0.001106106204796739,0.0021679681614016084,0.07041545895320822,4.914212529726057,0.050188881419564554,1.7585283692049187,0.0006283541024513123,0.0016347909341556553,0.00029847062381399835,0.0005850024226754368,0.11230150003170178,0.2045554953933173,0.03734655302952133,0.0731992439378618,0.020467325551421257,0.019272236659597864,0.0025445046604849453,0.002342078090842077,0.019026109429173203,0.002202831517651089
Prognostic_score,2000,0.5,0.5,5,False,0.005763061511600341,0.0028594796149208914,0.0005220671626061194,0.001023251638707994,0.8740077843480304,0.19365713568384543,0.035356793878626926,0.06929931600210877,0.07805814518547258,0.14867814944157023,0.027144792085757378,0.05320379248808446,0.11971859579685518,0.034209903807727524,0.0062458453351914136,0.01224185685697517,0.0,0.0,0.0,0.0,0.08395855984769676,0.10885628420173446,0.019874347461161068,0.03895372102387569,0.0390832902187032,0.08073076281921317,0.014739353293560803,0.028889132455379173,0.019103583239434042,0.01367041413781956,0.0024958647312404367,0.0048918948732312555,0.01899768082932888,0.013348821065754444,0.0024371501379379535,0.004776814270358389,0.019785961306977497,0.012557791112677187,0.0022927284882837315,0.004493747837036113,0.00010590241010515118,0.003707104347226346,0.0006768215580004445,0.0013265702536808712,0.005543588801003363,2.038372307797316,0.03527581539559548,0.729422162468643,-0.0006823780675434633,0.006609313768789437,0.0012066900802651529,0.0023651125573196994,-0.03571989919330276,2.268399115580258,0.06518745469618539,0.8117361984850094,0.0006443145487886636,0.0012782723460026749,0.00023337953284690457,0.00045742388437993293,0.13218254658012304,0.206807314198271,0.03775767701448381,0.07400504694838828,0.019103583239434042,0.01899768082932888,0.0024958647312404367,0.0024371501379379535,0.019785961306977497,0.0022927284882837315
Prognostic_score,2000,0.5,1.0,5,False,0.023590974118257866,0.005757705273168316,0.0010512083525269103,0.002060368370952744,0.8672935934475826,0.18692346731249626,0.03412739985804459,0.06688970372176739,0.08401702625516225,0.13692655835452927,0.02499925491077438,0.048998539625117785,0.32731288889893606,0.05480143510601811,0.010005327397073879,0.019610441698264803,0.00018828768483744967,0.0010312941228589462,0.00018828768483744967,0.00036904386228140133,0.08932587479753801,0.11740188722818341,0.021434553976184573,0.04201172579332176,0.0431540486618804,0.09039400752592615,0.016503612328413835,0.032347080163691116,0.017407169451463325,0.011451330861584914,0.0020907174087817088,0.004097806121212149,0.016748383473611805,0.011251083366060973,0.0020541573853209163,0.004026148475228996,0.014103092421518864,0.01075771759604035,0.001964081531540516,0.003849599801819411,0.0006587859778515332,0.0046693746876890615,0.0008525072819636463,0.0016709142726487468,0.037845669262221104,0.8262034588467907,0.04805687161158444,0.2956531107127966,0.0033040770299444465,0.007561306432954457,0.0013804993658460267,0.0027057787570582124,0.1898112751276001,1.3296684347838503,0.07275820535202776,0.4758157385460184,0.0005885246510712033,0.0009547183876548983,0.00017430693232784985,0.0003416415873625857,0.1575001695592343,0.19145034635744676,0.0349538911140502,0.06850962658353839,0.017407169451463325,0.016748383473611805,0.0020907174087817088,0.0020541573853209163,0.014103092421518864,0.001964081531540516
Prognostic_score,2000,1.0,0.2,5,False,0.0013615385073775224,0.0013752656759446508,0.00025108801109249173,0.0004921325017412838,0.9222229734558873,0.1782580086622712,0.03254531080009241,0.06378880916818112,0.053360995003453364,0.1361131886336678,0.024850754596205213,0.04870747900856222,0.0336526529493413,0.01395468588700033,0.0025477654144030228,0.0049936202122299244,0.0,0.0,0.0,0.0,0.06937437661363813,0.09558221422706305,0.017450844942817883,0.03420365608792305,0.02807126857894166,0.06942978496520116,0.01267608646272457,0.024845129466940157,0.021299423009220216,0.014774633608606664,0.0026974667021026077,0.0052870347361211115,0.01914055144820751,0.015006228392368256,0.0027397499311915263,0.005369909865135391,0.01934045000500967,0.014787981641634968,0.0026999037083652497,0.005291811268395889,0.0021588715610126935,0.0036380270623600397,0.0006642098289562824,0.0013018512647543137,0.10135821801736888,0.28624369000868816,0.033015766622505924,0.10243098896136608,0.00195897300421053,0.005266750001032962,0.00096157259343537,0.001884682283133325,0.09197305501480191,0.34670288706426283,0.04459824464050581,0.12406603477154503,0.00043804403491239514,0.001129609195526952,0.00020623747918512513,0.00040422545920284526,0.08305450388605665,0.18454927988756437,0.03369393452191782,0.06604011166295894,0.021299423009220216,0.01914055144820751,0.0026974667021026077,0.0027397499311915263,0.01934045000500967,0.0026999037083652497
Prognostic_score,2000,1.0,0.5,5,False,0.008580470951767968,0.0027155754540704267,0.000495793977600569,0.0009717561960971152,0.922479304497271,0.1894731811683475,0.03459291178938899,0.06780210710720241,0.054603750199399156,0.15068757694244492,0.027511661675724143,0.05392285688441932,0.13513167984591995,0.028830570600003932,0.005263717954455802,0.010316887190733372,0.0,0.0,0.0,0.0,0.0638903048954522,0.058389100055953456,0.010660342404357289,0.020894271112540285,0.015462073885745695,0.024855008791774248,0.004537882994081327,0.008894250668399401,0.01900871221759449,0.013220810293150174,0.002413778675351613,0.004731006203689161,0.018095818173285497,0.013722142895323664,0.0025053090670260074,0.0049104057713709745,0.017961226206626303,0.012760870960550431,0.002329805626168696,0.004566419027290644,0.0009128940443089968,0.005219535986370992,0.0009529525331484564,0.0018677869649709746,0.04802503367187694,0.5065902341745704,0.04989580968277414,0.18128098713056798,0.0010474860109682,0.007678225412062974,0.0014018457532654302,0.002747617676400243,0.05510557469530386,1.4520646750121724,0.07160455753394761,0.5196146706075756,0.0003836928714810042,0.000895050531585837,0.0001634131220855177,0.0003202897192876147,0.0929822766335315,0.19141462794744288,0.03494736985442442,0.06849684491467185,0.01900871221759449,0.018095818173285497,0.002413778675351613,0.0025053090670260074,0.017961226206626303,0.002329805626168696
Prognostic_score,2000,1.0,1.0,5,False,0.025225946188119092,0.0044664470323695065,0.0008154579305102618,0.0015982975438001133,0.8798625686367652,0.18892524321436194,0.03449287246355195,0.06760603002856182,0.07981968565800278,0.13790179988244883,0.02517730883872683,0.04934752532390459,0.31144128490004874,0.03669588317616362,0.006699720994386378,0.0131314531489973,0.0,0.0,0.0,0.0,0.10551141128950133,0.12006882844630533,0.02192146859775313,0.04296607845159613,0.0509720077278115,0.09543890217439804,0.017424679861482217,0.03415237252850514,0.01783249631980294,0.016649430550698202,0.0030397562274110217,0.005957922205725602,0.015520533452446784,0.01290609390492895,0.0023563195870031734,0.00461838639052622,0.013739017669198012,0.01344216712369972,0.0024541927184682246,0.00481021772819772,0.002311962867356153,0.009848184806915912,0.0017980243230758346,0.0035241276732286358,0.1296488627219694,4.903825459147019,0.08850529685832484,1.754811403734728,0.0040934786506049165,0.016453962224040546,0.0030040687568149596,0.005887974763357321,0.22955163299594405,5.244095496411979,0.14516655210058033,1.8765754727694473,0.0005579710875862033,0.0008569914218670643,0.00015646451111500572,0.0003066704417854112,0.1702829098975502,0.21938487546177446,0.04005401502195849,0.07850586944303864,0.01783249631980294,0.015520533452446784,0.0030397562274110217,0.0023563195870031734,0.013739017669198012,0.0024541927184682246
Prognostic_score,2000,2.0,0.2,5,False,0.0012963026118677366,0.0012877133924743453,0.00023510322421990072,0.0004608023194710054,0.8728133714031969,0.18374718557000505,0.033547492804926506,0.06575308589765595,0.07850167623924845,0.13478647914939795,0.024608531692274997,0.04823272211685899,0.0175812890974276,0.011478619435340962,0.002095699597917819,0.004107571211918925,0.0,0.0,0.0,0.0,0.07278388150706136,0.07440893636639706,0.013585150975947386,0.026626895912856878,0.024305124857799523,0.044206452719449126,0.008070957113909294,0.015819075943262217,0.022955683119971974,0.01597745430032306,0.002917070710598287,0.0057174585927726425,0.02211974750123684,0.015570652909726677,0.002842799277913584,0.005571886584710624,0.020918303604152963,0.015327746211761254,0.002798450785298665,0.005484963539185384,0.0008359356187351268,0.0029552901475603144,0.000539559692597185,0.0010575369974904826,0.03641519245436231,0.31574853561787053,0.022895198790524894,0.11298916236532563,0.0020373795158189936,0.004911108144229366,0.0008966415709805863,0.001757417479121949,0.08875272868906459,0.5185453657063145,0.03746014598946498,0.18555907600624796,0.0006775806481710358,0.0011652991643165403,0.00021275354617936274,0.00041699695051155097,0.15041307390958364,0.20429368124002267,0.037298752523643466,0.07310555494634119,0.022955683119971974,0.02211974750123684,0.002917070710598287,0.002842799277913584,0.020918303604152963,0.002798450785298665
Prognostic_score,2000,2.0,0.5,5,False,0.0076121198317121485,0.002434808155002647,0.0004445331165641616,0.0008712849084657567,0.9263964374196633,0.1420011870537481,0.02592575111394946,0.050814472183340946,0.04230426225967243,0.09872428690817048,0.018024506304405642,0.03532803235663506,0.0861649522449936,0.01763625217429022,0.003219924381902762,0.0063110517885294135,0.0,0.0,0.0,0.0,0.08224890023107236,0.10973571832458133,0.020034909430135403,0.03926842248306539,0.03494247708591865,0.08593022760065978,0.015688641342811463,0.030749737031910467,0.024640430964943012,0.018295667194066292,0.003340316542265785,0.006547020422840938,0.020762090544865313,0.01586425783441002,0.002896403957994808,0.005676951757669824,0.01669777139109937,0.013011135034031063,0.002375497385628187,0.004655974875831246,0.0038783404200776737,0.006742882867057795,0.0012310763496342209,0.002412909645283073,0.15739742643282417,28.028507013079604,0.042904907066732334,10.029872422246891,0.007942659573843621,0.008832464456816036,0.0016125800071202525,0.003160656813955695,0.32234255907065923,35.016136589800674,0.043405562838805596,12.530363552785023,0.0005087182153164979,0.0007922040648809795,0.00014463601216086622,0.00028348658383529776,0.14201423573348096,0.20488568848028074,0.03740683776354204,0.0733174020165424,0.024640430964943012,0.020762090544865313,0.003340316542265785,0.002896403957994808,0.01669777139109937,0.002375497385628187
Prognostic_score,2000,2.0,1.0,5,False,0.028653927003118574,0.004523130188850061,0.00082580681165526,0.0016185813508443096,0.9658097369664753,0.1299137263196316,0.023718892811604945,0.04648902991074569,0.025910725143615,0.09909275565689916,0.01809177918621044,0.035459887204972465,0.2519965437286457,0.02994107854069101,0.0054664680375901085,0.010714277353676612,0.0,0.0,0.0,0.0,0.10629197628613465,0.12010437737107006,0.021927958913749365,0.04297879947094876,0.04954426164502979,0.09798791655623966,0.017890064086928798,0.03506452561038045,0.03294339132650997,0.019733094936147524,0.003602753741972988,0.007061397334267056,0.022292890237790082,0.017940797172333944,0.0032755264369707334,0.006420031816462638,0.01375973010275307,0.013692427162400636,0.002499883741281094,0.004899772132910944,0.010650501088719861,0.012668546229368286,0.0023129495135406756,0.004533381046539724,0.3232970456247257,0.5676953374989857,0.06257262602460013,0.2031471675306192,0.019183661223756865,0.015530661616794492,0.002835497900165999,0.005557575884325357,0.5823219908849991,0.6247292911667559,0.0594861634857344,0.22355650573608016,0.0003202339742665167,0.000500524110585583,9.138278198097804e-05,0.00017911025268271697,0.14274626616029976,0.19685420100421533,0.03594049547655495,0.07044337113404771,0.03294339132650997,0.022292890237790082,0.003602753741972988,0.0032755264369707334,0.01375973010275307,0.002499883741281094
Prognostic_score,10000,0.5,0.2,5,False,0.00147190199538727,0.0005135082906017821,9.375335807617138e-05,0.0001837565818292959,0.8511620235028546,0.19752040218072303,0.036062126613958204,0.07068176816335808,0.09389181780174272,0.14935180049834884,0.027267783378985656,0.05344485542281188,0.049403281598332995,0.010063841191743368,0.0018373976119558388,0.003601299319433444,0.0,0.0,0.0,0.0,0.12613266195538572,0.13123600954440717,0.023960307594811697,0.046962202885830924,0.06785595689171027,0.10494955238159798,0.019161079079823746,0.03755571499645454,0.009039106681484586,0.006657264600490022,0.001215444664323001,0.0023822715420730818,0.008630010683499155,0.006488723447163759,0.0011846734004747573,0.0023219598649305245,0.007502558694172003,0.0057741790327874975,0.0010542160357770248,0.0020662634301229685,0.0004090959979854228,0.0016155968055918792,0.0002949662714186536,0.000578133891980561,0.045258454446987506,0.28378625077560726,0.03182443495522983,0.10155160562561712,0.0015365479873125768,0.0025482781855369063,0.00046524981500563285,0.0009118896374110403,0.1699889205268479,0.6220278325652777,0.04427232241072059,0.22258980119080543,0.0001861524895641797,0.00028578943995088757,5.217777431928974e-05,0.0001022684376658079,0.19433091302098263,0.22773959230038615,0.041579370646650446,0.08149556646743487,0.009039106681484586,0.008630010683499155,0.001215444664323001,0.0011846734004747573,0.007502558694172003,0.0010542160357770248
Prognostic_score,10000,0.5,0.5,5,False,0.008734680119205746,0.0011716665191349443,0.00021391606080125577,0.0004192754791704613,0.9131977168801044,0.13127483732085768,0.02396739654448493,0.04697609722719046,0.045055230450491285,0.0803494198185307,0.014669729905687306,0.02875267061514712,0.170635976703241,0.013132397854643976,0.0023976368463736516,0.004699368218892357,0.0,0.0,0.0,0.0,0.11335398250354496,0.10596677159213383,0.01934679704900311,0.037919722216046094,0.05103286002383562,0.08153349075554962,0.014885910692984486,0.029176384958249594,0.009322817343419923,0.005467891656372112,0.0009982958673964307,0.0019566599000970042,0.008439367403943403,0.005273436118492661,0.0009627933058869722,0.0018870748795384656,0.007168554033783599,0.005673908435217979,0.0010359092130625754,0.0020303820576026478,0.0008834499394764912,0.0028553987662098906,0.0005213221049751923,0.001021791325751377,0.0947621203905773,0.8222746088935936,0.05345718127885346,0.2942471898131094,0.0021542633096363036,0.004867397108746407,0.0008886610642652777,0.0017417756859599443,0.23107428047561296,1.5252004352605426,0.08833012672189366,0.5457859662978126,8.933207985987229e-05,0.0001256730385630411,2.2944652697064747e-05,4.4971519286246904e-05,0.12859038372825077,0.16624944751361442,0.030352857525325922,0.05949160074963881,0.009322817343419923,0.008439367403943403,0.0009982958673964307,0.0009627933058869722,0.007168554033783599,0.0010359092130625754
Prognostic_score,10000,0.5,1.0,5,False,0.02914894900799242,0.002450165737069877,0.0004473370146064812,0.0008767805486287031,0.8824619139971396,0.1990625254899159,0.03634367852159135,0.07123360990231904,0.0785437649818234,0.1516027488472381,0.027678748441140873,0.05425034694463611,0.3924806972729381,0.022483303064098528,0.004104870751810595,0.008045546673548766,0.0,0.0,0.0,0.0,0.13649987692921922,0.13359226600755092,0.02439049920018875,0.04780537843236995,0.07120668735811041,0.11195976086472824,0.020440962186165253,0.04006428588488389,0.007307566076412324,0.005067312271430976,0.0009251604123284955,0.0018133144081638511,0.006904758832901917,0.004767945056519616,0.000870503686800346,0.0017061872261286781,0.005929664212475825,0.004147102820004742,0.000757153920936628,0.0014840216850357908,0.00040280724351038984,0.004502524626544368,0.0008220447678936248,0.0016112077450715046,0.05512194338010923,1.3278154859293059,0.10910712034884235,0.475152669314134,0.0013779018639364948,0.006146444000920436,0.0011221820092488087,0.002199476738127665,0.18855824901592744,3.0220667206668663,0.1367746642766288,1.081432687287339,0.0001481415074266937,0.0002563813415172775,4.6808614690816215e-05,9.174488479399978e-05,0.17096579348353816,0.24492751702311594,0.04471744200909706,0.08764618633783024,0.007307566076412324,0.006904758832901917,0.0009251604123284955,0.000870503686800346,0.005929664212475825,0.000757153920936628
Prognostic_score,10000,1.0,0.2,5,False,0.0015942178624130695,0.0004543663588123155,8.295556803099714e-05,0.00016259291334075438,0.8380797557768783,0.23041222457440974,0.04206732430811679,0.0824519556439089,0.10699414208152733,0.18680877573081417,0.03410646013589685,0.06684866186635782,0.041544532728679015,0.0065901586183310925,0.0012031928442656726,0.002358257974760718,0.0,0.0,0.0,0.0,0.12358115221854003,0.1447789670745172,0.026432902039670268,0.05180848799775373,0.06081051422749604,0.12635991291119392,0.02307005822194973,0.04521731411502147,0.014199240676294444,0.008877525716455403,0.0016208070299116117,0.003176781778626759,0.012135574064955443,0.008950406436793078,0.0016341131680903352,0.003202861809457057,0.011244801008231416,0.008346627561615156,0.0015238787315303205,0.002986802313799428,0.0020636666113389647,0.0013783333888030243,0.00025164809626998497,0.0004932302686891705,0.14533640624771438,0.26344941678383826,0.023976741852374573,0.09427416304493771,0.00295443966806299,0.002890653954660392,0.0005277587923030042,0.001034407232913888,0.20807025779874622,0.3769329083546465,0.03665457014550457,0.1348837089602867,0.00021272335813216322,0.0003339187360711013,6.0964941373252056e-05,0.00011949128509157403,0.2015289606736023,0.24902367674941378,0.04546529503617623,0.08911197827090542,0.014199240676294444,0.012135574064955443,0.0016208070299116117,0.0016341131680903352,0.011244801008231416,0.0015238787315303205
Prognostic_score,10000,1.0,0.5,5,False,0.009466372849013903,0.001249471635652383,0.00022812126660322877,0.0004471176825423284,0.8989682482016982,0.17851049334931018,0.03259140798626437,0.06387915965307817,0.06330494779544167,0.13414332272194987,0.02449110793116908,0.048002571545091396,0.15354495329548876,0.01416124158722974,0.002585477153201997,0.0050675352202759144,0.0,0.0,0.0,0.0,0.10286565500251836,0.11271018389790471,0.02057797006047932,0.04033282131853947,0.04670647076101326,0.09011277926009302,0.016452267306745545,0.032246443921221266,0.01300278816273639,0.0074889942766685775,0.0013672970327861548,0.0026799021842608636,0.010711869299884333,0.006757455868714327,0.001233737003546835,0.0024181245269517967,0.008857471161234677,0.006220806931914681,0.0011357587608313915,0.0022260871712295274,0.002290918862852028,0.0034172555871565384,0.0006239026566153991,0.001222849206966182,0.1761867404267502,0.4675957736010355,0.04333461823855801,0.16732699862363898,0.004145317001501677,0.004491302012855943,0.0008199958083365192,0.0016071917843395774,0.31880216378372084,0.6261012416081572,0.05234600865684867,0.2240474518963761,0.0001124757819285175,0.00019230915590865655,3.51106875686497e-05,6.881694763455341e-05,0.14339723641660723,0.2082602561885735,0.03802294671542886,0.07452497556224055,0.01300278816273639,0.010711869299884333,0.0013672970327861548,0.001233737003546835,0.008857471161234677,0.0011357587608313915
Prognostic_score,10000,1.0,1.0,5,False,0.031038206633787466,0.002045826306594729,0.000373515072286471,0.0007320895416814832,0.9127590461781226,0.18468920532507305,0.03371948129474858,0.06609018333770722,0.058707443049044586,0.14177881204040507,0.025885151176938303,0.050734896306799074,0.36795715257347716,0.017523201971798536,0.0031992843332243545,0.006270597293119734,0.0,0.0,0.0,0.0,0.13464520768512367,0.1239432247331316,0.0226288333454228,0.04435251335702869,0.06633902485871997,0.10486272578025123,0.01914522678377404,0.03752464449619712,0.013237858107979181,0.007443670458534562,0.001359022073591401,0.002663683264239146,0.007002715581718051,0.005237926157704855,0.0009563101037071037,0.0018743678032659232,0.004375186455386959,0.004485761257918155,0.000818984209514841,0.0016052090506490882,0.006235142526261095,0.006000252352479066,0.0010954911880587412,0.0021471627285951328,0.4710084120408322,0.9056516306732071,0.05877701627366376,0.32408327387588803,0.00886267165259218,0.00916353571301591,0.0016730250721743334,0.0032791291414616935,0.6694943834796209,1.1434022519191553,0.07422514248017094,0.409161241043173,0.00011679693920924373,0.0001926492098777382,3.517277264519476e-05,6.893863438458173e-05,0.17236386414064506,0.24541306168984653,0.044806089931311945,0.0878199362653714,0.013237858107979181,0.007002715581718051,0.001359022073591401,0.0009563101037071037,0.004375186455386959,0.000818984209514841
Prognostic_score,10000,2.0,0.2,5,False,0.0016155326964064165,0.0005191044999598758,9.477508144348787e-05,0.00018575915962923623,0.9030206787293465,0.18040385251529517,0.03293708649448742,0.06455668952919534,0.06005267158558293,0.13798329496335915,0.02519218773677359,0.04937668796407624,0.024602505476168136,0.005128957318364206,0.0009364152065830937,0.0018353738049028637,0.0,0.0,0.0,0.0,0.07259175035384588,0.08310225866591907,0.015172327216984348,0.029737761345289323,0.023869524887061785,0.05658124218650234,0.010330274225736753,0.020247337482444033,0.019714017058028208,0.010068544131084538,0.0018382562472770846,0.0036029822446630856,0.01776685705462133,0.0101430172828596,0.0018518531223289869,0.003629632119764814,0.016733868663133093,0.009344890153717155,0.0017061357115329351,0.003344025994604553,0.0019471600034068485,0.0017198751039310455,0.00031400479683819184,0.000615449401802856,0.09877033167189686,0.1823197483433643,0.018061491714770894,0.06524228404626617,0.0029801483948950673,0.0027241448889920223,0.0004973585352044458,0.0009748227290007137,0.1511690076214831,0.23055303135395533,0.023596953583707676,0.08250234270285468,7.932557064521061e-05,0.00014850263239877826,2.711274720456946e-05,5.3140984520956136e-05,0.10180273572073281,0.17235418263431662,0.031467424569726794,0.06167615215666451,0.019714017058028208,0.01776685705462133,0.0018382562472770846,0.0018518531223289869,0.016733868663133093,0.0017061357115329351
Prognostic_score,10000,2.0,0.5,5,False,0.009734576875238259,0.001195268259762097,0.00021822512938054833,0.00042772125358587473,0.8109461400921407,0.23284562094858005,0.042511599669944916,0.08332273535309204,0.12728754216735877,0.18643045354382703,0.03403738827062434,0.0667132810104237,0.10663399803448459,0.009653911812152161,0.0017625550892271047,0.003454607974885125,0.0,0.0,0.0,0.0,0.16391602020895785,0.1470197454473802,0.026842010326732526,0.05261034024039575,0.09050423647032303,0.13025482168810407,0.023781168020795912,0.04661108932075999,0.02349363237314404,0.009360449805284015,0.0017089765022496315,0.003349593944409278,0.018948971671906623,0.009161918055989492,0.0016727297297597747,0.0032785502703291582,0.014856151712045147,0.007956616750272594,0.001452672825182583,0.0028472387373578625,0.00454466070123738,0.002808691505383835,0.0005127945648572896,0.0010050773471202876,0.19344223273164407,0.6983494721013415,0.02322288043560889,0.2499011491425965,0.008637480661098857,0.00411023933886798,0.0007504236008810376,0.0014708302577268336,0.3676519885861729,0.2392898631899001,0.028646578430845736,0.08562877782293647,0.0003269937866115242,0.0003251862869317362,5.9370621581286444e-05,0.00011636641829932143,0.3633222622101579,0.25218081459338165,0.046041706907607706,0.09024174553891111,0.02349363237314404,0.018948971671906623,0.0017089765022496315,0.0016727297297597747,0.014856151712045147,0.001452672825182583
Prognostic_score,10000,2.0,1.0,5,False,0.032325585138434074,0.0016275148519034016,0.00029714219902072424,0.0005823987100806196,0.83122941636473,0.240879964204276,0.04397846334857297,0.08619778816320302,0.1199385205539515,0.1901224472988475,0.034711451024555307,0.0680344440081284,0.27207583449726536,0.011560004277684796,0.002110558369248059,0.0041366944037261955,0.0,0.0,0.0,0.0,0.19489722298536175,0.17798629971071994,0.03249570375947884,0.06369157936857853,0.12090978462578243,0.16106700762863183,0.029406677782686106,0.05763708845406477,0.028565190595249444,0.011611761856944819,0.002120007967142251,0.004155215615598812,0.015104729919429334,0.010257909935141972,0.0018728295547778711,0.0036707459273646274,0.008804398816202423,0.007131918769614065,0.0013021042628040378,0.002552124355095914,0.013460460675820058,0.004562048606812942,0.0008329123101288215,0.00163250812785249,0.471219004506088,0.23536840594633446,0.03320653073317528,0.08422550237041576,0.01976079177904698,0.007953728293720062,0.0014521454675791845,0.0028462051164552015,0.6917787477438836,0.20587620895488656,0.03255034998413095,0.07367185521618244,0.0002449359200656108,0.0002676774387674382,4.8870990449377914e-05,9.57871412807807e-05,0.3862812337013385,0.30104418951757134,0.054962897801544695,0.1077272796910276,0.028565190595249444,0.015104729919429334,0.002120007967142251,0.0018728295547778711,0.008804398816202423,0.0013021042628040378
baseline_oracle_kmeans,500,0.5,0.2,5,False,0.3798341578273491,0.03082469523212986,0.005627793635619822,0.011030475525814851,0.9381922548849221,0.13330508250123144,0.024338066905337217,0.04770261113446094,0.03404645436775708,0.10063506683490837,0.01837336539383978,0.036011796171925965,0.4022114398035522,0.12190249161492722,0.022256248157860002,0.0436222463894056,0.056563690339299796,0.07037336204049771,0.01284835927901946,0.02518278418687814,0.018923152993231038,0.010866694619824044,0.0019839779229325516,0.0038885967289478012,0.00088938216368209,0.003406053131261369,0.0006218573773509854,0.0012188404596079313,0.03927371616446476,0.027534893046305683,0.005027160679984588,0.009853234932769793,0.038167572185974684,0.028801020218526877,0.005258322817616513,0.010306312722528365,0.03642629607220764,0.028508919077073397,0.005204992689534153,0.01020178567148694,0.00110614397849009,0.005557758737123822,0.0010147032764980474,0.001988818421936173,0.028164993958247564,0.23859471219377298,0.026554609267780367,0.08538002123372182,0.0028474200922571137,0.012374874073288486,0.0022593325587419804,0.004428291815134281,0.07250192674238187,0.9998853727506057,0.05693127539046103,0.35780438540231246,0.001773930632587973,0.005757488150096859,0.0010511687114589132,0.00206029067445947,0.0790192538296529,0.16662697194791082,0.030421783741550426,0.059626696133438836,0.03927371616446476,0.038167572185974684,0.005027160679984588,0.005258322817616513,0.03642629607220764,0.005204992689534153
baseline_oracle_kmeans,500,0.5,0.5,5,False,0.40024825041056283,0.049861691817884045,0.00910345778800862,0.017842777264496897,0.9427264318792864,0.1373512684294937,0.025076796006926954,0.04915052017357683,0.03647994311850289,0.10288523118694992,0.018784187318408828,0.0368170071440813,0.39589878424454894,0.1060903220695937,0.01936935417683488,0.03796393418659636,0.04369725027672866,0.06667391168824373,0.012172935142919481,0.023858952880122183,0.028694518165945617,0.019847525772705227,0.003623645858791935,0.007102345883232193,0.00745905188945185,0.012181695405784777,0.00222406312080179,0.0043591637167715086,0.03611356967754695,0.025678533710310442,0.0046882373855979525,0.009188945275771987,0.037657571703722685,0.02300877759470598,0.004200808836413308,0.008233585319370084,0.03092180696501933,0.02272776562764383,0.004149503305317028,0.008133026478421375,-0.0015440020261757335,0.008321190070422198,0.0015192345022860799,0.0029776996244807166,-0.042754068344999396,3.3022225991956327,0.04492487037086045,1.1816851808887554,0.005191762712527613,0.019547529136693352,0.0035688742172188116,0.006994993465748871,0.14376210269115308,10.593132537033151,0.0904742747116314,3.7907037948476576,0.0018060539793605464,0.004262629279831485,0.0007782460702819017,0.0015253622977525274,0.0952787342604296,0.19954519008391838,0.03643180061687276,0.07140632920907061,0.03611356967754695,0.037657571703722685,0.0046882373855979525,0.004200808836413308,0.03092180696501933,0.004149503305317028
baseline_oracle_kmeans,500,0.5,1.0,5,False,0.3941744289908982,0.0420996132475097,0.007686302612634795,0.015065153120764199,0.9281956641690107,0.12409772043441651,0.022657040272299908,0.04440779893370782,0.04020640089564586,0.08350801965748142,0.01524640869966247,0.02988296105133844,0.3848860886290869,0.08278053395937766,0.01511358859062453,0.029622633637624077,0.029523214354406146,0.04309154346621953,0.00786740346472093,0.015420110790853023,0.05354578164455519,0.0401015899911005,0.007321515143316379,0.014350169680900103,0.026393569822285006,0.03694077607422733,0.006744432115867147,0.013219086947099608,0.03505708956172836,0.027645504136609447,0.0050473554097411255,0.009892816603092606,0.03590262000633979,0.028293427288082755,0.005165649451605047,0.010124672925145892,0.03358500328147578,0.02546766208991204,0.004649737671187996,0.009113485835528472,-0.0008455304446114366,0.008202565279545937,0.0014975766776719928,0.002935250288237106,-0.024118672005633224,3.436043504536934,0.04309534391571736,1.229572376855936,0.001472086280252574,0.013851738547736482,0.00252896988775304,0.0049567809799959586,0.041991115025693526,4.772187069008688,0.06993046953450004,1.7077052108026074,0.0019293391613493434,0.003658515850174064,0.0006679505527101752,0.0013091830833119433,0.1130586511771975,0.18267163520289956,0.033351125072327625,0.06536820514176214,0.03505708956172836,0.03590262000633979,0.0050473554097411255,0.005165649451605047,0.03358500328147578,0.004649737671187996
baseline_oracle_kmeans,500,1.0,0.2,5,False,0.3887621292053814,0.031412211296259124,0.005735058902693239,0.011240715449278748,0.9602748284667155,0.10399260787103105,0.018986365714917665,0.03721327680123862,0.021608704046227376,0.07273117838296145,0.013278835678093365,0.026026517929062996,0.37113816965777197,0.1040736562132168,0.01900116305000551,0.0372422795780108,0.032401840921790076,0.05128360736446293,0.009363062861251468,0.018351603208052878,0.01622919878398722,0.012705331469213854,0.0023196655487562274,0.0045465444755622055,0.0016345419776255467,0.003984767540895996,0.0007275156895210421,0.0014259307514612426,0.035380652926689425,0.027054828272791907,0.0049395132448122195,0.00968144595983195,0.033800633572743426,0.026468615551096735,0.0048324859344225715,0.00947167243146824,0.03063271361322423,0.022451440370034676,0.004099053446383376,0.008034144754911416,0.0015800193539459767,0.012683342894709064,0.002315651002668342,0.00453867596522995,0.04465772175600835,14.391152168119982,0.06398372410309229,5.1498076650328795,0.004747939313465171,0.016197076176233994,0.0029571679957842933,0.0057960492717372145,0.1341959212370437,19.459357260025005,0.07473301946589214,6.963441564900177,0.0011186981188418045,0.0027116690954859766,0.0004950807773624332,0.000970358323630369,0.07374115946039869,0.1618557392137211,0.029550679809676173,0.0579193324269653,0.035380652926689425,0.033800633572743426,0.0049395132448122195,0.0048324859344225715,0.03063271361322423,0.004099053446383376
baseline_oracle_kmeans,500,1.0,0.5,5,False,0.3762785049090857,0.038791660363177466,0.007082355807997114,0.013881417383674342,0.9056860940774972,0.17385415515600056,0.0317412808316482,0.062212910430030466,0.06400870897016109,0.13360221036221262,0.024392314782644767,0.047808936973983744,0.3691768037549711,0.12581253352109392,0.022970120875459334,0.04502143691590029,0.0386159294572416,0.062309727551855106,0.011376147777384063,0.022297249643672763,0.03558282273443913,0.0272025241511204,0.004966478699549238,0.009734298251116507,0.012945400622022285,0.02111479087147002,0.003855015752436098,0.007555830874774752,0.03950639776320588,0.02601335777348255,0.0047493676163295855,0.009308760528005987,0.03692422064128257,0.024161017090568664,0.004411178024257432,0.008645908927544566,0.02941619879476976,0.022497158005065635,0.004107400306377457,0.008050504600499815,0.002582177121923292,0.01248158535205358,0.0022788152835819353,0.004466477955820593,0.0653609862736767,2.145699935748319,0.055152212754711404,0.7678288608785367,0.010090198968436083,0.01893828829330525,0.003457642566259766,0.006776979429869141,0.25540670726080683,2.6796157235018545,0.07560334437290567,0.9588881717755613,0.001709803395360904,0.003416114247635205,0.0006236942774815302,0.0012224407838637992,0.11392732358112474,0.20718019370719007,0.03782575518723929,0.074138480166989,0.03950639776320588,0.03692422064128257,0.0047493676163295855,0.004411178024257432,0.02941619879476976,0.004107400306377457
baseline_oracle_kmeans,500,1.0,1.0,5,False,0.38132199492976354,0.031106981920207607,0.005679331897867691,0.011131490519820673,0.8861756730074188,0.17650268039360348,0.032224833170567145,0.06316067301431161,0.07047951910233792,0.1384899916369242,0.02528469746941506,0.04955800704005352,0.4018062335032828,0.11833058343781724,0.02160410993054657,0.04234405546387128,0.0544034821034706,0.06337013343903385,0.011569750518890422,0.022676711017025227,0.04286608089448712,0.030933807246115164,0.005647714672738012,0.011069520758566502,0.0169950037804402,0.027322959509749816,0.004988467087096756,0.00977739549070964,0.04453568179557799,0.029452979269049977,0.0053773537104635635,0.010539613272508585,0.03616450867795849,0.028466269647489155,0.005197206004651481,0.010186523769116902,0.030967110333277464,0.023876359214689977,0.004359206844327345,0.008544045414881596,0.008371173117619476,0.013589674379084732,0.0024811237355249066,0.0048630025216288165,0.1879655319086343,6.157237542800345,0.05343096798869826,2.2033391574848276,0.013568571462300507,0.02184887404050166,0.003989040389357267,0.007818519163140244,0.30466742430443206,9.083318733973327,0.07354549776660768,3.2504238641695524,0.002995213956377147,0.006164496777484573,0.0011254779802320684,0.002205936841254854,0.16280239493594095,0.22291899595938228,0.040699254194452215,0.07977053822112634,0.04453568179557799,0.03616450867795849,0.0053773537104635635,0.005197206004651481,0.030967110333277464,0.004359206844327345
baseline_oracle_kmeans,500,2.0,0.2,5,False,0.38996546066674076,0.03325468667162852,0.0060714473442724445,0.01190003679477399,0.9410669501335445,0.12885677523750114,0.023525920828317493,0.046110804823502285,0.037141007148906224,0.09119334712102245,0.016649551104194263,0.03263312016422076,0.3352361170463286,0.11734396982924261,0.02142397975422727,0.04199100031828545,0.022000510651915002,0.04755256560833737,0.00868187095031025,0.01701646706260809,0.017412482041802978,0.011638382496754774,0.0021248682087819616,0.004164741689212645,0.0011264479513639766,0.005362229852506983,0.0009790047495818915,0.0019188493091805072,0.037474681434274335,0.0260036996979333,0.004747604301049447,0.009305304430056918,0.026514912881140145,0.02038385066219517,0.0037215649388336373,0.007294267280113929,0.01875953838301693,0.014999626232316692,0.002738544547195359,0.005367547312502904,0.010959768553134176,0.022223876521002377,0.004057506161920812,0.00795271207736479,0.29245795117314566,0.7143328223466557,0.08864379608614713,0.2556207175721879,0.018715143051257373,0.02241354587923544,0.004092134890578071,0.00802058438553302,0.49940766231945977,1.0293491954585223,0.06799697672782117,0.36834787894958565,0.00018680069741993334,0.000590691824247771,0.00010784507889146042,0.00021137635462726241,0.023476399593113578,0.07025404539846221,0.012826575140243256,0.025140087274876783,0.037474681434274335,0.026514912881140145,0.004747604301049447,0.0037215649388336373,0.01875953838301693,0.002738544547195359
baseline_oracle_kmeans,500,2.0,0.5,5,False,0.37777622457927584,0.0342841333139821,0.006259397726860781,0.01226841954464713,0.9344713502128307,0.14665624526027113,0.026775644576020198,0.05248026336899959,0.044190388518836506,0.10872108466690963,0.01984966351616515,0.03890534049168369,0.29843537557734706,0.10125205510269994,0.018486011524501605,0.03623258258802314,0.013256131935317302,0.038564431868848906,0.007040869750646552,0.013800104711267242,0.025690468338358325,0.020880663918538357,0.0038122702146225576,0.007472049620660213,0.007036192055608173,0.013040721693398054,0.0023808991458736943,0.004666562325912441,0.040735526525327734,0.026303497304509812,0.0048023396049854524,0.009412585625771486,0.03186587386506056,0.02190360870025641,0.003999033525298949,0.00783810570958594,0.016386346629332513,0.013494939253780053,0.002463827547152423,0.0048291019924187484,0.008869652660267133,0.021471265188014538,0.003920098760550321,0.007683393570678629,0.217737523406071,3.296335390669456,0.08351972115084393,1.17957847037388,0.024349179895995197,0.02759194012340592,0.005037576003640433,0.009873648967135247,0.5977381900502959,1.7777873488322984,0.07068758972615287,0.6361730324898002,0.0006809528631959446,0.0017841890357281507,0.00032574686057389965,0.0006384638467248433,0.06445817032012399,0.14178304875531197,0.025885924691713046,0.05073641239575757,0.040735526525327734,0.03186587386506056,0.0048023396049854524,0.003999033525298949,0.016386346629332513,0.002463827547152423
baseline_oracle_kmeans,500,2.0,1.0,5,False,0.3825119369460421,0.034677939803808656,0.006331296626117425,0.012409341387190154,0.9137864041010434,0.17661605900661162,0.03224553317852821,0.0632012450299153,0.06105278247101734,0.13711194990939868,0.025033102622965358,0.0490648811410121,0.3226719498082857,0.10547780146377571,0.01925752372592046,0.03774474650280411,0.01709223570025018,0.0324895930131251,0.005931760992483619,0.011626251545267894,0.045629567358314985,0.043070372339383045,0.007863538163475549,0.015412534800412075,0.022265756817237425,0.037789196495813006,0.006899331783583987,0.013522690295824613,0.04287978283380424,0.030355276076008603,0.005542089815375605,0.010862496038136184,0.03925530500799488,0.026805842063842164,0.0048940547904290635,0.009592347389240963,0.02185420538193002,0.022621220386361114,0.004130050894635237,0.008094899753485065,0.0036244778258093403,0.019326456781695794,0.003528512111994494,0.0069158837395092085,0.0845264967842142,1.0808978079370735,0.07750792902717801,0.38679431301981415,0.02102557745187418,0.025568952381257528,0.004668230663663393,0.009149732100780251,0.4903377783736984,1.0343881003551278,0.08009258364971916,0.3701510279092217,0.0011603319388530865,0.0029175979062257464,0.0005326780623232279,0.0010440490021535267,0.0881775687256712,0.1755435477385674,0.032049720306966116,0.06281745180165359,0.04287978283380424,0.03925530500799488,0.005542089815375605,0.0048940547904290635,0.02185420538193002,0.004130050894635237
baseline_oracle_kmeans,2000,0.5,0.2,5,False,0.38412060122547814,0.022528756948619968,0.004113169457770137,0.008061812137229467,0.8860642465477832,0.17518226283615307,0.03198375901005333,0.06268816765970452,0.0756678062122083,0.13241637786945912,0.024175812380743542,0.04738459226625734,0.4118065075475505,0.08381860034362563,0.015303112715571342,0.02999410092251983,0.046517413793007306,0.04910865436018267,0.008965972587265492,0.017573306271040364,0.0047394621402856,0.004174754782061039,0.0007622024553957982,0.0014939168125757646,0.0,0.0,0.0,0.0,0.020467325551421257,0.013936826002246286,0.0025445046604849453,0.004987229134550492,0.02072267372693913,0.012967266868751364,0.0023674881910681683,0.00464027685449361,0.02082679407724616,0.012021076506190886,0.002194738255978713,0.004301686981718278,-0.0002553481755178766,0.004239137167842462,0.00077395701706196,0.0015169557534414416,-0.012475893583475228,5.243772178558497,0.03841952121842076,1.876459774961471,-0.00035946852582489024,0.007677542588291393,0.0014017210872712647,0.0027473733310516787,-0.017563043345443008,4.608621422827393,0.06962000073260996,1.6491739960256233,0.00048154001535915327,0.000804069595599605,0.0001468023517713201,0.0002877326094717874,0.12210171259071011,0.1927465271749934,0.035190540271508794,0.06897345893215724,0.020467325551421257,0.02072267372693913,0.0025445046604849453,0.0023674881910681683,0.02082679407724616,0.002194738255978713
baseline_oracle_kmeans,2000,0.5,0.5,5,False,0.3726916204123676,0.022578127399292557,0.0041221832276059946,0.00807947912610775,0.9139564066001696,0.16858479253811465,0.030779231241818,0.060327293233963276,0.052504794799337555,0.13479305561070287,0.02460973238434342,0.048235075473313106,0.39325573490241195,0.09235502933192562,0.016861644288048976,0.033048822804575995,0.040789609158671615,0.04674265804492723,0.008534002736318989,0.01672664536318522,0.014484247116959992,0.009693494752828538,0.0017697819123940516,0.003468772548292341,0.00037641599891354016,0.0017969945921854108,0.0003280848246182487,0.0006430462562517675,0.019103583239434042,0.01367041413781956,0.0024958647312404367,0.0048918948732312555,0.01825720926838239,0.012615186444136783,0.0023032073941957,0.004514286492623572,0.018349575775895886,0.011375032949901444,0.002076787379675184,0.004070503264163361,0.00084637397105163,0.004878370924322124,0.0008906645997095183,0.0017457026154306557,0.04430446165222812,1.6398785881637745,0.04470629254779947,0.5868230162805887,0.0007540074635381433,0.009503383462832256,0.0017350724984049283,0.0034007420968736593,0.039469425923285284,4.116345570702405,0.0879933873951354,1.4730153447259868,0.0004458443265589054,0.0011334317482235281,0.0002069353786315141,0.00040559334211776765,0.09474417537506512,0.17630731745915942,0.03218916494186867,0.0630907632860626,0.019103583239434042,0.01825720926838239,0.0024958647312404367,0.0023032073941957,0.018349575775895886,0.002076787379675184
baseline_oracle_kmeans,2000,0.5,1.0,5,False,0.3706881892805429,0.0206067844433583,0.0037622668924246266,0.007374043109152268,0.9066274316376145,0.17650609604229722,0.032225456779846506,0.06316189528849915,0.060798588515521314,0.13964760514411567,0.025496047813002208,0.04997225371348433,0.358680301948098,0.09116411342471997,0.01664421378589289,0.03262265902035007,0.02198197372376415,0.04456352719943549,0.008136149696375279,0.015946853404895548,0.026775487143735583,0.02221073642023805,0.004055107118721975,0.00794800995269507,0.006780662280923047,0.015327222021457641,0.0027983550816807604,0.00548477596009429,0.017407169451463325,0.011451330861584914,0.0020907174087817088,0.004097806121212149,0.016867307867907067,0.011463838978192357,0.0020930010679876426,0.0041022820932557795,0.013313658400895434,0.010324934701072095,0.0018850665468483486,0.003694730431822763,0.0005398615835562706,0.004280238279270613,0.0007814610190178705,0.0015316635972750263,0.03101374896484821,0.45805146115879547,0.04435915832203575,0.16391161027958417,0.004093511050567883,0.006546153593159197,0.0011951586626222626,0.002342510978739635,0.23516236008283198,0.554933670867528,0.06138970133226587,0.1985804637761511,0.0005769474184670522,0.0012622873386862517,0.0002304610831505412,0.00045170372297506075,0.11596550075676926,0.2114532993836437,0.038605913977104965,0.07566759139512573,0.017407169451463325,0.016867307867907067,0.0020907174087817088,0.0020930010679876426,0.013313658400895434,0.0018850665468483486
baseline_oracle_kmeans,2000,1.0,0.2,5,False,0.3804691387830365,0.021755430410990522,0.003971979994777799,0.007785080789764485,0.904644831009213,0.1675160282811173,0.0305841024777471,0.05994484085638432,0.06334777708828764,0.1256994574940879,0.022949476111891246,0.04498097317930684,0.3271963548047303,0.09229139213484112,0.01685002577860245,0.0330260505260608,0.011630896733679884,0.025440572229835406,0.004644791762040118,0.009103791853598631,0.0061023994227277405,0.004193692932852873,0.0007656600728578387,0.0015006937428013638,0.0,0.0,0.0,0.0,0.021299423009220216,0.014774633608606664,0.0026974667021026077,0.0052870347361211115,0.02063783666276926,0.015424153397100888,0.002816052248670698,0.005519462407394568,0.018366556595582024,0.013007117479924493,0.0023747638839581313,0.004654537212557938,0.0006615863464509312,0.006315003376192438,0.0011529565999539603,0.0022597949359097623,0.03106123326273047,0.5064173127516208,0.053845876277441126,0.1812191079940714,0.0029328664136381573,0.009879746557929166,0.0018037866840706082,0.003535421900778392,0.13769698889817794,0.8372343982108805,0.07740577141708135,0.2996004816686499,0.0004227754973089901,0.000840321121064786,0.0001534209445184043,0.0003007050512560724,0.1095451298512389,0.19884504137457912,0.03630397153630168,0.07115578421115129,0.021299423009220216,0.02063783666276926,0.0026974667021026077,0.002816052248670698,0.018366556595582024,0.0023747638839581313
baseline_oracle_kmeans,2000,1.0,0.5,5,False,0.3700938906471116,0.021675166179789346,0.003957325818114567,0.007756358603504551,0.9169742013116924,0.1926440206547688,0.035171825227036005,0.06893677744499056,0.06232674067718039,0.15569004270217332,0.028424982788974297,0.05571296626638962,0.36786935113294,0.0624532194459476,0.011402345693121931,0.022348597558518986,0.015628745881161775,0.028741146072873175,0.005247391344221219,0.010284887034673588,0.012395289172359837,0.009735431132050833,0.0017774384126874323,0.0034837792888673673,0.00047756511462835325,0.002136647506544766,0.00039009667892391176,0.000764589490690867,0.01900871221759449,0.013220810293150174,0.002413778675351613,0.004731006203689161,0.018404653830501095,0.01322488933662802,0.0024145234033935664,0.00473246587065139,0.012993907761896184,0.01003477805897991,0.0018320914341537343,0.0035908992109413194,0.0006040583870934066,0.0070621413994997675,0.0012893647162657085,0.002527154843880789,0.03177797528726223,0.8952157358598752,0.06686798095217812,0.32034883687783955,0.006014804455698294,0.011338731912693826,0.0020701597473620353,0.004057513104829589,0.3164235634085194,1.8051526902667134,0.08694359540901953,0.645965594157474,0.00041184756972272664,0.0009299983393138918,0.00016979368962818735,0.0003327956316712472,0.10788064691582107,0.20847940348093658,0.03806295735391001,0.0746033964136636,0.01900871221759449,0.018404653830501095,0.002413778675351613,0.0024145234033935664,0.012993907761896184,0.0018320914341537343
baseline_oracle_kmeans,2000,1.0,1.0,5,False,0.37576340159158444,0.023823663553439386,0.004349585976877478,0.008525188514679856,0.9362541723599414,0.11862036983380168,0.021657017445859506,0.042447754193884635,0.03591406819936339,0.0774409432447303,0.014138717163205366,0.027711885639882517,0.3821399385528354,0.07491316906003852,0.013677210849460393,0.02680733326494237,0.023002453632646063,0.03672806490714596,0.006705596547719242,0.013142969233529714,0.03817439178168398,0.029166302794472895,0.005325013986519589,0.010437027413578395,0.015787296259936197,0.021506962580155213,0.00392661618285684,0.007696167718399406,0.01783249631980294,0.016649430550698202,0.0030397562274110217,0.005957922205725602,0.0164855332401792,0.015566545560036569,0.0028420493818879723,0.0055704167885004255,0.013608977728552973,0.013088463723402737,0.002389615608131912,0.004683646591938547,0.0013469630796237265,0.006865191655724231,0.0012534067771454672,0.0024566772832051156,0.07553418520142596,1.688325757767444,0.06675905807251817,0.6041596132715382,0.004223518591249963,0.011843341588773811,0.00216228844813683,0.004238085358348186,0.23684393455109043,2.7486952590644633,0.10110164982370204,0.9836079661034471,0.00047684886138810834,0.000740304750094405,0.0001351605370183101,0.0002649146525558878,0.14210133281932494,0.19084948942666324,0.03484419014910905,0.06829461269225373,0.01783249631980294,0.0164855332401792,0.0030397562274110217,0.0028420493818879723,0.013608977728552973,0.002389615608131912
baseline_oracle_kmeans,2000,2.0,0.2,5,False,0.37418943477858874,0.018265729778553483,0.0033348507430025283,0.006536307456284955,0.9063468826013333,0.19271827439546402,0.03518538204328864,0.06896334880484573,0.0636878269335591,0.1578346403391983,0.02881653095649792,0.05648040067473592,0.28246804355758603,0.09420421134944156,0.017199257189357775,0.033710544091141235,0.005977531248774305,0.021322571266912112,0.003892951088966424,0.007630184134374191,0.007202735773810791,0.006063031849716289,0.0011069531036539612,0.0021696280831617638,0.0,0.0,0.0,0.0,0.022955683119971974,0.01597745430032306,0.002917070710598287,0.0057174585927726425,0.016982066426824757,0.01255986047750314,0.0022931063008820255,0.00449448834972877,0.009622366082102223,0.010641886714015232,0.0019429338025602238,0.0038081502530180385,0.005973616693147187,0.008244517904965215,0.0015052361441015606,0.0029502628424390586,0.2602238697026634,1.0192804211663014,0.05166076967236175,0.3647448143428176,0.013333317037869719,0.012965195325096924,0.0023671099806720367,0.0046395355621171915,0.5808285890769009,0.6156171127286273,0.06845777551984626,0.22029575455941097,0.0004451704236427165,0.0014129162280143623,0.00025796202998285965,0.0005056055787664049,0.11748331427980355,0.22160968350544874,0.0404602075391716,0.07930200677677633,0.022955683119971974,0.016982066426824757,0.002917070710598287,0.0022931063008820255,0.009622366082102223,0.0019429338025602238
baseline_oracle_kmeans,2000,2.0,0.5,5,False,0.3686817635936098,0.0302055225400282,0.005514748685468062,0.010808907423517401,0.8790123465183296,0.1782323656968167,0.03254062905655216,0.06377963295084223,0.0796712290118307,0.13579493408064974,0.02479264953029964,0.04859359307938729,0.32743189309676896,0.0898985292733778,0.016413150789855842,0.03216977554811745,0.011324945338031581,0.02328381811490722,0.004251024135460699,0.00833200730550297,0.01463958698398724,0.00948989070652547,0.0017326090694075459,0.00339591377603879,0.00044833275447360665,0.002455619628936195,0.00044833275447360655,0.0008787321987682688,0.024640430964943012,0.018295667194066292,0.003340316542265785,0.006547020422840938,0.020390236939409587,0.014137339215510662,0.0025811131971458594,0.005058981866405884,0.011212941642912812,0.007636378473676118,0.0013942055825597601,0.00273264294181713,0.004250194025533396,0.011593056504341847,0.002116592852620006,0.004148521991135212,0.17248862374121443,174.82428351113398,0.07331798472522391,62.560066403434675,0.013427489322030185,0.018059970015051326,0.0032972843217035086,0.006462677270538877,0.5449372756967628,120.90402556110239,0.07304883267411251,43.26494990075802,0.0003920976291591535,0.0005704307363598533,0.00010414592726619133,0.00020412601744173502,0.1846686604236426,0.2209060798472243,0.04033174767412071,0.0790502254412766,0.024640430964943012,0.020390236939409587,0.003340316542265785,0.0025811131971458594,0.011212941642912812,0.0013942055825597601
baseline_oracle_kmeans,2000,2.0,1.0,5,False,0.37228257310701346,0.014427461822941634,0.0026340820959899125,0.005162800908140228,0.8983510727193367,0.15589054190125393,0.02846158876700702,0.05578471398333376,0.06295242887396887,0.11298265013495874,0.020627715361877002,0.040430322109278924,0.27073154081527256,0.08239326157359769,0.015042882650094352,0.02948404999418493,0.003937989817636819,0.013883770397908906,0.002534818076719061,0.00496824343036936,0.0297654205843429,0.024194507242877073,0.0044172924615486315,0.008657893224635317,0.00862789461001261,0.018036081786340964,0.0032929229477956725,0.006454128977679518,0.03294339132650997,0.019733094936147524,0.003602753741972988,0.007061397334267056,0.022035044737378478,0.014778420231996613,0.002698158041785092,0.00528838976189878,0.011745729336220239,0.009787408147200655,0.0017869280739105475,0.003502379024864673,0.010908346589131469,0.012504891361178687,0.002283070359223016,0.004474817904077111,0.33112397205910626,0.693625162422174,0.05277138505464052,0.24821057663571547,0.021197661990289694,0.019599823469363353,0.0035784218124298244,0.007013706752362456,0.6434571893401788,0.8715104074263318,0.05793264666436685,0.31186599404197424,0.00045632238824627123,0.0005885130418064077,0.00010744728946111678,0.0002105966873437889,0.21645939224582242,0.23417088203953199,0.04275355813464434,0.08379697394390291,0.03294339132650997,0.022035044737378478,0.003602753741972988,0.002698158041785092,0.011745729336220239,0.0017869280739105475
baseline_oracle_kmeans,10000,0.5,0.2,5,False,0.36389678135854087,0.01517939749990749,0.0027713661400122847,0.005431877634424078,0.7811399498889163,0.2624825178112175,0.047922531985318456,0.09392816269122417,0.1630848344115399,0.22105271496804021,0.0403585194619185,0.07910269814536025,0.36634035721017427,0.08084606679301129,0.014760404822700543,0.028930393452493063,0.023261756395910802,0.03960420521463495,0.007230705522706431,0.014172182824504604,0.0032031744778105204,0.0033197076692933415,0.0006060929249316211,0.0011879421328659773,0.0,0.0,0.0,0.0,0.009039106681484586,0.006657264600490022,0.001215444664323001,0.0023822715420730818,0.008657218299867354,0.006303504503543186,0.001150857202642002,0.002255680117178324,0.00834783295570373,0.005762976138237408,0.0010521706764255463,0.0020622545257940705,0.0003818883816172197,0.0018093673692335156,0.00033034377431432515,0.0006474737976560772,0.042248464928451246,0.670640914270289,0.03510602195556192,0.23998576906472738,0.0006912737257808533,0.003034881419604975,0.0005540910042903153,0.001086018368409018,0.07647588972446129,1.1762650434002337,0.05682817165035536,0.42092103994506613,0.0002721672538716147,0.0004004594042873538,7.31135496977549e-05,0.00014330255740759961,0.2330152371328796,0.27791298614075516,0.0507397371776374,0.0994498848681693,0.009039106681484586,0.008657218299867354,0.001215444664323001,0.001150857202642002,0.00834783295570373,0.0010521706764255463
baseline_oracle_kmeans,10000,0.5,0.5,5,False,0.36604710329653767,0.01454450827889498,0.0026554517573904733,0.005204685444485328,0.8332224225435401,0.2532864662602957,0.046243570360511715,0.09063739790660295,0.12326462710001636,0.21276365657182922,0.038845151373891044,0.07613649669282645,0.39563299121293005,0.09372044072294912,0.017110933161095004,0.03353742899574621,0.04179330976325556,0.04803343701723245,0.008769665656280625,0.017188544686310023,0.014989654438458455,0.010152429781740427,0.0018535716016488274,0.0036330003392317017,0.0005852850967441233,0.002699903141139435,0.0004929326178270409,0.0009661479309410002,0.009322817343419923,0.005467891656372112,0.0009982958673964307,0.0019566599000970042,0.008487438395572061,0.005255860674791577,0.000959584483562557,0.0018807855877826115,0.007388308928676574,0.00524979401388786,0.0009584768678873234,0.0018786146610591538,0.0008353789478478487,0.0017912852033630795,0.0003270424376023958,0.0006410031777006958,0.08960584736088129,0.36547083910282613,0.03367862646650782,0.13078206015547986,0.0019345084147433403,0.0036352819498465965,0.0006637086422741149,0.001300868938857265,0.20750255459083222,0.5116212888464803,0.06575931779934362,0.18308132692337456,0.0002351208727912096,0.00040660147596251797,7.423493343318855e-05,0.00014550046952904955,0.20633897327911513,0.2537528188701568,0.046328714308569156,0.09080428004479554,0.009322817343419923,0.008487438395572061,0.0009982958673964307,0.000959584483562557,0.007388308928676574,0.0009584768678873234
baseline_oracle_kmeans,10000,0.5,1.0,5,False,0.37136650228256063,0.014549643888018679,0.0026563893870449997,0.0052065231986081996,0.8530914392528939,0.21852509920731542,0.03989704207230031,0.07819820246170861,0.10488127145641928,0.17642720560168187,0.032211053421880985,0.06313366470688674,0.34904104111684986,0.08787980431342184,0.016044583723866978,0.03144738409877928,0.018959766454271318,0.03353782017303754,0.006123140212774825,0.012001354817038656,0.038289650892964246,0.029598884426286214,0.005403992225755105,0.010591824762480006,0.015461293148637319,0.0224147436867922,0.004092353579317533,0.008021013015462364,0.007307566076412324,0.005067312271430976,0.0009251604123284955,0.0018133144081638511,0.00590155441301521,0.0047502715910497425,0.0008672769682312999,0.0016998628577333478,0.0051822982210850506,0.00402379071200303,0.0007346403132146109,0.0014398950139006372,0.0014060116633970883,0.002948900845731371,0.0005383931710177114,0.0010552506151947142,0.1924049195990849,2.3767535957897303,0.06784764455710729,0.8505103512564266,0.002125267855327256,0.00483293704675194,0.0008823695465028123,0.001729444311145512,0.29083115131689397,3.2511892141041168,0.0998655163993443,1.1634231185711144,0.000169684023878607,0.00032447468920278864,5.9240702205281764e-05,0.00011611177632235226,0.16657581112538897,0.2354556937990263,0.04298813159558532,0.08425673792734723,0.007307566076412324,0.00590155441301521,0.0009251604123284955,0.0008672769682312999,0.0051822982210850506,0.0007346403132146109
baseline_oracle_kmeans,10000,1.0,0.2,5,False,0.372961157162627,0.01574109570597019,0.0028739177326691932,0.005632878756031618,0.858224832010498,0.20734125018259883,0.03785515994211051,0.0741961134865366,0.09909864545283634,0.16443601355241635,0.030021771296294547,0.05884267174073731,0.3469688267640959,0.08742148925321247,0.01596090722489331,0.03128337816079088,0.01709704623274283,0.027242600946177673,0.004973795687777698,0.009748639548044289,0.0040644572691976065,0.0033482591209688254,0.0006113056829756815,0.0011981591386323357,0.0,0.0,0.0,0.0,0.014199240676294444,0.008877525716455403,0.0016208070299116117,0.003176781778626759,0.010443693606937239,0.007173374441894509,0.0013096729984188847,0.002566959076901014,0.0072491630003068816,0.005324007169934624,0.0009720262744308113,0.00190517149788439,0.00375554706935717,0.0032220241291813605,0.0005882584321261901,0.0011529865269673326,0.26448928889747403,0.6808648091425654,0.031269580994906794,0.24364434285817071,0.0069500776759875305,0.0063721774931608955,0.0011633951178103147,0.002280254430908217,0.48946826343965566,1.0244471757698834,0.049649443003182026,0.36659371373252836,0.00023506929009799927,0.00027383003465452206,4.999429563423436e-05,9.798881944309935e-05,0.2828270434934153,0.2645503241504511,0.0483000600441686,0.09466811768657045,0.014199240676294444,0.010443693606937239,0.0016208070299116117,0.0013096729984188847,0.0072491630003068816,0.0009720262744308113
baseline_oracle_kmeans,10000,1.0,0.5,5,False,0.3733470128340199,0.017327431298461933,0.003163541661929544,0.006200541657381906,0.8283913190167094,0.22123180513593735,0.04039121670351338,0.07916678473888622,0.12537578156856946,0.17426749275173062,0.03181674560666363,0.06236082138906071,0.3551647978198183,0.07924454803850792,0.014468008839997517,0.028357297326395133,0.015557572322616559,0.0314225570007112,0.005736947761260466,0.011244417612070514,0.011260354445477568,0.009697745813336467,0.0017705580463052222,0.0034702937707582356,0.00049117949402804,0.0026886500336842124,0.0004908780908952893,0.0009621210581547669,0.01300278816273639,0.0074889942766685775,0.0013672970327861548,0.0026799021842608636,0.009749169822710624,0.0067178271600730624,0.0012265018243309616,0.0024039435756886846,0.007506970553604956,0.006038402443064648,0.0011024564097869374,0.002160814563182397,0.0032536183400257365,0.005353367948539062,0.0009773867946799998,0.0019156781175727995,0.25022466714869973,0.7787040375252398,0.06624341925739544,0.27865566108897644,0.005495817609131392,0.0071602172990448765,0.0013072708437751974,0.002562250853799387,0.4226645501217532,0.9437830271975595,0.07858626176626095,0.33772841887925514,0.0001969078333854334,0.0003224157965204926,5.886480155008982e-05,0.00011537501103817606,0.23595972362143375,0.24671770971454135,0.04504428498222192,0.08828679856515496,0.01300278816273639,0.009749169822710624,0.0013672970327861548,0.0012265018243309616,0.007506970553604956,0.0011024564097869374
baseline_oracle_kmeans,10000,1.0,1.0,5,False,0.3712254728794056,0.016367893622068818,0.00298835485188401,0.00585717550969266,0.8346857325850624,0.23455791719629557,0.04282422076328,0.0839354726960288,0.12010456921817587,0.19221015442977107,0.03509261245424571,0.0687815204103216,0.343568639489894,0.08207200341532382,0.01498422920340463,0.029369089238673075,0.013543804790701388,0.027075467808198507,0.004943281491185093,0.009688831722722783,0.03834851643873226,0.02255738537553569,0.004118396269506013,0.008072056688231785,0.013232366044219531,0.017096238486036766,0.003121331822430102,0.006117810371963,0.013237858107979181,0.007443670458534562,0.001359022073591401,0.002663683264239146,0.008862611927590155,0.005409599714468312,0.0009876532635626001,0.0019358003965826963,0.005466361939367336,0.005590213181466077,0.0010206286202505636,0.0020004320956911047,0.004375246180388983,0.005280088706428736,0.0009640078967130972,0.0018894554775576704,0.33051012820207115,0.9916129410557553,0.05529910238915203,0.35484413373844814,0.007771496168611826,0.007715777385950995,0.0014087017743245347,0.002761055477676088,0.58706598191497,1.422558948295324,0.07490540611109868,0.5090561819032872,0.00019534834248918092,0.0003756911567985245,6.859150707792074e-05,0.00013443935387272467,0.21497729899871268,0.2435147189434036,0.04445950154994425,0.08714062303789072,0.013237858107979181,0.008862611927590155,0.001359022073591401,0.0009876532635626001,0.005466361939367336,0.0010206286202505636
baseline_oracle_kmeans,10000,2.0,0.2,5,False,0.3698937566988923,0.016645701066756047,0.003039075319916698,0.005956587627036728,0.8452170747755636,0.21858180317265927,0.03990739475260659,0.0782184937151089,0.11105897855704257,0.17508490813821617,0.03196598455534028,0.06265332972846695,0.3099631741044924,0.09961650493625467,0.01818740228447047,0.03564730847756212,0.01022668437547128,0.019392233635277145,0.003540521267483901,0.006939421684268446,0.0029637787287284936,0.0032467505826173984,0.0005927728442308632,0.0011618347746924918,0.0,0.0,0.0,0.0,0.019714017058028208,0.010068544131084538,0.0018382562472770846,0.0036029822446630856,0.011780190079853405,0.008534304890340218,0.0015581437670219968,0.0030539617833631135,0.007118707830997102,0.006310614192022155,0.0011521552482275908,0.002258224286526078,0.007933826978174763,0.004904610859082945,0.0008954553344348401,0.0017550924554922867,0.40244598322206904,0.6056557595657215,0.040693240360386816,0.21673113011008635,0.01259530922703106,0.008273368036528048,0.001510503433382879,0.0029605867294304426,0.6389012036439257,0.3836516900898106,0.047918855099539436,0.1372879941262847,0.0001879827933453658,0.00024858781212010655,4.538571740634616e-05,8.895600611643847e-05,0.32253445547330606,0.2905179567851453,0.0530410794305117,0.10396051568380293,0.019714017058028208,0.011780190079853405,0.0018382562472770846,0.0015581437670219968,0.007118707830997102,0.0011521552482275908
baseline_oracle_kmeans,10000,2.0,0.5,5,False,0.3711538519420865,0.018339656603933222,0.0033483478729576044,0.006562761830996904,0.922317799140867,0.1533856975163579,0.028004268842791117,0.05488836693187059,0.05244427042530126,0.11223489943510878,0.0204911953866443,0.04016274295782283,0.2876928039146396,0.07359477625445006,0.013436506356369286,0.026335552458483798,0.0010219996357737275,0.0055977225427533426,0.0010219996357737275,0.0020031192861165057,0.01729887634790394,0.013207128968768066,0.002411280818691404,0.004726110404635152,0.00166226827783957,0.005573480691775904,0.0010175736995683869,0.0019944444511540383,0.02349363237314404,0.009360449805284015,0.0017089765022496315,0.003349593944409278,0.014892143794090958,0.008856424961663263,0.0016169545767849318,0.003169230970498466,0.008328868050422376,0.0056916803364178885,0.00103915390345489,0.0020367416507715845,0.00860148857905303,0.004542813378933328,0.0008294004540593492,0.0016256248899563246,0.3661199955135752,0.2331683755919573,0.03600391281198925,0.08343823161892064,0.01516476432272163,0.006179583003040236,0.0011282323355802175,0.0022113353777372265,0.6454840223028584,0.4165031468417839,0.02948824420854739,0.14904373694745934,0.000173758084746773,0.0001740281215113019,3.177304259733003e-05,6.227516349076686e-05,0.33343050020373116,0.2229952568853263,0.040713177470917475,0.07979782784299824,0.02349363237314404,0.014892143794090958,0.0017089765022496315,0.0016169545767849318,0.008328868050422376,0.00103915390345489
baseline_oracle_kmeans,10000,2.0,1.0,5,False,0.3753018044825122,0.015501141106569786,0.0028301082170462876,0.005547012105410724,0.9295395972273949,0.1676109305706901,0.030601429185999736,0.05997880120455948,0.052678518382327615,0.12949011257266127,0.0236415518766433,0.04633744167822087,0.2950688103478784,0.08230934825931585,0.015027562245058624,0.0294540220003149,0.0037878201717868264,0.010921427117478776,0.0019939706641305833,0.003908182501695943,0.04191325115147024,0.031150196583751295,0.005687221779880316,0.011146954688565419,0.018442982102527608,0.024664662987528757,0.004503130763844087,0.008826136297134411,0.028565190595249444,0.011611761856944819,0.002120007967142251,0.004155215615598812,0.017730108136675082,0.009414923328070306,0.001718921961321906,0.003369087044190936,0.009321893414071684,0.008137613127988086,0.0014857180914830828,0.0029120074593068424,0.010835082458574325,0.004475261430621243,0.0008170672120946986,0.0016014517357056091,0.3793107006391303,0.18717477043278796,0.02417746226937121,0.06697963138843412,0.01924329718117772,0.007069589969850992,0.0012907246329332185,0.002529820280549108,0.6736624815091565,0.2554012954597674,0.03574588292399373,0.0913941798163795,0.00023360474151131393,0.0002455419338174573,4.482961865508731e-05,8.786605256397112e-05,0.38308637090502423,0.28030157739093214,0.0511758322804312,0.10030463126964514,0.028565190595249444,0.017730108136675082,0.002120007967142251,0.001718921961321906,0.009321893414071684,0.0014857180914830828
baseline_oracle_quantile,500,0.5,0.2,5,False,0.09489734466248541,0.010896418233938675,0.0019894046875796054,0.0038992331876560263,0.9617176077267257,0.10486956637185813,0.019146475699217298,0.037527092370465906,0.022203461042548,0.06900420274755145,0.012598386135831297,0.02469283682622934,0.4569399823051092,0.04871526311406586,0.00889414950079108,0.017432533021550515,0.0007623730231479294,0.0036898079733549403,0.0006736636866229739,0.0013203808257810287,0.01793004611496564,0.012299973024777047,0.0022456575607918126,0.004401488819151952,0.0007982849790844235,0.002819762940863217,0.0005148159231759633,0.001009039209424888,0.03927371616446476,0.027534893046305683,0.005027160679984588,0.009853234932769793,0.036612445166989846,0.029789624701153393,0.005438816476144935,0.010660080293244072,0.029596728164828678,0.024430210184947822,0.004460325734296126,0.008742238439220406,0.0026612709974749007,0.008370112854785164,0.0015281665398099323,0.002995206418027467,0.0677621385847581,0.33618457355231995,0.04093844733876819,0.1203021046209754,0.009676987999636065,0.012135247073046834,0.0022155828542687645,0.004342542394366778,0.2463985826834466,1.4714687547435377,0.05033903935413987,0.5265583313628873,0.0009733191918993132,0.0023124211195720674,0.00042218840321365744,0.0008274892702987685,0.06554456131600127,0.15137412685871537,0.02763700796772235,0.054168535616735805,0.03927371616446476,0.036612445166989846,0.005027160679984588,0.005438816476144935,0.029596728164828678,0.004460325734296126
baseline_oracle_quantile,500,0.5,0.5,5,False,0.09365288528047992,0.013268206230707132,0.0024224319500629633,0.004747966622123408,0.9254968446907412,0.16365703503052664,0.02987954992687754,0.05856391785667998,0.047847537685814304,0.12467481360894504,0.022762402588790424,0.04461430907402923,0.4565269017956019,0.0507898753611097,0.009272920142718542,0.018174923479728343,0.0020160504028627862,0.007817182799554987,0.0014272157851525505,0.002797342938898999,0.02882143235898625,0.025490713800995234,0.004653946318571115,0.009121734784399385,0.006780884274721453,0.019129968293214665,0.0034926383861840914,0.006845571236920819,0.03611356967754695,0.025678533710310442,0.0046882373855979525,0.009188945275771987,0.035937309275630214,0.025280853626878316,0.004615631268142515,0.00904663728555933,0.03215042189459448,0.02431127831828519,0.004438611845570353,0.008699679217317891,0.00017626040191672716,0.015533431033141094,0.0028360035241007183,0.005558566907237408,0.004880724987602725,3.7730304118704514,0.07832468512746248,1.3501615929331765,0.003963147782952456,0.019306157618162945,0.0035248060087393514,0.006908619777129129,0.10974123628151033,4.376579595876489,0.09215331055419362,1.5661388946605526,0.0027407711887665687,0.007277277060565473,0.0013286429344288662,0.0026041401514805777,0.1184422801328783,0.22116188330754524,0.040378450782622595,0.07914176353394028,0.03611356967754695,0.035937309275630214,0.0046882373855979525,0.004615631268142515,0.03215042189459448,0.004438611845570353
baseline_oracle_quantile,500,0.5,1.0,5,False,0.09068817089337164,0.009283389260180023,0.0016949072359672647,0.0033220181824958387,0.9354093925012581,0.14606923913719125,0.026668472411018697,0.05227020592559665,0.04243885549593953,0.1045639212687341,0.019090672793359957,0.037417718674985515,0.45273392076538577,0.05343054447118726,0.009755038155550733,0.019119874784879434,0.00035663715124398807,0.001953382125807139,0.0003566371512439881,0.0006990088164382167,0.04916466380518385,0.04519664248217611,0.008251740203661378,0.0161734107991763,0.022634605838787254,0.03739922791556673,0.00682813358754427,0.01338314183158677,0.03505708956172836,0.027645504136609447,0.0050473554097411255,0.009892816603092606,0.03520740166538531,0.025057093715933815,0.004574778484579298,0.008966565829775425,0.03177237268083477,0.024972692476807817,0.004559368997062399,0.008936363234242302,-0.00015031210365694646,0.011774274573359637,0.0021496785940295295,0.004213370044297878,-0.004287637836914104,2.2276529280954986,0.06158272274491384,0.7971553625534211,0.003284716880893573,0.01603457956097232,0.002927500308551941,0.005737900604761804,0.09369622298821678,1.880383594190716,0.0783872654940542,0.6728866273832517,0.0018076335713927698,0.0042734556433057826,0.000780222684778776,0.0015292364621664009,0.09336510141405145,0.1837818115656273,0.033553814617885966,0.06576547665105649,0.03505708956172836,0.03520740166538531,0.0050473554097411255,0.004574778484579298,0.03177237268083477,0.004559368997062399
baseline_oracle_quantile,500,1.0,0.2,5,False,0.09263695688806027,0.008349467148633003,0.0015243971668182116,0.0029878184469636945,0.8852574821629153,0.1963017895888955,0.03583963941215694,0.0702456932478276,0.07738159324684052,0.1511775850322587,0.027601124503774485,0.05409820402739799,0.45662615519850086,0.05733407941224748,0.010467722869293494,0.020516736823815246,0.0008626137849043017,0.003577654856319811,0.0006531874225914216,0.0012802473482791863,0.017866383594535483,0.010127563404556335,0.0018490316430797744,0.003624102020436358,0.00026799552467104347,0.0012130639321940176,0.00022147415978619357,0.0004340893531809394,0.035380652926689425,0.027054828272791907,0.0049395132448122195,0.00968144595983195,0.03669439260163087,0.027343889887417816,0.004992288433758711,0.009784885330167074,0.025942013856432695,0.018809286947286397,0.003434090250538748,0.006730816891055946,-0.0013137396749414597,0.012183952268628005,0.0022244751656979337,0.00435997132476795,-0.03713158368398628,16.463806525869533,0.06411766448792772,5.891497501524743,0.0094386390702567,0.018009584384079468,0.003288085206151036,0.00644464700405603,0.26677402166133246,26.30425597379044,0.07094663543290926,9.412857112086895,0.002569176331168378,0.005339300381408827,0.0009748184200645173,0.0019106441033264537,0.16183609473684937,0.22300358184804464,0.04071469739420788,0.07980080689264744,0.035380652926689425,0.03669439260163087,0.0049395132448122195,0.004992288433758711,0.025942013856432695,0.003434090250538748
baseline_oracle_quantile,500,1.0,0.5,5,False,0.09415814889745462,0.011131624305137653,0.0020323472445322207,0.003983400599283152,0.8827035697675899,0.19131806890561948,0.034929740665978495,0.06846229170531785,0.07540337913599145,0.1473577411171573,0.026903719610957857,0.0527312904374774,0.45007890349157037,0.04474968795529168,0.008170137844810162,0.016013470175827917,0.0016495753723936339,0.009035096417649777,0.0016495753723936334,0.0032331677298915213,0.03404494586233697,0.026708268259588823,0.004876240332558681,0.009557431051815014,0.010077823382183314,0.016625124450784973,0.0030353185610085386,0.005949224379576736,0.03950639776320588,0.02601335777348255,0.0047493676163295855,0.009308760528005987,0.03317163247043178,0.020968685649050953,0.0038283407104066874,0.007503547792397107,0.023078094417620997,0.021270093749038727,0.0038833700488660463,0.007611405295777451,0.006334765292774071,0.013736918163567214,0.002508006649596068,0.004915693033208293,0.16034783355201154,8.546387189661052,0.054257420042287174,3.0582853786476862,0.016428303345584858,0.022630543915914004,0.004131753130452465,0.008098236135686832,0.415839060904847,3.894285051967051,0.08304678331703022,1.3935520086341209,0.00176491403544067,0.002589990170943034,0.0004728653467807203,0.0009268160796902118,0.15406023526825596,0.20043903108348138,0.03659499290963397,0.07172618610288259,0.03950639776320588,0.03317163247043178,0.0047493676163295855,0.0038283407104066874,0.023078094417620997,0.0038833700488660463
baseline_oracle_quantile,500,1.0,1.0,5,False,0.09138435776629322,0.012493675345351491,0.0022810226042650527,0.004470804304359503,0.9221208535872379,0.18069355965455783,0.032989979539568906,0.06466035989755506,0.055547191061171425,0.14068487302979224,0.025685426152722457,0.05034343525933602,0.454520577290255,0.04351859164416336,0.007945371438121369,0.015572928018717883,0.0,0.0,0.0,0.0,0.050063544670705916,0.0385479937138737,0.007037868567885323,0.013794222393055233,0.021243339860915207,0.03163564327316045,0.005775851813965515,0.01132066955537241,0.04453568179557799,0.029452979269049977,0.0053773537104635635,0.010539613272508585,0.0430920284651467,0.02659003990109585,0.004854654886264211,0.009515123577077855,0.02977719771267645,0.017541815646541104,0.0032026827097358774,0.0062772581110823195,0.0014436533304312798,0.013870271901382241,0.002532353599705708,0.004963413055423188,0.032415655766936835,5.6838752433340884,0.05528385046228677,2.033948634081907,0.014758484082901526,0.024253468250206293,0.004428057219457779,0.008678992150137246,0.3313856100967322,4.813063410891764,0.07136734755152684,1.7223326218874744,0.0014740049594115221,0.0031904463453389697,0.0005824931439506902,0.001141686562143353,0.10986488608219212,0.198477753630275,0.03623691427541816,0.0710243519798196,0.04453568179557799,0.0430920284651467,0.0053773537104635635,0.004854654886264211,0.02977719771267645,0.0032026827097358774
baseline_oracle_quantile,500,2.0,0.2,5,False,0.09244397497029712,0.014405476772204186,0.002630068193250981,0.005154933658771923,0.873058874314784,0.22088148297899668,0.040327256920929956,0.07904142356502271,0.08821205868647315,0.1776042011181599,0.03242594242003347,0.0635548471432656,0.37029880180412483,0.044597254079159813,0.008142307353981705,0.01595892241380414,0.0,0.0,0.0,0.0,0.01954925640770061,0.016354589004556403,0.002985925772173834,0.005852414513460714,0.0020754828714464467,0.008344736574941386,0.0015235334861779322,0.002986125632908747,0.037474681434274335,0.0260036996979333,0.004747604301049447,0.009305304430056918,0.029841557292533672,0.017280370270155793,0.00315494953300199,0.0061837010846839,0.013216669744837983,0.01056456354825228,0.0019288165885248637,0.0037804805135087326,0.0076331241417406616,0.01928186055380104,0.003520369991995295,0.006899925184310778,0.20368749912199147,1.1996098635193713,0.07660051133942479,0.4292748765374321,0.02425801168943634,0.027539618073511123,0.005028023347979669,0.00985492576204015,0.6473173556386788,1.7929215201009467,0.06632978671713363,0.6415887261252172,0.0012155364755228302,0.0021606642198602334,0.0003944815108039172,0.0007731837611756777,0.13220786227693906,0.20274392156335796,0.03701580641243641,0.07255098056837536,0.037474681434274335,0.029841557292533672,0.004747604301049447,0.00315494953300199,0.013216669744837983,0.0019288165885248637
baseline_oracle_quantile,500,2.0,0.5,5,False,0.09443722012808459,0.013671012289187228,0.0024959739382393945,0.004892108918949213,0.9428937957056521,0.13710863465382297,0.02503249734287779,0.049063694792040466,0.037600044578367735,0.09614308136037224,0.01755324480304345,0.03440435981396516,0.35139814398699976,0.04765232065316519,0.008700083646402628,0.01705216394694915,0.0,0.0,0.0,0.0,0.028001029121646915,0.023505014599600936,0.004291408903563231,0.008411161450983933,0.006230547600022438,0.01428102162364227,0.002607345895829308,0.005110397955825443,0.040735526525327734,0.026303497304509812,0.0048023396049854524,0.009412585625771486,0.027546487849283048,0.02033516292133093,0.0037126758141852005,0.007276844595802993,0.015151560060652668,0.012448359385715372,0.002272749079829154,0.004454588196465142,0.013189038676044642,0.01862847351560239,0.003401078385460998,0.006666113635503556,0.3237723874231566,2.010507684749602,0.06603359082393452,0.7194509351702303,0.025583966464675034,0.02490399075983262,0.004546825837020183,0.008911778640559559,0.6280504671706642,4.144713416473642,0.0578128923355401,1.4831666479633194,0.00052737655383372,0.0013958733555902649,0.0002548504414257393,0.0004995068651944491,0.062435437399866255,0.1553186723705442,0.028357180153033817,0.05558007309994628,0.040735526525327734,0.027546487849283048,0.0048023396049854524,0.0037126758141852005,0.015151560060652668,0.002272749079829154
baseline_oracle_quantile,500,2.0,1.0,5,False,0.09226166761210929,0.014905049590153532,0.002721277293753407,0.005333703495756677,0.8914529569235654,0.1845874876441537,0.033700910271969704,0.06605378413306062,0.06911605570307897,0.14137626031118805,0.02581165562272001,0.05059084502053122,0.3450846003340017,0.05944924277763368,0.010853897098637015,0.021273638313328548,0.0,0.0,0.0,0.0,0.059917726697002904,0.05819451076281274,0.010624815422589903,0.02082463822827621,0.03169174596225958,0.05167900075138851,0.009435251486953972,0.018493092914429785,0.04287978283380424,0.030355276076008603,0.005542089815375605,0.010862496038136184,0.03161325584186559,0.020607536776136227,0.0037624042489690333,0.007374312327979305,0.013501129581160207,0.010013517020024247,0.0018282097172763968,0.0035832910458617378,0.01126652699193864,0.02181198887491646,0.003982306110281158,0.0078053199761510695,0.26274682956315465,1.5692419382476614,0.07173438920009213,0.5615460157374305,0.02937865325264398,0.028801594827819795,0.005258427726440341,0.010306518343823068,0.6851399729917335,1.1594653180413816,0.04875322673164657,0.41490933543296205,0.00058845567777328,0.0017696095405762553,0.0003230850211166562,0.0006332466413886461,0.06296914295369675,0.14143814710322328,0.025822954553389784,0.050612990924643976,0.04287978283380424,0.03161325584186559,0.005542089815375605,0.0037624042489690333,0.013501129581160207,0.0018282097172763968
baseline_oracle_quantile,2000,0.5,0.2,5,False,0.09224793841829942,0.007448286502601909,0.0013598648440787755,0.0026653350943944,0.8602818285016909,0.2310542687196409,0.04218454499520254,0.08268170819059699,0.1018325745823257,0.1835885164590399,0.033518523921174874,0.06569630688550275,0.44820787274953117,0.022579870457370164,0.004122501465015377,0.008080102871430139,0.0,0.0,0.0,0.0,0.006355047700269374,0.004450683817936534,0.0008125799744690185,0.0015926567499592763,0.0,0.0,0.0,0.0,0.020467325551421257,0.013936826002246286,0.0025445046604849453,0.004987229134550492,0.020936812801854113,0.014625868077107244,0.002670305956308782,0.005233799674365213,0.018686851603396552,0.012390593789591791,0.0022622025731476145,0.0044339170433693245,-0.00046948725043286334,0.00417791645416546,0.0007627796951061403,0.001495048202408035,-0.022938378013939165,6.029436586174253,0.037322722884403504,2.1576061724991256,0.0017804739480246972,0.009511469225883104,0.001736548750010792,0.0034036355500211522,0.08699104060037133,3.9422830164694163,0.08004760461139344,1.4107278596440087,0.0008984761626905801,0.0016892403215722884,0.00030841167639080765,0.000604486885725983,0.16504862539418821,0.25256281695191796,0.04611145067720454,0.0903784433273209,0.020467325551421257,0.020936812801854113,0.0025445046604849453,0.002670305956308782,0.018686851603396552,0.0022622025731476145
baseline_oracle_quantile,2000,0.5,0.5,5,False,0.09654499130006809,0.0076289881341791415,0.001392856297343055,0.0027299983427923878,0.8996701516993098,0.16962055734637377,0.03096833515840251,0.060697936910468916,0.06462372409207401,0.12274753653100277,0.022410531545406547,0.04392464182899683,0.44844207334759856,0.02731610978840608,0.004987216504799227,0.009774944349406484,0.0,0.0,0.0,0.0,0.017172971057037644,0.014161485351565048,0.0025855216582770513,0.00506762245022302,0.0009117985794587802,0.003236202902285948,0.0005908471100819002,0.0011580603357605245,0.019103583239434042,0.01367041413781956,0.0024958647312404367,0.0048918948732312555,0.018573576270917495,0.01200790887101351,0.0021923341857068308,0.004296975003985388,0.016528889644924674,0.01169147676136995,0.0021345618509165886,0.004183741227796514,0.0005300069685165402,0.006041869057950661,0.001103089324177355,0.0021620550753876154,0.027743851081429294,1.7168686005515403,0.056095059160061835,0.614373538385678,0.00257469359450935,0.010001115888912816,0.0018259455908602935,0.003578853358086175,0.13477542732374037,3.090727496455631,0.08715918236366738,1.1060026303546753,0.000439544153996929,0.0008119988154993718,0.00014825002263882715,0.0002905700443721012,0.11627037847000002,0.18430481689120537,0.03364930188939078,0.06595263170320594,0.019103583239434042,0.018573576270917495,0.0024958647312404367,0.0021923341857068308,0.016528889644924674,0.0021345618509165886
baseline_oracle_quantile,2000,0.5,1.0,5,False,0.09547617270307047,0.00738598104968198,0.001348489476738835,0.0026430393744081167,0.8867587725535768,0.20673691339242675,0.03774482364467467,0.07397985434356236,0.07849077055440284,0.16327990510356918,0.029810695737509246,0.05842896364551812,0.46420413865417093,0.02166854009337135,0.003956116065781529,0.007753987488931796,0.0,0.0,0.0,0.0,0.03597112179068832,0.05002513983839454,0.009133299177279676,0.017901266387468164,0.017102532611941782,0.041335536949742395,0.007546802004654066,0.01479173192912197,0.017407169451463325,0.011451330861584914,0.0020907174087817088,0.004097806121212149,0.01538503098028512,0.012208105609811335,0.0022288849422996766,0.004368614486907366,0.014008095005815806,0.010390468386744997,0.001897031306154849,0.0037181813600635043,0.0020221384711781986,0.006602535052566563,0.0012054524616697546,0.002362686824872719,0.11616698951639237,0.6289796162617795,0.06827883610789745,0.22507746503784626,0.003399074445647511,0.007582605732539407,0.0013843880681266058,0.002713400613528147,0.19526864807774813,0.9618623051395314,0.0717092667074922,0.3441980054027079,0.0006618479148101506,0.0016954958765295531,0.0003095537792440767,0.0006067254073183904,0.12025989824285795,0.22243581158112924,0.04061103719998445,0.07959763291196952,0.017407169451463325,0.01538503098028512,0.0020907174087817088,0.0022288849422996766,0.014008095005815806,0.001897031306154849
baseline_oracle_quantile,2000,1.0,0.2,5,False,0.09649234097505034,0.007095811069774023,0.0012955119289033655,0.0025392033806505964,0.8558210087241033,0.20473570289411194,0.037379454267260276,0.07326373036383015,0.0982452712485256,0.15548681314450458,0.028387878317945307,0.0556402415031728,0.4448226906454861,0.024061832424552714,0.004393069464612248,0.008610416150640007,0.0,0.0,0.0,0.0,0.006031676438420391,0.006256479561327233,0.0011422716621029838,0.002238852457721848,0.0,0.0,0.0,0.0,0.021299423009220216,0.014774633608606664,0.0026974667021026077,0.0052870347361211115,0.02057725078316212,0.013355215780998235,0.0024383176478672357,0.004779102589819782,0.014452954719511496,0.011691673276418062,0.0021345977294915017,0.004183811549803343,0.000722172226058077,0.005940041171879161,0.001084498180782546,0.00212561643433379,0.03390571780960816,0.43970438492673125,0.04922992956148863,0.15734619336875943,0.006846468289708686,0.00977556312157187,0.0017847654780001766,0.003498140336880346,0.32143914352726743,1.042992643146477,0.06704163558689369,0.37323012400266414,0.0006072668654798167,0.0009025835730237512,0.0001647884609929066,0.0003229853835460969,0.18186844060045187,0.23761436144078732,0.04338224858276832,0.0850292072222259,0.021299423009220216,0.02057725078316212,0.0026974667021026077,0.0024383176478672357,0.014452954719511496,0.0021345977294915017
baseline_oracle_quantile,2000,1.0,0.5,5,False,0.09649032428914898,0.007888814039517609,0.0014402938004690817,0.0028229758489194,0.9170853286921308,0.17587031076664256,0.03210937880077794,0.06293438244952476,0.054333401221084085,0.13602696210026455,0.024835011857071734,0.0486766232398606,0.4477122881561143,0.02631033940685947,0.004803588796251341,0.009415034040652628,0.0,0.0,0.0,0.0,0.012447826950414555,0.012392643626933432,0.002262576820531359,0.0044346505682414635,0.0008248686552833166,0.0041288279977639685,0.0007538174101447383,0.0014774821238836872,0.01900871221759449,0.013220810293150174,0.002413778675351613,0.004731006203689161,0.018661108597799674,0.010996457868412754,0.002007669342394947,0.003935031911094096,0.013535926931565447,0.00828285145900709,0.00151223486152092,0.0029639803285810033,0.00034760361979482325,0.00974602200543539,0.0017793720327728998,0.0034875691842348837,0.01828654228733473,1.2801971768700822,0.09228643126667227,0.45811267625976754,0.005472785286029023,0.013291237454381977,0.0024266368569741833,0.004756208239669399,0.2879093135495747,1.8204658117554826,0.10060411833475368,0.6514453243067484,0.00046988215087799345,0.0011055435111910694,0.00020184370646093792,0.00039561366466343834,0.12918677056637026,0.2161469530122966,0.03946285396694802,0.07734719377521812,0.01900871221759449,0.018661108597799674,0.002413778675351613,0.002007669342394947,0.013535926931565447,0.00151223486152092
baseline_oracle_quantile,2000,1.0,1.0,5,False,0.09463446734106326,0.008116668711462369,0.00148189418168811,0.0029045125961086955,0.8955866566913001,0.18965592839476234,0.034626276715465296,0.06786750236231198,0.07052733260982334,0.14539902157479526,0.026546107985231895,0.052030371651054515,0.440734759208268,0.01731649644673649,0.0031615452402785436,0.0061966286709459455,0.0,0.0,0.0,0.0,0.03626404024670815,0.04352254421858356,0.00794609307617809,0.015574342429309055,0.016349995708993953,0.033277967164483356,0.006075697761301255,0.01190836761215046,0.01783249631980294,0.016649430550698202,0.0030397562274110217,0.005957922205725602,0.015431760798896684,0.013490931717365482,0.002463095874454328,0.004827667913930483,0.01132584735560673,0.009980165663439178,0.0018221206205013831,0.003571356416182711,0.0024007355209062597,0.009128807385445303,0.0016666845760427167,0.0032667017690437244,0.1346270021791759,3.622469239181619,0.0821132574638701,1.2962839692299883,0.006506648964196209,0.014515297547494152,0.002650118631887321,0.005194232518499149,0.36487594599812667,1.5273736646493328,0.10536990216942844,0.5465636464469434,0.0006097661580823199,0.001125785793315518,0.0002055394246392526,0.0004028572722929351,0.1761276472735815,0.22995085540323612,0.04198309020732038,0.08228685680634794,0.01783249631980294,0.015431760798896684,0.0030397562274110217,0.002463095874454328,0.01132584735560673,0.0018221206205013831
baseline_oracle_quantile,2000,2.0,0.2,5,False,0.09474811372327922,0.00822750889792307,0.0015021307384889783,0.002944176247438397,0.9189995078888311,0.19193620422680627,0.035042596218980065,0.06868348858920093,0.05851041827385172,0.1525755334018088,0.027856353789184538,0.05459845342680169,0.3506194212247119,0.017893560544740138,0.0032669022481462005,0.006403128406366553,0.0,0.0,0.0,0.0,0.00626193925604096,0.0049129774288121,0.0008969828540913729,0.0017580863940190909,0.0,0.0,0.0,0.0,0.022955683119971974,0.01597745430032306,0.002917070710598287,0.0057174585927726425,0.016772628286138448,0.01385487037227693,0.0025295416780686908,0.004957901689014634,0.0077883958638328525,0.00853854248565188,0.001558917442535922,0.003055478187370407,0.0061830548338335,0.011107541671168732,0.0020279503772425815,0.003974782739395459,0.26934745533467164,1.8971978040538293,0.07612405328065379,0.6789035151086383,0.015167287256139078,0.013568270132816545,0.002477215872689079,0.004855343110470595,0.6607203617888954,0.8821075354053783,0.058122482219440164,0.3156581275873843,0.00027549395270010644,0.0005499836342605707,0.00010041281424772855,0.00019680911592554796,0.13873089896886395,0.22902022732905392,0.04181318154436132,0.08195383582694818,0.022955683119971974,0.016772628286138448,0.002917070710598287,0.0025295416780686908,0.0077883958638328525,0.001558917442535922
baseline_oracle_quantile,2000,2.0,0.5,5,False,0.09693506802327555,0.008143669288243779,0.0014868237900110529,0.0029141746284216635,0.9596962605805858,0.08321549233593765,0.015193000762097108,0.02977828149371033,0.015056060371058434,0.04557527199860277,0.008320868179356098,0.01630890163153795,0.3547772681705185,0.02006112536646424,0.0036626436307171852,0.007178781516205683,0.0,0.0,0.0,0.0,0.018034908476590297,0.014511568111009865,0.0026494377330575783,0.005192897956792853,0.0012476562086464102,0.004187653416459048,0.0007645574130693988,0.0014985325296160215,0.024640430964943012,0.018295667194066292,0.003340316542265785,0.006547020422840938,0.019021446926835592,0.010773652612200096,0.00196699085414215,0.0038553020741186137,0.006556911405361005,0.005876072210809869,0.0010728190997966057,0.0021027254356013473,0.005618984038107424,0.012620110822305627,0.002304106458530621,0.004516048658720017,0.2280391948542535,68.32020889428682,0.0704847882994398,24.448072769312436,0.01808351955958199,0.01661513469764017,0.0030334946899614333,0.005945649592324409,0.7338962368519528,50.61035945786513,0.04284154427540765,18.110684538764872,0.00014515793951396655,0.0003262335888376157,5.956183187407589e-05,0.00011674119047318875,0.08698418184027493,0.17416168888125017,0.031797428551152467,0.062322959960258835,0.024640430964943012,0.019021446926835592,0.003340316542265785,0.00196699085414215,0.006556911405361005,0.0010728190997966057
baseline_oracle_quantile,2000,2.0,1.0,5,False,0.09471350993790081,0.007805575848790255,0.001425096655566652,0.002793189444910638,0.8944421324088808,0.17480726752928305,0.031915294547209566,0.06255397731253075,0.06743815019019804,0.12887796793630116,0.023529790068046556,0.046118388533371246,0.3440258414196416,0.019580234545031803,0.003574845380518607,0.00700669694581647,0.0,0.0,0.0,0.0,0.044286417388828575,0.04847660595986348,0.008850576865168868,0.01734713065573098,0.01951331838776034,0.041624024362051024,0.007599472359079975,0.014894965823796751,0.03294339132650997,0.019733094936147524,0.003602753741972988,0.007061397334267056,0.02357760851357782,0.014473936339362631,0.0026425671429875543,0.0051794316002556065,0.009529529609949818,0.01093370258733077,0.0019962118480445538,0.003912575222167325,0.009365782812932126,0.0140855287554704,0.002571653944586269,0.005040441731389088,0.2842992914756588,0.6510653492366368,0.06129534075935518,0.2329807430820981,0.02341386171656011,0.01896666580382343,0.0034628235671386484,0.0067871341915917505,0.710730157818291,0.6436019487471495,0.05785238143880365,0.23030999951695708,0.0003200339397346453,0.0005294408731719077,9.666223636716185e-05,0.0001894579832796372,0.19497524238643812,0.23291768035168134,0.042524755856797894,0.08334852147932387,0.03294339132650997,0.02357760851357782,0.003602753741972988,0.0026425671429875543,0.009529529609949818,0.0019962118480445538
baseline_oracle_quantile,10000,0.5,0.2,5,False,0.09879336232220869,0.004360788941574715,0.0007961674906065164,0.0015604882815887721,0.8539829977149894,0.2075119261640964,0.03788632097047402,0.07425718910212908,0.09630830469536424,0.16209172840206337,0.02959376534360364,0.05800378007346313,0.4485975412298186,0.013874668392178314,0.0025331562854333323,0.004964986319449331,0.0,0.0,0.0,0.0,0.005722265729000713,0.007606935207867079,0.0013888300022763497,0.0027221068044616455,0.0,0.0,0.0,0.0,0.009039106681484586,0.006657264600490022,0.001215444664323001,0.0023822715420730818,0.008521737408435074,0.0066675872253234595,0.0012173293091476466,0.002385965445929387,0.008110212453912274,0.006058642706301134,0.001106151759368426,0.002168057448362115,0.0005173692730494925,0.002411234369027006,0.00044022915178260904,0.0008628491374939137,0.05723677032258889,0.6038019466522461,0.04794411599333097,0.2160677516786845,0.0009288942275723066,0.00457242649187785,0.0008348070440452369,0.0016362218063286642,0.10276394120616239,1.2447539377920607,0.08674528252614722,0.44542947604443467,0.00023022859650641758,0.0003846125960063283,7.022033157776247e-05,0.00013763184989241443,0.2177537130262806,0.25642425945565417,0.046816450398473056,0.09176024278100718,0.009039106681484586,0.008521737408435074,0.001215444664323001,0.0012173293091476466,0.008110212453912274,0.001106151759368426
baseline_oracle_quantile,10000,0.5,0.5,5,False,0.09473521908693873,0.005448339974935552,0.0009947262350764445,0.0019496634207498312,0.8112983736571595,0.21716890716946974,0.03964943641515466,0.07771289537370313,0.1317554452216177,0.16554369379973793,0.030224005115614856,0.059239050026605115,0.4485070640106971,0.014197576784749198,0.0025921110223062678,0.005080537603720285,0.0,0.0,0.0,0.0,0.018011306111020788,0.015838604573570447,0.0028917203347830086,0.0056677718561746965,0.0014034471685754337,0.004552919495486074,0.000831245570060921,0.0016292413173194051,0.009322817343419923,0.005467891656372112,0.0009982958673964307,0.0019566599000970042,0.007556886432257024,0.004908720427399553,0.0008962056355243784,0.0017565630456277818,0.006325875435714006,0.005102027325781354,0.0009314984851127355,0.0018257370308209615,0.0017659309111628867,0.0030729140040999976,0.000561034772439697,0.001099628153981806,0.18942030569860935,0.5240698309888625,0.05408688499302781,0.187535980518473,0.0029969419077059026,0.005234630913091047,0.0009557084771046104,0.0018731886151250362,0.3214631154198435,1.095569085818941,0.08853704935077729,0.39204436238412016,0.0002179431191051492,0.0002458248086391036,4.488126429534262e-05,8.796727801887154e-05,0.2575045210606149,0.2258906887917404,0.04124180859387187,0.08083394484398887,0.009322817343419923,0.007556886432257024,0.0009982958673964307,0.0008962056355243784,0.006325875435714006,0.0009314984851127355
baseline_oracle_quantile,10000,0.5,1.0,5,False,0.09560863272001405,0.0040775982475411456,0.0007444641802072732,0.0014591497932062553,0.8235882019451161,0.23928116185804113,0.043686563311897963,0.08562566409132001,0.1265708129515271,0.19101838182622002,0.03487502554145186,0.06835505006124565,0.4562726445917144,0.012666258035112087,0.0023125317483373175,0.004532562226741142,0.0,0.0,0.0,0.0,0.05743419391052687,0.06096324943961803,0.011130315632297657,0.02181541863930341,0.03488960249826834,0.04968246244363965,0.009070735130928225,0.01777864085661932,0.007307566076412324,0.005067312271430976,0.0009251604123284955,0.0018133144081638511,0.00686617531427412,0.004983856803170818,0.0009099235981574139,0.001783450252388531,0.005514192829312555,0.004974567328488406,0.0009082275798804371,0.0017801260565656568,0.0004413907621382118,0.00468499503765077,0.0008553591546403639,0.001676503943095113,0.06040188450200179,1.1802895813840875,0.11357932154660573,0.4223612023667642,0.0017933732470997734,0.0067010404111697884,0.001223436997317129,0.0023979365147415725,0.2454132098631987,1.1996924235667914,0.1482345562672027,0.429304420270975,0.0002271399023080323,0.000407770012707736,7.444827807806508e-05,0.00014591862503300756,0.22383650356955176,0.26379246943689433,0.04816169533685971,0.09439692286024504,0.007307566076412324,0.00686617531427412,0.0009251604123284955,0.0009099235981574139,0.005514192829312555,0.0009082275798804371
baseline_oracle_quantile,10000,1.0,0.2,5,False,0.09379514521624989,0.005918301895267641,0.0010805291500545547,0.0021178371341069274,0.865678079695387,0.23028091908357515,0.042043351315032,0.08240496857746273,0.09328613513788503,0.1878962695974932,0.034305008443206386,0.06723781654868452,0.4430692473410104,0.01635504611858174,0.0029860092293948434,0.0058525780896138925,0.0,0.0,0.0,0.0,0.004560666934866747,0.0056525555614713435,0.0010320107295230447,0.0020227410298651674,0.0,0.0,0.0,0.0,0.014199240676294444,0.008877525716455403,0.0016208070299116117,0.003176781778626759,0.010515165018919803,0.008102137738795742,0.0014792412011841091,0.002899312754320854,0.00754921280142155,0.0051039294798221726,0.0009318457693380708,0.0018264177079026188,0.0036840756573746003,0.0037001368227254842,0.0006755494678874139,0.0013240769570593313,0.2594558217134234,0.4264981416024361,0.044593732546586246,0.1526203998879287,0.0066500278748728575,0.0062089420121501735,0.0011335925327653883,0.002221841364220161,0.4683368657857233,0.5696227930988355,0.046489789803090195,0.20383689865889576,0.00013085491882352314,0.0002030956839972952,3.7080029152419855e-05,7.267685713874291e-05,0.1969838174857899,0.23186453944622964,0.042332479513415455,0.08297165984629429,0.014199240676294444,0.010515165018919803,0.0016208070299116117,0.0014792412011841091,0.00754921280142155,0.0009318457693380708
baseline_oracle_quantile,10000,1.0,0.5,5,False,0.09213434279575301,0.005202100930029956,0.0009497693419320036,0.001861547910186727,0.8727361286089338,0.20675034689548116,0.03774727625555774,0.07398466146089316,0.09106000049191361,0.15679481619338523,0.028626685909664464,0.05610830438294235,0.4447623650283444,0.013665381385675685,0.002494945880615259,0.004890093926005907,0.0,0.0,0.0,0.0,0.02047094666699888,0.023148522317712587,0.004226322615440984,0.00828359232626433,0.004905892372462314,0.012631929281202698,0.002306264204041579,0.004520277839921495,0.01300278816273639,0.0074889942766685775,0.0013672970327861548,0.0026799021842608636,0.00949936805940172,0.005920594303036865,0.0010809476845366228,0.0021186574616917806,0.005657759264213893,0.004148836916053073,0.0007574705221108118,0.0014846422233371912,0.0035034201033346335,0.005433534260830836,0.0009920230938780692,0.0019443652640010157,0.2694360670563587,0.7122981813207329,0.06275237938648169,0.25489263063178996,0.007345028898522478,0.007425936367008892,0.0013557842862695773,0.0026573372010883717,0.5648810706285291,0.8323659185236731,0.0626878683445397,0.297858318586963,0.00018192784223804756,0.00025511022148999016,4.6576540986735595e-05,9.129002033400176e-05,0.24396048503446582,0.26357370663104623,0.048121754895691,0.09431863959555437,0.01300278816273639,0.00949936805940172,0.0013672970327861548,0.0010809476845366228,0.005657759264213893,0.0007574705221108118
baseline_oracle_quantile,10000,1.0,1.0,5,False,0.0953015933923692,0.005812519765003762,0.0010612160637457292,0.002079983484941629,0.9078829412094955,0.14873225709449986,0.027154670746438448,0.053223154663019356,0.05105899461410948,0.10708173186104372,0.019550360012337765,0.03831870562418202,0.4453113554210319,0.012317825302840094,0.0022489169259244744,0.00440787717481197,0.0,0.0,0.0,0.0,0.05184038383230672,0.04845632761315735,0.008846874562528915,0.017339874142556673,0.025188704868733106,0.04032210339946791,0.007361775199314771,0.014429079390656952,0.013237858107979181,0.007443670458534562,0.001359022073591401,0.002663683264239146,0.006924672485839753,0.005702396052862622,0.0010411103166604264,0.002040576220654436,0.0051190121110892516,0.0038424810897380026,0.0007015378565455122,0.001375014198829204,0.006313185622139379,0.005419439618668547,0.000989449776060653,0.0019393215610788797,0.47690385941923086,0.7202782735515061,0.05694643044093308,0.2577482699619572,0.0081188459968899,0.009082094771202356,0.0016581560585290835,0.0032499858747170036,0.6133051080216865,1.2722825857365527,0.07273252071472203,0.4552804761962215,0.00014094212340615681,0.00015228248325958865,2.7802850398059848e-05,5.44935867801973e-05,0.2524515764936967,0.23243602558791177,0.04243681813044909,0.08317616353568022,0.013237858107979181,0.006924672485839753,0.001359022073591401,0.0010411103166604264,0.0051190121110892516,0.0007015378565455122
baseline_oracle_quantile,10000,2.0,0.2,5,False,0.0956128799123239,0.004315350497831399,0.0007878716037344686,0.0015442283433195582,0.8557440234010258,0.21533925737355877,0.039315389593302934,0.07705816360287375,0.09612799216642913,0.17192621619569495,0.031389288945630714,0.0615230063334362,0.35336039229623845,0.009259202332040794,0.0016904913272543939,0.003313363001418612,0.0,0.0,0.0,0.0,0.004516664890308738,0.007921270904810221,0.0014462195862246384,0.0028345903890002913,5.040317365234669e-05,0.00027606955179240326,5.040317365234668e-05,9.879022035859949e-05,0.019714017058028208,0.010068544131084538,0.0018382562472770846,0.0036029822446630856,0.010732879401061223,0.007970766069377853,0.001455256125598346,0.002852302006172758,0.0056715154084752495,0.005099976046030091,0.0009311239743822287,0.0018250029897891682,0.00898113765696696,0.005963382755080249,0.0010887597513315858,0.0021339691126099083,0.4555711619063231,0.3448013959017832,0.04457003487096021,0.12338559489785499,0.014042501649552919,0.008444215273106627,0.0015416957285033822,0.003021723627866629,0.7123105153160239,0.33245995820156593,0.03958129743702051,0.11896926813515858,0.00017023934966681146,0.00022548332012311674,4.11674335908632e-05,8.068816983809187e-05,0.31099407606165613,0.3211891437492444,0.05864084641907686,0.11493605898139064,0.019714017058028208,0.010732879401061223,0.0018382562472770846,0.001455256125598346,0.0056715154084752495,0.0009311239743822287
baseline_oracle_quantile,10000,2.0,0.5,5,False,0.09404427999615664,0.006069724965615353,0.0011081750938399324,0.0021720231839262674,0.8609538552203966,0.1980020638399469,0.03615006559923896,0.07085412857450836,0.09154979456155475,0.15090509144452588,0.027551374208848893,0.05400069344934383,0.3508831287477914,0.010622711543034825,0.001939432911330228,0.0038012885062072466,0.0,0.0,0.0,0.0,0.027003715456839893,0.023278230181154227,0.0042500039230052465,0.008330007689090283,0.005961369870315693,0.014485364206127015,0.002644653576457893,0.00518352100985747,0.02349363237314404,0.009360449805284015,0.0017089765022496315,0.003349593944409278,0.013207417283682124,0.006892301986244347,0.0012583564236678965,0.002466378590389077,0.005521596525780919,0.004881394059025636,0.0008912165460666817,0.001746784430290696,0.010286215089461885,0.005845495626734206,0.0010672366048533745,0.0020917837455126137,0.43782991604228294,0.32121818065554364,0.03337283949668101,0.11494644970486308,0.0179720358473631,0.007753689521087238,0.0014156235515303027,0.002774622160999393,0.7649747626044942,0.272310475564261,0.03166690645093041,0.09744505220618332,0.0001775939221878668,0.00016755765054447417,3.059170162859209e-05,5.99597351920405e-05,0.4138469226531918,0.2666827804295897,0.04868939151316118,0.09543120736579591,0.02349363237314404,0.013207417283682124,0.0017089765022496315,0.0012583564236678965,0.005521596525780919,0.0008912165460666817
baseline_oracle_quantile,10000,2.0,1.0,5,False,0.09422883527754583,0.006355550085588305,0.0011603593824102013,0.0022743043895239947,0.9172043324377964,0.1452497296823431,0.026518851139515666,0.051976948233450705,0.04729208356481391,0.10097683616942972,0.018435763651833404,0.03613409675759347,0.34311553345177637,0.008845518672763798,0.00161496336996863,0.003165328205138515,0.0,0.0,0.0,0.0,0.06379386894141129,0.0578718229991258,0.010565900966855826,0.020709165895037417,0.03636713782208453,0.0500273079926378,0.009133695026275404,0.017902042251499793,0.028565190595249444,0.011611761856944819,0.002120007967142251,0.004155215615598812,0.01483502845287021,0.009477921199936937,0.0017304237464872974,0.003391630543115103,0.007415737534414436,0.005515672175175801,0.0010070193567157909,0.00197375793916295,0.013730162142379184,0.005560535225452366,0.0010152101915941118,0.001989811975524459,0.48066061721508835,0.18706113103847277,0.03232486300748183,0.06693896605343819,0.021149453060834943,0.01011918423835618,0.0018475018236328044,0.0036211035743202967,0.7403925064078615,0.26505098344508415,0.030779865668567042,0.09484727631424328,0.00017713190362192256,0.0001910442502932222,3.487974845575358e-05,6.836430697327702e-05,0.3782456461316906,0.33555070778374824,0.06126289727999441,0.12007527866878905,0.028565190595249444,0.01483502845287021,0.002120007967142251,0.0017304237464872974,0.007415737534414436,0.0010070193567157909
baseline_random,500,0.5,0.2,5,False,-0.0013524660946638433,0.004404224755121143,0.0008040977489008387,0.0015760315878456438,0.9132996926903236,0.1677695374755622,0.03063038671252458,0.06003555795654818,0.05895368366823923,0.13139403708703415,0.02398915934474633,0.04701875231570281,0.017263720813416917,0.011812289722131206,0.002156619178865897,0.0042269735905771585,0.01340857946703336,0.011594643048757527,0.0021168825146749897,0.0041490897287629796,0.01480242942809499,0.009091017693652361,0.0016597851538306626,0.003253178901508099,0.010844246270849968,0.008614871316886609,0.0015728531167543437,0.0030827921088385137,0.03927371616446476,0.027534893046305683,0.005027160679984588,0.009853234932769793,0.03908019707507757,0.028401886736986393,0.005185451347184748,0.010163484640482105,0.04007583819563819,0.027392585876296647,0.005001179064281697,0.009802310965992126,0.0001935190893872167,0.005309085964790555,0.000969302047549955,0.0018998320131979117,0.004927445332058689,1.1560052061808996,0.024732501189005975,0.41367115030554363,-0.0008021220311734033,0.009624553585605131,0.0017571950349177198,0.0034441022684387305,-0.020423889295691167,0.41654731035339354,0.0453104961967793,0.1490595406571238,0.0021444855835843967,0.005015075370037404,0.0009156233025860182,0.0017946216730685956,0.10439936369909855,0.19418848090181617,0.035453803799195285,0.06948945544642275,0.03927371616446476,0.03908019707507757,0.005027160679984588,0.005185451347184748,0.04007583819563819,0.005001179064281697
baseline_random,500,0.5,0.5,5,False,-0.0016824811196673372,0.00442707473350263,0.0008082695651001874,0.0015842083475963672,0.9208668979161784,0.13729411542358805,0.025066361343405705,0.04913006823307518,0.04926567857275466,0.09718924095495159,0.017744246539277305,0.03477872321698352,0.014830270004269145,0.0103008714975063,0.0018806732270487403,0.003686119525015531,0.011002939682618193,0.010055078217062677,0.0018357977189880183,0.003598163529216516,0.013213356840500663,0.009544747987367345,0.0017426245927943764,0.0034155442018769778,0.008958443768360195,0.009492259650581264,0.0017330415774398213,0.0033967614917820494,0.03611356967754695,0.025678533710310442,0.0046882373855979525,0.009188945275771987,0.035452799087400434,0.02480282541722886,0.0045283556569595766,0.00887557708764077,0.03447122947099776,0.025838895032423,0.004717515223422086,0.009246329837907288,0.0006607705901464801,0.004662029430494442,0.0008511662276115896,0.0016682858061187157,0.018297016773651587,0.4919237615055643,0.023028453933396056,0.17603265728960085,0.0016423402065491772,0.008249898810076452,0.0015062185584713004,0.0029521883746037487,0.045477094101010085,1.3706566664578927,0.041290325363258565,0.49048318887836395,0.002078574131065033,0.003605705949070739,0.0006583088280122058,0.0012902853029039235,0.12389878819469326,0.197080046485646,0.035981729031451685,0.0705241889016453,0.03611356967754695,0.035452799087400434,0.0046882373855979525,0.0045283556569595766,0.03447122947099776,0.004717515223422086
baseline_random,500,0.5,1.0,5,False,0.0003753096448128295,0.00513264984687414,0.0009370893669694677,0.0018366951592601567,0.9645654447481816,0.09992472184672302,0.018243674735959826,0.035757602482481256,0.021799719501514835,0.07109134011094212,0.012979443540678271,0.025439709339729413,0.01755711500119898,0.010521754069809867,0.0019210006828522168,0.0037651613383903448,0.01360965970789221,0.010408653218151053,0.0019003513869433576,0.0037246887184089806,0.010813885699267837,0.00738149772551589,0.0013476709374793767,0.002641435037459578,0.00661198505766641,0.007268880077757433,0.0013271098621292171,0.0026011353297732656,0.03505708956172836,0.027645504136609447,0.0050473554097411255,0.009892816603092606,0.034266921648765096,0.026769498678803034,0.004887419426495054,0.009579342075930307,0.03319106824891797,0.026657141719807285,0.004866905946183503,0.009539135654519665,0.000790167912963263,0.005490595703496004,0.001002441040315236,0.0019647844390178622,0.022539461285624895,0.921829975158532,0.027939368156930367,0.32987262009811985,0.0018660213128103799,0.007942721990131029,0.0014501360006623633,0.002842266561298232,0.05322807272762076,0.9828185179668124,0.040015402217467674,0.3516970898531568,0.0010863114738874934,0.002170160261732064,0.0003962152429173222,0.0007765818761179516,0.0719058093059448,0.13833545352057722,0.02525648279864253,0.04950270628533936,0.03505708956172836,0.034266921648765096,0.0050473554097411255,0.004887419426495054,0.03319106824891797,0.004866905946183503
baseline_random,500,1.0,0.2,5,False,0.00087762900512389,0.005832117638744699,0.001064794129588079,0.002086996493992635,0.9254378004047457,0.1366234248019167,0.02494391054920685,0.048890064676445424,0.04593448236550314,0.09874933511209817,0.01802907945984437,0.035336995741294966,0.012910040877542724,0.00902046357731744,0.0016469037934835026,0.003227931435227665,0.009140424229703705,0.008709636504975117,0.0015901547938151092,0.003116703395877614,0.019001163515131557,0.013184794023297672,0.0024072030342064767,0.004718117947044694,0.014836505812332566,0.012996704895312931,0.0023728628148002367,0.004650811117008464,0.035380652926689425,0.027054828272791907,0.0049395132448122195,0.00968144595983195,0.0361477129564299,0.02750121345652399,0.005021011656300936,0.009841182846349834,0.03626210313055964,0.025228872062555276,0.0046061407763578035,0.009028035921661294,-0.0007670600297404564,0.005221178473678024,0.0009532524089312823,0.0018683747215053133,-0.02168021125358721,2.122396778319788,0.027143182458955233,0.7594899330885323,-0.0008814502038702368,0.0077390594655142135,0.0014129524810453362,0.002769386862848859,-0.024913339097970555,3.4056107462638017,0.04135248457197327,1.2186821541696486,0.0016568203444264865,0.003097740757314323,0.0005655674966947304,0.0011085122935216715,0.10315890108084186,0.17368582171216668,0.031710547490191414,0.06215267308077517,0.035380652926689425,0.0361477129564299,0.0049395132448122195,0.005021011656300936,0.03626210313055964,0.0046061407763578035
baseline_random,500,1.0,0.5,5,False,0.00010005346923305676,0.005141068677873075,0.0009386264281847812,0.001839707799242171,0.9116410640055206,0.12344999107703626,0.022538781612234746,0.044176011959980103,0.044495172315931905,0.08728987455430492,0.01593687777839634,0.031236280445656826,0.013835204236521048,0.00954133172961003,0.001742000872315732,0.0034143217097388347,0.010131612408900257,0.009144868045334193,0.0016696168379459046,0.0032724490023739727,0.011593311221561962,0.010823774591297162,0.0019761418336682384,0.003873237993989747,0.007699751848388329,0.010474410949871308,0.0019123570512745432,0.0037482198204981045,0.03950639776320588,0.02601335777348255,0.0047493676163295855,0.009308760528005987,0.03913119372764141,0.026167460483312078,0.004777502793111687,0.009363905474498906,0.038806152780494596,0.027322983228962112,0.00498847141761263,0.009777403978520754,0.00037520403556446323,0.006019032199205635,0.0010989199032849517,0.002153883010438505,0.00949729807848787,4.213591147194871,0.027736798679849715,1.5078142273561648,0.0007002449827112835,0.007527135010399742,0.0013742605461942738,0.002693550670540777,0.017724850210551257,3.7932551380630017,0.03492255164834755,1.3573989182531263,0.0019509439923323267,0.0031054585108953106,0.0005669765592712548,0.0011112740561716593,0.11886154044898434,0.16790776458005244,0.03065562341358722,0.06008502189063095,0.03950639776320588,0.03913119372764141,0.0047493676163295855,0.004777502793111687,0.038806152780494596,0.00498847141761263
baseline_random,500,1.0,1.0,5,False,0.00059064558923277,0.005028523931455905,0.0009180786627376535,0.0017994341789658009,0.9511971561965921,0.0964577587269989,0.017610696767056032,0.03451696566342982,0.025725084834772607,0.05818234292466165,0.010622593889446095,0.020820284023314345,0.0161552599188026,0.009235006984991195,0.0016860738814658167,0.003304704807673001,0.012216950648243128,0.009106870434675746,0.001662679455116261,0.0032588517320278716,0.012428601670621379,0.007269428966477906,0.0013272100750404718,0.0026013317470793247,0.008222910585470682,0.007143779334447324,0.001304269695772014,0.0025563686037131475,0.04453568179557799,0.029452979269049977,0.0053773537104635635,0.010539613272508585,0.04414357084074138,0.030235506171169425,0.00552022292251205,0.010819636928123618,0.04268642151193225,0.026870905109923418,0.004905933623095297,0.009615629901266782,0.00039211095483659996,0.006782156803189366,0.0012382467565479802,0.002426963642834041,0.00880442240979784,0.27323059875381184,0.027825680112505403,0.0977743140608957,0.0018492602836457568,0.008064091342445904,0.0014722949113465797,0.0028856980262392962,0.04152311605184322,3.3717650383495634,0.031163294967329665,1.2065706231394004,0.001516607861844503,0.00348357422305793,0.0006360107275707872,0.0012465810260387429,0.08293171136340972,0.16799157458102004,0.030670924956278718,0.060115012914306286,0.04453568179557799,0.04414357084074138,0.0053773537104635635,0.00552022292251205,0.04268642151193225,0.004905933623095297
baseline_random,500,2.0,0.2,5,False,-8.04174959521e-05,0.004529872175521933,0.0008270377243827879,0.0016209939397902643,0.9319238800657724,0.11283913848087865,0.020601513838475485,0.04037896712341195,0.03645077111972063,0.07407278254877239,0.013523777966379217,0.026506604814103264,0.014369097117757988,0.010269158453388128,0.0018748832438385138,0.003674771157923487,0.010632105993050778,0.009921477587578715,0.001811405692832933,0.003550355157952549,0.01236102031912962,0.009964795236676144,0.001819314377349185,0.0035658561796044026,0.00819024344687413,0.009840765186166481,0.0017966696918583023,0.0035214725960422723,0.037474681434274335,0.0260036996979333,0.004747604301049447,0.009305304430056918,0.03643086882353441,0.026199465146125523,0.004783346018367778,0.009375358196000844,0.03610168404390492,0.024435518488392784,0.004461294893475755,0.008744137991212481,0.0010438126107399108,0.004677527961839656,0.0008539958593535812,0.0016738318843330191,0.02785380877941901,0.323528746725164,0.022892448660009047,0.11577327515406201,0.0013729973903693932,0.009245463558329333,0.0016879829818296518,0.0033084466443861174,0.036638000319695,0.9770008759947413,0.043672897147634844,0.3496152734099565,0.0013195168761438566,0.0022403281386625187,0.00040902608591967437,0.0008016911284025618,0.09497520969830776,0.14644491912523525,0.026737061878970354,0.0524046412827819,0.037474681434274335,0.03643086882353441,0.004747604301049447,0.004783346018367778,0.03610168404390492,0.004461294893475755
baseline_random,500,2.0,0.5,5,False,-0.0010388174290637817,0.0049833409084463,0.0009098294090981085,0.0017832656418322926,0.9429794046046178,0.14465230678754062,0.026409777140897883,0.051763163196159846,0.04019485335017685,0.11164075643121733,0.020382720211439227,0.03995013161442088,0.019112736173962024,0.016008952764702468,0.002922821517087412,0.005728730173491327,0.01528372756328531,0.015793449435248255,0.002883476172167565,0.005651613297448428,0.015573161997514125,0.009598853974043853,0.0017525029492606423,0.003434905780550859,0.011428101379460225,0.009383142110766877,0.0017131195314478856,0.0033577142816378558,0.040735526525327734,0.026303497304509812,0.0048023396049854524,0.009412585625771486,0.04108116069726512,0.02565299650796529,0.004683574951671281,0.00917980690527571,0.039009250521732736,0.02564320896805236,0.00468178799954035,0.009176304479099087,-0.00034563417193738576,0.003732781058068271,0.0006815094625773311,0.0013357585466515689,-0.008484833790536328,0.301770845779526,0.01700094846565538,0.10798731029482792,0.0017262760035950035,0.010046783491707382,0.00183428331625955,0.0035951952998687178,0.04237765289523554,1.0700350276155663,0.04401651104408936,0.3829071170045299,0.0014080939580464395,0.0037988092082318833,0.0006935644983356474,0.0013593864167378688,0.0762353898544136,0.17305455550339846,0.031595294576080374,0.06192677736911753,0.040735526525327734,0.04108116069726512,0.0048023396049854524,0.004683574951671281,0.039009250521732736,0.00468178799954035
baseline_random,500,2.0,1.0,5,False,-0.0003465581712461268,0.005470850961272257,0.0009988361600792124,0.0019577188737552563,0.8995720866502,0.14953945978488078,0.027302045120438614,0.05351200843605968,0.06284540353469148,0.10867984231732283,0.019842133727767414,0.03889058210642413,0.01321330980422009,0.00856156879149606,0.001563121451578212,0.003063718045093296,0.009442898143566877,0.008239832019675186,0.001504380622409817,0.0029485860199232414,0.016804964974087573,0.011206275674581965,0.002045976657529988,0.004010114248758776,0.012620090162326788,0.011052790345039696,0.002017954198451183,0.003955190228964319,0.04287978283380424,0.030355276076008603,0.005542089815375605,0.010862496038136184,0.044977815814587846,0.031200405493043985,0.005696388630616095,0.011164921716007546,0.04356618006927238,0.030747395300160282,0.005613680663475371,0.011002814100411727,-0.002098032980783596,0.005238572887459887,0.0009564281798655841,0.0018745992325365447,-0.04892825574502724,0.6161282816701373,0.022708930449274498,0.22047867401591892,-0.000686397235468155,0.007459902820907724,0.0013619856839358604,0.002669491940514286,-0.016007479285250037,1.2900142948187614,0.03197433353681848,0.46162568680055216,0.0022904460519720233,0.004232742698550562,0.0007727895520371441,0.0015146675219928024,0.1320352021854709,0.19195269892884798,0.035045607725775925,0.06868939114252082,0.04287978283380424,0.044977815814587846,0.005542089815375605,0.005696388630616095,0.04356618006927238,0.005613680663475371
baseline_random,2000,0.5,0.2,5,False,-8.963549904948296e-05,0.0011566016011878455,0.0002111655956723923,0.0004138845675178889,0.903727116099116,0.18221594689628004,0.03326792815075201,0.06520513917547394,0.06935169662855549,0.14324142075481536,0.026152185772167016,0.05125828411344735,0.004814331799928517,0.0027156889515965316,0.0004958146993189918,0.000971796810665224,0.0014947403660604266,0.0019935562041754388,0.0003639719008937541,0.0007133849257517581,0.004216158995522999,0.003287218361282364,0.0006001612159731725,0.0011763159833074182,0.0010813203509304633,0.0025971778882030493,0.0004741776384074802,0.0009293881712786611,0.020467325551421257,0.013936826002246286,0.0025445046604849453,0.004987229134550492,0.020269374023511023,0.014058609491250278,0.0025667391818380014,0.0050308087964024825,0.0205307041327552,0.013055001317061731,0.002383506236538121,0.004671672223614718,0.00019795152791023127,0.0015438286949857583,0.00028186326705582085,0.0005524520034294088,0.009671587399775805,0.5105944170248201,0.013852296380317274,0.18271386556125327,-6.337858133393897e-05,0.002548204459866535,0.0004652363546013897,0.0009118632550187238,-0.0030965736668775445,2.0173301397482377,0.022897533403504085,0.7218923193371038,0.00046695010595459335,0.0009239571085785027,0.00016869071684523198,0.00033063380501665467,0.1027278082650913,0.1891837731481029,0.034540073355718695,0.06769854377720864,0.020467325551421257,0.020269374023511023,0.0025445046604849453,0.0025667391818380014,0.0205307041327552,0.002383506236538121
baseline_random,2000,0.5,0.5,5,False,0.00036958403267443163,0.0014910959254497756,0.0002722356245909612,0.0005335818241982839,0.9137863333290225,0.16552062435313245,0.030219793230183194,0.05923079473115906,0.05695125056800689,0.13044480350207094,0.023815853795804382,0.046679073439776585,0.0036939234633142537,0.0023243921586395128,0.0004243740059249959,0.0008317730516129919,0.0008104926155544598,0.0013979917110669032,0.0002552371984521958,0.0005002649089663037,0.004999206757880061,0.0032946940986397547,0.0006015260926347148,0.001178991141564041,0.001594907503411133,0.0025331926709005166,0.0004624955894529912,0.0009064913553278627,0.019103583239434042,0.01367041413781956,0.0024958647312404367,0.0048918948732312555,0.018901189163272037,0.013838977317352893,0.0025266400165055033,0.004952214432350786,0.01872268664473729,0.013374536706328526,0.0024418451500789937,0.004786016494154828,0.00020239407616197188,0.0014525771625570336,0.0002652030928164453,0.0005197980619202327,0.010594560906470152,1.1430330634022456,0.01403857743075524,0.4090291286290999,0.00038089659469675374,0.0029327690920777695,0.0005354479292283133,0.0010494779412874942,0.01993848954527533,2.9443706233641325,0.02760716038748696,1.0536294959404275,0.0004317803053262589,0.0010107707660301298,0.00018454064967382618,0.0003616996733606993,0.09157681714361934,0.16921960437059563,0.030895131495291675,0.060554457730771685,0.019103583239434042,0.018901189163272037,0.0024958647312404367,0.0025266400165055033,0.01872268664473729,0.0024418451500789937
baseline_random,2000,0.5,1.0,5,False,0.00018262684967082688,0.0012036972279144337,0.00021976404137839082,0.000430737521101646,0.9248284891130366,0.16555038873703337,0.030225227438340788,0.059241445779147944,0.05353393325000533,0.13016871477276082,0.02376544712083235,0.0465802763568314,0.0030801092468514765,0.0018582976561959128,0.00033927718161916044,0.0006649832759735544,0.00039237040053784986,0.0009300046023183279,0.00016979483309112318,0.00033279787285860144,0.0037289271410847298,0.002057608099360444,0.0003756661235083488,0.0007363056020763636,0.0006244038511427401,0.0011853273286594483,0.00021641017197803988,0.00042416393707695816,0.017407169451463325,0.011451330861584914,0.0020907174087817088,0.004097806121212149,0.017266458227140895,0.011451501397904578,0.002090748544311427,0.004097867146850397,0.01698585389196752,0.011412944803595414,0.0020837091054968586,0.004084069846773843,0.0001407112243224307,0.0012722190434055877,0.00023227435605362816,0.00045525773786511117,0.008083521259144244,0.20830856841394496,0.013325109493060101,0.07454226387005819,0.0004213155594958068,0.0026069929065726787,0.00047596960739527136,0.0009329004304947318,0.02420356512703381,0.20776863028856296,0.027123318791376864,0.07434904949331805,0.0004150385843833051,0.0011083541102403956,0.00020235684929407742,0.0003966194246163917,0.07705355993229235,0.17568677640587957,0.03207587016428888,0.0628687055220062,0.017407169451463325,0.017266458227140895,0.0020907174087817088,0.002090748544311427,0.01698585389196752,0.0020837091054968586
baseline_random,2000,1.0,0.2,5,False,-0.00012116673695881956,0.0010308830023522048,0.00018821262484565126,0.00036889674469747644,0.9167335560587274,0.14740249938873465,0.026911891315950474,0.05274730697926293,0.05035975267675363,0.1112724154930375,0.020315470664541323,0.039818322502500995,0.0043296473270530164,0.003036143900210072,0.0005543215006589235,0.00108647014129149,0.00139672678216151,0.002032970511048353,0.0003711679358813295,0.0007274891543274058,0.0037429623916442134,0.001998810539689762,0.0003649312069223859,0.0007152651655678763,0.0006177746323519033,0.0009162119705074464,0.0001672766545677288,0.0003278622429527484,0.021299423009220216,0.014774633608606664,0.0026974667021026077,0.0052870347361211115,0.02126642011556142,0.014443330252478974,0.0026369792615931736,0.00516847935272262,0.020346078520217102,0.013962790776495555,0.0025492451580038963,0.004996520509687637,3.3002893658786905e-05,0.0015300168968612454,0.00027934158925831977,0.0005475095149463068,0.0015494736005060572,0.1706458475104761,0.013064177786441974,0.061064832283702034,0.00095334448900308,0.0021564191609444745,0.0003937064726285507,0.0007716646863519593,0.04475916970100202,0.23383170033117995,0.016786449024527906,0.08367559932836797,0.0003794128838595266,0.000779137138134912,0.00014225032864883662,0.00027881064415171975,0.09044205648789064,0.15726454180000018,0.028712445679858065,0.056276393532521805,0.021299423009220216,0.02126642011556142,0.0026974667021026077,0.0026369792615931736,0.020346078520217102,0.0025492451580038963
baseline_random,2000,1.0,0.5,5,False,-1.5569650344499105e-05,0.0012377325621097978,0.00022597801480873345,0.00044291690902511756,0.8820951766267778,0.17323049264000046,0.03162741615555364,0.06198973566488513,0.07813187713579996,0.13286641100259639,0.024257976813624876,0.04754563455470476,0.003961446381459278,0.0025227012899334644,0.00046058013411464624,0.0009027370628647066,0.0010602525430352698,0.0015647027890648329,0.0002856743377873522,0.0005599217020632103,0.0038670626629445297,0.002896530433124815,0.0005288316855742234,0.001036510103725478,0.0009373991674035166,0.001913901038825044,0.00034942892393234913,0.0006848806909074043,0.01900871221759449,0.013220810293150174,0.002413778675351613,0.004731006203689161,0.01860846865339341,0.013943473645438001,0.0025457183485283947,0.004989607963115653,0.018992096492116792,0.014237635080921232,0.0025994246331158166,0.005094872280907,0.00040024356420107285,0.0019772111606884317,0.00036098771788667524,0.0007075359270578835,0.021055795869781124,0.17184212272088883,0.019958227748843187,0.06149291386995054,1.661572547771899e-05,0.0033105651213420147,0.0006044237316829497,0.0011846705140985813,0.0008741110543154518,0.31338188618833507,0.03181888758852599,0.11214226774352694,0.0004847488218150633,0.0008447898479917132,0.0001542368186988072,0.0003023041646496621,0.11547993739802345,0.1808260212354604,0.033014163604856615,0.06470776066551896,0.01900871221759449,0.01860846865339341,0.002413778675351613,0.0025457183485283947,0.018992096492116792,0.0025994246331158166
baseline_random,2000,1.0,1.0,5,False,1.6484511846817423e-05,0.00124464812372282,0.00022724061783982314,0.00044539161096605336,0.8848888434616835,0.17946097773966319,0.032764941899982004,0.06421928612396473,0.07621337623009408,0.14166433063713865,0.02586424982794368,0.050693929662769616,0.00389812342615998,0.002159172490033463,0.0003942091594453087,0.000772649952512805,0.0007656378413228098,0.0014791440751502519,0.00027005352525330317,0.0005293049094964742,0.00388632257439527,0.0026400473152995607,0.000482004489156841,0.0009447287987474084,0.0008501191804448233,0.0016313014450292456,0.00029783353317776383,0.0005837537250284171,0.01783249631980294,0.016649430550698202,0.0030397562274110217,0.005957922205725602,0.0179835535614805,0.016526559873877952,0.0030173232136275624,0.0059139534987100225,0.018618353211209405,0.015342672876434085,0.00280117600894854,0.005490304977539139,-0.00015105724167753892,0.0010054954803328188,0.00018357751868259233,0.00035981193661788094,-0.008470897117741849,0.6232270335739071,0.010610375569577576,0.2230189297604995,-0.0007858568914064321,0.0028498086625624317,0.000520301496353024,0.001019790932851927,-0.04406880995869167,2.2490030966093824,0.033739761966059205,0.8047954222357936,0.0005749872029046868,0.0011252862011943536,0.0002054482120144814,0.0004026784955483836,0.1229983343401855,0.18413338712428226,0.0336180032392669,0.06589128634896312,0.01783249631980294,0.0179835535614805,0.0030397562274110217,0.0030173232136275624,0.018618353211209405,0.00280117600894854
baseline_random,2000,2.0,0.2,5,False,-0.0002697881961304515,0.0010996317378919103,0.00020076436926400254,0.000393498163757445,0.8695221795275869,0.17619753859556594,0.032169122155226194,0.06305147942424334,0.08673089115487928,0.13487445438477044,0.02462459369924678,0.04826420365052368,0.003411794536130033,0.002443526405754132,0.00044612484409701977,0.0008744046944301587,0.0007463303003580666,0.0015162112287721316,0.0002768210306470408,0.0005425692200682,0.0038145702194239597,0.0021130294663098143,0.0003857846344569959,0.000756137883535712,0.0006851200124655198,0.0011060949710215578,0.00020194438879051008,0.00039581100202939974,0.022955683119971974,0.01597745430032306,0.002917070710598287,0.0057174585927726425,0.022864401752246803,0.015845448496106328,0.0028929698583679154,0.005670220922401114,0.022058291881272493,0.01618690993701419,0.0029553119029357335,0.005792411329754037,9.128136772518e-05,0.0011500520648034262,0.00020996981939940988,0.00041154084602284337,0.003976416961678386,0.22900617090110065,0.009084546981427981,0.08194880579880512,0.0008973912386994568,0.0027246348722848876,0.0004974479935052135,0.0009749980672702184,0.03909233430386261,0.6102837140101709,0.022193808034499534,0.21838722233904942,0.0006265659767799599,0.0010918862137657315,0.00019935023650279965,0.0003907264635454873,0.1372827134178934,0.19027866268697274,0.034739971921857175,0.06809034496684006,0.022955683119971974,0.022864401752246803,0.002917070710598287,0.0028929698583679154,0.022058291881272493,0.0029553119029357335
baseline_random,2000,2.0,0.5,5,False,0.00012342129462271787,0.0010866525541972409,0.00019839470536814463,0.00038885362252156347,0.906100766769406,0.17523844626759635,0.031994016654306505,0.06270827264244075,0.06593664138564445,0.13680130376424013,0.024976386655930237,0.04895371784562327,0.003846761300893333,0.0031809412720884135,0.0005807577629406675,0.0011382852153637082,0.0009145841625095535,0.002587408512640981,0.00047239400261811867,0.0009258922451315126,0.004315464905086287,0.0033001199748243044,0.0006025167175615507,0.0011809327664206394,0.0011792284025054132,0.0026070424069710146,0.00047597864489019604,0.0009329181439847842,0.024640430964943012,0.018295667194066292,0.003340316542265785,0.006547020422840938,0.024599852033849724,0.018405000630322285,0.003360278005374772,0.006586144890534554,0.02355551674679132,0.017576614119936572,0.0032090360126843577,0.006289710584861341,4.057893109330336e-05,0.0020283852928675273,0.0003703307934050891,0.0007258483550739746,0.0016468433994122345,9.128863103411645,0.015030747981565482,3.2667217074619135,0.0010849142181516807,0.0033201959801576544,0.0006061820778901074,0.0011881168726646104,0.04402983940074945,3.8972222035686834,0.023491317477361686,1.3946030548363113,0.0005839911848040998,0.0011120000340068673,0.0002030225008573577,0.0003979241016804211,0.12228082375439821,0.1979937248233593,0.036148543110074816,0.07085114449574664,0.024640430964943012,0.024599852033849724,0.003340316542265785,0.003360278005374772,0.02355551674679132,0.0032090360126843577
baseline_random,2000,2.0,1.0,5,False,0.00010927335779484499,0.0011979811644439657,0.00021872043574408862,0.00042869205405841366,0.8420854515108004,0.23351750244046612,0.04263426788630366,0.08356316505715516,0.11793169626470253,0.19319111294311175,0.035271710156156856,0.06913255190606743,0.0038046744645617663,0.003063279824317894,0.0005592758199097909,0.0010961806070231902,0.00106333574486001,0.0022623446573869954,0.000413045733900718,0.0008095696384454072,0.003646338129032716,0.002831515312829961,0.0005169616029194222,0.0010132447417220674,0.00080536303720877,0.0019805415779125886,0.00036159576609986674,0.0007087277015557388,0.03294339132650997,0.019733094936147524,0.003602753741972988,0.007061397334267056,0.03275845426897904,0.01952681342567101,0.003565092063144913,0.006987580443764029,0.03254260225758437,0.01971045206559344,0.003598619738316608,0.007053294687100552,0.00018493705753092662,0.0014831191308052342,0.00027077926780316063,0.0005307273648941949,0.005613783222800928,0.12757443806151061,0.008134000414312908,0.0456519263583922,0.00040078906892557995,0.002268096524046057,0.0004140958762730279,0.0008116279174951346,0.012165993019761734,0.14744840963475073,0.012550584824957856,0.05276373574980716,0.0009106917089472433,0.0016111151285801383,0.0002941480328870593,0.0005765301444586361,0.1674506718185373,0.2330572394151831,0.04255023573919263,0.08339846204881755,0.03294339132650997,0.03275845426897904,0.003602753741972988,0.003565092063144913,0.03254260225758437,0.003598619738316608
baseline_random,10000,0.5,0.2,5,False,-2.7491963751323282e-05,0.00021674223073568232,3.9571536312640915e-05,7.756021117277619e-05,0.907087687195966,0.16498798696221714,0.030122547392191525,0.059040192888695386,0.06309104394369983,0.12596612819641498,0.022998163298254676,0.045076400064579164,0.0009120315172689604,0.0006351643684899549,0.00011596461744849061,0.0002272906501990416,0.0,0.0,0.0,0.0,0.00075909154303049,0.0006395910489152835,0.00011677281502309696,0.00022887471744527003,0.0,0.0,0.0,0.0,0.009039106681484586,0.006657264600490022,0.001215444664323001,0.0023822715420730818,0.009034399230856376,0.006681182221050036,0.0012198114044238571,0.00239083035267076,0.009022197196754931,0.006604351092033897,0.0012057840235969474,0.002363336686250017,4.707450628198479e-06,0.00023725047447790927,4.3315812216784865e-05,8.489899194489833e-05,0.0005207871523247309,0.09846749702019099,0.004798377651199454,0.03523614127536714,1.6909484729653948e-05,0.0005689357393049627,0.00010387297939606888,0.000203591039616295,0.0018707030822294746,0.21912915071859532,0.011460169414912829,0.07841435951894236,8.640467118955816e-05,0.0001816853757962322,3.3171059564133165e-05,6.501527674570101e-05,0.09788004584431913,0.17140930936122642,0.03129491510117505,0.06133803359830309,0.009039106681484586,0.009034399230856376,0.001215444664323001,0.0012198114044238571,0.009022197196754931,0.0012057840235969474
baseline_random,10000,0.5,0.5,5,False,-5.734327702940369e-05,0.0002315137690748615,4.226843789844786e-05,8.28461382809578e-05,0.8738944274965641,0.19800804291537727,0.036151157224067705,0.0708562681591727,0.08926182903365444,0.157964576652695,0.028840253973144988,0.05652689778736417,0.0007153308710476749,0.0004578954147324424,8.359988254238068e-05,0.00016385576978306614,0.0,0.0,0.0,0.0,0.0008655990476241862,0.0006863613530157529,0.00012531186521549812,0.0002456112558223763,0.0,0.0,0.0,0.0,0.009322817343419923,0.005467891656372112,0.0009982958673964307,0.0019566599000970042,0.009388437114550332,0.005464178661675305,0.0009976179704126512,0.001955331222008796,0.009392476989730003,0.0054861348680729305,0.0010016266069197241,0.0019631881495626594,-6.561977113040749e-05,0.0003145326272452044,5.742553833785415e-05,0.00011255405514219414,-0.00703862027037605,0.09221818251515103,0.006235888776617046,0.03299985280010878,-6.965964631006786e-05,0.0006194653060704728,0.00011309837390887995,0.0002216728128614047,-0.007471952280524441,0.20409171468329218,0.012179361371985907,0.07303328214220567,0.00011826233915406344,0.00021716910811507526,3.964947310263498e-05,7.771296728116457e-05,0.12258793715266073,0.19832691312522127,0.03620937469301703,0.07097037439831337,0.009322817343419923,0.009388437114550332,0.0009982958673964307,0.0009976179704126512,0.009392476989730003,0.0010016266069197241
baseline_random,10000,0.5,1.0,5,False,2.776708526595902e-05,0.00023086589639785408,4.215015307191845e-05,8.261430002096016e-05,0.8693094449808972,0.2384919777607551,0.04354247866786199,0.0853432581890095,0.0998405000949613,0.20059958073428105,0.03662430513141482,0.07178363805757304,0.0006601572066780701,0.00042801774300640997,7.814499095235326e-05,0.00015316418226661238,0.0,0.0,0.0,0.0,0.0007112791162739821,0.000604362053758143,0.00011034090991449492,0.00021626818343241006,0.0,0.0,0.0,0.0,0.007307566076412324,0.005067312271430976,0.0009251604123284955,0.0018133144081638511,0.007443063595366023,0.005052804477229025,0.0009225116636138118,0.0018081228606830712,0.007334775323058951,0.004872979215399919,0.000889680212842787,0.0017437732171718626,-0.00013549751895368788,0.0003323222562933256,6.0673465377622526e-05,0.00011891999214014015,-0.018542086042993677,0.1505250067691678,0.00879915971000562,0.05386468189504613,-2.7209246646627387e-05,0.0006522723130274814,0.0001190880864937408,0.00023341264952773195,-0.003723434911448109,0.17700417075196845,0.016470526521223213,0.06334012903432153,0.0001762640476988237,0.0003666950284661919,6.694904627197745e-05,0.00013122013069307578,0.13823179771045302,0.23921194929772382,0.043673926885048474,0.085600896694695,0.007307566076412324,0.007443063595366023,0.0009251604123284955,0.0009225116636138118,0.007334775323058951,0.000889680212842787
baseline_random,10000,1.0,0.2,5,False,-2.7358172714348308e-05,0.00031838375455042625,5.812865477015218e-05,0.00011393216334949827,0.9195193856733933,0.17035257574376647,0.031101982821322767,0.06095988632979262,0.05759032771571167,0.13388693521332237,0.02444429819052314,0.04791082445342535,0.0006803746463580079,0.0005700926490167987,0.00010408420124479199,0.0002040050344397923,0.0,0.0,0.0,0.0,0.0006423341432422349,0.0005035256999679768,9.193079471867974e-05,0.00018018435764861229,0.0,0.0,0.0,0.0,0.014199240676294444,0.008877525716455403,0.0016208070299116117,0.003176781778626759,0.014183073423195702,0.0089169747775409,0.001628009410121254,0.0031908984438376578,0.014035601527012359,0.008915333947624204,0.0016277098369351193,0.003190311280392834,1.6167253098728824e-05,0.00022377737657055993,4.0855972335674576e-05,8.007770577792216e-05,0.0011385998355344373,0.03955635674799183,0.0029014934698562995,0.01415506047061659,0.00016363914928208312,0.0005151200878774651,9.404763065151036e-05,0.0001843333560769603,0.01152450000761518,0.157936833107532,0.00681002736318315,0.05651696988723036,7.661034597613808e-05,0.00017104133627508002,3.122773271456266e-05,6.120635612054281e-05,0.0840974348771509,0.1698867830079779,0.031016941091818285,0.060793204539963834,0.014199240676294444,0.014183073423195702,0.0016208070299116117,0.001628009410121254,0.014035601527012359,0.0016277098369351193
baseline_random,10000,1.0,0.5,5,False,5.5722826180578147e-05,0.0003565271563624913,6.509265530096932e-05,0.00012758160438989987,0.8295426695892968,0.23099031946744084,0.042172869512547353,0.08265882424459281,0.12996827233797156,0.1863684660747504,0.034026070958925694,0.06669109907949436,0.0006754855832249477,0.00047387112652869383,8.651663511671678e-05,0.0001695726048287649,0.0,0.0,0.0,0.0,0.0008057047366470334,0.0005419117504059663,9.893909662481902e-05,0.00019392062938464527,0.0,0.0,0.0,0.0,0.01300278816273639,0.0074889942766685775,0.0013672970327861548,0.0026799021842608636,0.013035623342922444,0.007599939092379995,0.0013875526921872873,0.002719603276687083,0.01298891205403409,0.0074698959904997315,0.001363810178738033,0.0026730679503265448,-3.283518018604613e-05,0.0003639864392502318,6.645452780111191e-05,0.00013025087449017935,-0.002525241492447927,0.05030365525323446,0.005042143593310091,0.01800093184867771,1.3876108702288999e-05,0.00042690148949440045,7.794119187621261e-05,0.0001527647360773767,0.0010671640980868258,0.08258118476126747,0.005987024586578956,0.02955129744324207,0.00017819979994456762,0.00026880249990942804,4.907639757139137e-05,9.618973923992708e-05,0.1731974972113723,0.23350582998591457,0.04263213679741721,0.08355898812293773,0.01300278816273639,0.013035623342922444,0.0013672970327861548,0.0013875526921872873,0.01298891205403409,0.001363810178738033
baseline_random,10000,1.0,1.0,5,False,-5.4889063301115864e-05,0.0002517026024857291,4.595439772139657e-05,9.007061953393728e-05,0.8809458991939769,0.1983179449189743,0.03620773733006309,0.07096716516692365,0.08267662503383462,0.16127132704377517,0.0294439812335562,0.05771020321777015,0.000881635241262449,0.0006961149025532319,0.00012709261158130522,0.0002491015186993582,0.0,0.0,0.0,0.0,0.0007020540333694165,0.0004748378814675903,8.669313961258783e-05,0.00016991855364067215,0.0,0.0,0.0,0.0,0.013237858107979181,0.007443670458534562,0.001359022073591401,0.002663683264239146,0.013228791674828448,0.007439569319925417,0.0013582733115488396,0.0026622156906357256,0.013170017781378513,0.007349998197078511,0.001341919936720734,0.0026301630759726384,9.066433150731917e-06,0.0002441103209282747,4.456824309741383e-05,8.73537564709311e-05,0.0006848867148128157,0.06466302789028615,0.0033651261288391017,0.023139367354569004,6.784032660066198e-05,0.00047470626445845316,8.666910974430257e-05,0.00016987145509883304,0.005124720785440129,0.06950754148002979,0.006447507418185985,0.024872954278421046,0.00012597888140188256,0.00025114056521465395,4.5851784224221076e-05,8.98694970794733e-05,0.12404639849777135,0.20437494134832215,0.03731358852175711,0.07313463350264393,0.013237858107979181,0.013228791674828448,0.001359022073591401,0.0013582733115488396,0.013170017781378513,0.001341919936720734
baseline_random,10000,2.0,0.2,5,False,-6.424858035638994e-05,0.00028420153725717797,5.188786427780042e-05,0.00010170021398448883,0.8438239944136627,0.22168992747436747,0.040474858016465116,0.07933072171227162,0.11507664996911622,0.18002686826486622,0.03286825890189272,0.06442178744770972,0.00079497398315219,0.000542959954450897,9.913047162491127e-05,0.00019429572438482609,0.0,0.0,0.0,0.0,0.0009407407334083395,0.0007674869610764851,0.0001401233070575601,0.0002746416818328178,0.0,0.0,0.0,0.0,0.019714017058028208,0.010068544131084538,0.0018382562472770846,0.0036029822446630856,0.019669154978365345,0.010006691203772018,0.0018269634994314864,0.0035808484588857135,0.019521719103461163,0.009965355747498968,0.0018194167121563137,0.0035660567558263748,4.48620796628638e-05,0.00029792589356437933,5.4393577456697916e-05,0.00010661141181512791,0.002275643747837508,0.05272318979016571,0.002719955282595956,0.01886675116311055,0.0001922979545670244,0.0003904696176049358,7.128967252754655e-05,0.00013972775815399125,0.009754376999929315,0.03146043598666832,0.003470888896124577,0.011257972433112415,0.00016466466291947685,0.0002793948325838449,5.101028408551708e-05,9.998015680761347e-05,0.15957951262248707,0.22361762737631294,0.040826806256597126,0.08002054026293036,0.019714017058028208,0.019669154978365345,0.0018382562472770846,0.0018269634994314864,0.019521719103461163,0.0018194167121563137
baseline_random,10000,2.0,0.5,5,False,-3.443436715161072e-05,0.0001940242351495033,3.5423816764689895e-05,6.943068085879219e-05,0.8930784460351112,0.19426868405222272,0.03546844682408217,0.06951815577520105,0.08000036669256029,0.15305127875345648,0.027943212609426425,0.05476869671447579,0.0008394463302818636,0.0005794022486835295,0.00010578389382439568,0.00020733643189581555,0.0,0.0,0.0,0.0,0.00079168154340685,0.0004735259381000876,8.645361262040432e-05,0.00016944908073599247,0.0,0.0,0.0,0.0,0.02349363237314404,0.009360449805284015,0.0017089765022496315,0.003349593944409278,0.02354183232960748,0.009268087544769571,0.0016921135377343218,0.0033165425339592705,0.02352213066400948,0.009163669326413234,0.0016730494665315664,0.00327917695440187,-4.8199956463428164e-05,0.0003358500230449469,6.131754452011577e-05,0.00012018238725942691,-0.00205161788938768,0.18161662220571015,0.0026573187318199173,0.06499067358930792,-2.8498290865433648e-05,0.0006615156979548142,0.0001207756899712086,0.00023672035234356884,-0.001213021912184864,0.22616735691601597,0.005170545199757061,0.08093294926075967,9.258956351933133e-05,0.00019735441455809617,3.603182155889841e-05,7.062237025544088e-05,0.0973166716285252,0.1883455580396504,0.034387036914738336,0.06739859235288714,0.02349363237314404,0.02354183232960748,0.0017089765022496315,0.0016921135377343218,0.02352213066400948,0.0016730494665315664
baseline_random,10000,2.0,1.0,5,False,-1.84050864006252e-05,0.00022044332908309017,4.024726133011437e-05,7.888463220702417e-05,0.8801039855797934,0.1721954238202907,0.031438439308511874,0.06161934104468327,0.07913728062930664,0.13202058869171573,0.02410355149385472,0.04724296092795525,0.0008505497875001066,0.0008107596792166697,0.00014802378834087414,0.0002901266251481133,2.0040370312449993e-05,0.00010976562880885713,2.004037031244999e-05,3.927912581240198e-05,0.0007728045037594766,0.0005489579594545141,0.00010022555250508125,0.00019644208290995924,0.0,0.0,0.0,0.0,0.028565190595249444,0.011611761856944819,0.002120007967142251,0.004155215615598812,0.02859340380636326,0.011690168861694388,0.002134323062198169,0.004183273201908411,0.02848849165362599,0.011777953311026802,0.0021503502365640133,0.004214686463665466,-2.821321111379532e-05,0.0002925246464574825,5.3407449163662283e-05,0.00010467860036077808,-0.0009876780279038933,0.012294805655446259,0.0018522340091352675,0.004399639699784936,7.669894162346125e-05,0.0005999566456721804,0.00010953659611992914,0.0002146917283950611,0.002685049181370025,0.027185676165626522,0.003889845517384934,0.009728269276936874,0.0001016912775721891,0.0001616371589289479,2.951077269214411e-05,5.784111447660246e-05,0.12475940503099178,0.17305905897196383,0.03159611679318713,0.06192838891464677,0.028565190595249444,0.02859340380636326,0.002120007967142251,0.002134323062198169,0.02848849165362599,0.0021503502365640133
