method,n,z_effect_scale,zx_influence_scale,n_strata,ARI_mean,ARI_sd,ARI_se,ARI_ci95,C1_heterogeneity_mean,C1_heterogeneity_sd,C1_heterogeneity_se,C1_heterogeneity_ci95,W_true_mean,W_true_sd,W_true_se,W_true_ci95,W_est_mean,W_est_sd,W_est_se,W_est_ci95,bias_crude_mean,bias_crude_sd,bias_crude_se,bias_crude_ci95,bias_stratified_mean,bias_stratified_sd,bias_stratified_se,bias_stratified_ci95,bias_reduction_mean,bias_reduction_sd,bias_reduction_se,bias_reduction_ci95,bias_reduction_relative_mean,bias_reduction_relative_sd,bias_reduction_relative_se,bias_reduction_relative_ci95,abs_bias_crude_mean,abs_bias_stratified_mean,abs_bias_crude_se,abs_bias_stratified_se
1A_predicted_prob,500,0.5,0.2,3,0.0012211793849906472,0.0048889822955516405,0.0008926019621723409,0.001749499845857788,0.8459945135694639,0.2263205759826486,0.04132029489775285,0.08098777799959558,0.02924506908467788,0.025810662017728487,0.004712360603750566,0.009236226783351108,0.09648334509054377,0.10190191533438678,0.01860465922720841,0.036465132085328485,0.040271184992797325,0.0266365921357944,0.004863154122613102,0.009531782080321679,0.03992499113018477,0.02570645655602431,0.00469333537642036,0.009198937337783906,0.00034619386261252987,0.00423204196646228,0.0007726616164466374,0.0015144167682354093,0.008596565079335816,0.6141821065154074,0.018905848154118055,0.21978224418095912,0.040271184992797325,0.03992499113018477,0.004863154122613102,0.00469333537642036
1A_predicted_prob,500,0.5,0.2,5,-0.0007664230173449034,0.004304589230116375,0.000785906874042845,0.001540377473123976,0.9146479248500824,0.16499545799717738,0.030123911410316735,0.0590428663642208,0.03457439748308038,0.0316656319616232,0.0057813269743458625,0.01133140086971789,0.07564076202004512,0.08709784510101766,0.015901818157306066,0.031167563588319888,0.04190328653753425,0.027913380581012285,0.005096262733482362,0.00998867495762543,0.04296740984069296,0.028426791945361844,0.005189998395326949,0.01017239685484082,-0.00106412330315868,0.007357779498297427,0.001343340601455515,0.002632947578852809,-0.025394745641383887,0.2924812479162386,0.03239469009856097,0.10466307039224336,0.04190328653753425,0.04296740984069296,0.005096262733482362,0.005189998395326949
1A_predicted_prob,500,0.5,0.2,10,0.001306401178092261,0.004536797055508411,0.0008283020287083246,0.0016234719762683162,0.9893764466232374,0.03263566112384886,0.0059584292588754735,0.011678521347395927,0.056071863426349546,0.02773108686165671,0.005062980606088174,0.009923441987932822,0.09710255195604311,0.08594192085507774,0.015690776229216583,0.030753921409264504,0.045226008147074274,0.027634726552097387,0.0050453877010235675,0.009888959894006191,0.04483421055744518,0.028173201636682774,0.0051436993511842066,0.010081650728321045,0.00039179758962909646,0.0077778124552871815,0.0014200277766018101,0.002783254442139548,0.008663103503518954,2.2975315984297695,0.03134486226926669,0.8221611235867119,0.045226008147074274,0.04483421055744518,0.0050453877010235675,0.0051436993511842066
1A_predicted_prob,500,0.5,0.5,3,0.0038701764148065766,0.005411288586797771,0.0009879616080531305,0.0019364047517841357,0.8598781560887818,0.23055069884350557,0.04209260613505607,0.08250150802470989,0.09669220160997735,0.053179950071671284,0.009709286087084278,0.019030200730685187,0.08069033829631028,0.07928220936280875,0.01447488482561921,0.028370774258213653,0.02987465577786515,0.027752988962827078,0.005066979364377431,0.009931279554179764,0.029090797626793133,0.026124153718534552,0.00476959609579128,0.009348408347750909,0.0007838581510720034,0.007945142790276576,0.001450577976278006,0.0028431328335048914,0.02623823206200082,21.30531775896629,0.047218426796877586,7.624010045848817,0.02987465577786515,0.029090797626793133,0.005066979364377431,0.00476959609579128
1A_predicted_prob,500,0.5,0.5,5,0.00566143262246192,0.006440222915669317,0.001175818455424592,0.0023046041726322002,0.9218830787949935,0.17150417490348233,0.03131223510031622,0.06137198079661979,0.11881360727355086,0.045081166550469946,0.008230657279446583,0.0161320882677153,0.13463569967489428,0.13217901383432226,0.024132475835281907,0.04729965263715254,0.035114820406411,0.027193748602235383,0.0049648765108563,0.009731157961278348,0.03551892497504027,0.025437954183923393,0.004644313774439254,0.009102854997900938,-0.0004041045686292587,0.007891814765976531,0.001440841655659233,0.002824049645092097,-0.011508091567954848,3.062652477190844,0.041646383949606444,1.0959561137369145,0.035114820406411,0.03551892497504027,0.0049648765108563,0.004644313774439254
1A_predicted_prob,500,0.5,0.5,10,0.0033751285506656075,0.005051280021740597,0.0009222333373941703,0.0018075773412925737,0.9625039715251879,0.09486452451997826,0.01731981332886468,0.03394683412457477,0.12602226450219958,0.053797959428243426,0.009822118642198884,0.019251352538709812,0.13126272460647345,0.10341412283327545,0.018880749280131674,0.03700626858905808,0.03338501162144772,0.027261395635978437,0.004977227112966095,0.009755365141413546,0.03376733039337041,0.028766938213766215,0.005252100323345709,0.010294116633757589,-0.00038231877192267995,0.010408474539079024,0.001900318764757256,0.0037246247789242217,-0.011451808861347779,4.7566036484899,0.05701898858856702,1.702128755387671,0.03338501162144772,0.03376733039337041,0.004977227112966095,0.005252100323345709
1A_predicted_prob,500,0.5,1.0,3,0.02160470345977552,0.009929355811862915,0.0018128440532174468,0.0035531743443061956,0.8771610644563186,0.2033469579054509,0.037125905281622976,0.07276677435198103,0.2531582336136775,0.08428478799510919,0.015388226546487308,0.030160924031115123,0.06801190003727277,0.1028136917968612,0.018771126072508245,0.03679140710211616,0.04056356159594553,0.026885061022619908,0.004908518127330611,0.009620695529567997,0.03870150615438503,0.025794397222165373,0.0047093910719428565,0.009230406501007999,0.0018620554415604898,0.009773581570561522,0.0017844036979377715,0.003497431247958032,0.04590463382156795,0.7636041574909799,0.0427052706658838,0.2732522384141909,0.04056356159594553,0.03870150615438503,0.004908518127330611,0.0047093910719428565
1A_predicted_prob,500,0.5,1.0,5,0.0256408657481941,0.01069979512158145,0.0019535063829246306,0.003828872510532276,0.8938017076228257,0.16795670965277743,0.030664559520390624,0.06010253665996562,0.3378184582112107,0.09581439851966829,0.01749323580100397,0.034286742169967785,0.12484860296845214,0.15164322911424424,0.027686139092931907,0.054264832622146535,0.03710117914255122,0.0319668229702479,0.005836316677526357,0.01143918068795166,0.032107498923411366,0.030808463470334363,0.005624830134925341,0.011024667064453668,0.004993680219139853,0.012844998320779798,0.002345165110469025,0.0045965236165192895,0.1345962671416181,5.833107809115176,0.0605723659711402,2.0873508219091215,0.03710117914255122,0.032107498923411366,0.005836316677526357,0.005624830134925341
1A_predicted_prob,500,0.5,1.0,10,0.015934596123355186,0.008815213630269311,0.0016094304515085023,0.0031544836849566643,0.9749902436394886,0.08442791289335347,0.015414357458256983,0.030212140618183687,0.3315452652440295,0.09652001476666618,0.017622063112811597,0.03453924370111073,0.14028322864941958,0.15074828176715613,0.027522744809672053,0.053944579826957224,0.04586376068858808,0.028533358825211175,0.005209454756652423,0.010210531323038749,0.043237368111777946,0.024140139711116494,0.004407366353701582,0.0086384380532551,0.0026263925768101066,0.017585501236044233,0.0032106585706721358,0.006292890798517386,0.05726509421334125,1.0671451930627112,0.06672539686875899,0.3818730029907862,0.04586376068858808,0.043237368111777946,0.005209454756652423,0.004407366353701582
1A_predicted_prob,500,1.0,0.2,3,0.0010836968625037903,0.004686107898360323,0.0008555623342783584,0.0016769021751855825,0.8490932016409161,0.2539187868677791,0.04635901578060971,0.09086367092999503,0.020233682578372946,0.018725932700078367,0.003418871916718848,0.006700988956768942,0.08628604383344568,0.09825687936495361,0.01793916975274966,0.03516077271538933,0.036538318027975906,0.03252232139716026,0.005937736350552536,0.01163796324708297,0.036922127646057006,0.031713712302855315,0.005790105203500988,0.011348606198861936,-0.00038380961808111714,0.004411223834725612,0.0008053756001612194,0.00157853617631599,-0.01050430448898143,0.8827924142426608,0.022527484562737527,0.3159032083317648,0.036538318027975906,0.036922127646057006,0.005937736350552536,0.005790105203500988
1A_predicted_prob,500,1.0,0.2,5,3.720029937588328e-05,0.004659320035259648,0.0008506715619824918,0.0016673162614856839,0.9394591255158534,0.12361879292582308,0.02256960047234445,0.04423641692579512,0.03480969224310599,0.017435097639221943,0.0031831987564356424,0.006239069562613859,0.08729979496018868,0.08742403408784681,0.015961371846004758,0.031284288818169324,0.036951965094270754,0.03504971229374553,0.006399172685783522,0.012542378464135702,0.03797877213520588,0.03620314057832751,0.0066097589157602015,0.012955127474889994,-0.00102680704093515,0.008774981359015173,0.001602085077339983,0.0031400867515863668,-0.027787616661673287,5.322535600522984,0.043581786636335634,1.9046449035334192,0.036951965094270754,0.03797877213520588,0.006399172685783522,0.0066097589157602015
1A_predicted_prob,500,1.0,0.2,10,0.0012565048595097738,0.0040200411096481935,0.0007339557326174715,0.001438553235930244,0.9637873933297836,0.08692477150738037,0.01587021938685819,0.03110562999824205,0.055161072430873516,0.03067505217495942,0.005600472676291061,0.010976926445530479,0.12199640598056788,0.13409432989116518,0.024482163104976813,0.04798503968575455,0.03578984661825766,0.03112163305934359,0.005682006817666999,0.011136733362627318,0.03757954281775126,0.03201864611716761,0.0058457782463826324,0.01145772536290996,-0.0017896961994936064,0.008625490052029372,0.0015747918236776318,0.0030865919744081584,-0.05000569626863438,3.5712973281547207,0.04496925932680499,1.277972336043003,0.03578984661825766,0.03757954281775126,0.005682006817666999,0.0058457782463826324
1A_predicted_prob,500,1.0,0.5,3,0.00700347649678723,0.005479668762368005,0.001000446062935124,0.001960874283352843,0.8146262208170769,0.2448437572892697,0.04470214964388432,0.08761621330201326,0.09487712243645104,0.051625805593353426,0.00942553942428535,0.018474057271599287,0.10332038929953738,0.1012844037564107,0.01849191755361571,0.03624415840508679,0.045633788830895756,0.026118190990683462,0.004768507455608511,0.00934627461299268,0.04305807676575394,0.026154447554252745,0.0047751269681833505,0.009359248857639366,0.00257571206514179,0.008775316211897735,0.0016021462128323913,0.0031402065771514867,0.056443090331302126,0.34127462319462726,0.03463454283239391,0.12212355549281177,0.045633788830895756,0.04305807676575394,0.004768507455608511,0.0047751269681833505
1A_predicted_prob,500,1.0,0.5,5,0.006881987907181785,0.006249435475062161,0.0011409855937881865,0.0022363317638248456,0.9091713954741071,0.13025877157698082,0.023781889168541726,0.046612502770341784,0.10480163216005306,0.03894942309401811,0.00711115921013546,0.013937872051865502,0.11828178185314053,0.11350297803569435,0.020722713804721068,0.04061651905725329,0.03770802412618398,0.03361408326731567,0.006137063885121917,0.012028645214838957,0.03987446254062158,0.03323020107441377,0.006066976906296276,0.0118912747363407,-0.0021664384144375964,0.008587054656405201,0.0015677745126143007,0.003072838044724029,-0.057452981550768945,3.0592789872310537,0.044158006437323837,1.0947489258585645,0.03770802412618398,0.03987446254062158,0.006137063885121917,0.006066976906296276
1A_predicted_prob,500,1.0,0.5,10,0.006177391772739263,0.006217933588238848,0.0011352341624491522,0.002225058958400338,0.9871207994215027,0.04808138057213472,0.008778418911782946,0.017205701067094573,0.13803678121131543,0.04178316337241063,0.007628527034330977,0.014951912987288714,0.18020905020187014,0.19362160089678304,0.03535030614381019,0.06928660004186797,0.03670704874781039,0.027260013142030796,0.004976974705259182,0.009754870422307996,0.03451417551579832,0.027167404473670376,0.00496006675303201,0.00972173083594274,0.0021928732320120404,0.010517449798105729,0.001920214833950221,0.003763621074542433,0.05973984035267543,0.7188831799273158,0.05129534351636053,0.2572490421200608,0.03670704874781039,0.03451417551579832,0.004976974705259182,0.00496006675303201
1A_predicted_prob,500,1.0,1.0,3,0.0219399855624166,0.011914370964053463,0.0021752565784988846,0.004263502893857814,0.8941063091299092,0.21433296566365181,0.03913166670365411,0.07669806673916206,0.2532677761596169,0.06504917067264247,0.011876299374803261,0.023277546774614393,0.12600511403494943,0.12983630830627502,0.023704758280847397,0.0464613262304609,0.041046113749506986,0.031174950059473048,0.005691741125556803,0.011155812606091334,0.04143219065159942,0.028019668163676667,0.005115668102351688,0.01002670948060931,-0.00038607690209242003,0.01212367350712351,0.0022134698198931053,0.0043384008469904865,-0.009405930716085642,13.267628442017136,0.05451486694626723,4.747759863096073,0.041046113749506986,0.04143219065159942,0.005691741125556803,0.005115668102351688
1A_predicted_prob,500,1.0,1.0,5,0.023150105474048575,0.008592313698036532,0.0015687346778584137,0.003074719968602491,0.9636657677706965,0.10258598292578887,0.018729552310764792,0.03670992252909899,0.3032355118985607,0.07894438836749164,0.014413207432441202,0.028249886567584755,0.0911207577375459,0.08278313745027424,0.0151140639208553,0.029623565284876387,0.04325879252512575,0.035678976336887214,0.006514060056135389,0.012767557710025362,0.03846347138359945,0.027988069699610787,0.005109899038501222,0.010015402115462396,0.004795321141526284,0.01862448759381058,0.003400350659035056,0.00666468729170871,0.1108519415732897,0.7673085558422584,0.06932223798609476,0.274577840339658,0.04325879252512575,0.03846347138359945,0.006514060056135389,0.005109899038501222
1A_predicted_prob,500,1.0,1.0,10,0.0194987877267378,0.008095804263171165,0.001478084872028446,0.0028970463491757538,0.9779259760642184,0.07123826077929896,0.013006267462085865,0.025492284225688295,0.33328085894202625,0.06823359657716836,0.012457693341674134,0.0244170789496813,0.16808284082811936,0.11096999485620948,0.02026025646299273,0.039710102667465746,0.040967333685280376,0.030726083992689834,0.005609789768864874,0.010995187946975153,0.04038090870482743,0.028108827685631266,0.005131946329481992,0.010058614805784705,0.000586424980452927,0.015190559854461291,0.0027734040978069476,0.0054358720317016175,0.014314453192340593,5.6528039427224215,0.06691391120275295,2.0228299119543642,0.040967333685280376,0.04038090870482743,0.005609789768864874,0.005131946329481992
1A_predicted_prob,500,2.0,0.2,3,-0.00042287010602765415,0.0035763264889205355,0.0006529448969950089,0.0012797719981102174,0.9478997267025145,0.11244220134277917,0.020529043363659277,0.040236924992772184,0.014753783476741179,0.010064881300147975,0.0018375875089009903,0.003601671517445941,0.046156916875635785,0.046522488997741654,0.008493805551783003,0.016647858881494684,0.04421723873580085,0.033460741932723845,0.006109067715803953,0.011973772722975748,0.04282210190639774,0.032681095260576595,0.005966724359397659,0.01169477974441941,0.0013951368294031067,0.004303485296616206,0.0007857053242828355,0.0015399824355943575,0.031551875903854776,0.1636502466515781,0.01723502084144885,0.05856148866647102,0.04421723873580085,0.04282210190639774,0.006109067715803953,0.005966724359397659
1A_predicted_prob,500,2.0,0.2,5,0.0011563997394990065,0.005406643584258453,0.0009871135504963128,0.001934742558972773,0.939829761910199,0.10150837120292318,0.018532808227816278,0.0363243041265199,0.025399786011675276,0.017810329510163536,0.003251706409772168,0.00637334456315345,0.07864467556246725,0.07752607787452072,0.01415426054892572,0.02774235067589441,0.03656130551980303,0.02395351356410209,0.0043732932368548945,0.008571654744235593,0.03702298612214236,0.02320784874869538,0.0042371540902761675,0.008304822016941289,-0.00046168060233932865,0.007995105400863865,0.0014596998592281741,0.0028610117240872213,-0.012627574310476009,1.8138673800412177,0.040341868132249145,0.6490841058426289,0.03656130551980303,0.03702298612214236,0.0043732932368548945,0.0042371540902761675
1A_predicted_prob,500,2.0,0.2,10,0.002830605308638533,0.005703686168772389,0.0010413458585222851,0.0020410378827036787,0.9726842473993593,0.06989697405660764,0.012761383130719126,0.025012310936209488,0.05112802270581078,0.020454251281371037,0.003734418274561955,0.007319459818141432,0.09703302319737353,0.07716871486333929,0.014089015288111706,0.027614469964698945,0.041062548343675925,0.029146148800901137,0.005321334387551901,0.010429815399601725,0.03998594988476069,0.029878513825384766,0.005455045335631069,0.010691888857836895,0.00107659845891524,0.010761813558808328,0.0019648293486080903,0.0038510655232718567,0.02621850085641475,1.5042700417031036,0.04757637003832039,0.5382961211544175,0.041062548343675925,0.03998594988476069,0.005321334387551901,0.005455045335631069
1A_predicted_prob,500,2.0,0.5,3,0.006195297814401481,0.005485740477538922,0.0010015546013890765,0.00196304701872259,0.8092608575389614,0.27206297002932495,0.04967167524897107,0.0973564834879833,0.07259691776326468,0.03545175513713176,0.006472575330585572,0.012686247647947721,0.08611709369545677,0.09854329515470821,0.017991461882374406,0.03526326528945384,0.04043424260453034,0.029479802037839894,0.005382250855637225,0.010549211677048961,0.040716090919136555,0.029698120046486177,0.00542211008831895,0.010627335773105142,-0.0002818483146062033,0.008159029218612118,0.0014896281167925355,0.0029196711089133696,-0.006970535280278467,0.3538932576810133,0.03695574265778274,0.12663907585150785,0.04043424260453034,0.040716090919136555,0.005382250855637225,0.00542211008831895
1A_predicted_prob,500,2.0,0.5,5,0.0072309682035723005,0.006941098712666003,0.0012672654462657464,0.002483840274680863,0.9350623339099849,0.1448883110571192,0.026452865428269787,0.051847616239408784,0.08738484975615339,0.03339298011045461,0.0060966961562724485,0.011949524466294,0.10531878545912929,0.1146503688202723,0.02093219774305003,0.04102710757637806,0.04378887831545932,0.036020753763319924,0.0065764597915031415,0.012889861191346157,0.04415088833418589,0.035274661285301,0.006440242564771177,0.012622875426951508,-0.0003620100187265597,0.011599974492099577,0.0021178558986024902,0.004150997561260881,-0.008267168117863433,1.9689422374993601,0.04865915156273547,0.7045769308966878,0.04378887831545932,0.04415088833418589,0.0065764597915031415,0.006440242564771177
1A_predicted_prob,500,2.0,0.5,10,0.005610849388552696,0.006415486055966115,0.001171302143404164,0.0022957522010721614,0.9732518411989577,0.07286369778476338,0.013303030299984702,0.026073939387970015,0.1063955158042733,0.027585462611373627,0.0050363933771549,0.009871331019223604,0.14181763719400797,0.12420874442878134,0.02267731038767922,0.044447528359851274,0.044544823132014,0.036611166142523334,0.006684253850943143,0.013101137547848559,0.044500128727808945,0.035407805798405675,0.006464551315849669,0.01267052057906535,4.469440420506998e-05,0.011180653178288306,0.0020412986511301116,0.004000945356215019,0.0010033579900541323,2.561753566534851,0.0457870241594981,0.9167117405714935,0.044544823132014,0.044500128727808945,0.006684253850943143,0.006464551315849669
1A_predicted_prob,500,2.0,1.0,3,0.025416168471958094,0.010415174392596168,0.0019015419850583629,0.0037270222907143913,0.905041193920599,0.172701496727102,0.031530835157446126,0.06180043690859441,0.21512061645074096,0.054027264539342354,0.009863983836165588,0.01933340831888455,0.14745424446420682,0.1442207306438161,0.026330982477831544,0.05160872565654983,0.05494479816872863,0.02759113683047474,0.005037429343087535,0.00987336151245157,0.04400872941711556,0.023231051550140828,0.004241390322859162,0.008313125032803959,0.010936068751613046,0.019265069189450784,0.003517304322319987,0.006893916471747174,0.19903738144655236,0.543243706418576,0.05593138983416737,0.19439726372240312,0.05494479816872863,0.04400872941711556,0.005037429343087535,0.004241390322859162
1A_predicted_prob,500,2.0,1.0,5,0.026289308229344985,0.010017032452068834,0.0018288515444197957,0.0035845490270627997,0.9415492554363556,0.12756744477953985,0.023290522369682872,0.04564942384457843,0.24204116042419246,0.047177233348914986,0.008613344968628577,0.01688215613851201,0.16013478455724164,0.15395387318988235,0.02810800305379613,0.05509168598544041,0.032508022736252355,0.03151740595678928,0.005754264732193727,0.011278358875099705,0.03206462981136999,0.02471465210616219,0.0045122574864791985,0.00884402467349923,0.0004433929248823333,0.02011693456887685,0.0036728329504097717,0.007198752582803152,0.013639492271792397,2.0272335845517917,0.11149958696425603,0.7254362215461676,0.032508022736252355,0.03206462981136999,0.005754264732193727,0.0045122574864791985
1A_predicted_prob,500,2.0,1.0,10,0.02141417643758949,0.00993763802413594,0.0018143561713801076,0.003556138095905011,0.985774233833475,0.044353934161094274,0.008097883418043437,0.015871851499365135,0.2691174478828658,0.05687745687475275,0.010384355381276456,0.020353336547301853,0.14818624601887398,0.17746383569919766,0.03240031531794705,0.06350461802317621,0.050843742680236864,0.04337654696009058,0.007919437745574583,0.015522097981326182,0.04305228680962987,0.0347177010544842,0.006338556004087296,0.0124235697680111,0.007791455870606991,0.020974922925508593,0.003829479476077769,0.007505779773112427,0.15324316149596828,1.3515690955718318,0.06353834920339456,0.4836527893587447,0.050843742680236864,0.04305228680962987,0.007919437745574583,0.006338556004087296
1A_predicted_prob,2000,0.5,0.2,3,0.000950536216904488,0.0013172299765934028,0.00024049219053406956,0.00047136469344677634,0.8876964616746768,0.2196686828983391,0.040105830933623215,0.0786074286299015,0.034601567712033106,0.01089167141087079,0.0019885380402226835,0.0038975345588364596,0.04320376275188651,0.05586435932638042,0.010199389921210887,0.019990804245573337,0.017024814023822395,0.013725217802707171,0.0025058704657380695,0.004911506112846616,0.01705859241693414,0.013552585603943366,0.0024743522825998523,0.004849730473895711,-3.377839311174337e-05,0.0019117966765375108,0.00034904472170100073,0.0006841276545339614,-0.0019840682585126057,1.3655848630144949,0.020550682055030127,0.48866826732495217,0.017024814023822395,0.01705859241693414,0.0025058704657380695,0.0024743522825998523
1A_predicted_prob,2000,0.5,0.2,5,0.0009615714328521733,0.0012626453891744053,0.00023052645392690368,0.0004518318496967312,0.8962592739806571,0.19186364566958367,0.035029348899469785,0.06865752384296078,0.047702409928904746,0.015796064171200393,0.0028839535554552004,0.005652548968692193,0.0818391126153762,0.09364435417684906,0.017097041721887783,0.03351020177490005,0.016278791850077457,0.013007157411379608,0.002374771174411038,0.004654551501845634,0.01661694841984144,0.01247900740763332,0.0022783446174782784,0.0044655554502574255,-0.0003381565697639782,0.003145371469406135,0.0005742636351756369,0.0011255567249442483,-0.020772829634919887,1.7629824256924835,0.03625821155555408,0.6308751587841397,0.016278791850077457,0.01661694841984144,0.002374771174411038,0.0022783446174782784
1A_predicted_prob,2000,0.5,0.2,10,0.0004920759001097749,0.0015736669038060942,0.00028731095373797004,0.0005631294693264213,0.9689816746919799,0.0729730177976798,0.013322989312338395,0.026113059052183255,0.04929794668521394,0.012104463383288713,0.0022099625471741764,0.004331526592461386,0.10633528019494358,0.12133350790526953,0.02215236642031584,0.043418638183819046,0.014987472470945954,0.01479643547783599,0.0027014471606268344,0.005294836434828596,0.014624431711457197,0.014898177356797842,0.0027200226013436232,0.005331244298633501,0.0003630407594887433,0.0023333756413545415,0.00042601415796765556,0.0008349877496166049,0.024222947544526363,2.0254086798912514,0.028606192462343326,0.724783187800223,0.014987472470945954,0.014624431711457197,0.0027014471606268344,0.0027200226013436232
1A_predicted_prob,2000,0.5,0.5,3,0.008278049575781373,0.0028265119544210507,0.0005160481188314745,0.0010114543129096899,0.8623533472378904,0.19600049972101188,0.03578463165982774,0.07013787805326237,0.1345390351576486,0.02979480388345425,0.005439762061136806,0.010661933639828139,0.05891415526225971,0.08258268713648367,0.015077466868014608,0.02955183506130863,0.019339888315244875,0.01175487816270884,0.0021461373101468377,0.004206429127887802,0.018572436535580748,0.011375403808471494,0.002076855088876671,0.004070635974198275,0.00076745177966412,0.004375253932236869,0.0007988084244997709,0.001565664512019551,0.03968232738237554,353.01259862859126,0.04033169952369815,126.32393605689919,0.019339888315244875,0.018572436535580748,0.0021461373101468377,0.002076855088876671
1A_predicted_prob,2000,0.5,0.5,5,0.00840297326616401,0.0030471084785601305,0.0005563233496242101,0.0010903937652634516,0.8872515038240245,0.19287679188111168,0.03521432324417138,0.06902007355857591,0.1575663006429471,0.0327358426028368,0.005976719810837449,0.011714370829241401,0.10768212820976443,0.13844462295255633,0.025276414318804192,0.049541772064856215,0.019003471535438136,0.013397609488439289,0.0024460576444878157,0.004794272983196119,0.018189190660827147,0.013345893486230154,0.002436615637489839,0.004775766649480085,0.0008142808746109738,0.004310213511145684,0.0007869337225726786,0.00154239009624245,0.04284905908336256,1.057459672680511,0.0408198497741059,0.37840708403437495,0.019003471535438136,0.018189190660827147,0.0024460576444878157,0.002436615637489839
1A_predicted_prob,2000,0.5,0.5,10,0.006206287791931047,0.0020151613483374593,0.00036791644249898405,0.0007211162272980087,0.9285241684506792,0.1213253330302658,0.022150873899167728,0.043415712842368746,0.17384369449653675,0.02970111097376463,0.005422656154431706,0.010628406062686143,0.1156866339694674,0.1410085134674856,0.025744514542137626,0.050459248502589746,0.01934911102588383,0.013451411537309834,0.0024558805097566134,0.004813525799122962,0.01899051847644144,0.012957641559987918,0.002365730858157271,0.004636832481988251,0.00035859254944238674,0.004988740385128081,0.0009108152141572199,0.001785197819748151,0.01853276612877408,22.31371795794763,0.04646279673198001,7.984861422685673,0.01934911102588383,0.01899051847644144,0.0024558805097566134,0.002365730858157271
1A_predicted_prob,2000,0.5,1.0,3,0.025559283534003132,0.006084187895122504,0.0011108156514194904,0.002177198676782201,0.8488610154001344,0.2098752134898031,0.03831779622985923,0.07510288061052409,0.32371584358003924,0.03886002478900128,0.007094837387381979,0.013905881279268678,0.06956707223936617,0.07055684573675362,0.01288185866547739,0.025248442984335682,0.014985901003068536,0.01112851357652721,0.0020317793057888153,0.003982287439346078,0.015031708140295407,0.011936203419808963,0.002179242621333225,0.004271315537813121,-4.580713722688335e-05,0.0073480993237024905,0.0013415732514601032,0.002629483572861802,-0.0030566822253457193,1.8554499936472801,0.08961289025781606,0.6639642530177091,0.014985901003068536,0.015031708140295407,0.0020317793057888153,0.002179242621333225
1A_predicted_prob,2000,0.5,1.0,5,0.02730306948537852,0.005116376778380983,0.0009341183247382914,0.0018308719164870512,0.840827537238182,0.2438469415854783,0.044520156828337,0.08725950738354052,0.38604102293283893,0.04020901058839037,0.007341127371408492,0.014388609647960644,0.1674573024460936,0.1511113851739349,0.027589038118538623,0.0540745147123357,0.020315864748955286,0.012772133806248852,0.002331861931052271,0.004570449384862451,0.01927508637276794,0.011869579773012383,0.0021670788632619773,0.004247474571993475,0.001040778376187337,0.006234470878635855,0.0011382534447793035,0.0022309767517674347,0.05122983387851454,0.6583924890945405,0.05404495623616387,0.23560272640644855,0.020315864748955286,0.01927508637276794,0.002331861931052271,0.0021670788632619773
1A_predicted_prob,2000,0.5,1.0,10,0.022361735764449484,0.003293672966455093,0.0006013396602574702,0.0011786257341046416,0.9560049488838321,0.09426311245414945,0.017210011010594602,0.03373162158076542,0.4089704040755637,0.04139226758956556,0.007557159555031682,0.014812032727862096,0.10510500525739938,0.12421282339251775,0.02267805510116245,0.0444489879982784,0.020466875169262547,0.012432877582623054,0.0022699225022343155,0.004449048104379258,0.02010029826191612,0.012893730502913788,0.002354062348946104,0.004613962203934363,0.0003665769073464366,0.007582335300692639,0.0013843386942523582,0.002713303840734622,0.017910741347411885,2.0970684898406735,0.06718289645545793,0.7504263214590997,0.020466875169262547,0.02010029826191612,0.0022699225022343155,0.002354062348946104
1A_predicted_prob,2000,1.0,0.2,3,0.00178138744139793,0.001324776882840959,0.00024187006079779062,0.0004740653191636696,0.8471158516736476,0.20766714060813304,0.037914659121223854,0.07431273187759875,0.032508628470066726,0.012024564172143615,0.002195375013750497,0.004302935026950974,0.07149170749974597,0.071190939299627,0.012997627781462247,0.025475350451666004,0.017406065804692283,0.010786851285251631,0.0019694005911286374,0.003860025158612129,0.01736300063885011,0.009983523858306123,0.0018227337401950912,0.003572558130782379,4.3065165842176636e-05,0.0026846899002729765,0.0004901550727619346,0.0009607039426133919,0.0024741470200900784,0.4307544473622794,0.02804569333568549,0.15414349934311486,0.017406065804692283,0.01736300063885011,0.0019694005911286374,0.0018227337401950912
1A_predicted_prob,2000,1.0,0.2,5,0.001246116326572766,0.0015197754507474837,0.00027747176557232613,0.0005438446605217592,0.900433862390131,0.20595975626641022,0.03760293481512629,0.07370175223764752,0.03225955151283657,0.010180305334078056,0.0018586609579215724,0.0036429754775262817,0.11067639871333151,0.12980023875571714,0.023698172912020858,0.04644841890756088,0.016530715023453997,0.011901762310539564,0.0021729545638491084,0.004258990945144253,0.01584615640246857,0.011582339949352247,0.0021146362863178228,0.004144687121182933,0.0006845586209854334,0.002644439370608068,0.0004828063650789342,0.000946300475554711,0.0414113134255939,0.3815709551012009,0.028450676572458512,0.1365434126731762,0.016530715023453997,0.01584615640246857,0.0021729545638491084,0.0021146362863178228
1A_predicted_prob,2000,1.0,0.2,10,0.0011741612500719967,0.001999491062056861,0.0003650554527395015,0.000715508687369423,0.9338036271098312,0.1248273224863749,0.022790246772919798,0.044668883674922805,0.044904994650370705,0.012796822485004872,0.0023363694464754946,0.004579284115091969,0.11751407107855077,0.11919364011977764,0.021761681801584994,0.04265289633110659,0.020461359756366142,0.015186346514940833,0.0027726348507743533,0.005434364307517732,0.019104758506826865,0.014545681402771906,0.0026556659395271867,0.005205105241473286,0.0013566012495392565,0.003090558637349744,0.0005642562269896277,0.0011059422048996703,0.06630064011836734,0.38205559819446544,0.026271988237039648,0.13671683997679598,0.020461359756366142,0.019104758506826865,0.0027726348507743533,0.0026556659395271867
1A_predicted_prob,2000,1.0,0.5,3,0.008196592691082716,0.002330362040906601,0.00042546395231944065,0.0008339093465461036,0.783745763397602,0.28757872228983317,0.05250445108555178,0.10290872412768148,0.12711976337712247,0.02176658572840158,0.003974016667771854,0.007789072668832833,0.07164994560212615,0.10262835350507754,0.018737288084781784,0.036725084646172294,0.015610018225446292,0.01637538522430602,0.0029897226250630675,0.005859856345123612,0.014874592096153272,0.015040410259000398,0.002745990657662212,0.005382141689017935,0.0007354261292930132,0.004766739596769587,0.0008702836009679275,0.0017057558578971379,0.047112445268909564,12.066961786875257,0.05265866187896926,4.318106818533291,0.015610018225446292,0.014874592096153272,0.0029897226250630675,0.002745990657662212
1A_predicted_prob,2000,1.0,0.5,5,0.00866468433715419,0.002158571419635965,0.000394099419506856,0.0007724348622334377,0.9016150877981044,0.18577337812552128,0.03391742326109493,0.06647814959174607,0.14488030001067687,0.02375058230184364,0.004336243226867578,0.008499036724660453,0.07047875733090106,0.10437924211299894,0.019056955146860906,0.03735163208784738,0.017171048056879183,0.013973293506722037,0.002551162685424042,0.005000278863431122,0.017498984604892766,0.012464415160027229,0.0022756804497520928,0.004460333681514102,-0.00032793654801359324,0.006814536746222418,0.0012441584982846251,0.002438550656637865,-0.01909822550885032,5.287265034004123,0.07378637424674563,1.8920234933998197,0.017171048056879183,0.017498984604892766,0.002551162685424042,0.0022756804497520928
1A_predicted_prob,2000,1.0,0.5,10,0.006901374252198406,0.002052395071337702,0.00037471435916136135,0.0007344401439562683,0.9594404440980691,0.09967990806380185,0.018198978058861795,0.035669996995369116,0.1629927687961521,0.02308128513194792,0.00421404684099216,0.008259531808344635,0.1238990117109724,0.12905728694067192,0.0235625290892743,0.04618255701497762,0.02015929504251296,0.014707116051534408,0.0026851397390905687,0.005262873888617514,0.018058637941679643,0.01500200433254641,0.002738978726908634,0.0053683983047409225,0.0021006571008332763,0.005334627855058757,0.0009739653373703603,0.0019089720612459062,0.10420290473468152,0.4013356366412361,0.04856416061018514,0.14361611312847988,0.02015929504251296,0.018058637941679643,0.0026851397390905687,0.002738978726908634
1A_predicted_prob,2000,1.0,1.0,3,0.02788697125254513,0.005028283422976492,0.0009180347520978384,0.0017993481141117633,0.7809081962257794,0.2670464798828678,0.04875579364473208,0.09556135554367487,0.31293488774798633,0.03671986423715047,0.006704099317071514,0.013140034661460166,0.10397840862053193,0.07976098320697023,0.014562296570416113,0.02854210127801558,0.021454977186582687,0.01578489135692317,0.0028819136879850503,0.005648550828450698,0.020473796562357573,0.011512654769715984,0.002101913571380963,0.004119750599906687,0.00098118062422511,0.009911325678882647,0.0018095522163680767,0.0035467223440814304,0.04573207492565945,96.22925625172745,0.08024808235581433,34.435197102797225,0.021454977186582687,0.020473796562357573,0.0028819136879850503,0.002101913571380963
1A_predicted_prob,2000,1.0,1.0,5,0.028544878056295204,0.0027057519947747974,0.0004940004675175856,0.0009682409163344677,0.8993355023856843,0.17211350213249646,0.031423482523060604,0.061590025745198784,0.35385180073718686,0.03104606030632866,0.005668209183813985,0.011109690000275412,0.1603972705000946,0.18352206688698655,0.03350639194465815,0.06567252821152997,0.02238898279314211,0.013826104807173277,0.002524289828439806,0.00494760806374202,0.016978158402430246,0.013142212914504434,0.0023994288229365972,0.0047028804929557305,0.005410824390711846,0.008100425251816246,0.0014789285452680746,0.002898699948725426,0.24167352490749305,0.7347055195778953,0.06127753381688395,0.2629109936482929,0.02238898279314211,0.016978158402430246,0.002524289828439806,0.0023994288229365972
1A_predicted_prob,2000,1.0,1.0,10,0.023621843314925048,0.0035945329863904447,0.0006562689334474856,0.0012862871095570719,0.9401570911618786,0.11899656827685844,0.021725701570313005,0.04258237507781349,0.38282309441371193,0.03711030236209779,0.006775383239852736,0.013279751150111362,0.16247190348902943,0.18786554907830805,0.03429939966942773,0.06722682335207834,0.021327609839565602,0.010785955672620534,0.001969237075381691,0.003859704667748114,0.015410165582750343,0.011095542446067334,0.0020257596284890423,0.003970488871838523,0.005917444256815243,0.009006406788832907,0.0016443373867704833,0.0032229012780701474,0.27745463750174193,0.9555532759091548,0.07133736500952068,0.3419403482874226,0.021327609839565602,0.015410165582750343,0.001969237075381691,0.0020257596284890423
1A_predicted_prob,2000,2.0,0.2,3,0.0012779367860796902,0.0012773275686102324,0.000233207040883684,0.0004570858001320206,0.867542067349025,0.21941624099999413,0.040059741559562226,0.07851709345674196,0.020308608670144192,0.008916214849263387,0.0016278706668346938,0.0031906265069959997,0.09660920783638244,0.09698496547830755,0.017706951110442952,0.034705624176468185,0.026129619580546888,0.01763264243952542,0.003219265337516998,0.006309760061533316,0.02553548222089624,0.017009432509853612,0.0031054832920028455,0.006086747252325577,0.000594137359650636,0.002728851130061032,0.0004982177733359636,0.0009765068357384888,0.022738079206211403,0.31354131903931337,0.018416612957291068,0.11219932005653388,0.026129619580546888,0.02553548222089624,0.003219265337516998,0.0031054832920028455
1A_predicted_prob,2000,2.0,0.2,5,0.0015049437773403595,0.0016387999679830247,0.0002992025699010155,0.0005864370370059904,0.8412643243203892,0.2352400718018132,0.04294876458499601,0.08417957858659218,0.020892212455820076,0.010036012544402319,0.001832316819324656,0.0035913409658763257,0.10477634596919885,0.10780359653878653,0.019682153868159743,0.038577021581593096,0.025933724755286276,0.016676895777246934,0.003044770668786932,0.005967750510822387,0.025568513712637738,0.016498412759373984,0.0030121842771133945,0.005903881183142253,0.0003652110426485532,0.0036768188843502793,0.0006712922142732089,0.0013157327399754893,0.014082475467550926,2.704530678359683,0.025674772188342326,0.9678038738682003,0.025933724755286276,0.025568513712637738,0.003044770668786932,0.0030121842771133945
1A_predicted_prob,2000,2.0,0.2,10,0.0008249940941329321,0.0014461885888294506,0.0002640367041694846,0.0005175119401721898,0.9345617579922542,0.12260130167851431,0.02238383283627276,0.043872312359094605,0.03070660714626076,0.009931471449106449,0.0018132303139647074,0.0035539314153708265,0.0975061130100376,0.10517020252832149,0.019201364100716177,0.03763467363740371,0.02191849860339772,0.016128709172574106,0.0029446859457531067,0.0057715844536760895,0.021157580424927137,0.015407021071610153,0.002812924328292766,0.005513331683453821,0.0007609181784705751,0.0034914555254351837,0.0006374496499356342,0.001249401313873843,0.03471579838742367,0.5532412106155484,0.027988835662658612,0.19797482465312694,0.02191849860339772,0.021157580424927137,0.0029446859457531067,0.002812924328292766
1A_predicted_prob,2000,2.0,0.5,3,0.008383762751782419,0.0024476986875377168,0.00044688659504673223,0.0008758977262915952,0.8910669028876995,0.20604379317042817,0.03761827778445746,0.07373182445753662,0.0919863173299904,0.01685715614440647,0.0030776815585594123,0.006032255854776448,0.0932390399487785,0.08927374534836285,0.01629908137342341,0.03194619949190988,0.02582731268230656,0.021708117517258454,0.0039633418817251655,0.007768150088181324,0.02310074277871317,0.019965584766495806,0.003645200383463756,0.007144592751588961,0.002726569903593363,0.005875970825239579,0.0010728005894086545,0.002102689155240963,0.10556924512945054,0.6032133658779217,0.03771697544569026,0.21585713075357046,0.02582731268230656,0.02310074277871317,0.0039633418817251655,0.003645200383463756
1A_predicted_prob,2000,2.0,0.5,5,0.008655310839792183,0.0022730715457165477,0.0004150041868040295,0.0008134082061358978,0.8935090492866795,0.18903524640350913,0.03451295620624976,0.06764539416424953,0.09989673204153955,0.018611713067655147,0.0033980183603227994,0.006660115986232687,0.1136123494404332,0.12668277142859655,0.02312900385290443,0.04533284755169268,0.023945378198340084,0.019758785973706738,0.0036074442622386193,0.007070590753987693,0.01985144138304815,0.017118874510470294,0.003125464576161596,0.006125910569276728,0.00409393681529192,0.007217968099730233,0.001317814649191649,0.002582916712415632,0.17096981226948127,1.3550857665818754,0.046975943442389916,0.4849112139179012,0.023945378198340084,0.01985144138304815,0.0036074442622386193,0.003125464576161596
1A_predicted_prob,2000,2.0,0.5,10,0.007105930494348497,0.0027617938435400883,0.0005042322624285999,0.0009882952343600558,0.9215978218885046,0.1344091716790672,0.02453964508806988,0.04809770437261696,0.11861074757007614,0.020275123442698204,0.0037017141552558694,0.0072553597443015035,0.11549192819568335,0.1024413474633482,0.018703145608966812,0.03665816539357495,0.021418787679879574,0.01656919436845632,0.003025107171763697,0.005929210056656846,0.01594066045553848,0.012825885947479956,0.002341675684474431,0.0045896843415698845,0.005478127224341049,0.006864698394404113,0.0012533167203615427,0.0024565007719086237,0.2557627119805267,0.8140985722914448,0.04252408684476681,0.29132143269015937,0.021418787679879574,0.01594066045553848,0.003025107171763697,0.002341675684474431
1A_predicted_prob,2000,2.0,1.0,3,0.02883955284669605,0.004128412255878321,0.0007537415064084487,0.0014773333525605595,0.8650388142693969,0.22770856794984123,0.04157370640110865,0.08148446454617295,0.23884312517149478,0.02011098756940317,0.003671747181822703,0.007196624476372498,0.09527503755662409,0.12011452418491335,0.021929811460025622,0.04298243046165022,0.025785480374833903,0.017392659824856768,0.0031754507070293012,0.00622388338577743,0.018556804720386906,0.013150318398201015,0.0024009086750232996,0.004705781003045667,0.007228675654446973,0.012910543315506059,0.002357131934516735,0.004619978591652801,0.28033899502225423,3.1484155233832025,0.0733793954319289,1.1266460256701902,0.025785480374833903,0.018556804720386906,0.0031754507070293012,0.0024009086750232996
1A_predicted_prob,2000,2.0,1.0,5,0.028577949555843467,0.0038381158694525673,0.0007007408800059081,0.00137345212481158,0.9634743489951128,0.10642701889917532,0.019430826326368986,0.038084419599683214,0.2694107548397763,0.03526282483031653,0.006438081533639214,0.01261863980593286,0.1235138636156802,0.1486207521252784,0.02713431281746628,0.0531832531222339,0.02351277979033497,0.017064122199702474,0.0031154682176005736,0.006106317706497124,0.017776964340051882,0.010451333775847498,0.0019081437550157719,0.0037399617598309126,0.005735815450283081,0.01673591960015392,0.0030555468951990474,0.005988871914590133,0.24394459104494393,2.4364637843392893,0.10552991196627223,0.8718773678149936,0.02351277979033497,0.017776964340051882,0.0031154682176005736,0.0019081437550157719
1A_predicted_prob,2000,2.0,1.0,10,0.023828165686833998,0.00320213315527683,0.0005846268537601042,0.001145868633369804,0.9215185836531785,0.1371185966281288,0.025034316142225985,0.04906725963876293,0.2694975391305917,0.014204336792940796,0.0025933452252980874,0.0050829566415842515,0.1904635343673805,0.16654325094879763,0.03040649844830004,0.05959673695866808,0.028381783303350974,0.016183986533299482,0.002954778164882653,0.00579136520317,0.02016722836496878,0.011888340273217855,0.0021705040463128496,0.0042541879307731855,0.008214554938382192,0.011949129688594292,0.0021816026243325916,0.00427594114369188,0.2894305424921033,1.310904753793762,0.06051458425291029,0.4691012415371516,0.028381783303350974,0.02016722836496878,0.002954778164882653,0.0021705040463128496
1A_predicted_prob,10000,0.5,0.2,3,0.001652223000506913,0.0004390631195811862,8.016159158773463e-05,0.00015711671951195986,0.8183888566718629,0.2908213881431781,0.053096478163661365,0.10406909720077627,0.05092939817250252,0.006963081812959547,0.0012712789929039707,0.0024917068260917824,0.09636015972264025,0.12869294097303788,0.02349600892087123,0.04605217748490761,0.010255256733505745,0.007609492948531512,0.0013892969796957357,0.0027230220802036418,0.010050437911264342,0.008182841443793876,0.001493975614418016,0.0029281922042593113,0.00020481882224139325,0.0015464785779577403,0.00028234706728198864,0.0005534002518726977,0.019972081398237695,0.38307041773953776,0.028416628790048946,0.13707998848712968,0.010255256733505745,0.010050437911264342,0.0013892969796957357,0.001493975614418016
1A_predicted_prob,10000,0.5,0.2,5,0.0014410838694250932,0.00045077153210300156,8.229924547132604e-05,0.00016130652112379904,0.8830053692065417,0.19760489072074625,0.036077552040365335,0.07071200199911605,0.056900177803700804,0.007007205940724885,0.001279334919606409,0.002507496442428562,0.08905193941575638,0.10909974986269765,0.019918798005990217,0.03904084409174082,0.009109418373779156,0.00657316901077546,0.0012000909804985459,0.00235217832177715,0.008633286091521144,0.005788925849255585,0.001056908423787345,0.002071540510623196,0.0004761322822579949,0.0014894599528954605,0.00027193693823380864,0.0005329963989382649,0.05226813202789404,0.9353422384352719,0.026238184229879787,0.3347079214125377,0.009109418373779156,0.008633286091521144,0.0012000909804985459,0.001056908423787345
1A_predicted_prob,10000,0.5,0.2,10,0.001149988910661673,0.0003661348296380672,6.684676842702682e-05,0.00013101966611697258,0.8900946366274282,0.15463000794410753,0.028231447806063577,0.05533363769988461,0.06123774576059113,0.007405374538425118,0.0013520302271566149,0.0026499792452269653,0.12116494630818128,0.13960870290773922,0.025488945268868614,0.04995833272698248,0.009253194422862801,0.006567697538844706,0.001199092030965469,0.0023502203806923193,0.008889613303466033,0.006603642440120201,0.0012056546420507641,0.0023630830984194976,0.00036358111939677006,0.0018472697079107696,0.0003372637629395693,0.0006610369753615558,0.03929249757234454,1.8409744413144145,0.036186352358593375,0.6587842431416053,0.009253194422862801,0.008889613303466033,0.001199092030965469,0.0012056546420507641
1A_predicted_prob,10000,0.5,0.5,3,0.00952218319823597,0.0011910399283980109,0.00021745314522430949,0.0004262081646396466,0.8199247003713845,0.2612852706110212,0.047703945552499315,0.09349973328289865,0.16208828670454703,0.010316760595811702,0.0018835741662355022,0.0036918053658215842,0.12598172677082364,0.09887250813152994,0.01805156767358397,0.03538107264022458,0.010220933331633956,0.007570562896995538,0.0013821893572320385,0.0027090911401747952,0.00824816653521728,0.0067191756903788175,0.0012267480311536087,0.002404426141061073,0.0019727667964166535,0.0026517484240069725,0.0004841408095524642,0.0009489159867228299,0.19301239254843106,0.7414557046554053,0.04174497223326296,0.2653265163560271,0.010220933331633956,0.00824816653521728,0.0013821893572320385,0.0012267480311536087
1A_predicted_prob,10000,0.5,0.5,5,0.009099878458248003,0.0010372964534429102,0.00018938355545692975,0.0003711917686955823,0.8867543412806742,0.180767458946506,0.03300347164263013,0.06468680441955506,0.18297393534589917,0.00998252866489327,0.001822552043567991,0.0035722020053932622,0.09278868815568612,0.09806290171329955,0.01790375444092872,0.035091358704220296,0.009503654266966543,0.005684687424356907,0.0010378771782287401,0.0020342392693283307,0.008934141643424848,0.005091000962270741,0.000929485355772064,0.0018217912973132453,0.0005695126235416901,0.0028226545946428063,0.0005153438645104886,0.0010100739744405578,0.05992564623496943,0.6957124999845237,0.05162925025989514,0.24895752078949293,0.009503654266966543,0.008934141643424848,0.0010378771782287401,0.000929485355772064
1A_predicted_prob,10000,0.5,0.5,10,0.007141020503962073,0.0008069345791786001,0.00014732542381568593,0.00028875783067874443,0.9773268163930238,0.049609845051203784,0.009057477069626781,0.017752655056468492,0.19902380733247013,0.01049106751674511,0.0019153981104103345,0.0037541802964042555,0.07160076455652677,0.09625992920290888,0.01757457820276116,0.03444617327741187,0.009324784234366756,0.006764392626169407,0.0012350034763915316,0.002420606813727402,0.008151716390723323,0.0062420376791628195,0.0011396349472248904,0.002233684496560785,0.001173067843643397,0.002798904222905229,0.0005110076597272205,0.0010015750130653522,0.1258010710124593,1.0517938604242922,0.05074748802634399,0.376379599157219,0.009324784234366756,0.008151716390723323,0.0012350034763915316,0.0011396349472248904
1A_predicted_prob,10000,0.5,1.0,3,0.028833914732569108,0.001464991439271728,0.0002674696192803617,0.0005242404537895089,0.8350333672600204,0.24933464338369224,0.045522069516251484,0.08922325625185291,0.3572345480964571,0.011462973619224062,0.002092843075778551,0.00410197242852596,0.09768884615561647,0.09996751254152696,0.01825148721222497,0.035772914935960944,0.00846999645790432,0.007508070187713322,0.001370779801714211,0.0026867284113598535,0.0079413766715435,0.005408513892401467,0.0009874550204827842,0.001935411840146257,0.0005286197863608102,0.004611184401853063,0.0008418832379036297,0.0016500911462911142,0.06241086274215679,109.18539051847766,0.09262059370373904,39.07149020682752,0.00846999645790432,0.0079413766715435,0.001370779801714211,0.0009874550204827842
1A_predicted_prob,10000,0.5,1.0,5,0.029275613615592055,0.0018322688323658826,0.0003345249903001486,0.0006556689809882912,0.8543322664917877,0.21739497965445287,0.03969071141504016,0.0777937943734787,0.40635517109610564,0.0143412624771627,0.0026183443206148093,0.005131954868405026,0.1367935635966191,0.14580130176262907,0.026619553963003226,0.052174325767486325,0.011058635804473705,0.006132137908220421,0.0011195700860216228,0.002194357368602381,0.00880778245043318,0.00657278867207756,0.0012000215404704352,0.002352042219322053,0.0022508533540404967,0.003773208621522757,0.000688890492060329,0.0013502253644382448,0.2035380668861484,1.7621425060676987,0.06185418016460974,0.6305745974064823,0.011058635804473705,0.00880778245043318,0.0011195700860216228,0.0012000215404704352
1A_predicted_prob,10000,0.5,1.0,10,0.02459670626801902,0.0016088354735864286,0.00029373182673259795,0.0005757143803958919,0.9027442248760982,0.13216043005519176,0.024129082916937418,0.04729300251719734,0.44171576052672035,0.013803492783291614,0.0025201614565895287,0.0049395164549154765,0.14460537004372512,0.13301755852714398,0.024285572449860137,0.04759972200172587,0.009306711828975519,0.0071149341573621865,0.001299003311050427,0.0025460464896588366,0.008002748310059,0.004990458893741404,0.000911128969468148,0.00178581278015757,0.0013039635189165232,0.005082528573263038,0.0009279385162469047,0.0018187594918439333,0.14011001338375584,6.085566401704899,0.08685740573521884,2.1776919690274212,0.009306711828975519,0.008002748310059,0.001299003311050427,0.000911128969468148
1A_predicted_prob,10000,1.0,0.2,3,0.00176185995255239,0.0004554308145294871,8.314991016691722e-05,0.00016297382392715774,0.8019717954053193,0.26839070157202316,0.04900121382521144,0.09604237909741442,0.037161765518930905,0.005217697714303158,0.0009526169121223284,0.0018671291477597636,0.07468679977502261,0.10333149776939583,0.018865664076364284,0.036976701589674,0.010733418626707408,0.008681840074223422,0.001585079883101498,0.003106756570878936,0.010308695211769104,0.007695834113303611,0.001405060647558052,0.002753918869213782,0.00042472341493829326,0.001874428305759027,0.0003422222218301366,0.0006707555547870677,0.03957019004937412,0.7698786029140257,0.02873348692553436,0.27549751987296195,0.010733418626707408,0.010308695211769104,0.001585079883101498,0.001405060647558052
1A_predicted_prob,10000,1.0,0.2,5,0.0015345673925375,0.00041186365171532786,7.519567088697878e-05,0.00014738351493847842,0.8933096743969905,0.174735899762759,0.03190226463534157,0.06252843868526947,0.04239684920907478,0.005408328418556325,0.0009874211577465136,0.0019353454691831667,0.1176955721230404,0.13859093989927407,0.025303128016225054,0.04959413091180111,0.009835881840933048,0.007095147609892496,0.0012953907982556617,0.0025389659645810967,0.009619699112207288,0.006613528506207468,0.0012074595825177583,0.0023666207817348065,0.00021618272872575377,0.0019491970999946124,0.0003558730735635674,0.0006975112241845921,0.021978987977071207,1.690561220900246,0.03519489308085113,0.6049595634799521,0.009835881840933048,0.009619699112207288,0.0012953907982556617,0.0012074595825177583
1A_predicted_prob,10000,1.0,0.2,10,0.0010125634432653168,0.0004043510867644867,7.3824070457546e-05,0.00014469517809679016,0.9038461206652492,0.16557243241558245,0.030229252045004696,0.059249334008209205,0.044807182736158455,0.004821058061799965,0.0008802007504966587,0.0017251934709734509,0.12258308295381765,0.12689658558154046,0.023168040797798176,0.04540935996368442,0.011291188608547015,0.010693416725184072,0.001952341852395446,0.003826590030695074,0.010339669362743841,0.00972174931843197,0.0017749404667052214,0.003478883314742234,0.0009515192458031497,0.0020335572196196424,0.0003712750537210551,0.000727699105293268,0.0842709548827224,5.37139889092221,0.027664998695575982,1.922130407438666,0.011291188608547015,0.010339669362743841,0.001952341852395446,0.0017749404667052214
1A_predicted_prob,10000,1.0,0.5,3,0.009274548193836737,0.0009877131769399153,0.00018033092911836103,0.0003534486210719876,0.8065614257397712,0.23855975002665816,0.04355485213413144,0.08536751018289762,0.1409803429595154,0.008563529356683006,0.0015634794001709953,0.003064419624335151,0.11704507581314251,0.1366799909480171,0.024954238067276962,0.048910306611862846,0.012265905721932303,0.01187825550379146,0.0021686628277454915,0.004250579142381163,0.010678449310268612,0.01055415421255437,0.001926916112534734,0.0037767555805680786,0.0015874564116636733,0.003404740237399423,0.0006216176768230528,0.0012183706465731833,0.12942023586771956,30.298719143247475,0.043678617148314496,10.842257399669892,0.012265905721932303,0.010678449310268612,0.0021686628277454915,0.001926916112534734
1A_predicted_prob,10000,1.0,0.5,5,0.00926720077692971,0.0010283750783446964,0.00018775474266184423,0.00036799929561721467,0.8653471922168744,0.18957510313223197,0.03461152010896391,0.06783857941356926,0.15957948309925057,0.01060300450724717,0.0019358349153160747,0.0037942364340195064,0.09504984616499731,0.10497248752686515,0.01916526644529791,0.0375639222327839,0.011343499425622223,0.007667634951583119,0.0013999122085657022,0.0027438279287887763,0.008223931475509167,0.006280826381861009,0.0011467167630396103,0.002247564855557636,0.0031195679501130336,0.0036653194139413285,0.0006691927078257603,0.0013116177073384902,0.27500931000769535,3.014689169913119,0.0479262129412831,1.0787926646555874,0.011343499425622223,0.008223931475509167,0.0013999122085657022,0.0011467167630396103
1A_predicted_prob,10000,1.0,0.5,10,0.007280044017391551,0.0006555261728579066,0.00011968215730310207,0.00023457702831408006,0.9229948253598017,0.14393509960682194,0.026278833623803115,0.0515065139026541,0.16689941757163612,0.00907328473691624,0.0016565475736921172,0.0032468332444365497,0.12611140938885929,0.13166458905432088,0.024038555149899776,0.04711556809380356,0.010702024170193197,0.008932088438063748,0.0016307687743862002,0.0031963067977969525,0.008919093907994164,0.00809388008453703,0.0014777335666809172,0.0028963577906945975,0.001782930262199018,0.0032383247098199826,0.0005912344973649252,0.0011588196148352534,0.16659748042475664,7.41158187907655,0.04996055151505787,2.6522005135516116,0.010702024170193197,0.008919093907994164,0.0016307687743862002,0.0014777335666809172
1A_predicted_prob,10000,1.0,1.0,3,0.029186865268329427,0.0021285528684246244,0.00038861880695949757,0.0007616928616406152,0.8732369717380644,0.23644877904852266,0.043169443326476924,0.08461210891989476,0.331171532297758,0.01518442774107001,0.0027722845321970857,0.005433677683106288,0.10588814552224966,0.1224820595123082,0.022362062294860468,0.043829642097926516,0.01097007368853224,0.006941572780764219,0.0012673519988628085,0.002484009917771105,0.006718219012938818,0.0061359722757712565,0.001120270142555409,0.0021957294794086014,0.004251854675593382,0.00435187657982284,0.0007945403234158004,0.0015572990338949687,0.38758670144925045,0.8059674175319459,0.06392627791098944,0.2884117363283352,0.01097007368853224,0.006718219012938818,0.0012673519988628085,0.001120270142555409
1A_predicted_prob,10000,1.0,1.0,5,0.030699059446746096,0.0017049823235963275,0.0003112857595937604,0.0006101200888037703,0.8774286370771691,0.20523851202973037,0.037471254235826236,0.07344365830221943,0.3755853114732889,0.010880814953228292,0.0019865559313075516,0.003893649625362801,0.14494393751448975,0.12762047740695198,0.023300204758455335,0.045668401326572454,0.012003031053240248,0.008234592285055646,0.0015034239821276629,0.002946711004970219,0.006909338183061055,0.005130539256810991,0.0009367040277070567,0.0018359398943058312,0.005093692870179162,0.006029183898326778,0.0011007733414868368,0.0021575157493142,0.4243672158795372,1.2942914736963438,0.05994433073949726,0.4631562556049933,0.012003031053240248,0.006909338183061055,0.0015034239821276629,0.0009367040277070567
1A_predicted_prob,10000,1.0,1.0,10,0.025558905777425502,0.0015703083590255555,0.0002866977701590726,0.0005619276295117824,0.8766952018483773,0.13520986772008098,0.02468583151585932,0.04838422977108427,0.40034881981470816,0.01288839157417174,0.0023530875983777933,0.004612051692820474,0.1470062868702626,0.1265137052675442,0.023098136736198042,0.04527234800294816,0.014800815414007093,0.009907033173715142,0.0018087685157319267,0.003545186290834576,0.009108499768659822,0.006458133998036751,0.001179088556705251,0.0023110135711422917,0.005692315645347257,0.007145055085830469,0.0013045026150421194,0.002556825125482554,0.38459473252806164,1.9370845300035628,0.0607171829272269,0.6931767966797995,0.014800815414007093,0.009108499768659822,0.0018087685157319267,0.001179088556705251
1A_predicted_prob,10000,2.0,0.2,3,0.0016068492626114402,0.00040091651711381376,7.319700669988058e-05,0.00014346613313176594,0.8153489064492976,0.2644823577571075,0.048287651135239744,0.0946437962250699,0.02186967136093915,0.0040191769922454275,0.0007337979670861955,0.0014382440154889432,0.1369444271018505,0.13629451357419922,0.024883859849594327,0.04877236530520488,0.020080368692169726,0.010265391121320173,0.0018741954262534368,0.003673423035456736,0.018310671186978503,0.010061338467455074,0.0018369406791065338,0.0036004037310488064,0.0017696975051911612,0.0012927591105421558,0.00023602444208808444,0.0004626079064926455,0.0881307276933272,0.12557098584109289,0.012783716293975612,0.044935000188707885,0.020080368692169726,0.018310671186978503,0.0018741954262534368,0.0018369406791065338
1A_predicted_prob,10000,2.0,0.2,5,0.0015431983974485205,0.00039326354304584915,7.179977119020516e-05,0.0001407275515328021,0.8518269268244202,0.21479354297053654,0.03921575623047269,0.07686288221172646,0.025433281067028673,0.004056156089778392,0.0007405493957111917,0.0014514768155939359,0.09603558771697923,0.10930371689249337,0.019956037120392366,0.03911383275596904,0.022200848719178993,0.009015964487391153,0.001646082375803212,0.0032263214565742956,0.020084918559026766,0.00873064351115628,0.001593990130865467,0.0031242206564963157,0.002115930160152187,0.001014898355232901,0.0001852942409119837,0.00036317671218748807,0.09530852567471015,0.07176755194239794,0.008962187178398863,0.025681688635906363,0.022200848719178993,0.020084918559026766,0.001646082375803212,0.001593990130865467
1A_predicted_prob,10000,2.0,0.2,10,0.00121864091005099,0.00039214360332512474,7.159529910750956e-05,0.00014032678625071875,0.817411748587925,0.192231734571794,0.03509655243110575,0.06878924276496727,0.028449436858182246,0.0043705616194805565,0.0007979517293186036,0.001563985389464463,0.10615517552960284,0.1273031291475947,0.023242265158377007,0.04555483971041893,0.01893925452556503,0.008559696330371342,0.001562779588512859,0.0030630479934852036,0.01721069264496113,0.008524259252964815,0.0015563096929569883,0.003050366998195697,0.0017285618806038546,0.001439373375960234,0.0002627924222285948,0.0005150731475680458,0.09126873912965339,0.7440114145791863,0.015051276787207005,0.26624106540681425,0.01893925452556503,0.01721069264496113,0.001562779588512859,0.0015563096929569883
1A_predicted_prob,10000,2.0,0.5,3,0.009752003484003763,0.0008739964580704244,0.00015956919175492984,0.0003127556158396625,0.8994587370158362,0.18743542528380872,0.03422087016783873,0.0670729055289639,0.09708701016005275,0.005935816768226316,0.0010837269137249893,0.002124104750900979,0.14074561872724045,0.13460097180566577,0.02457466284002667,0.04816633916645227,0.020847524096500394,0.008022058192257759,0.0014646207431728963,0.0028706566566188765,0.015721787050550145,0.007259934008925569,0.0013254765408958152,0.0025979340201557977,0.005125737045950203,0.0030449498550252888,0.000555929240689812,0.0010896213117520316,0.2458679036524385,0.1732149729214848,0.024799251921793924,0.06198418200493924,0.020847524096500394,0.015721787050550145,0.0014646207431728963,0.0013254765408958152
1A_predicted_prob,10000,2.0,0.5,5,0.009576467672471816,0.0010819550543334335,0.0001975370631550497,0.0003871726437838974,0.7922171846898866,0.2414375053967584,0.04408025597785995,0.0863973017166055,0.10949233896195464,0.009571689681189752,0.0017475434506090196,0.003425185163193678,0.17975053908867686,0.14987026141531115,0.027362440958787346,0.053630384279223196,0.023784177538304165,0.008595847221473161,0.0015693798080229852,0.003075984423725051,0.017835116722670467,0.009548682053895903,0.0017433428517878487,0.0034169519895041836,0.005949060815633662,0.0030794149697014814,0.0005622216809415296,0.001101954494645398,0.25012682511525985,0.22274556580957985,0.030760748881506213,0.07970847703906346,0.023784177538304165,0.017835116722670467,0.0015693798080229852,0.0017433428517878487
1A_predicted_prob,10000,2.0,0.5,10,0.007672681797153106,0.0008016165209235866,0.00014635448365955345,0.00028685478797272474,0.8984323732834966,0.15612155101645273,0.028503765068134918,0.05586737953354444,0.11219103698856905,0.008148363784052063,0.0014876808837611564,0.0029158545321718663,0.19286101834001845,0.15716538186532344,0.028694341635517005,0.05624090960561333,0.020486144327834667,0.011300943466932483,0.002063260552643186,0.004043990683180644,0.014978319404622603,0.009270046232907255,0.0016924711436263641,0.003317243441507674,0.005507824923212023,0.0037171387671170964,0.0006786535840423253,0.0013301610247229577,0.2688561026941777,0.46152634147096333,0.025366709090587535,0.16515508022956604,0.020486144327834667,0.014978319404622603,0.002063260552643186,0.0016924711436263641
1A_predicted_prob,10000,2.0,1.0,3,0.02902471061883474,0.0017820223171230274,0.0003253512736886356,0.0006376884964297257,0.8714793005275444,0.21286357789281793,0.03886339442771813,0.07617225307832753,0.24615011868978148,0.0075841379512564325,0.001384667811711388,0.0027139489109543205,0.17014607766364628,0.1420794716506271,0.025940043860488073,0.05084248596655662,0.02568375180368888,0.010562517685129374,0.001928443066730869,0.003779748410792503,0.01353648446508873,0.008309102460452699,0.0015170276167372069,0.0029733741288049255,0.012147267338600085,0.004902620672321934,0.0008950919777072889,0.0017543802763062863,0.4729553311154282,0.1611856267316583,0.029746691497417665,0.05767953575493747,0.02568375180368888,0.01353648446508873,0.001928443066730869,0.0015170276167372069
1A_predicted_prob,10000,2.0,1.0,5,0.030959015077353876,0.0012651115448938698,0.00023097671029952737,0.0004527143521870736,0.863226162346978,0.25402818624854434,0.046378989283483794,0.09090281899562823,0.2760085967349735,0.012051842791741008,0.0022003553855141954,0.004312696555607823,0.16918052210676848,0.16074903837311075,0.02934862480473877,0.05752330461728799,0.022287856585228066,0.010395255323546588,0.0018979052772440433,0.003719894343398325,0.012449959762884044,0.007881220614003136,0.0014389074369880778,0.0028202585764966325,0.009837896822343985,0.008068800128868514,0.0014731546141939589,0.002887383043820159,0.44140165675977916,2.1309961343144157,0.04992242899934693,0.7625671731106053,0.022287856585228066,0.012449959762884044,0.0018979052772440433,0.0014389074369880778
1A_predicted_prob,10000,2.0,1.0,10,0.02531227058763702,0.001430380683760395,0.00026115058877174396,0.0005118551539926181,0.9029332220325711,0.16184987690404343,0.02954960950325966,0.05791723462638893,0.28539340385732387,0.014533101060400204,0.002653369093761147,0.005200603423771848,0.22295354439517787,0.18099334525715421,0.03304471265188801,0.0647676367977005,0.0221917889499798,0.01149031402557553,0.0020978347282085696,0.004111756067288796,0.01165185328378629,0.009279046025413714,0.0016941142734159152,0.0033204639758951937,0.01053993566619346,0.004532514208166864,0.0008275200913418858,0.0016219393790300961,0.47494754433500075,0.2208485891524273,0.03562997827121299,0.07902965266035711,0.0221917889499798,0.01165185328378629,0.0020978347282085696,0.0016941142734159152
1B_residual,500,0.5,0.2,3,0.003828981282315611,0.0054806992428584195,0.0010006342020716804,0.0019612430360604937,1.0,0.0,0.0,0.0,0.060025752046959785,0.0384200666026776,0.007014512379712464,0.01374844426423643,0.06830731255221927,0.07638784782009995,0.013946449123446858,0.027335040281955842,0.040271184992797325,0.0266365921357944,0.004863154122613102,0.009531782080321679,0.03009542430621378,0.019845818504908762,0.003623334155763993,0.0071017349452974264,0.010175760686583515,0.018475847747089495,0.0033732128600373066,0.006611497205673121,0.2526809352246159,1.9636796090497295,0.06734275581402917,0.7026937234917822,0.040271184992797325,0.03009542430621378,0.004863154122613102,0.003623334155763993
1B_residual,500,0.5,0.2,5,0.004083300003019031,0.005245474797276692,0.000957688290431094,0.0018770690492449444,1.0,0.0,0.0,0.0,0.07885846196911797,0.04272944854555603,0.007801294279385782,0.015290536787596133,0.0606234897145725,0.0589218310926685,0.010757605339654601,0.02108490646572302,0.04190328653753425,0.027913380581012285,0.005096262733482362,0.00998867495762543,0.018007009227226405,0.014175837293878203,0.0025881419524600275,0.005072758226821654,0.023896277310307808,0.02727090151401289,0.004978962640908882,0.00975876677618141,0.5702721501069637,0.6757343239339236,0.06795394190354144,0.24180842230475383,0.04190328653753425,0.018007009227226405,0.005096262733482362,0.0025881419524600275
1B_residual,500,0.5,0.2,10,0.0026299903364317406,0.005723633298267808,0.0010449876894496576,0.0020481758713213286,1.0,0.0,0.0,0.0,0.09529305290690972,0.030150141308602222,0.0055046375022299214,0.010789089504370646,0.09282681018659573,0.07967884651127448,0.01454730053007228,0.02851270903894167,0.045226008147074274,0.027634726552097387,0.0050453877010235675,0.009888959894006191,0.015662160133436923,0.010597893403261203,0.0019349017596671182,0.0037924074489475517,0.02956384801363732,0.02689516389270895,0.004910362650611715,0.009624310795198961,0.6536912989865518,5.926355289240022,0.04961338688162077,2.120719004128451,0.045226008147074274,0.015662160133436923,0.0050453877010235675,0.0019349017596671182
1B_residual,500,0.5,0.5,3,0.007834989794829881,0.006222809502365479,0.0011361243785010234,0.0022268037818620055,1.0,0.0,0.0,0.0,0.1276889093672288,0.05153948606869102,0.009409779707348442,0.018443168226402944,0.05851860233418342,0.054928576960876406,0.01002854021771019,0.01965593882671197,0.02987465577786515,0.027752988962827078,0.005066979364377431,0.009931279554179764,0.026542694090096415,0.019752698152912203,0.0036063327833135476,0.007068412255294553,0.0033319616877687027,0.01645629863966553,0.0030044953259954635,0.005888810838951109,0.11153138340885804,23.26614028240995,0.08809629952961207,8.325681374386956,0.02987465577786515,0.026542694090096415,0.005066979364377431,0.0036063327833135476
1B_residual,500,0.5,0.5,5,0.008513832051591301,0.006713952434387978,0.0012257943994436731,0.002402557022909599,1.0,0.0,0.0,0.0,0.14639009144719706,0.03989117847750938,0.007283099432532158,0.01427487488776303,0.09768524274487586,0.10596982192254716,0.019347353960594848,0.037920813762765904,0.035114820406411,0.027193748602235383,0.0049648765108563,0.009731157961278348,0.026021442159232678,0.01763513327475521,0.0032197200997311263,0.006310651395473007,0.009093378247178312,0.03198312566204665,0.005839293128208433,0.011445014531288529,0.258961263134301,8.06113522571254,0.1372322404973154,2.8846401934518746,0.035114820406411,0.026021442159232678,0.0049648765108563,0.0032197200997311263
1B_residual,500,0.5,0.5,10,0.005756157152810729,0.005258381011753347,0.000960044632031382,0.0018816874787815087,0.9822700764167255,0.0971107908940225,0.017729923583274465,0.03475065022321795,0.1649184077464588,0.05514891550805093,0.010068768348568657,0.019734785963194567,0.11281932094292936,0.09358255867343092,0.017085759458162948,0.03348808853799937,0.03338501162144772,0.027261395635978437,0.004977227112966095,0.009755365141413546,0.017490452296244654,0.012450857350356642,0.0022732051436897788,0.004455482081631966,0.01589455932520304,0.03001172697739874,0.005479366618402542,0.010739558572068982,0.47609866084311425,11.224645580516984,0.1038075942029455,4.016687835173884,0.03338501162144772,0.017490452296244654,0.004977227112966095,0.0022732051436897788
1B_residual,500,0.5,1.0,3,0.021175111532709737,0.009039269039582723,0.0016503371854458386,0.0032346608834738434,0.9668653755019754,0.1291818868957167,0.02358527782462168,0.046227144536258494,0.24997112994370502,0.06685741121462546,0.012206437419549744,0.0239246173423175,0.06170710619904047,0.08177646467679982,0.014930271458835891,0.029263332059318345,0.04056356159594553,0.026885061022619908,0.004908518127330611,0.009620695529567997,0.026371118171809534,0.02164115659086036,0.003951116545105273,0.007744188428406335,0.014192443424135958,0.020420464907284917,0.0037282497548208633,0.007307369519448892,0.3498815899231733,0.916085179434792,0.07403288274333432,0.3278168713501008,0.04056356159594553,0.026371118171809534,0.004908518127330611,0.003951116545105273
1B_residual,500,0.5,1.0,5,0.02430702553951498,0.01073174565910175,0.0019593397262993918,0.003840305863546808,0.9943923711641302,0.03071424807522357,0.005607628835869859,0.010990952518304923,0.28986772057602017,0.06993992722566904,0.012769225270589548,0.025027681530355513,0.09266480152105012,0.0967567307043174,0.01766528133240245,0.034623951411508806,0.03710117914255122,0.0319668229702479,0.005836316677526357,0.01143918068795166,0.022068118784271208,0.020066564629667764,0.0036636366997681116,0.007180727931545498,0.01503306035828,0.030268782871498034,0.005526298388981823,0.010831544842404374,0.4051909051332183,7.7730823015939565,0.10575376574879866,2.781561778379094,0.03710117914255122,0.022068118784271208,0.005836316677526357,0.0036636366997681116
1B_residual,500,0.5,1.0,10,0.01586963202359536,0.008433150908082901,0.0015396756610673934,0.003017764295692091,0.9269523884732568,0.1758631339562406,0.032108068500461905,0.06293181426090533,0.31454735315551047,0.08270264368240998,0.015099367836722688,0.029594760959976468,0.1267436057152975,0.12784933835021506,0.023341988858841034,0.04575029816332843,0.04586376068858808,0.028533358825211175,0.005209454756652423,0.010210531323038749,0.01903494316981277,0.015336214784219112,0.0027999969280203436,0.005487993978919873,0.026828817518775288,0.034847310648637234,0.0063622193702161985,0.012469949965623749,0.5849676763521687,1.4908250206386946,0.0838722260226609,0.533484882156653,0.04586376068858808,0.01903494316981277,0.005209454756652423,0.0027999969280203436
1B_residual,500,1.0,0.2,3,0.006504717231651089,0.006306095829209586,0.0011513303118157786,0.002256607411158926,1.0,0.0,0.0,0.0,0.08521469876346624,0.04763220318004549,0.00869641071512674,0.017044965001648413,0.0633850747500684,0.07144220755770044,0.013043502879106196,0.025565265643048143,0.036538318027975906,0.03252232139716026,0.005937736350552536,0.01163796324708297,0.03240188469025049,0.026867978050515266,0.004905399217606963,0.009614582466509647,0.004136433337725392,0.022783722006671826,0.004159719495660343,0.008153050211494272,0.11320809388539232,6.799913861478423,0.10432050055388138,2.433317924535544,0.036538318027975906,0.03240188469025049,0.005937736350552536,0.004905399217606963
1B_residual,500,1.0,0.2,5,0.007381591755280542,0.004729631252735971,0.0008635085752683029,0.0016924768075258735,1.0,0.0,0.0,0.0,0.1347497956752746,0.04760225650175635,0.008690943224719637,0.017034248720450486,0.06625075227261558,0.060890914107682076,0.011117109067962342,0.02178953377320619,0.036951965094270754,0.03504971229374553,0.006399172685783522,0.012542378464135702,0.020051763899088478,0.019795131914019118,0.0036140800926995616,0.007083596981691141,0.01690020119518223,0.030478025489496435,0.005564500689604877,0.010906421351625558,0.4573559525742944,3.0643494934083004,0.09611126667660419,1.0965633831912462,0.036951965094270754,0.020051763899088478,0.006399172685783522,0.0036140800926995616
1B_residual,500,1.0,0.2,10,0.009066786745324467,0.007054419882657233,0.001287954966614771,0.0025243917345649514,0.9944727659274645,0.03027390782138824,0.005527234072535473,0.010833378782169526,0.1770768486567059,0.05146807292685842,0.00939674151112043,0.018417613361796044,0.11485205173829048,0.11843511668565604,0.021623195003163433,0.04238146220620033,0.03578984661825766,0.03112163305934359,0.005682006817666999,0.011136733362627318,0.015677722114723975,0.01221402623931803,0.0022299658964114923,0.004370733156966525,0.02011212450353368,0.03511617200374877,0.006411306513228197,0.012566160765927266,0.5619505643054024,2.5656576053906446,0.10017109970027642,0.9181087829340008,0.03578984661825766,0.015677722114723975,0.005682006817666999,0.0022299658964114923
1B_residual,500,1.0,0.5,3,0.011709033764051684,0.005992855789428108,0.001094140766581735,0.0021445159025002005,1.0,0.0,0.0,0.0,0.16117330545878455,0.0557232777017814,0.010173632058463434,0.01994031883458833,0.07626047153252744,0.07532591100277597,0.013752566873615662,0.026955031072286695,0.045633788830895756,0.026118190990683462,0.004768507455608511,0.00934627461299268,0.03383619837585802,0.023626401155502526,0.004313570955178285,0.008454599072149438,0.0117975904550377,0.0221990001238765,0.004052964373969045,0.007943810172979328,0.2585275243911005,0.6985398979042664,0.0778824074701454,0.2499692921410213,0.045633788830895756,0.03383619837585802,0.004768507455608511,0.004313570955178285
1B_residual,500,1.0,0.5,5,0.016431686679377538,0.00827522935392161,0.001510843261890589,0.0029612527933055546,0.9647518051373647,0.11273481874020232,0.02058246774675498,0.040341636783639764,0.21372260213779942,0.04731656361006888,0.008638783077620935,0.01693201483213703,0.09069041169995054,0.08540974007181654,0.015593613755995607,0.03056348296175139,0.03770802412618398,0.03361408326731567,0.006137063885121917,0.012028645214838957,0.023929142499889346,0.018124594048191053,0.003309083001939372,0.006485802683801169,0.013778881626294611,0.030315548829349694,0.005534836645661386,0.010848279825496316,0.36540980190809713,15.227070728494525,0.10170488721911494,5.4489372801790745,0.03770802412618398,0.023929142499889346,0.006137063885121917,0.003309083001939372
1B_residual,500,1.0,0.5,10,0.011462743351367087,0.005824379748866801,0.0010633813906435405,0.0020842275256613392,0.9944724793326226,0.03027547756598603,0.005527520667377384,0.010833940508059671,0.22476841047049673,0.045993313113476424,0.008397191695549734,0.01645849572327748,0.17159347091088012,0.17310379878812687,0.03160428512869751,0.06194439885224711,0.03670704874781039,0.027260013142030796,0.004976974705259182,0.009754870422307996,0.012703840614959811,0.010199673563555915,0.0018621970966495591,0.003649906309433136,0.02400320813285054,0.02514486138953816,0.004590802596130248,0.008997973088415287,0.6539127756568115,0.7921033007813872,0.054183525438826215,0.28345052586534664,0.03670704874781039,0.012703840614959811,0.004976974705259182,0.0018621970966495591
1B_residual,500,1.0,1.0,3,0.027202999344607796,0.01213141144420409,0.002214882567455635,0.004341169832213045,0.9915430115199216,0.046320833591002405,0.008456988480078349,0.016575697420953564,0.2934166189899471,0.05741430354722844,0.010482369725421964,0.020545444661827048,0.11047879267699387,0.10430462755758547,0.019043332455154847,0.0373249316121035,0.041046113749506986,0.031174950059473048,0.005691741125556803,0.011155812606091334,0.03758431092204057,0.026235916282753523,0.004790001054960397,0.009388402067722377,0.003461802827466437,0.027090113739938696,0.004945955460248354,0.009694072702086774,0.08433935667071513,7.250527059009131,0.11383628488570913,2.5945677863603156,0.041046113749506986,0.03758431092204057,0.005691741125556803,0.004790001054960397
1B_residual,500,1.0,1.0,5,0.02629862574132657,0.009580501719453441,0.00174915230132056,0.0034283385105882977,0.9684128471981854,0.08402113543232848,0.015340090394494294,0.030066577173208816,0.3278158271876032,0.060407240134057634,0.011028802686018253,0.021616453264595777,0.06160397185627371,0.05565302105988106,0.010160805009268975,0.01991517781816719,0.04325879252512575,0.035678976336887214,0.006514060056135389,0.012767557710025362,0.02167059794802595,0.01587659584704422,0.0028986565606063195,0.005681366858788386,0.02158819457709976,0.035025056913781404,0.006394671249860117,0.012533555649725829,0.49904755350165764,0.8462974272873713,0.08670993356676811,0.3028436449721358,0.04325879252512575,0.02167059794802595,0.006514060056135389,0.0028986565606063195
1B_residual,500,1.0,1.0,10,0.023622441059470874,0.008530463671282039,0.0015574424595798356,0.0030525872207764777,0.9238724789629157,0.18146213037078554,0.03313030071234085,0.06493538939618806,0.3596575343736648,0.06979471809010959,0.01274271383088897,0.02497571910854238,0.14270074144628525,0.0948267179962258,0.01731291083357132,0.03393330523379979,0.040967333685280376,0.030726083992689834,0.005609789768864874,0.010995187946975153,0.01952649053370632,0.017846920933300318,0.003258387059059912,0.006386438635757428,0.021440843151574036,0.03365998490965984,0.006145444340101395,0.012045070906598733,0.5233643789534144,7.178699860472373,0.09674125196306067,2.568864753464739,0.040967333685280376,0.01952649053370632,0.005609789768864874,0.003258387059059912
1B_residual,500,2.0,0.2,3,0.008698343225499042,0.006391010745906173,0.0011668335835969094,0.0022869938238499424,1.0,0.0,0.0,0.0,0.10693078694315274,0.03892819006451864,0.007107282607061782,0.013930273909841093,0.03474642240023456,0.03762635478483548,0.006869601090782278,0.013464418137933264,0.04421723873580085,0.033460741932723845,0.006109067715803953,0.011973772722975748,0.027733751612579127,0.018702361028776034,0.003414568338022053,0.006692553942523223,0.016483487123221698,0.02557876962156374,0.004670023038319447,0.009153245155106116,0.37278418088725496,1.0860974399351282,0.06896550627548355,0.3886549774340402,0.04421723873580085,0.027733751612579127,0.006109067715803953,0.003414568338022053
1B_residual,500,2.0,0.2,5,0.02019726201530241,0.00820139949231581,0.0014973638350175955,0.002934833116634487,1.0,0.0,0.0,0.0,0.17264393755921156,0.05190128048052614,0.009475834027528912,0.018572634693956667,0.05868686794556267,0.05543588471080162,0.0101211615171206,0.019837476573556376,0.03656130551980303,0.02395351356410209,0.0043732932368548945,0.008571654744235593,0.02280613870457834,0.015539336891665348,0.002837081781412441,0.005560680291568384,0.013755166815224682,0.02365852185785509,0.004319435366258755,0.008466093317867159,0.3762219816733392,2.9508766996327616,0.08725875779670766,1.0559576654327698,0.03656130551980303,0.02280613870457834,0.0043732932368548945,0.002837081781412441
1B_residual,500,2.0,0.2,10,0.019620283377922057,0.00827989510985728,0.0015116951084818493,0.002962922412624425,1.0,0.0,0.0,0.0,0.2361891218827531,0.05714844244426389,0.010433830351003,0.02045030748796588,0.09447514376057979,0.0735772934337798,0.013433314444619314,0.026329296311453854,0.041062548343675925,0.029146148800901137,0.005321334387551901,0.010429815399601725,0.01210723587306437,0.010435047951347276,0.0019051703838669914,0.003734133952379303,0.028955312470611512,0.027752420235222633,0.005066875529398088,0.009931076037620253,0.7051513760974599,3.422017700937243,0.05015672112770971,1.2245533074970596,0.041062548343675925,0.01210723587306437,0.005321334387551901,0.0019051703838669914
1B_residual,500,2.0,0.5,3,0.016385925095147174,0.008378647373602086,0.001529724722634426,0.0029982604563634748,1.0,0.0,0.0,0.0,0.16561216959687808,0.04692783049328006,0.008567810445316092,0.01679290847281954,0.06944250310426005,0.0752641706660686,0.01374129468190813,0.026932937576539934,0.04043424260453034,0.029479802037839894,0.005382250855637225,0.010549211677048961,0.02987089687769064,0.023798852267792305,0.004345056076600941,0.008516309910137843,0.010563345726839675,0.022648644452138208,0.004135057821116777,0.008104713329388884,0.26124752305008325,0.8924818957073931,0.0855762894762155,0.319370544743356,0.04043424260453034,0.02987089687769064,0.005382250855637225,0.004345056076600941
1B_residual,500,2.0,0.5,5,0.02118667390731288,0.009445777192443437,0.0017245550804896956,0.0033801279577598035,0.9560595006778292,0.12264340446879766,0.022391519718930126,0.04388737864910305,0.22383010761434324,0.0631384349991937,0.011527448364877353,0.022593798795159614,0.09112359770825253,0.09584792955531464,0.01749935770253731,0.034298741096973125,0.04378887831545932,0.036020753763319924,0.0065764597915031415,0.012889861191346157,0.02616453918371807,0.023010896631218275,0.004201195717779295,0.008234343606847418,0.017624339131741232,0.03146893087734008,0.00574541443403,0.011261012290698801,0.4024843706836655,6.851615225899518,0.092557021146628,2.4518190201864,0.04378887831545932,0.02616453918371807,0.0065764597915031415,0.004201195717779295
1B_residual,500,2.0,0.5,10,0.018674097885298748,0.007602259674515934,0.0013879763705814197,0.0027204336863395824,0.9651774317515227,0.1153009593125345,0.021050978772486833,0.04125991839407419,0.24821195015859818,0.0625758397529893,0.011424732995846915,0.022392476671859955,0.13835704193623694,0.1139869671935285,0.020811077731165632,0.04078971235308464,0.044544823132014,0.036611166142523334,0.006684253850943143,0.013101137547848559,0.01961812328859616,0.014717189527677234,0.002686978895795874,0.005266478635759913,0.024926699843417822,0.03507104052303536,0.006403066669881416,0.012550010672967574,0.5595869079902851,0.8550918694346579,0.07474495133775345,0.3059906956773679,0.044544823132014,0.01961812328859616,0.006684253850943143,0.002686978895795874
1B_residual,500,2.0,1.0,3,0.030447441518405824,0.011381731492305699,0.0020780103606009227,0.004072900306777809,0.9851392626484269,0.08139561068616191,0.014860737351573144,0.029127045209083362,0.26705868127354937,0.061046637973884224,0.011145540226049286,0.0218452588430566,0.12955994004268548,0.12383289043427673,0.02260868915063969,0.04431303073525379,0.05494479816872863,0.02759113683047474,0.005037429343087535,0.00987336151245157,0.03345564031859478,0.02102735694606563,0.0038390525746910286,0.007524543046394416,0.021489157850133837,0.025142386519397337,0.00459035074872924,0.00899708746750931,0.39110450063249536,1.486539766363261,0.06447929318474498,0.5319514236082034,0.05494479816872863,0.03345564031859478,0.005037429343087535,0.0038390525746910286
1B_residual,500,2.0,1.0,5,0.031102863358459045,0.010878646053775509,0.0019861599462558015,0.0038928734946613707,0.880634468215538,0.209352649431544,0.038222389522375916,0.07491588346385679,0.3134914141971471,0.06244361997240221,0.011400593077054936,0.022345162431027674,0.1132243135223234,0.1103600576842756,0.020148897680416365,0.039491839453616076,0.032508022736252355,0.03151740595678928,0.005754264732193727,0.011278358875099705,0.02824406238327716,0.018880850443814046,0.003447155897652793,0.006756425559399475,0.004263960352975179,0.03346642820334038,0.0061101058820322044,0.011975807528783121,0.131166401216402,4.347223776809029,0.1691098153580464,1.5556340497196577,0.032508022736252355,0.02824406238327716,0.005754264732193727,0.003447155897652793
1B_residual,500,2.0,1.0,10,0.027498862638884333,0.010352948781087116,0.001890181194699009,0.0037047551416100576,0.9182621312924304,0.17960872001416278,0.03279191582546218,0.06427215501790588,0.33260724240427086,0.0515234156377617,0.009406845661505502,0.018437417496550784,0.12824393325860517,0.14203387459987496,0.025931719016070522,0.050826169271498224,0.050843742680236864,0.04337654696009058,0.007919437745574583,0.015522097981326182,0.02138257535281394,0.014785502561473133,0.002699451092323083,0.005290924140953243,0.029461167327422887,0.043424197196838134,0.007928137448753616,0.015539149399557087,0.5794452920727762,0.9702786341488598,0.07711559488689054,0.3472097500592402,0.050843742680236864,0.02138257535281394,0.007919437745574583,0.002699451092323083
1B_residual,2000,0.5,0.2,3,0.0031181038658021037,0.0016310307771939215,0.0002977841162180978,0.0005836568677874717,1.0,0.0,0.0,0.0,0.0618486614693465,0.015256223231168908,0.002785392535348521,0.005459369369283101,0.03260953742567988,0.04023669982850021,0.007346182711877937,0.014398518115280756,0.017024814023822395,0.013725217802707171,0.0025058704657380695,0.004911506112846616,0.013233749755004635,0.01074493406697001,0.0019617475891284,0.0038450252746916637,0.00379106426881775,0.010012579642763357,0.0018280385763861694,0.003582955609716892,0.22267874782731956,5.258266392933453,0.09038075071531966,1.8816464629635705,0.017024814023822395,0.013233749755004635,0.0025058704657380695,0.0019617475891284
1B_residual,2000,0.5,0.2,5,0.004270677774127,0.0017511144324740605,0.0003197082918129666,0.0006266282519534146,1.0,0.0,0.0,0.0,0.08642647858645278,0.01714914923319326,0.0031309919590141234,0.006136744239667682,0.05849250679157348,0.06602653462957526,0.012054740803504794,0.023627291974869395,0.016278791850077457,0.013007157411379608,0.002374771174411038,0.004654551501845634,0.013158893084131646,0.01042197582738527,0.0019027837514774932,0.0037294561528958864,0.0031198987659458066,0.01773438041008498,0.0032378400646604208,0.006346166526734425,0.19165419612702805,8.169015445121648,0.17691930955412388,2.9232446341754716,0.016278791850077457,0.013158893084131646,0.002374771174411038,0.0019027837514774932
1B_residual,2000,0.5,0.2,10,0.0027522833476073304,0.0018428637148234694,0.0003364593423388606,0.0006594603109841668,1.0,0.0,0.0,0.0,0.08740476067326448,0.017027471149695012,0.003108776681985461,0.006093202296691504,0.09963575932602932,0.1143078562011945,0.02086966378048367,0.040904541009748,0.014987472470945954,0.01479643547783599,0.0027014471606268344,0.005294836434828596,0.009196978230587387,0.00725593754339056,0.0013247468894545431,0.0025965039033309044,0.005790494240358546,0.015346668599255408,0.0028019055247894657,0.005491734828587353,0.3863556214420918,4.556019355754602,0.1294716361442501,1.6303505880702738,0.014987472470945954,0.009196978230587387,0.0027014471606268344,0.0013247468894545431
1B_residual,2000,0.5,0.5,3,0.010974062285148608,0.0032962862271634754,0.0006018167742036779,0.0011795608774392086,1.0,0.0,0.0,0.0,0.15390153834732193,0.024824459382747535,0.004532305460600532,0.008883318702777043,0.04566571698454469,0.06436626083296874,0.011751617666826081,0.02303317062697912,0.019339888315244875,0.01175487816270884,0.0021461373101468377,0.004206429127887802,0.01549460067895654,0.011134930754048747,0.002032950916750169,0.003984583796830332,0.0038452876362883273,0.011747632638464095,0.0021448144644569053,0.004203836350335535,0.19882677570879492,1443.239555109445,0.10044416869955125,516.4566420085467,0.019339888315244875,0.01549460067895654,0.0021461373101468377,0.002032950916750169
1B_residual,2000,0.5,0.5,5,0.010533178966006751,0.0031578964279524633,0.0005765503692848505,0.001130038723798307,1.0,0.0,0.0,0.0,0.17139856775343387,0.024003380876316975,0.004382397720782309,0.008589499532733327,0.06805267307255938,0.09203562186612893,0.01680332873003151,0.03293452431086176,0.019003471535438136,0.013397609488439289,0.0024460576444878157,0.004794272983196119,0.011779702013056288,0.007722363288550976,0.0014099041901297152,0.0027634122126542417,0.007223769522381856,0.015798035266303422,0.0028843134265388393,0.005653254316016125,0.38012894164683475,1.750359394004299,0.11166123019289992,0.6263580649069885,0.019003471535438136,0.011779702013056288,0.0024460576444878157,0.0014099041901297152
1B_residual,2000,0.5,0.5,10,0.00774802749274636,0.0020040960358603645,0.000365896202082468,0.0007171565560816373,1.0,0.0,0.0,0.0,0.189991135823024,0.0301699351720993,0.00550825135074243,0.010796172647455164,0.11125250202608258,0.13346517865907725,0.024367296331011236,0.04775990080878202,0.01934911102588383,0.013451411537309834,0.0024558805097566134,0.004813525799122962,0.008859543223847199,0.006145747381376137,0.0011220548245026718,0.002199227456025237,0.010489567802036607,0.0160808151453642,0.0029359417327288967,0.005754445796148638,0.5421214332795161,70.48052087169476,0.09146683429626037,25.221130482145384,0.01934911102588383,0.008859543223847199,0.0024558805097566134,0.0011220548245026718
1B_residual,2000,0.5,1.0,3,0.025913058280428117,0.00490302872125781,0.0008951664769095372,0.0017545262947426929,1.0,0.0,0.0,0.0,0.3102357763521334,0.03123117303886353,0.005702005990244241,0.011175931740878713,0.059503623225007095,0.05994979186945331,0.01094528444154646,0.02145275750543106,0.014985901003068536,0.01112851357652721,0.0020317793057888153,0.003982287439346078,0.014386143063917035,0.010349526426145686,0.0018895563610319389,0.0037035304676226,0.0005997579391515069,0.010481371716212565,0.0019136279075220861,0.003750710698743289,0.04002148012513185,3.1560838638461792,0.124834013676937,1.1293901060629887,0.014985901003068536,0.014386143063917035,0.0020317793057888153,0.0018895563610319389
1B_residual,2000,0.5,1.0,5,0.025363473963087312,0.003935436918022932,0.0007185091912132563,0.0014082780147779822,0.9639327584437379,0.11585457470109538,0.021152054651319092,0.04145802711658542,0.32636497042600726,0.023632961055764547,0.004314768623627782,0.008456946502310454,0.11870105215874789,0.10681248325565752,0.019501202167422158,0.03822235624814743,0.020315864748955286,0.012772133806248852,0.002331861931052271,0.004570449384862451,0.009586839388375838,0.008449129496822147,0.0015425929388972546,0.003023482160238619,0.010729025360579413,0.014024838016093787,0.0025605733822568564,0.005018723829223438,0.5281106904952777,0.6398504950834056,0.08519280991598367,0.22896755906417937,0.020315864748955286,0.009586839388375838,0.002331861931052271,0.0015425929388972546
1B_residual,2000,0.5,1.0,10,0.02243082550870995,0.0031145326425356377,0.0005686332614676476,0.0011145211924765892,0.9896651012949035,0.056606571503122836,0.010334898705096499,0.020256401461989138,0.39796907903070305,0.03954119904133566,0.0072192022219137305,0.01414963635495091,0.09971219063486701,0.11291521596312891,0.020615403622857707,0.040406191100801105,0.020466875169262547,0.012432877582623054,0.0022699225022343155,0.004449048104379258,0.012937194537955266,0.0081596744354574,0.0014897459167327498,0.0029199019967961898,0.007529680631307273,0.014466501770233295,0.002641209782581731,0.005176771173860193,0.36789595720090507,4.50714769611634,0.09805811180631735,1.6128620892713013,0.020466875169262547,0.012937194537955266,0.0022699225022343155,0.0014897459167327498
1B_residual,2000,1.0,0.2,3,0.007173348765735577,0.001902438070388729,0.00034733608180283594,0.0006807787203335585,1.0,0.0,0.0,0.0,0.09930094405390265,0.01846895867692508,0.003371955093660878,0.006609031983575321,0.052180784694974246,0.05283323015452974,0.009645983980499364,0.018906128601778753,0.017406065804692283,0.010786851285251631,0.0019694005911286374,0.003860025158612129,0.01395667031927215,0.010507746581612652,0.0019184432770990162,0.0037601488231140717,0.003449395485420131,0.011017385841114148,0.0020114902499720824,0.003942520889945281,0.19817203520454663,1.61369021761559,0.10526798105635007,0.5774516282354729,0.017406065804692283,0.01395667031927215,0.0019694005911286374,0.0019184432770990162
1B_residual,2000,1.0,0.2,5,0.009261595409204728,0.002881320724427216,0.0005260547853919708,0.0010310673793682628,1.0,0.0,0.0,0.0,0.13543536347334742,0.020630875497637573,0.003766665297045573,0.007382663982209323,0.07275209227902353,0.08437340683446871,0.015404406058933022,0.030192635875508723,0.016530715023453997,0.011901762310539564,0.0021729545638491084,0.004258990945144253,0.010275100989068389,0.006426517451347865,0.0011733161914346114,0.0022996997352118386,0.006255614034385588,0.012063772348275551,0.0022025334145858626,0.00431696549258829,0.3784236813416758,0.6890253815249661,0.0942161963319142,0.2465645661811538,0.016530715023453997,0.010275100989068389,0.0021729545638491084,0.0011733161914346114
1B_residual,2000,1.0,0.2,10,0.007874212183277263,0.0020412699358270396,0.0003726831966031975,0.0007304590653422671,1.0,0.0,0.0,0.0,0.14742498504432205,0.020458201504527682,0.0037351394833386466,0.007320873387343748,0.11214741755142718,0.11367612875390584,0.020754326656125286,0.04067848024600556,0.020461359756366142,0.015186346514940833,0.0027726348507743533,0.005434364307517732,0.007804693265742088,0.006891151155657518,0.0012581463117104722,0.0024659667709525253,0.01265666649062405,0.016953824089355606,0.0030953306299048486,0.006066848034613504,0.6185642910015394,1.4453335943244907,0.08206959690633078,0.5172059843179422,0.020461359756366142,0.007804693265742088,0.0027726348507743533,0.0012581463117104722
1B_residual,2000,1.0,0.5,3,0.013894996854958682,0.0027540509062298608,0.0005028186019532132,0.0009855244598282978,1.0,0.0,0.0,0.0,0.1880091803304335,0.021380157403104182,0.003903464830897078,0.0076507910685582724,0.058904886436240984,0.0806574268744886,0.01472596404316027,0.028862889524594128,0.015610018225446292,0.01637538522430602,0.0029897226250630675,0.005859856345123612,0.01519418005190382,0.011122278591906868,0.0020306409585480623,0.003980056278754202,0.0004158381735424766,0.014720022553548906,0.002687496133187844,0.005267492421048174,0.02663918565223733,36.680885719349,0.1683768644562938,13.126086378000952,0.015610018225446292,0.01519418005190382,0.0029897226250630675,0.0020306409585480623
1B_residual,2000,1.0,0.5,5,0.016924873113903744,0.002677821067610863,0.0004889010012310121,0.0009582459624127836,0.995965817556857,0.022096127252007727,0.00403418244314309,0.007906997588560456,0.23142389156486395,0.021800757940059954,0.003980255631493565,0.007801301037727387,0.048163942729600624,0.07093778994009717,0.012951409243251421,0.025384762116772784,0.017171048056879183,0.013973293506722037,0.002551162685424042,0.005000278863431122,0.01154159471414318,0.007937451881174085,0.0014491738148102872,0.0028403806770281627,0.005629453342735984,0.01371141369075297,0.002503350191236855,0.004906566374824236,0.32784564600182875,4.1660701729980385,0.10843022769618545,1.4908090651349775,0.017171048056879183,0.01154159471414318,0.002551162685424042,0.0014491738148102872
1B_residual,2000,1.0,0.5,10,0.012294619789926527,0.002826396441448738,0.0005160270291446011,0.0010114129771234181,1.0,0.0,0.0,0.0,0.23506898472004142,0.03062573175655542,0.005591468041055906,0.010959277360469574,0.11795426892578556,0.12204510088968322,0.022282284930091104,0.04367327846297856,0.02015929504251296,0.014707116051534408,0.0026851397390905687,0.005262873888617514,0.008508387247486957,0.005674941485593879,0.001036097821393882,0.002030751729932009,0.011650907795025978,0.016761444293906462,0.003060207045379607,0.00599800580894403,0.5779422232005618,1.4101870071434592,0.08321571944339785,0.5046289396206053,0.02015929504251296,0.008508387247486957,0.0026851397390905687,0.001036097821393882
1B_residual,2000,1.0,1.0,3,0.03169819167427763,0.005171044620093243,0.000944099261430267,0.0018504345524033231,0.9732701794873526,0.08076369684519794,0.014745366196541243,0.028900917745220835,0.33893568399478635,0.027206419196498997,0.004967189834288025,0.009735692075204529,0.08595382413164525,0.06463200288464888,0.01180013530555372,0.02312826519888529,0.021454977186582687,0.01578489135692317,0.0028819136879850503,0.005648550828450698,0.016334188424162756,0.009461372528211751,0.0017274023862204199,0.003385708676992023,0.00512078876241992,0.015372328766059184,0.0028065904088520567,0.005500917201350031,0.2386760292442689,185.3735886043543,0.10628461736480992,66.33508674893446,0.021454977186582687,0.016334188424162756,0.0028819136879850503,0.0017274023862204199
1B_residual,2000,1.0,1.0,5,0.03119966652855956,0.0035653217886486596,0.0006509357228025123,0.0012758340166929242,0.9581843978183107,0.14066916096238322,0.02568255753480747,0.05033781276822264,0.3576527759268065,0.02572096435682797,0.004695984126340345,0.009204128887627075,0.11147429456544537,0.12882448734348395,0.023520025892354978,0.046099250749015754,0.02238898279314211,0.013826104807173277,0.002524289828439806,0.00494760806374202,0.011921276844658978,0.009443081907313161,0.001724062991001442,0.0033791634623628265,0.010467705948483104,0.015148697819552824,0.0027657611708661353,0.005420891894897625,0.46753825509613856,1.483390449531354,0.08793917434619992,0.5308244550534201,0.02238898279314211,0.011921276844658978,0.002524289828439806,0.001724062991001442
1B_residual,2000,1.0,1.0,10,0.024932870617700543,0.0033551524518341098,0.0006125642272461024,0.0012006258854023607,0.9592178557064508,0.10786179696884265,0.01969277976429249,0.03859784833801328,0.3898529025172329,0.02968990241718476,0.00542060976133975,0.010624395132225909,0.14327511782558738,0.1674384058259308,0.030569930621188908,0.05991706401753026,0.021327609839565602,0.010785955672620534,0.001969237075381691,0.003859704667748114,0.010022034119053443,0.007554192867188861,0.001379200612367989,0.0027032332002412582,0.011305575720512143,0.01374762355625921,0.0025099611779508535,0.004919523908783673,0.5300910793828751,1.1613136118147775,0.08124895798062665,0.41557073886545104,0.021327609839565602,0.010022034119053443,0.001969237075381691,0.001379200612367989
1B_residual,2000,2.0,0.2,3,0.012119701032461202,0.003244160749466861,0.0005923000075519552,0.001160908014801832,1.0,0.0,0.0,0.0,0.11467573199682775,0.018806225841857538,0.0034335313717073187,0.006729721488546344,0.07126598521007078,0.07533661683523878,0.013754521482261245,0.026958862105232042,0.026129619580546888,0.01763264243952542,0.003219265337516998,0.006309760061533316,0.01656059350253102,0.011574498260526374,0.0021132045963648672,0.004141881008875139,0.009569026078015836,0.015318107197983466,0.0027966909502059327,0.005481514262403628,0.366213754031837,1.1625486255753223,0.0783111702209087,0.4160126828638311,0.026129619580546888,0.01656059350253102,0.003219265337516998,0.0021132045963648672
1B_residual,2000,2.0,0.2,5,0.019732876392027067,0.0028982726722748516,0.0005291497734685713,0.0010371335559983999,1.0,0.0,0.0,0.0,0.19133374662665903,0.02518605319969085,0.004598323157331948,0.009012713388370619,0.07170293376974048,0.07406496302586926,0.01352235032335156,0.026503806633769056,0.025933724755286276,0.016676895777246934,0.003044770668786932,0.005967750510822387,0.008448523938666701,0.006103465388540629,0.0011143352240852453,0.0021840970392070806,0.017485200816619535,0.015622664639250043,0.0028522952770851854,0.005590498743086964,0.674226358982831,26.39410421665128,0.0464534295617001,9.44500889287339,0.025933724755286276,0.008448523938666701,0.003044770668786932,0.0011143352240852453
1B_residual,2000,2.0,0.2,10,0.016331583293467875,0.003488176951786703,0.0006368510670210624,0.0012482280913612824,1.0,0.0,0.0,0.0,0.20496747817446534,0.03544108192022282,0.006470626676698182,0.012682428286328436,0.09050009896082178,0.09644869639189296,0.0176090422186023,0.03451372274846051,0.02191849860339772,0.016128709172574106,0.0029446859457531067,0.0057715844536760895,0.007972106604587458,0.005066401895602345,0.0009249942012027793,0.0018129886343574474,0.013946391998810247,0.01746433802167762,0.0031885372954559934,0.006249533099093747,0.6362840927730491,3.1294089082579437,0.06821430217993242,1.1198445957975205,0.02191849860339772,0.007972106604587458,0.0029446859457531067,0.0009249942012027793
1B_residual,2000,2.0,0.5,3,0.01851634631168205,0.003259863223875107,0.0005951668740326365,0.0011665270731039674,1.0,0.0,0.0,0.0,0.17838544774199208,0.022025622950758123,0.004021310177744574,0.007881767948379366,0.08084697264050433,0.07537349421298115,0.01376125433947829,0.02697205850537745,0.02582731268230656,0.021708117517258454,0.0039633418817251655,0.007768150088181324,0.019503554893845903,0.013250734537273899,0.002419242069859231,0.0047417144569240925,0.0063237577884606485,0.014648491460901325,0.0026744364021858203,0.005241895348284208,0.24484768764939513,1.246439607072603,0.07675641092003684,0.44603268504953975,0.02582731268230656,0.019503554893845903,0.0039633418817251655,0.002419242069859231
1B_residual,2000,2.0,0.5,5,0.025845157135729165,0.003661750499638748,0.0006685411162026516,0.0013103405877571972,0.9814382748309378,0.10166675581306736,0.018561725169062158,0.03638098133136183,0.24778953779603494,0.02469987012338184,0.0045095586780080485,0.008838735008895775,0.08031859577501928,0.0895732723298553,0.016353767268205026,0.03205338384568185,0.023945378198340084,0.019758785973706738,0.0036074442622386193,0.007070590753987693,0.009051032676298561,0.008372863023629726,0.0015286686496476373,0.002996190553309369,0.01489434552204149,0.020381288615872205,0.0037210971753121502,0.007293350463611814,0.6220133755529496,3.072644085820001,0.0795413008208933,1.09953156496579,0.023945378198340084,0.009051032676298561,0.0036074442622386193,0.0015286686496476373
1B_residual,2000,2.0,0.5,10,0.019492904296229404,0.002973406006661315,0.0005428671808232529,0.0010640196744135756,0.9758301630913138,0.07535181196232556,0.013757295720217775,0.02696429961162684,0.2594100844398338,0.026728229591669015,0.004879884756511405,0.009564574122762353,0.10604701516034273,0.0942287186209523,0.01720373158450089,0.03371931390562174,0.021418787679879574,0.01656919436845632,0.003025107171763697,0.005929210056656846,0.00885490025380181,0.006319592649814966,0.0011537944828491676,0.0022614371863843687,0.012563887426077744,0.01807241281102965,0.0032995560550487624,0.006467129867895574,0.5865825654493066,5.2623243119705325,0.08170493555325865,1.8830985706417542,0.021418787679879574,0.00885490025380181,0.003025107171763697,0.0011537944828491676
1B_residual,2000,2.0,1.0,3,0.03461515578204162,0.0039789424472615135,0.0007264521777933135,0.0014238462684748945,0.9379012487941721,0.16162941297608704,0.029509358481107025,0.05783834262296977,0.2993821969041524,0.02277295510061306,0.004157753736552701,0.008149197323643293,0.08535608090059767,0.10691807535285144,0.019520480558597952,0.03826014189485199,0.025785480374833903,0.017392659824856768,0.0031754507070293012,0.00622388338577743,0.015139564064352044,0.01264647174995183,0.0023089192834334833,0.004525481795529627,0.010645916310481845,0.01738842071797161,0.003174676755541076,0.006222366440860509,0.4128647655861418,5.239122113877308,0.09237981086368309,1.874795770685904,0.025785480374833903,0.015139564064352044,0.0031754507070293012,0.0023089192834334833
1B_residual,2000,2.0,1.0,5,0.03521966239241482,0.004257948586573596,0.0007773914965211992,0.0015236873331815504,0.9420666729480952,0.15225598712128488,0.027798012887181263,0.05448410525887527,0.34609668005477445,0.03322250601904868,0.006065571987828039,0.011888521096142956,0.09450216572438147,0.10859066139627208,0.01982585159371455,0.03885866912368052,0.02351277979033497,0.017064122199702474,0.0031154682176005736,0.006106317706497124,0.012333372558787284,0.008879542114338545,0.001621175172113446,0.003177503337342354,0.011179407231547677,0.020024627734637774,0.003655980105301561,0.0071657210063910595,0.4754608911083763,1.5058324936782048,0.10277862348261135,0.5388552374130481,0.02351277979033497,0.012333372558787284,0.0031154682176005736,0.001621175172113446
1B_residual,2000,2.0,1.0,10,0.02814777810265041,0.003795231003398984,0.0006929112105015298,0.0013581059725829984,0.9503875361337665,0.1119867352399888,0.02044588701076686,0.04007393854110304,0.3489383928840947,0.024186236636067678,0.004415782462244044,0.008654933625998326,0.15394965088381055,0.12648465800770975,0.023092833456383025,0.04526195357451073,0.028381783303350974,0.016183986533299482,0.002954778164882653,0.00579136520317,0.015335376833895503,0.011680805135988433,0.0021326134876010214,0.004179922435698002,0.013046406469455457,0.02145604246739693,0.003917319484727367,0.007677946190065638,0.4596753604244139,2.0443928997872938,0.10097828411303056,0.7315766036430409,0.028381783303350974,0.015335376833895503,0.002954778164882653,0.0021326134876010214
1B_residual,10000,0.5,0.2,3,0.003908032684312223,0.0005506140562674212,0.0001005279130323618,0.00019703470954342912,1.0,0.0,0.0,0.0,0.07685421456838215,0.006443167954849452,0.0011763561435551575,0.0023056580413681085,0.07323020758913598,0.0967719615902485,0.017668062099000872,0.034629401714041705,0.010255256733505745,0.007609492948531512,0.0013892969796957357,0.0027230220802036418,0.009660180330411333,0.008262154001662593,0.0015084560400973925,0.002956573838590889,0.0005950764030944166,0.007236256240911585,0.0013211535916782709,0.002589461039689411,0.05802647545138406,3.5628262148903964,0.126038339327616,1.274940987092596,0.010255256733505745,0.009660180330411333,0.0013892969796957357,0.0015084560400973925
1B_residual,10000,0.5,0.2,5,0.004352857551462326,0.000688761006065757,0.00012574997991738923,0.0002464699606380829,1.0,0.0,0.0,0.0,0.09028184866820561,0.007539345804111388,0.0013764899219145775,0.002697920246952572,0.060566326961087866,0.0707220875983355,0.012912027563821569,0.025307574025090273,0.009109418373779156,0.00657316901077546,0.0012000909804985459,0.00235217832177715,0.007562264062325488,0.004796012140542172,0.0008756280118145282,0.0017162309031564754,0.00154715431145364,0.008765737116468494,0.0016003973172833612,0.0031367787418753877,0.16984117404323507,5.508550789035023,0.1573070624956804,1.9712095838606771,0.009109418373779156,0.007562264062325488,0.0012000909804985459,0.0008756280118145282
1B_residual,10000,0.5,0.2,10,0.0032815856681481033,0.0005319938087602015,9.712833650368394e-05,0.0001903715395472205,1.0,0.0,0.0,0.0,0.09505270464139008,0.007636930343099703,0.0013943063396704583,0.002732840425754098,0.11387606188019307,0.13083035076752492,0.023886244773895574,0.04681703975683532,0.009253194422862801,0.006567697538844706,0.001199092030965469,0.0023502203806923193,0.00730145337400134,0.0038033741861101798,0.0006943979454551324,0.0013610199730920594,0.0019517410488614551,0.007736624134966703,0.0014125078525533852,0.002768515391004635,0.21092619042339567,13.851558988172119,0.12953822066311607,4.956716725431066,0.009253194422862801,0.00730145337400134,0.001199092030965469,0.0006943979454551324
1B_residual,10000,0.5,0.5,3,0.011585233266991096,0.001368563101582968,0.0002498642940354086,0.0004897340163094008,1.0,0.0,0.0,0.0,0.17406760866224621,0.010200630015071085,0.001862371720006232,0.0036502485712122147,0.10065124996043696,0.07817935812074234,0.014273532658001756,0.02797612400968344,0.010220933331633956,0.007570562896995538,0.0013821893572320385,0.0027090911401747952,0.00662538763059388,0.005353610826567438,0.0009774311379382877,0.0019157650303590439,0.0035955457010400705,0.009038582173054584,0.0016502117813486862,0.003234415091443425,0.35178252165208856,2.643048390026029,0.12627093137675938,0.945802719546046,0.010220933331633956,0.00662538763059388,0.0013821893572320385,0.0009774311379382877
1B_residual,10000,0.5,0.5,5,0.011130876464838759,0.0008645140703560757,0.0001578379525382103,0.0003093623869748922,1.0,0.0,0.0,0.0,0.18643171712475068,0.008349651996412915,0.0015244309152511327,0.0029878845938922202,0.06457887043446348,0.06751686483398667,0.012326836627200596,0.024160599789313168,0.009503654266966543,0.005684687424356907,0.0010378771782287401,0.0020342392693283307,0.0077582422104962865,0.004308348388250396,0.0007865931992785891,0.0015417226705860345,0.0017454120564702501,0.007666289307756998,0.001399666528739724,0.002743346396329859,0.18365693947191242,1.999327651811629,0.1310605143185495,0.7154502117641616,0.009503654266966543,0.0077582422104962865,0.0010378771782287401,0.0007865931992785891
1B_residual,10000,0.5,0.5,10,0.008725714534430547,0.0008783349798230318,0.00016036129383163982,0.00031430813591001405,1.0,0.0,0.0,0.0,0.21404172680490668,0.011416899653809686,0.002084431159054829,0.0040854850717474646,0.06846139232597445,0.0915933209685721,0.016722576003765956,0.03277624896738127,0.009324784234366756,0.006764392626169407,0.0012350034763915316,0.002420606813727402,0.007453486650102869,0.00313617919314328,0.0005725853628209752,0.0011222673111291113,0.0018712975842638767,0.007973196904926585,0.0014556999334195547,0.002853171869502327,0.2006799875719555,3.2100755676199952,0.1319955995510998,1.1487107891253587,0.009324784234366756,0.007453486650102869,0.0012350034763915316,0.0005725853628209752
1B_residual,10000,0.5,1.0,3,0.02828813362767824,0.0015244703933654648,0.0002783289408983463,0.0005455247241607587,1.0,0.0,0.0,0.0,0.33227593677938305,0.012808891583423783,0.0023385729522930904,0.004583602986494457,0.08030175025577653,0.08186403899728265,0.0149462602690981,0.02929467012743228,0.00846999645790432,0.007508070187713322,0.001370779801714211,0.0026867284113598535,0.006858054766251461,0.004815446529813915,0.0008791762296130182,0.0017231854100415156,0.0016119416916528582,0.009031286566444387,0.0016488797919116567,0.003231804392146847,0.19031196762173053,279.3616090667771,0.16940976077725087,99.96826792471818,0.00846999645790432,0.006858054766251461,0.001370779801714211,0.0008791762296130182
1B_residual,10000,0.5,1.0,5,0.027341350786938005,0.0018926084805816856,0.00034554145244672244,0.000677261246795576,0.9897922607793616,0.05591009032273892,0.010207739220638466,0.020007168872451395,0.3383371755028769,0.01162281622034705,0.002122026208540338,0.004159171368739062,0.09728913126542661,0.0995672424051981,0.01817840821797064,0.03562968010722246,0.011058635804473705,0.006132137908220421,0.0011195700860216228,0.002194357368602381,0.00801071859846434,0.005075917823498907,0.0009267315639909593,0.0018163938654222802,0.00304791720600936,0.008780232349890893,0.0016030437727239447,0.0031419657945389316,0.2756142131723289,2.689357103680957,0.12292581190215333,0.9623740799035757,0.011058635804473705,0.00801071859846434,0.0011195700860216228,0.0009267315639909593
1B_residual,10000,0.5,1.0,10,0.02495652656908175,0.0015802107855660903,0.0002885056976225022,0.0005654711673401042,0.9750185372786979,0.08947472214544668,0.016335774548522725,0.03201811811510454,0.43023709939088023,0.013859020235963488,0.002530299336052591,0.0049593866986630784,0.13849561566137344,0.12736914957287038,0.0232543187837702,0.045578464816189594,0.009306711828975519,0.0071149341573621865,0.001299003311050427,0.0025460464896588366,0.006688842919009461,0.0042665018021629,0.000778953092893688,0.0015267480620716283,0.002617868909966047,0.009256897584308001,0.001690070539813524,0.0033125382580345072,0.28128827432000036,5.179557365024166,0.1474220996083151,1.8534807990542936,0.009306711828975519,0.006688842919009461,0.001299003311050427,0.000778953092893688
1B_residual,10000,1.0,0.2,3,0.007318340268152979,0.0009866205896969528,0.00018013145089202338,0.0003530576437483658,1.0,0.0,0.0,0.0,0.10679257985972575,0.00860665415807391,0.001571352875674238,0.0030798516363215065,0.05761904054736586,0.07899067010101435,0.014421657282258145,0.028266448273225962,0.010733418626707408,0.008681840074223422,0.001585079883101498,0.003106756570878936,0.0075195435605017995,0.004894950865901913,0.000893691669044641,0.0017516356713274965,0.003213875066205607,0.008971273489956104,0.0016379229533323514,0.0032103289885314088,0.29942697457161416,3.7130987934556097,0.11753799572847498,1.3287153387149573,0.010733418626707408,0.0075195435605017995,0.001585079883101498,0.000893691669044641
1B_residual,10000,1.0,0.2,5,0.010101069249867619,0.0010741586327408501,0.00019611363783035696,0.00038438273014749965,1.0,0.0,0.0,0.0,0.15027385656189635,0.012828383971634402,0.002342131759200625,0.004590578248033225,0.07966925103775184,0.09567404155846322,0.017467610243085675,0.03423651607644792,0.009835881840933048,0.007095147609892496,0.0012953907982556617,0.0025389659645810967,0.00792491019280475,0.005007487642626979,0.0009142379794317214,0.001791906439686174,0.0019109716481282926,0.009711627414756053,0.00177309246838249,0.00347526123802968,0.19428574672131482,9.81005236638531,0.15857566751946112,3.5104821546324305,0.009835881840933048,0.00792491019280475,0.0012953907982556617,0.0009142379794317214
1B_residual,10000,1.0,0.2,10,0.008046198953931598,0.0009476675592947493,0.0001730196330805329,0.0003391184808378445,1.0,0.0,0.0,0.0,0.1552350407652531,0.01103465101294604,0.002014642424662592,0.003948699152338681,0.114362573491166,0.11793957917895925,0.021532722646327534,0.04220413638680197,0.011291188608547015,0.010693416725184072,0.001952341852395446,0.003826590030695074,0.005975098287328835,0.0038671470832154563,0.000706041230222471,0.001383840811236043,0.00531609032121818,0.013298138544001087,0.002427896817792767,0.0047586777628738225,0.47081759994639494,18.9087117877835,0.1373294179244172,6.766395613294802,0.011291188608547015,0.005975098287328835,0.001952341852395446,0.000706041230222471
1B_residual,10000,1.0,0.5,3,0.015333577697872356,0.0010740639925208067,0.0001960963589692353,0.00038434886357970114,1.0,0.0,0.0,0.0,0.20242607515521618,0.011230880630063722,0.002050468887244578,0.0040189190189993725,0.09526601850889353,0.11165813000416841,0.020385892177375815,0.0399563486676566,0.012265905721932303,0.01187825550379146,0.0021686628277454915,0.004250579142381163,0.008428935952286967,0.005602726043096029,0.0010229131457751188,0.002004909765719233,0.0038369697696453197,0.011160354963189408,0.0020375927210345255,0.00399368173322767,0.31281585368657805,82.19963500857929,0.12007896921700074,29.41476161775495,0.012265905721932303,0.008428935952286967,0.0021686628277454915,0.0010229131457751188
1B_residual,10000,1.0,0.5,5,0.016989874250109994,0.0012878636544974948,0.00023513065818643917,0.00046085609004542077,0.9836993865070361,0.0705658102170241,0.012883495348164208,0.025251650882401847,0.23981089004416647,0.011332742502969492,0.0020690662357579826,0.004055369822085646,0.06758450367763394,0.07501942532370356,0.013696610500288914,0.026845356580566273,0.011343499425622223,0.007667634951583119,0.0013999122085657022,0.0027438279287887763,0.006908634355321447,0.004008726768785163,0.0007318900260461433,0.001434504451050441,0.004434865070300776,0.010051759292751131,0.0018351917690839898,0.00359697586740462,0.3909609287133641,7.364236759222855,0.11807621301710321,2.635258279998931,0.011343499425622223,0.006908634355321447,0.0013999122085657022,0.0007318900260461433
1B_residual,10000,1.0,0.5,10,0.013145704268834015,0.0010099920111626842,0.00018439846913793722,0.00036142099951035696,1.0,0.0,0.0,0.0,0.24376297545669473,0.011506149779183853,0.0021007259280306943,0.00411742281894016,0.11986400344321342,0.12589130385253,0.022984502304589233,0.045049624516994895,0.010702024170193197,0.008932088438063748,0.0016307687743862002,0.0031963067977969525,0.006407061144036173,0.0044902218442452214,0.0008197985974318521,0.0016068052509664301,0.00429496302615702,0.011513325765784786,0.0021020360779419227,0.004119990712766169,0.4013224935633358,27.469933199507455,0.14096944549854798,9.829989350133125,0.010702024170193197,0.006407061144036173,0.0016307687743862002,0.0008197985974318521
1B_residual,10000,1.0,1.0,3,0.03237453965394426,0.002124282126661017,0.0003878390797590952,0.0007601645963278266,0.930505324061132,0.16470487023694338,0.030070857586578383,0.05893888086969363,0.3484629880715116,0.013712229232032962,0.0025034990880220646,0.0049068582125232464,0.09153693177570327,0.10570897033474938,0.019299729194328888,0.03782746922088462,0.01097007368853224,0.006941572780764219,0.0012673519988628085,0.002484009917771105,0.005841637997137749,0.00476458991587915,0.0008698911247295507,0.0017049866044699193,0.00512843569139444,0.007209632896652099,0.001316292856275889,0.0025799339983007424,0.4674932764358357,1.003148463418921,0.08534487492611773,0.3589720674015768,0.01097007368853224,0.005841637997137749,0.0012673519988628085,0.0008698911247295507
1B_residual,10000,1.0,1.0,5,0.033499778395393164,0.001723538209261152,0.00031467358531146413,0.0006167602272104697,0.9085017346990164,0.19650674082332065,0.03587705821691801,0.0703190341051593,0.3802491990428294,0.010435819176880573,0.0019053111897408283,0.0037344099318920233,0.10498602307416806,0.09405050597474436,0.01717119455571396,0.033655541329199366,0.012003031053240248,0.008234592285055646,0.0015034239821276629,0.002946711004970219,0.005962849481380424,0.004425752598276586,0.0008080281773377286,0.001583735227581948,0.006040181571859803,0.010400411414202596,0.0018988466462976558,0.0037217394267434053,0.5032213567613208,1.3559970511174548,0.10388026520515677,0.4852373129009103,0.012003031053240248,0.005962849481380424,0.0015034239821276629,0.0008080281773377286
1B_residual,10000,1.0,1.0,10,0.027258925516142018,0.001461805372372614,0.0002668879257102399,0.0005231003343920702,0.914093993056098,0.170557000696165,0.0311393055405713,0.061033038859519745,0.4084839466467494,0.010127111539033461,0.0018489491440998288,0.0036239403224356645,0.13533043327456787,0.11734616589422985,0.021424380699004358,0.04199178617004854,0.014800815414007093,0.009907033173715142,0.0018087685157319267,0.003545186290834576,0.005153793488625358,0.004399492471795274,0.0008032337561254775,0.001574338162005936,0.009647021925381713,0.012739655952160901,0.0023259323132844936,0.004558827334037607,0.651789895052137,2.651589462191632,0.08443578345306244,0.9488591029677611,0.014800815414007093,0.005153793488625358,0.0018087685157319267,0.0008032337561254775
1B_residual,10000,2.0,0.2,3,0.012797858984260772,0.0011486608210350047,0.00020971581420109223,0.00041104299583414076,1.0,0.0,0.0,0.0,0.11732472591153957,0.006826758558634065,0.0012463898857351106,0.002442924176040817,0.10516045213422444,0.10454358450577608,0.01908695982542038,0.03741044125782394,0.020080368692169726,0.010265391121320173,0.0018741954262534368,0.003673423035456736,0.009297865528934484,0.006786666442924697,0.0012390701003510678,0.002428577396688093,0.010782503163235174,0.008937321960001412,0.001631724280393019,0.003198179589570317,0.5369673898188854,1.4099526333632086,0.05418554137404606,0.5045450700404691,0.020080368692169726,0.009297865528934484,0.0018741954262534368,0.0012390701003510678
1B_residual,10000,2.0,0.2,5,0.019991619144755304,0.001644994166156419,0.000300333470589424,0.000588653602355271,1.0,0.0,0.0,0.0,0.18537082986438638,0.01643392277046921,0.0030004100698945934,0.0058808037369934025,0.06715014343197948,0.0759240218880142,0.013861766481527116,0.027169062303793148,0.022200848719178993,0.009015964487391153,0.001646082375803212,0.0032263214565742956,0.004835543081312454,0.003991828658622195,0.0007288048673409884,0.0014284575399883372,0.017365305637866514,0.010638575703436803,0.0019423292974995758,0.0038069654230991684,0.7821910710496803,0.5195049806044564,0.039667641238658284,0.18590246978738512,0.022200848719178993,0.004835543081312454,0.001646082375803212,0.0007288048673409884
1B_residual,10000,2.0,0.2,10,0.016867992494734876,0.0012759589630378747,0.00023295716883558147,0.0004565960509177397,1.0,0.0,0.0,0.0,0.20573017793357914,0.011526270477791768,0.002104399448197467,0.004124622918467035,0.1004703946886802,0.12029139866934609,0.021962104175015925,0.043045724183031216,0.01893925452556503,0.008559696330371342,0.001562779588512859,0.0030630479934852036,0.00440662589004855,0.0028207358678841404,0.0005149935545346853,0.0010093873668879831,0.014532628635516439,0.009747069461282194,0.0017795632711713283,0.003487944011495803,0.7673284402984133,1.096307653377873,0.03749611181550554,0.39230865539080234,0.01893925452556503,0.00440662589004855,0.001562779588512859,0.0005149935545346853
1B_residual,10000,2.0,0.5,3,0.02066981707337408,0.0013463077478905738,0.0002458010409545485,0.00048177004027091504,1.0,0.0,0.0,0.0,0.19255531446328383,0.00923625421136884,0.0016863015928062675,0.0033051511219002842,0.1190327360374249,0.11269968322750197,0.020576052909129817,0.040329063701894444,0.020847524096500394,0.008022058192257759,0.0014646207431728963,0.0028706566566188765,0.00723679773686299,0.004911039445269298,0.0008966290283238841,0.0017573928955148127,0.013610726359637356,0.006836699152293211,0.0012482047815291462,0.0024464813717971264,0.6528701584243375,0.2755674114656653,0.03651683166785382,0.09861053175039439,0.020847524096500394,0.00723679773686299,0.0014646207431728963,0.0008966290283238841
1B_residual,10000,2.0,0.5,5,0.02651724297630102,0.0018185990590006524,0.0003320292425574419,0.0006507773154125862,0.9474808354570965,0.15039888572416163,0.02745895411158834,0.053819550058713146,0.2541975513222905,0.013504085111787299,0.0024654973447318586,0.0048323747956744425,0.13376974173809955,0.1033960628807359,0.018877451999000545,0.03699980591804107,0.023784177538304165,0.008595847221473161,0.0015693798080229852,0.003075984423725051,0.0037504484894608217,0.003279639250616383,0.0005987774660139773,0.0011736038333873954,0.020033729048843298,0.00814828402210651,0.0014876663212888862,0.002915825989726217,0.8423132991073261,0.16251732234636213,0.023926735710898234,0.05815607691050142,0.023784177538304165,0.0037504484894608217,0.0015693798080229852,0.0005987774660139773
1B_residual,10000,2.0,0.5,10,0.020709408034864218,0.0013943675662470686,0.0002545755231623662,0.0004989680253982377,0.977199219942684,0.09612537011285309,0.017550011186447518,0.03439802192543714,0.2568206062020602,0.012542389722634167,0.002289916592035899,0.0044882365203903615,0.18284841215945466,0.1499879534312578,0.02738392848277809,0.05367249982624506,0.020486144327834667,0.011300943466932483,0.002063260552643186,0.004043990683180644,0.004502107838806724,0.003344911990315993,0.000610694583321857,0.0011969613833108397,0.015984036489027905,0.013236411146864073,0.0024166269885167596,0.004736588897492849,0.7802364482666619,0.8401079173890031,0.04485745603851705,0.3006287573005271,0.020486144327834667,0.004502107838806724,0.002063260552643186,0.000610694583321857
1B_residual,10000,2.0,1.0,3,0.03501150448377437,0.0018320041821705026,0.00033447667200619597,0.0006555742771321441,0.8392944116823396,0.26529232206669007,0.04843552970961723,0.09493363823084977,0.30587531039239013,0.010189341581364359,0.0018603107434128734,0.003646209057089232,0.15323819354356455,0.1277601947128676,0.023325713531829946,0.0457183985223867,0.02568375180368888,0.010562517685129374,0.001928443066730869,0.003779748410792503,0.008161935654882825,0.006158881645115359,0.0011244528020114032,0.00220392749194235,0.017521816148806012,0.008363385130934934,0.0015269382311054536,0.0029927989329666892,0.6822140426652716,0.3372246749319821,0.03476515132151092,0.12067430011962776,0.02568375180368888,0.008161935654882825,0.001928443066730869,0.0011244528020114032
1B_residual,10000,2.0,1.0,5,0.03804804633228287,0.0016843663253377184,0.00030752181049651793,0.0006027427485731751,0.8952226815679682,0.17283254052777872,0.03155476037266341,0.06184733033042028,0.35463985201906206,0.013868586490446953,0.0025320458871764,0.004962809938865744,0.13366229130209,0.12121630255886429,0.022130967749620385,0.04337669678925595,0.022287856585228066,0.010395255323546588,0.0018979052772440433,0.003719894343398325,0.005702441981976721,0.00454378006880624,0.0008295769466758512,0.0016259708154846683,0.01658541460325129,0.011642395456292006,0.002125600871602261,0.0041661777083404315,0.7441457880810225,3.723872329881389,0.04446888691583585,1.3325705992122991,0.022287856585228066,0.005702441981976721,0.0018979052772440433,0.0008295769466758512
1B_residual,10000,2.0,1.0,10,0.029737465993938655,0.001716819948751563,0.0003134470043686981,0.0006143561285626483,0.903991133734269,0.1659655580176894,0.030301026631740287,0.05939001219821096,0.36356968572605886,0.013922648186092892,0.0025419161572438204,0.004982155668197888,0.1964229368892511,0.16329555101216048,0.02981355227653195,0.05843456246200262,0.0221917889499798,0.01149031402557553,0.0020978347282085696,0.004111756067288796,0.005268229428743653,0.003973716469507696,0.0007254980491597183,0.0014219761763530478,0.016923559521236104,0.009833525612873113,0.0017953479326584725,0.003518881948010606,0.7626045633086085,0.27290650749893197,0.027404404289495723,0.09765833949478364,0.0221917889499798,0.005268229428743653,0.0020978347282085696,0.0007254980491597183
2A_PCA_cum60,500,0.5,0.2,3,0.0011832404202778226,0.004901710763972115,0.0008949258519311361,0.0017540546697850266,0.8851789058702088,0.227004181096226,0.04144510354479693,0.08123240294780197,0.023964354889243707,0.02336951016427182,0.004266669291605979,0.008362671811547718,0.08685131842084262,0.08454205811099146,0.015435197428434204,0.03025298695973104,0.040271184992797325,0.0266365921357944,0.004863154122613102,0.009531782080321679,0.04001656615590879,0.025685561530449003,0.004689520484137946,0.009191460148910374,0.0002546188368885233,0.004161714119397327,0.0007598215670272213,0.0014892502713733538,0.006322606025476407,1.1411010964046917,0.018650816795369146,0.40833778311788815,0.040271184992797325,0.04001656615590879,0.004863154122613102,0.004689520484137946
2A_PCA_cum60,500,0.5,0.2,5,-0.0017048475788660397,0.004005266931201955,0.0007312583490162677,0.0014332663640718847,0.9627846813183645,0.0999113081019176,0.018241225732422976,0.035752802435549035,0.04184362950071893,0.02416618735946709,0.004412121981892111,0.008647759084508537,0.07674861056149458,0.07807040101278169,0.014253639902724899,0.0279371342093408,0.04190328653753425,0.027913380581012285,0.005096262733482362,0.00998867495762543,0.04114614299280318,0.030012680311938284,0.005479540672679928,0.01073989971845266,0.0007571435447310733,0.00586973441904628,0.0010716619826253763,0.0021004574859457372,0.018068834387318877,0.26365163186464047,0.02624472931329066,0.09434652478227012,0.04190328653753425,0.04114614299280318,0.005096262733482362,0.005479540672679928
2A_PCA_cum60,500,0.5,0.2,10,0.0012059682430124565,0.0063549216025691295,0.0011602446376346642,0.0022740794897639417,0.9985510008296523,0.005903820156922365,0.0010778851584666896,0.0021126549105947114,0.049599042775165386,0.026613753854539086,0.0048589844420070406,0.0095236095063338,0.10081392457074463,0.09697502789408412,0.01770513676409419,0.034702068057624616,0.045226008147074274,0.027634726552097387,0.0050453877010235675,0.009888959894006191,0.044715831735828424,0.025097003192771524,0.004582064924820046,0.00898084725264729,0.0005101764112458435,0.008958772996821985,0.001635640685975853,0.0032058557445126716,0.011280597871622167,3.267861517647369,0.035639902604093325,1.1693892257721064,0.045226008147074274,0.044715831735828424,0.0050453877010235675,0.004582064924820046
2A_PCA_cum60,500,0.5,0.5,3,0.004481388975156336,0.006025081949841721,0.0011000244315818402,0.0021560478859004068,0.8650382083796414,0.21451465980262358,0.03916483936314788,0.07676308515176984,0.0750917477558929,0.0483429001882871,0.008826165642781863,0.017299284659852452,0.08550719714147727,0.0766454949736133,0.013993488842732276,0.027427238131755263,0.02987465577786515,0.027752988962827078,0.005066979364377431,0.009931279554179764,0.03010931754917871,0.0278040255070224,0.0050762973198817275,0.009949542746968186,-0.0002346617713135567,0.0070635311674755305,0.001289618452022383,0.0025276521659638707,-0.00785487782883254,2.563683662134134,0.04334772812505961,0.9174024164114345,0.02987465577786515,0.03010931754917871,0.005066979364377431,0.0050762973198817275
2A_PCA_cum60,500,0.5,0.5,5,0.004630205354991617,0.005727236899298713,0.0010456456139739496,0.002049465403388941,0.9089717635167865,0.15791953215571994,0.028832030010783414,0.05651077882113549,0.09965595237949496,0.05371229947309672,0.009806479345629306,0.01922069951743344,0.09792950455331927,0.09254891058839633,0.016897042000597794,0.03311820232117167,0.035114820406411,0.027193748602235383,0.0049648765108563,0.009731157961278348,0.03657188982218749,0.026537517134412113,0.004845065584899123,0.009496328546402281,-0.00145706941577648,0.007394406772488781,0.0013500277962203587,0.002646054480591903,-0.041494428817026474,2.489945810860263,0.04016725126172064,0.8910156652147898,0.035114820406411,0.03657188982218749,0.0049648765108563,0.004845065584899123
2A_PCA_cum60,500,0.5,0.5,10,0.004971220921183702,0.00569820033666355,0.001040344287191386,0.0020390748028951164,0.9831508929800886,0.044880793329045675,0.008194074301681899,0.016060385631296522,0.10259657612136318,0.0520869777097035,0.009509737547957793,0.018639085593997275,0.10675169081693348,0.08890227319192967,0.016231260146902227,0.03181326988792837,0.03338501162144772,0.027261395635978437,0.004977227112966095,0.009755365141413546,0.03548631113265578,0.02840691410379372,0.00518636921458649,0.01016528366058952,-0.0021012995112080417,0.00770054793571776,0.0014059212698474862,0.002755605688901073,-0.06294140421560046,3.869307475181476,0.04304750329027116,1.3846138975724334,0.03338501162144772,0.03548631113265578,0.004977227112966095,0.00518636921458649
2A_PCA_cum60,500,0.5,1.0,3,0.016751798964354914,0.008774066107361972,0.0016019179760145656,0.0031397592329885484,0.8177717156618025,0.2352910874309021,0.04295807872194178,0.0841978342950059,0.16999341338627347,0.06346054876787938,0.011586258023941403,0.02270906572692515,0.07504523164464884,0.09257351320341388,0.016901533803004038,0.03312700625388791,0.04056356159594553,0.026885061022619908,0.004908518127330611,0.009620695529567997,0.03885494096826107,0.026342578140509505,0.0048094747567998496,0.009426570523327705,0.0017086206276844466,0.007005829344006267,0.0012790835885812843,0.002507003833619317,0.04212205635945032,0.33848795472890375,0.03088327588834397,0.12112635898922126,0.04056356159594553,0.03885494096826107,0.004908518127330611,0.0048094747567998496
2A_PCA_cum60,500,0.5,1.0,5,0.014871251108556126,0.007758404147949714,0.0014164843206912355,0.0027763092685548214,0.9041157348752835,0.18102076171122125,0.03304971818866778,0.06477744764978885,0.19152812211151293,0.06319226104586632,0.011537275611525328,0.022613060198589642,0.11236687127068375,0.09844606006793044,0.017973709265571357,0.03522847016051986,0.03710117914255122,0.0319668229702479,0.005836316677526357,0.01143918068795166,0.03583596891152816,0.028331256004262187,0.005172555998662693,0.010138209757378879,0.0012652102310230437,0.01040050141777371,0.001898863078626374,0.003721771634107693,0.0341016177993112,3.156976527981513,0.04876349887036005,1.129709541821345,0.03710117914255122,0.03583596891152816,0.005836316677526357,0.005172555998662693
2A_PCA_cum60,500,0.5,1.0,10,0.013008050863707635,0.009268780837568252,0.0016922401151025861,0.003316790625601069,0.9838963123698974,0.06872031001287245,0.01254655465093279,0.024591247115828267,0.22739961455658994,0.08824793938926175,0.016111795685615778,0.031579119543806926,0.13580461642089367,0.14852787098229311,0.027117355118406312,0.05315001603207637,0.04586376068858808,0.028533358825211175,0.005209454756652423,0.010210531323038749,0.04306356569192644,0.028632704662848632,0.005227592742075182,0.010246081774467357,0.00280019499666164,0.013526070328971547,0.00246951127785968,0.004840242104604973,0.061054631251780234,0.7646447566212321,0.052685923865555255,0.2736246120306044,0.04586376068858808,0.04306356569192644,0.005209454756652423,0.005227592742075182
2A_PCA_cum60,500,1.0,0.2,3,-0.0004461079980613094,0.004414329653898591,0.0008059426425680771,0.0015796475794334311,0.8720143796023504,0.19504231398567354,0.03560969167931958,0.06979499569146637,0.02119545623021608,0.018128381229697475,0.0033097744435195164,0.006487157909298252,0.0648062700005141,0.06091368146430352,0.011121265799561119,0.02179768096713979,0.036538318027975906,0.03252232139716026,0.005937736350552536,0.01163796324708297,0.037779364729424114,0.032058764499786334,0.005853102827426266,0.011472081541755481,-0.0012410467014482124,0.005949587637382085,0.0010862411189493447,0.0021290325931407157,-0.03396562207647302,1.4317272193934143,0.03113962701504034,0.5123370055805351,0.036538318027975906,0.037779364729424114,0.005937736350552536,0.005853102827426266
2A_PCA_cum60,500,1.0,0.2,5,0.0015895478589899,0.005198620448480085,0.0009491338958467219,0.0018603024358595749,0.9171584971754396,0.14567995985632223,0.02659740006325158,0.0521309041239731,0.023782530106446584,0.01742254320021513,0.0031809066399553576,0.006234577014312501,0.05971569501223941,0.07607165507760962,0.01388872049091973,0.027221892162202672,0.036951965094270754,0.03504971229374553,0.006399172685783522,0.012542378464135702,0.03693808469120673,0.032604173938664875,0.00595268051167627,0.01166725380288549,1.3880403064013443e-05,0.006360470119576043,0.0011612576536097932,0.0022760650010751945,0.00037563369170257044,1.9425343527667298,0.0313961526149893,0.6951269907095035,0.036951965094270754,0.03693808469120673,0.006399172685783522,0.00595268051167627
2A_PCA_cum60,500,1.0,0.2,10,0.0002397152943546632,0.005713207122137125,0.0010430841388312253,0.0020444449121092014,0.9769971010164462,0.06569867168974283,0.011994881494199399,0.023509967728630822,0.038955602605818346,0.022449772164767304,0.004098748875164879,0.008033547795323163,0.1407498438677523,0.1389423487790492,0.025367286206345208,0.04971988096443661,0.03578984661825766,0.03112163305934359,0.005682006817666999,0.011136733362627318,0.03520190763380044,0.03198353659573859,0.005839368154092672,0.011445161582021636,0.0005879389844572067,0.0063644895034040945,0.0011619914893397584,0.0022775033191059263,0.016427535740186516,1.8672266896348741,0.03266263691960131,0.6681784895539626,0.03578984661825766,0.03520190763380044,0.005682006817666999,0.005839368154092672
2A_PCA_cum60,500,1.0,0.5,3,0.004111940171123747,0.005449839263291494,0.0009949999664273625,0.0019501999341976304,0.8481564651406003,0.21002016869954493,0.03834426130926039,0.07515475216615036,0.06048545004315015,0.046134397018589964,0.008422949974660268,0.016508981950334126,0.0825457423804237,0.1056394117044019,0.019287029584025395,0.03780257798468977,0.045633788830895756,0.026118190990683462,0.004768507455608511,0.00934627461299268,0.04365404647653617,0.026940498965636023,0.004918639664641148,0.00964053374269665,0.001979742354359568,0.009551945611807397,0.0017439386932164653,0.003418119838704272,0.0433832562467229,0.8334978387644226,0.03805192544172534,0.2982633710430777,0.045633788830895756,0.04365404647653617,0.004768507455608511,0.004918639664641148
2A_PCA_cum60,500,1.0,0.5,5,0.005423876470979841,0.004868270381993705,0.0008888205014174147,0.0017420881827781326,0.948973194633758,0.13011115909094323,0.023754938939084324,0.04655968032060527,0.07094583664623141,0.04080664765859048,0.007450240472925126,0.014602471326933247,0.10788163480695166,0.1004202357736508,0.018334142787738598,0.03593491986396765,0.03770802412618398,0.03361408326731567,0.006137063885121917,0.012028645214838957,0.03705373088076834,0.03242332634594859,0.005919662409675865,0.011602538322964696,0.0006542932454156327,0.007458622135392471,0.0013617518638206025,0.002669033653088381,0.017351565365136823,1.194418019193342,0.03546141946115383,0.42741699890585017,0.03770802412618398,0.03705373088076834,0.006137063885121917,0.005919662409675865
2A_PCA_cum60,500,1.0,0.5,10,0.0014223012912676601,0.005920626559865128,0.0010809535738007805,0.0021186690046495296,0.9778280383258015,0.06318554942998907,0.0115360502437209,0.022610658477692964,0.09659031472663511,0.038841833366579204,0.007091516103244086,0.013899371562358409,0.09112452098699131,0.0721425430846399,0.013171366067748533,0.025815877492787125,0.03670704874781039,0.027260013142030796,0.004976974705259182,0.009754870422307996,0.038545898747565234,0.02755806988409048,0.005031392172273378,0.00986152865765582,-0.0018388499997548603,0.01054599995397504,0.0019254273554135243,0.0037738376166105074,-0.05009528312636502,1.127688633023447,0.05399193006688362,0.40353819473741664,0.03670704874781039,0.038545898747565234,0.004976974705259182,0.005031392172273378
2A_PCA_cum60,500,1.0,1.0,3,0.016218076271147887,0.00893105639460609,0.001630580349892172,0.0031959374857886574,0.8958977988125334,0.19029050603542047,0.034742134211557585,0.06809458305465287,0.1347088366419468,0.061846912932514854,0.011291649775065455,0.022131633559128294,0.11191555259238702,0.1214968992193409,0.022182197456454937,0.04347710701465168,0.041046113749506986,0.031174950059473048,0.005691741125556803,0.011155812606091334,0.03984686330332759,0.02665238990591962,0.004866038387631722,0.009537435239758175,0.0011992504461793994,0.010834169139549207,0.001978039609852479,0.0038769576353108585,0.02921714960636934,14.359327048482823,0.04604046059960452,5.138419192231439,0.041046113749506986,0.03984686330332759,0.005691741125556803,0.004866038387631722
2A_PCA_cum60,500,1.0,1.0,5,0.016189417918934402,0.009697725661498473,0.0017705543670998075,0.0034702865595156226,0.9379250141726915,0.1342560836551346,0.024511695166739286,0.048042922526809,0.1750153221092948,0.06802182148637632,0.012419028676892633,0.02434129620670956,0.08746431138060749,0.09244086115982915,0.0168773149641472,0.033079537329728514,0.04325879252512575,0.035678976336887214,0.006514060056135389,0.012767557710025362,0.04098793986867334,0.03850812068882881,0.007030588782800972,0.013779954014289905,0.0022708526564523806,0.014598993790940124,0.0026653994053919216,0.005224182834568166,0.05249459182508254,0.6083144879347271,0.062095779318675985,0.21768254383804875,0.04325879252512575,0.04098793986867334,0.006514060056135389,0.007030588782800972
2A_PCA_cum60,500,1.0,1.0,10,0.012820343488134028,0.009165484629745337,0.001673380894059469,0.003279826552356559,0.9750153061612056,0.07666125052456955,0.013996365399620498,0.027432876183256176,0.20570718268953858,0.05895796133293419,0.010764201788855135,0.021097835506156064,0.13875247792859238,0.1209212689206036,0.022077102223320988,0.043271120357709136,0.040967333685280376,0.030726083992689834,0.005609789768864874,0.010995187946975153,0.03970249109017453,0.03240923639769447,0.00591708994884491,0.011597496299736023,0.0012648425951058437,0.01395630201714822,0.002548060478048977,0.004994198536975995,0.030874418257791247,4.528607756213945,0.06190404847812179,1.6205414731518726,0.040967333685280376,0.03970249109017453,0.005609789768864874,0.00591708994884491
2A_PCA_cum60,500,2.0,0.2,3,-0.0004974380569834933,0.003775340325818681,0.0006892796862365984,0.0013509881850237327,0.8810323688372972,0.21209710906222642,0.03872345700500494,0.07589797572980968,0.016180603140232706,0.01573598979128199,0.0028729855244520523,0.005631051627926023,0.05505115958917925,0.07394168128646353,0.013499842260151228,0.026459690829896406,0.04421723873580085,0.033460741932723845,0.006109067715803953,0.011973772722975748,0.043923639428140496,0.03323873124462105,0.006068534295176905,0.011894327218546734,0.00029359930766036986,0.005038271578264239,0.0009198583314174929,0.001802922329578286,0.00663992859017315,0.2410864042501348,0.020713840636359226,0.086271661784864,0.04421723873580085,0.043923639428140496,0.006109067715803953,0.006068534295176905
2A_PCA_cum60,500,2.0,0.2,5,-2.2997149557440034e-05,0.003925716732432332,0.0007167345362428869,0.0014047996910360584,0.8902178306716252,0.1952206712255171,0.035642255107171804,0.06985882001005674,0.02294027548975784,0.010923971330863444,0.0019944351718178795,0.003909092936763044,0.11488181126541128,0.14221058072066747,0.025963980992206287,0.050889402744724324,0.03656130551980303,0.02395351356410209,0.0043732932368548945,0.008571654744235593,0.0365288561889203,0.02372838343894822,0.0043321902875479825,0.008491092963594045,3.2449330882739516e-05,0.00571850525297112,0.0010440514407546895,0.0020463408238791912,0.0008875320621456462,0.34811148601721087,0.02853954638592144,0.12457009543327013,0.03656130551980303,0.0365288561889203,0.0043732932368548945,0.0043321902875479825
2A_PCA_cum60,500,2.0,0.2,10,-0.000617931430675867,0.003931838954007172,0.0007178522958624151,0.0014069904998903337,0.9844901984064551,0.0712725392184102,0.013012525820198297,0.02550455060758866,0.04341238422386384,0.020410841749367692,0.0037264928145989635,0.007303925916613968,0.10212966327946077,0.10842512577130764,0.01979562906175997,0.03879943296104954,0.041062548343675925,0.029146148800901137,0.005321334387551901,0.010429815399601725,0.04151804702889146,0.02750064744252174,0.005020908316755304,0.009840980300840397,-0.0004554986852155501,0.009901386190911078,0.0018077375224440503,0.0035431655439903385,-0.011092801192054802,0.602800206541434,0.04452099403251692,0.21570928358379082,0.041062548343675925,0.04151804702889146,0.005321334387551901,0.005020908316755304
2A_PCA_cum60,500,2.0,0.5,3,0.0024084863400463067,0.00585938709584829,0.0010697728285169311,0.002096754743893185,0.8804833100217467,0.21780759331457322,0.039766044018101056,0.07794144627547807,0.03441178842619952,0.021251096315268263,0.003879901607862448,0.007604607151410398,0.0682636277500738,0.09022377172378505,0.016472531665437946,0.03228616206425838,0.04043424260453034,0.029479802037839894,0.005382250855637225,0.010549211677048961,0.03944094766017054,0.02810637026783174,0.005131497668427987,0.010057735430118854,0.0009932949443598065,0.007603683236549626,0.0013882362762607067,0.0027209431014709852,0.02456568691232286,0.3852338193348901,0.03347969933044336,0.1378541518055449,0.04043424260453034,0.03944094766017054,0.005382250855637225,0.005131497668427987
2A_PCA_cum60,500,2.0,0.5,5,0.0038367274878423037,0.005434639860883406,0.0009922249479075264,0.001944760897898752,0.9421330960591476,0.13852484905577475,0.025291061534282015,0.04957048060719275,0.047303120297627295,0.03345873072556591,0.006108700521294547,0.011973053021737312,0.08443286325423495,0.10519667571374476,0.01920619742099129,0.03764414694514293,0.04378887831545932,0.036020753763319924,0.0065764597915031415,0.012889861191346157,0.043636547602001426,0.03486664624272985,0.006365749550565295,0.012476869119107978,0.00015233071345788994,0.009076413962008752,0.0016571188894156771,0.003247953023254727,0.0034787534944488163,2.4684997120764227,0.03771557181883951,0.8833412773261861,0.04378887831545932,0.043636547602001426,0.0065764597915031415,0.006365749550565295
2A_PCA_cum60,500,2.0,0.5,10,0.002082932827763237,0.00525713430862087,0.0009598170162219921,0.0018812413517951046,0.9971357906788867,0.010260496911197334,0.0018733018698249536,0.0036716716648569087,0.07087131179081725,0.027274773460436212,0.004979669558374717,0.009760152334414445,0.10826023209828631,0.07739098619094557,0.014129596294783902,0.027694008737776447,0.044544823132014,0.036611166142523334,0.006684253850943143,0.013101137547848559,0.047451945711204126,0.03821174103103817,0.006976477508081774,0.013673895915840277,-0.0029071225791901106,0.011191194356268547,0.002043223198117597,0.00400471746831049,-0.06526286052533004,1.9651369032165307,0.04696674760125496,0.703215209511993,0.044544823132014,0.047451945711204126,0.006684253850943143,0.006976477508081774
2A_PCA_cum60,500,2.0,1.0,3,0.014398260199666337,0.00786236183662127,0.001435464311061739,0.0028135100496810084,0.9244253086843165,0.17527348346270766,0.032000413541677895,0.06272081054168867,0.08864584341952766,0.04039323957635886,0.007374762828894056,0.014454535144632349,0.09756161482011251,0.08804600922668503,0.01607492845058779,0.03150685976315207,0.05494479816872863,0.02759113683047474,0.005037429343087535,0.00987336151245157,0.049627048979464815,0.026528303863730916,0.004843383479505626,0.009493031619831026,0.0053177491892637905,0.014768450469312355,0.0026963378204800446,0.0052848221281408874,0.09678348754569399,0.37206590547623725,0.04682315601029766,0.1331420743478411,0.05494479816872863,0.049627048979464815,0.005037429343087535,0.004843383479505626
2A_PCA_cum60,500,2.0,1.0,5,0.016956232331987484,0.008890706618960078,0.0016232135224549741,0.003181498504011749,0.9043049827075996,0.15692130056511844,0.028649778690854513,0.056153566234074845,0.1132030899519559,0.05688436635166809,0.01038561687339882,0.02035580907186169,0.09266020328090645,0.09565600842347977,0.017464317858148018,0.03423006300197012,0.032508022736252355,0.03151740595678928,0.005754264732193727,0.011278358875099705,0.030395026748581112,0.02607754027965787,0.0047610856851393974,0.009331727942873218,0.0021129959876712203,0.014236325105695332,0.002599185465455484,0.005094403512292749,0.0649992158801731,5.611179174260693,0.07394134701587367,2.007934679857918,0.032508022736252355,0.030395026748581112,0.005754264732193727,0.0047610856851393974
2A_PCA_cum60,500,2.0,1.0,10,0.01160252830339655,0.009039652454364949,0.0016504071870875406,0.0032347980866915794,0.954442716123915,0.11771132217553708,0.02149104880976658,0.0421224556671425,0.14479472789347106,0.05414437151382748,0.009885364546687815,0.019375314511508118,0.12787838352687972,0.10867938099152183,0.019842049501584892,0.03889041702310639,0.050843742680236864,0.04337654696009058,0.007919437745574583,0.015522097981326182,0.04587713337681838,0.03936655205610433,0.0071873161907765725,0.014087139733922081,0.004966609303418477,0.013397253311156451,0.0024459926157103886,0.004794145526792362,0.09768378647209663,0.7718380515246654,0.04361056283834055,0.2761986995531174,0.050843742680236864,0.04587713337681838,0.007919437745574583,0.0071873161907765725
2A_PCA_cum60,2000,0.5,0.2,3,0.0005702518862830822,0.0010379751655806662,0.0001895074707728969,0.0003714346427148779,0.9005960481297609,0.2008218784299055,0.036664890952206465,0.07186318626632467,0.014520381299349523,0.01229928911846333,0.0022455326971533985,0.004401244086420661,0.05434315108340351,0.06449079042969899,0.011774353556561474,0.02307773297086049,0.017024814023822395,0.013725217802707171,0.0025058704657380695,0.004911506112846616,0.016900496091726554,0.0136227278477888,0.0024871584456625765,0.00487483055349865,0.00012431793209585065,0.0017042039945026851,0.0003111436567931769,0.0006098415673146268,0.007302160947067371,0.23077326786539237,0.018176100228583375,0.08258115332631756,0.017024814023822395,0.016900496091726554,0.0025058704657380695,0.0024871584456625765
2A_PCA_cum60,2000,0.5,0.2,5,0.0003577316238441852,0.0013407141886466333,0.0002447798014296659,0.0004797684108021451,0.8133779204866831,0.22375910937832508,0.0408526372179248,0.0800711689471326,0.01957628753731201,0.013664479437233345,0.0024947812081127334,0.004889771167900957,0.10410723216871866,0.09858399626270659,0.017998892854029797,0.035277829993898405,0.016278791850077457,0.013007157411379608,0.002374771174411038,0.004654551501845634,0.016123422790205948,0.011946417864889725,0.002181107515327602,0.0042749707300421,0.0001553690598715066,0.0025054274552547425,0.00045742637781192924,0.0008965557005113813,0.009544262332389919,2.6499395957935925,0.027426423428534866,0.9482687058596181,0.016278791850077457,0.016123422790205948,0.002374771174411038,0.002181107515327602
2A_PCA_cum60,2000,0.5,0.2,10,0.000615098813409341,0.001667526104068395,0.00030444722080898905,0.0005967165527856186,0.9590293056125719,0.11156195277936602,0.020368332698861645,0.039921932089768825,0.024827556653591005,0.015710377524559106,0.0028683093857077313,0.005621886395987153,0.12594931283531663,0.11732949110826774,0.02142133631353335,0.04198581917452537,0.014987472470945954,0.01479643547783599,0.0027014471606268344,0.005294836434828596,0.013829711830053916,0.014785037776167053,0.002699366234524237,0.005290757819667505,0.00115776064089203,0.002889437008124453,0.0005275366092800003,0.0010339717541888005,0.07724855829669885,1.575289515607695,0.036513512331524216,0.5637101135024843,0.014987472470945954,0.013829711830053916,0.0027014471606268344,0.002699366234524237
2A_PCA_cum60,2000,0.5,0.5,3,0.0035438813208487916,0.002673833227997312,0.00048817292466032724,0.0009568189323342414,0.8471817186079461,0.25526893073591383,0.04660551719809461,0.09134681370826543,0.04064801865940626,0.02232504899347606,0.004075977643711614,0.007988916181674764,0.07229932471451157,0.08647839932798411,0.0157887233496255,0.03094589776526598,0.019339888315244875,0.01175487816270884,0.0021461373101468377,0.004206429127887802,0.019323024781574886,0.01124648354948796,0.002053317577555108,0.004024502452008012,1.6863533669996626e-05,0.002568397735057988,0.0004689231253788124,0.0009190893257424723,0.0008719561041464763,86.96357770118126,0.024217289486322114,31.11951661634962,0.019339888315244875,0.019323024781574886,0.0021461373101468377,0.002053317577555108
2A_PCA_cum60,2000,0.5,0.5,5,0.003383186506940004,0.0024949252519447553,0.0004555089465931341,0.0008927975353225428,0.8549425750227825,0.18262814742094785,0.03334318532594402,0.06535264323885027,0.052935958302250966,0.022567198291669147,0.004120187854679747,0.008075568195172304,0.09824034113579146,0.12700621843338733,0.023188056926464893,0.04544859157587119,0.019003471535438136,0.013397609488439289,0.0024460576444878157,0.004794272983196119,0.018601623026268437,0.013896638939686444,0.0025371675402569797,0.00497284837890368,0.0004018485091697134,0.002716649170750387,0.0004959900105492303,0.0009721404206764914,0.02114605788844015,0.29175611856070544,0.026472572625197567,0.1044035861848887,0.019003471535438136,0.018601623026268437,0.0024460576444878157,0.0025371675402569797
2A_PCA_cum60,2000,0.5,0.5,10,0.00308183045112079,0.002594092831931896,0.000473614386770519,0.0009282841980702173,0.9592343792132624,0.11471935434264807,0.020944792718632196,0.0410517937285191,0.06215111473023876,0.0249102489193312,0.004547968415395462,0.008914018094175106,0.10324178232825672,0.1238645373713646,0.022614467064412683,0.04432435544624886,0.01934911102588383,0.013451411537309834,0.0024558805097566134,0.004813525799122962,0.020644275138295105,0.013791492663211832,0.0025179705444360397,0.004935222267094638,-0.00129516411241127,0.0038936394822862157,0.0007108780584136323,0.0013933209944907194,-0.06693662105089482,18.84181897892125,0.03817214362192513,6.742458329066961,0.01934911102588383,0.020644275138295105,0.0024558805097566134,0.0025179705444360397
2A_PCA_cum60,2000,0.5,1.0,3,0.017526380501487845,0.004231257511013902,0.000772518395131826,0.001514136054458379,0.8245179609737389,0.24007078022885966,0.043830727243070564,0.0859082253964183,0.1588018732947162,0.03674212928767762,0.006708164340544085,0.013148002107466406,0.08445082660639606,0.08939006948678473,0.016320319158288746,0.031987825550245944,0.014985901003068536,0.01112851357652721,0.0020317793057888153,0.003982287439346078,0.013944856158612316,0.010944030607460643,0.0019980974779110535,0.003916271056705665,0.0010410448444562067,0.00396055179963767,0.0007230945202764109,0.0014172652597417654,0.06946828517304726,0.6168782020428676,0.047044720694859314,0.2207470295748439,0.014985901003068536,0.013944856158612316,0.0020317793057888153,0.0019980974779110535
2A_PCA_cum60,2000,0.5,1.0,5,0.01691450304767782,0.00438110592309488,0.0007998768469661864,0.0015677586200537252,0.8070096984127811,0.23311824280157267,0.042561373382795885,0.08342029183027994,0.18765103117520746,0.041370780358971494,0.0075532365414001205,0.014804343621144236,0.13357135608117907,0.1428363860414153,0.026078236889133067,0.05111334430270081,0.020315864748955286,0.012772133806248852,0.002331861931052271,0.004570449384862451,0.019453828036955462,0.011464670329279407,0.002093152851235504,0.004102579588421588,0.0008620367119997974,0.005284627970314004,0.0009648366491212404,0.0018910798322776313,0.04243170166035648,0.3836942871571,0.045550990550465215,0.13730323729104818,0.020315864748955286,0.019453828036955462,0.002331861931052271,0.002093152851235504
2A_PCA_cum60,2000,0.5,1.0,10,0.013710580376485955,0.004093917705766542,0.0007474436920060442,0.0014649896363318467,0.9557555219000091,0.10005954641850362,0.01826829022238323,0.03580584883587113,0.19692843300332855,0.047429471045613285,0.008659397060740178,0.016972418239050747,0.09346180311874105,0.1058089958391287,0.019317991269353685,0.03786326288793322,0.020466875169262547,0.012432877582623054,0.0022699225022343155,0.004449048104379258,0.020569022193732644,0.012235149797008342,0.002233822512758741,0.004378292125007133,-0.00010214702447008105,0.004685925647508517,0.0008555290599774722,0.0016768369575558453,-0.004990846117217895,0.5188640962599259,0.04193160907051091,0.18567313227004761,0.020466875169262547,0.020569022193732644,0.0022699225022343155,0.002233822512758741
2A_PCA_cum60,2000,1.0,0.2,3,0.0008471546710995299,0.0010656820929940969,0.000194566040487395,0.0003813494393552942,0.8298291700698285,0.2379248214639044,0.04343893056872325,0.08514030391469757,0.012757373261671496,0.008905187969472593,0.0016258574432345884,0.0031866805887397934,0.09491590438528509,0.10336954461500035,0.018872610448224122,0.03699031647851928,0.017406065804692283,0.010786851285251631,0.0019694005911286374,0.003860025158612129,0.016794548983690448,0.010139802451737458,0.0018512661771542646,0.0036284817072223586,0.0006115168210018181,0.002355994389872156,0.0004301437575628669,0.000843081764823219,0.03513239739889895,0.531019668522325,0.023509665424080603,0.19002294794001434,0.017406065804692283,0.016794548983690448,0.0019694005911286374,0.0018512661771542646
2A_PCA_cum60,2000,1.0,0.2,5,0.00044502172557327413,0.0013355209526849337,0.00024383165060210929,0.0004779100351801342,0.8325578835141473,0.2358266954102985,0.04305586691270684,0.08438949914890541,0.015140098513538027,0.012833870259701216,0.00234313341377768,0.004592541491004252,0.08440912134130404,0.10276762274839002,0.018762715053491422,0.03677492150484319,0.016530715023453997,0.011901762310539564,0.0021729545638491084,0.004258990945144253,0.01590334273057139,0.011199126897258617,0.0020446714753304617,0.004007556091647705,0.0006273722928826023,0.0023897857366028184,0.00043631318518048767,0.0008551738429537558,0.037951915086097854,0.40386117845756264,0.02489886993234706,0.14451986666065997,0.016530715023453997,0.01590334273057139,0.0021729545638491084,0.0020446714753304617
2A_PCA_cum60,2000,1.0,0.2,10,0.0002548772578900467,0.0013513241105081793,0.00024671689927531124,0.00048356512257961,0.9273610636066075,0.1061963211076855,0.019388706864913785,0.038001865455231015,0.024587367158872168,0.01141284544411168,0.002083690965020011,0.004084034291439221,0.0817813546340294,0.12227627170145583,0.022324490752839318,0.04375600187556506,0.020461359756366142,0.015186346514940833,0.0027726348507743533,0.005434364307517732,0.020622333120034666,0.015504357122360465,0.002830695378510904,0.005548162941881371,-0.00016097336366850237,0.002390029196122921,0.0004363576346041542,0.0008552609638241422,-0.007867187986782875,0.3196348181681125,0.02129311188057648,0.11437985071549504,0.020461359756366142,0.020622333120034666,0.0027726348507743533,0.002830695378510904
2A_PCA_cum60,2000,1.0,0.5,3,0.003520627856064797,0.0024446776937870124,0.0004463350395722846,0.0008748166775616778,0.8685913110496214,0.24883811079847176,0.04543141548376428,0.08904557434817799,0.0404899315130816,0.018628132062158374,0.003401016044876456,0.0066659914479578536,0.06392939335471484,0.07694425340678146,0.01404803442042931,0.027534147464041446,0.015610018225446292,0.01637538522430602,0.0029897226250630675,0.005859856345123612,0.014811951226458377,0.015784606314789423,0.002881861646649553,0.005648448827433123,0.0007980669989878934,0.0033069563546203433,0.0006037648640368718,0.0011833791335122688,0.051125308597459895,1.4546109623377608,0.03718212790614763,0.5205258478249035,0.015610018225446292,0.014811951226458377,0.0029897226250630675,0.002881861646649553
2A_PCA_cum60,2000,1.0,0.5,5,0.00376577468259559,0.002577978036182756,0.00047067224105672156,0.0009225175924711742,0.8314333593289879,0.21951119772630323,0.04007707820655767,0.07855107328485303,0.04523086019292171,0.020240761680743936,0.003695440584543211,0.007243063545704693,0.09437918169986424,0.12716474912435777,0.02321700053829869,0.045505321055065426,0.017171048056879183,0.013973293506722037,0.002551162685424042,0.005000278863431122,0.017944378902234718,0.013784605119864587,0.0025167130568170127,0.004932757591361345,-0.0007733308453555268,0.003269522399121838,0.0005969303900891465,0.0011699835645747271,-0.045036904142011114,2.9548857180584855,0.0365292876280527,1.0573922742519155,0.017171048056879183,0.017944378902234718,0.002551162685424042,0.0025167130568170127
2A_PCA_cum60,2000,1.0,0.5,10,0.0028495627141367406,0.002330073841723462,0.00042541133458822073,0.0008338062157929126,0.9228260821911507,0.12597540407723343,0.022999856834643007,0.04507971939590029,0.05602853592581207,0.02483420000105466,0.004534083846057486,0.008886804338272672,0.1336752704730751,0.13631354662859663,0.024887334794004887,0.04877917619624958,0.02015929504251296,0.014707116051534408,0.0026851397390905687,0.005262873888617514,0.019809395408918126,0.014965714345039495,0.0027323531119855947,0.005355412099491766,0.0003498996335948141,0.003639681772468592,0.0006645119363071445,0.001302443395162003,0.01735673955150452,0.44764110169317256,0.03292373590743557,0.16018631098835887,0.02015929504251296,0.019809395408918126,0.0026851397390905687,0.0027323531119855947
2A_PCA_cum60,2000,1.0,1.0,3,0.016092180425764064,0.005752485684822493,0.0010502553904342775,0.002058500565251184,0.7885329657160295,0.2680951028302471,0.04894724512559782,0.09593660044617172,0.13914492122531064,0.03372762408910262,0.006157793508218712,0.012069275276108675,0.07278141818839644,0.07382771983012165,0.013479035840043034,0.026418910246484347,0.021454977186582687,0.01578489135692317,0.0028819136879850503,0.005648550828450698,0.020736005100899138,0.01409260239803211,0.002572945409117861,0.005042973001871008,0.0007189720856835433,0.005787301286009263,0.0010566118204753101,0.002070959168131608,0.033510736433370436,22.002069432242692,0.047346002124945934,7.8733394300250135,0.021454977186582687,0.020736005100899138,0.0028819136879850503,0.002572945409117861
2A_PCA_cum60,2000,1.0,1.0,5,0.01717850452680353,0.005448775533435561,0.0009948057568149671,0.0019498192833573354,0.8693382697134472,0.21935884147042325,0.0400492618871835,0.07849655329887967,0.1601374319159292,0.0383192624510508,0.006996108143800408,0.0137123719618488,0.13725051299122173,0.14487222279534118,0.026449928126974165,0.051841859128869364,0.02238898279314211,0.013826104807173277,0.002524289828439806,0.00494760806374202,0.017209786247437305,0.01331887162109882,0.002431682142463741,0.004766096999228932,0.005179196545704775,0.004711651471586962,0.0008602259313635301,0.001686042825472519,0.23132790772840406,0.3168055792184849,0.0400397799661492,0.11336742055988332,0.02238898279314211,0.017209786247437305,0.002524289828439806,0.002431682142463741
2A_PCA_cum60,2000,1.0,1.0,10,0.014659064412618762,0.00431955486810685,0.0007886392132144581,0.0015457328579003378,0.9515279221405015,0.11816961696482749,0.021574721607793727,0.042286454351275704,0.1754442843276797,0.03819404462768275,0.006973246601646948,0.013667563339228018,0.15240846216355494,0.1825228945806661,0.03332396887432275,0.06531497899367258,0.021327609839565602,0.010785955672620534,0.001969237075381691,0.003859704667748114,0.01878572603813978,0.010758136413882513,0.0019641579968670622,0.0038497496738594417,0.0025418838014258033,0.0066587379204107325,0.0012157136545079992,0.0023827987628356785,0.11918277859295257,1.0507574894485685,0.05456946829060127,0.376008738566472,0.021327609839565602,0.01878572603813978,0.001969237075381691,0.0019641579968670622
2A_PCA_cum60,2000,2.0,0.2,3,0.0006298172284649389,0.0010368436911420084,0.0001893008927484658,0.00037102974978699295,0.8813347643773259,0.23133171247614975,0.042235199063162164,0.08278099016379784,0.007880406850865086,0.007941157708512264,0.0014498504032194005,0.0028417067903100247,0.052139375402632845,0.074862941341221,0.013668040564590932,0.026789359506598227,0.026129619580546888,0.01763264243952542,0.003219265337516998,0.006309760061533316,0.025630458284089053,0.017304372838749332,0.003159331782420905,0.0061922902935449735,0.0004991612964578131,0.0018461484308783895,0.00033705904669828696,0.0006606357315286425,0.019103274539421622,0.09222434197036253,0.012572247685842464,0.03300205693284882,0.026129619580546888,0.025630458284089053,0.003219265337516998,0.003159331782420905
2A_PCA_cum60,2000,2.0,0.2,5,0.0009714611434342901,0.0015368717284244204,0.00028059310455000287,0.0005499624849180056,0.841261416962245,0.17957853211484315,0.03278640429432183,0.06426135241687078,0.010214694750758185,0.006754161690320794,0.0012331355716086404,0.002416945720352935,0.09799512335357469,0.126240466175251,0.023048250331384298,0.045174570649513225,0.025933724755286276,0.016676895777246934,0.003044770668786932,0.005967750510822387,0.026180600623923425,0.016706508959487946,0.0030501772714245697,0.0059783474519921566,-0.0002468758686371367,0.003082590309613483,0.0005628014160407129,0.0011030907754397972,-0.009519491356012155,2.3159948772459455,0.021822516458503523,0.8287681230582215,0.025933724755286276,0.026180600623923425,0.003044770668786932,0.0030501772714245697
2A_PCA_cum60,2000,2.0,0.2,10,0.00037139297058989677,0.0016508124812675393,0.00030139574473376856,0.0005907356596781863,0.8761450858181827,0.15549786394820028,0.028389895909432875,0.05564419598248843,0.019533032700281398,0.008420626081097312,0.0015373889509777746,0.0030132823439164382,0.1033098483154835,0.10572237146054472,0.019302175893960247,0.03783226475216209,0.02191849860339772,0.016128709172574106,0.0029446859457531067,0.0057715844536760895,0.02157375813860118,0.01597221045929683,0.0029161133205922746,0.005715582108360858,0.0003447404647965333,0.004110897469479723,0.0007505437585416498,0.0014710657667416336,0.015728288284449277,2.9680537296293728,0.033957148363893845,1.0621043866754933,0.02191849860339772,0.02157375813860118,0.0029446859457531067,0.0029161133205922746
2A_PCA_cum60,2000,2.0,0.5,3,0.003625322196663203,0.001863000426945158,0.00034013578615987275,0.0006666661408733505,0.832292192428109,0.25499368901825015,0.04655526516558432,0.09124831972454527,0.03000196607833076,0.01610729994905339,0.0029407771741994516,0.005763923261430925,0.09143886759485377,0.1088451675880067,0.019872317854460482,0.03894974299474254,0.02582731268230656,0.021708117517258454,0.0039633418817251655,0.007768150088181324,0.02524159575576003,0.021474834803954488,0.003920750480274302,0.007684670941337631,0.0005857169265465367,0.003008665607140218,0.0005493046736735578,0.0010766371604001733,0.022678198609016986,0.2992099076175364,0.021042332217572728,0.10707089034302553,0.02582731268230656,0.02524159575576003,0.0039633418817251655,0.003920750480274302
2A_PCA_cum60,2000,2.0,0.5,5,0.004153693319600946,0.0024924502789969473,0.00045505708042222425,0.0008919118776275595,0.900457721515283,0.1817980287529714,0.03319162708599174,0.06505558908854381,0.03470333927260217,0.015723524389321158,0.0028707096638379464,0.005626590941122374,0.0860725030420155,0.09528352155520614,0.01739631137143871,0.03409677028801987,0.023945378198340084,0.019758785973706738,0.0036074442622386193,0.007070590753987693,0.02203353501937727,0.01903279002119844,0.003474896142289871,0.006810796438888147,0.0019118431789627763,0.00369175325099922,0.0006740188441051014,0.0013210769344459987,0.079841845183107,0.4205675065732813,0.027258466376085828,0.1504981493985404,0.023945378198340084,0.02203353501937727,0.0036074442622386193,0.003474896142289871
2A_PCA_cum60,2000,2.0,0.5,10,0.0026421593904319353,0.0027250699976563296,0.0004975274361656406,0.0009751537748846556,0.9805538603884536,0.07588191795387794,0.013854079390031736,0.027153995604462203,0.03902653374232734,0.018078844280122925,0.0033007302752821907,0.006469431339553093,0.09019363167606015,0.10272466473122757,0.018754872028482902,0.03675954917582649,0.021418787679879574,0.01656919436845632,0.003025107171763697,0.005929210056656846,0.019645824241027062,0.01427975512219292,0.002607114665358334,0.005109944744102335,0.0017729634388524995,0.005445217866374129,0.000994156218647754,0.0019485461885495976,0.08277608730012309,1.122854776954281,0.041084494032033576,0.40180842155832386,0.021418787679879574,0.019645824241027062,0.003025107171763697,0.002607114665358334
2A_PCA_cum60,2000,2.0,1.0,3,0.016663524100694414,0.004230167945235115,0.0007723194685468502,0.0015137461583518265,0.8105968409254604,0.21003359921766826,0.038346713375172106,0.07515955821533733,0.10165875407959474,0.019165091838886053,0.003499051038938685,0.0068581400363198226,0.07621088109176859,0.08458885099054621,0.015443740600321791,0.03026973157663071,0.025785480374833903,0.017392659824856768,0.0031754507070293012,0.00622388338577743,0.02098209851430901,0.014833719484282935,0.0027082542577485545,0.005308178345187166,0.004803381860524868,0.007230269186037781,0.0013200605100091363,0.0025873185996179073,0.18628242680376417,1.7085172680464058,0.0434594993495976,0.6113850524294631,0.025785480374833903,0.02098209851430901,0.0031754507070293012,0.0027082542577485545
2A_PCA_cum60,2000,2.0,1.0,5,0.01776123077049527,0.004343723699521788,0.0007930518179326251,0.001554381563147945,0.8561359104042109,0.22474987474231023,0.04103352539760796,0.0804257097793116,0.12319012587977143,0.03131838393065321,0.005717928447808692,0.011207139757705036,0.09123081804304072,0.10725677732347848,0.01958231879512591,0.03838134483844678,0.02351277979033497,0.017064122199702474,0.0031154682176005736,0.006106317706497124,0.0195546394989683,0.011237484832226982,0.0020516746440776253,0.004021282302392145,0.00395814029136668,0.009746072295258885,0.0017793812143964802,0.003487587180217101,0.16833995498029886,1.4341059443831228,0.059889355998290594,0.5131882213860451,0.02351277979033497,0.0195546394989683,0.0031154682176005736,0.0020516746440776253
2A_PCA_cum60,2000,2.0,1.0,10,0.013393601810511517,0.003452215085724357,0.0006302853586036204,0.001235359302863096,0.9714426191006743,0.06354682181660662,0.011602009255572287,0.022739938140921682,0.11384000105283525,0.024360187075619735,0.004447541322120912,0.008717180991356988,0.08152486778299096,0.06915445540184165,0.012625818391857885,0.024746604048041455,0.028381783303350974,0.016183986533299482,0.002954778164882653,0.00579136520317,0.022703693050073966,0.013619468276135794,0.0024865633320218577,0.004873664130762841,0.005678090253276978,0.007434243583460831,0.0013573009695498457,0.0026603099003176976,0.2000610811726763,0.7396577970486331,0.040379966851631935,0.2646831433817014,0.028381783303350974,0.022703693050073966,0.002954778164882653,0.0024865633320218577
2A_PCA_cum60,10000,0.5,0.2,3,0.0008259271284176549,0.0005371923332070581,9.807745287211241e-05,0.00019223180762934031,0.875605602145374,0.2196712950521434,0.04010630784547731,0.07860836337713552,0.020727968448288493,0.011903084496493877,0.0021731959608732396,0.00425946408331155,0.11243944513476431,0.10364855256457965,0.01892355009746007,0.03709015819102173,0.010255256733505745,0.007609492948531512,0.0013892969796957357,0.0027230220802036418,0.010152737241324624,0.007882916150832678,0.0014392169982442846,0.002820865316558798,0.00010251949218113202,0.0009165755302195381,0.00016734303118616636,0.0003279923411248861,0.009996774809758913,0.3939811240313302,0.01669921157464486,0.14098433459062415,0.010255256733505745,0.010152737241324624,0.0013892969796957357,0.0014392169982442846
2A_PCA_cum60,10000,0.5,0.2,5,0.0005098150743733604,0.00037512346596484613,6.848786138615588e-05,0.00013423620831686553,0.8780150161999943,0.19702213723643683,0.035971156297425,0.070503466342953,0.02001144805451448,0.01274721952850418,0.002327313227077369,0.004561533925071644,0.12202771993294866,0.12683838821677867,0.023157415461309047,0.04538853430416573,0.009109418373779156,0.00657316901077546,0.0012000909804985459,0.00235217832177715,0.008896846721472059,0.006358939922080129,0.00116097827904781,0.0022755174269337075,0.00021257165230707936,0.0010739083149332283,0.0001960679362604304,0.0003842931550704436,0.023335370446808112,0.5450405042691584,0.020879144996190264,0.19504023957557645,0.009109418373779156,0.008896846721472059,0.0012000909804985459,0.00116097827904781
2A_PCA_cum60,10000,0.5,0.2,10,0.000551918113628778,0.00046285559237244724,8.450548293660182e-05,0.00016563074655573956,0.9277723159710961,0.15620932232490614,0.028519789843315477,0.05589878809289833,0.02372936113220541,0.013902202566956045,0.002538183314976017,0.004974839297352993,0.08910010074406277,0.13235709175165633,0.02416498826605438,0.04736337700146658,0.009253194422862801,0.006567697538844706,0.001199092030965469,0.0023502203806923193,0.009077636279316438,0.006727996241896528,0.0012283584361655708,0.0024075825348845187,0.00017555814354637574,0.0010662724629315749,0.00019467382679807155,0.0003815607005242202,0.018972706670098094,0.39865894039454797,0.02135439087112631,0.14265826967806491,0.009253194422862801,0.009077636279316438,0.001199092030965469,0.0012283584361655708
2A_PCA_cum60,10000,0.5,0.5,3,0.0043672854466024575,0.0017260343405801474,0.00031512931445476706,0.0006176534563313434,0.8889498955580686,0.18915210197152127,0.034534291016439865,0.06768721039222213,0.04682415260529706,0.015663879442586015,0.0028598200362486025,0.005605247271047261,0.061854214953985215,0.06038926718924075,0.011025521290251254,0.021610021728892457,0.010220933331633956,0.007570562896995538,0.0013821893572320385,0.0027090911401747952,0.009463995768971912,0.007005315294126002,0.0012789897363429162,0.002506819883232116,0.0007569375626620469,0.0013047245476972558,0.00023820902203483733,0.0004668896831882812,0.07405757753250486,0.3756092158323987,0.020212697182095517,0.13441003167457782,0.010220933331633956,0.009463995768971912,0.0013821893572320385,0.0012789897363429162
2A_PCA_cum60,10000,0.5,0.5,5,0.003978097418497193,0.0013992113467135433,0.00025545987243739656,0.0005007013499772972,0.8915242008822195,0.15442287631601267,0.02819363091770347,0.0552595165986988,0.05181374540791637,0.013875642750101488,0.002533334178037868,0.004965334988954221,0.09319595539316215,0.12775439471841982,0.023324654602565796,0.04571632302102896,0.009503654266966543,0.005684687424356907,0.0010378771782287401,0.0020342392693283307,0.009518165061876463,0.005508802799218675,0.0010057651859932235,0.001971299764546718,-1.4510794909903883e-05,0.0013911581404286264,0.00025398956485656607,0.0004978195471188695,-0.0015268647724651085,0.2063017843718608,0.026767109924258556,0.0738241454233028,0.009503654266966543,0.009518165061876463,0.0010378771782287401,0.0010057651859932235
2A_PCA_cum60,10000,0.5,0.5,10,0.0032834427670512764,0.0012627637711451816,0.00023054806741883572,0.000451874212140918,0.8882503979701479,0.16579442847760845,0.03026978279528768,0.05932877427876385,0.05948796847350253,0.02023208394973796,0.003693856254869899,0.007239958259545002,0.07035804683167429,0.06653141065942776,0.012146918133602748,0.023807959541861386,0.009324784234366756,0.006764392626169407,0.0012350034763915316,0.002420606813727402,0.008719304512482004,0.006687265715082316,0.0012209220933938332,0.002393007303051913,0.0006054797218847462,0.0013852745539756552,0.0002529153738501247,0.0004957141327462444,0.0649323037044911,0.31508216239930037,0.02712963563706011,0.11275070377155387,0.009324784234366756,0.008719304512482004,0.0012350034763915316,0.0012209220933938332
2A_PCA_cum60,10000,0.5,1.0,3,0.016658926896024474,0.0017238791803001374,0.0003147358378213002,0.0006168822421297483,0.8574844849931252,0.2430064358165601,0.044366702171887096,0.0869587362568987,0.1469361192848529,0.015555491774273789,0.002840031245951938,0.005566461242065798,0.06461862700831938,0.08870837533756167,0.016195859404005825,0.031743884431851416,0.00846999645790432,0.007508070187713322,0.001370779801714211,0.0026867284113598535,0.008279372141550702,0.006444638142674428,0.001176624561900327,0.002306184141324641,0.00019062431635360574,0.0029363369424469134,0.0005360993266046411,0.0010507546801450964,0.02250583188564681,87.69684776405241,0.06143344376472181,31.38191393841242,0.00846999645790432,0.008279372141550702,0.001370779801714211,0.001176624561900327
2A_PCA_cum60,10000,0.5,1.0,5,0.016868484989746295,0.0024309029718974926,0.0004438201309382012,0.0008698874566388744,0.8109625359089464,0.21504493965695917,0.03926165477581793,0.07695284336060314,0.1744411717122713,0.016793873945511285,0.0030661278626182716,0.006009610610731813,0.1172609958877626,0.14279585564884575,0.026070837085708107,0.05109884068798789,0.011058635804473705,0.006132137908220421,0.0011195700860216228,0.002194357368602381,0.008981729701595834,0.006447276845592219,0.0011771063209372033,0.0023071283890369184,0.0020769061028778403,0.002421837454772444,0.0004421650015299217,0.0008666434029986466,0.18780852716369145,0.762577254630967,0.043161301302565985,0.27288476594513783,0.011058635804473705,0.008981729701595834,0.0011195700860216228,0.0011771063209372033
2A_PCA_cum60,10000,0.5,1.0,10,0.013258550104960338,0.002095901883207607,0.0003826575799167882,0.0007500088566369049,0.8915919580712968,0.17248828905108862,0.0314919089395842,0.061724141521585035,0.18659392041315367,0.01883755561273761,0.0034392513791181465,0.006740932703071567,0.1023175417472622,0.10242850283488676,0.018700800511383113,0.0366535690023109,0.009306711828975519,0.0071149341573621865,0.001299003311050427,0.0025460464896588366,0.008448007385338584,0.005464302317041013,0.0009976405466903696,0.001955375471513124,0.0008587044436369234,0.003347885176315859,0.0006112374103351188,0.0011980253242568329,0.09226722170159429,3.6155773953080446,0.057827727849573365,1.2938177545731129,0.009306711828975519,0.008448007385338584,0.001299003311050427,0.0009976405466903696
2A_PCA_cum60,10000,1.0,0.2,3,0.0004800314385029203,0.0004206593325214918,7.68015351490292e-05,0.00015053100889209724,0.8601996320655736,0.24719120267166375,0.04513073257336717,0.08845623584379966,0.008763438376790025,0.00642624020145249,0.0011732655727606906,0.0022996005226109534,0.08016955567741331,0.08541912273138348,0.01559532678742701,0.03056684050335694,0.010733418626707408,0.008681840074223422,0.001585079883101498,0.003106756570878936,0.010462895906398565,0.008321330657880814,0.0015192601699268752,0.0029777499330566753,0.0002705227203088278,0.0008773136223426385,0.00016017482032121047,0.00031394264782957254,0.025203779868951948,0.2600318328922808,0.013646826533615965,0.09305119635575047,0.010733418626707408,0.010462895906398565,0.001585079883101498,0.0015192601699268752
2A_PCA_cum60,10000,1.0,0.2,5,0.0006388423171735082,0.0004231074833582976,7.724850429486042e-05,0.0001514070684179264,0.8804418571682686,0.2263517949261021,0.04132599467093651,0.08099894955503556,0.015630820779492523,0.009302154062322656,0.0016983332044408117,0.0033287330807039908,0.07125244609150116,0.07185334078430425,0.013118565193223127,0.02571238777871733,0.009835881840933048,0.007095147609892496,0.0012953907982556617,0.0025389659645810967,0.00968128678964489,0.007137029439496906,0.0013030373391969693,0.0025539531848260597,0.00015459505128816314,0.0011116096240169587,0.00020295122207130824,0.00039778439525976414,0.01571745714195094,0.2513031200195433,0.020653647912380155,0.08992766656933955,0.009835881840933048,0.00968128678964489,0.0012953907982556617,0.0013030373391969693
2A_PCA_cum60,10000,1.0,0.2,10,0.0004302604895850003,0.00033647424881077094,6.143151203108835e-05,0.00012040576358093315,0.8790333658967631,0.18315947017354053,0.03344019114491427,0.06554277464403196,0.01617604658000453,0.009087769505838388,0.0016591921185850872,0.003252016552426771,0.09602944734493514,0.1297845471557149,0.023695308030926003,0.04644280374061496,0.011291188608547015,0.010693416725184072,0.001952341852395446,0.003826590030695074,0.010795255032813764,0.010360563040271952,0.0018915713618704176,0.0037074798692660186,0.0004959335757332475,0.0012641204608077497,0.0002307957639294099,0.0004523596973016434,0.043922176214278075,2.1596728160198233,0.019407638227587034,0.7728289918676443,0.011291188608547015,0.010795255032813764,0.001952341852395446,0.0018915713618704176
2A_PCA_cum60,10000,1.0,0.5,3,0.003438785292484927,0.0014488850003748657,0.000264528999312065,0.0005184768386516474,0.8424549088553235,0.23090800794281774,0.04215784155295445,0.08262936944379072,0.035087300652474444,0.012941470165582742,0.0023627783789899283,0.004631045622820259,0.0689306293092856,0.08413941438102042,0.015361685077253152,0.030108902751416176,0.012265905721932303,0.01187825550379146,0.0021686628277454915,0.004250579142381163,0.011794005526969124,0.011724813295365389,0.0021406482414693686,0.004195670553279962,0.00047190019496314185,0.0012250373772493988,0.00022366020176882057,0.0004383739954668883,0.03847251117537842,15.457152059030546,0.01830562884996183,5.531270826912057,0.012265905721932303,0.011794005526969124,0.0021686628277454915,0.0021406482414693686
2A_PCA_cum60,10000,1.0,0.5,5,0.004092251936575043,0.0014840363877148372,0.00027094673523663296,0.0005310556010638006,0.9017406745170929,0.17356202615882582,0.031687945617830206,0.0621083734109472,0.045246193511431526,0.01531292644626941,0.002795745078679725,0.005479660354212261,0.08604109150177172,0.11421461345977348,0.0208526400628837,0.04087117452325205,0.011343499425622223,0.007667634951583119,0.0013999122085657022,0.0027438279287887763,0.010031770281395229,0.007109198176423791,0.001297956069000634,0.0025439938952412427,0.0013117291442269865,0.0016439226678035745,0.0003001378426500298,0.0005882701715940584,0.11563707944165058,0.8457334175344741,0.023991435653016095,0.3026418166741169,0.011343499425622223,0.010031770281395229,0.0013999122085657022,0.001297956069000634
2A_PCA_cum60,10000,1.0,0.5,10,0.003278710934535517,0.0012306150723216777,0.0002246785449054781,0.00044036994801473705,0.8898532897314018,0.1714445290166478,0.031301345301089,0.061350636790134444,0.04474226359378446,0.015053327814817635,0.002748349069898523,0.005386764177001105,0.10541370636112993,0.11742409505596914,0.021438608552261717,0.042019672762432965,0.010702024170193197,0.008932088438063748,0.0016307687743862002,0.0031963067977969525,0.009717598268941917,0.00854994911729575,0.001560999999021422,0.003059559998081987,0.000984425901251243,0.0014638422112590041,0.0002672597999115998,0.0005238292078267356,0.09198501943146986,3.4171095292800615,0.024163957523221598,1.2227969408263324,0.010702024170193197,0.009717598268941917,0.0016307687743862002,0.001560999999021422
2A_PCA_cum60,10000,1.0,1.0,3,0.015430127577598877,0.002345284746324032,0.0004281884531114845,0.0008392493680985096,0.774400304159448,0.2808500613624903,0.05127597129498201,0.10050090373816473,0.12880207335778146,0.018004066279320285,0.0032870777426672756,0.00644267237562786,0.07537209573348251,0.10741457029147208,0.019611127717787842,0.03843781032686417,0.01097007368853224,0.006941572780764219,0.0012673519988628085,0.002484009917771105,0.00856369147880234,0.006722458280832842,0.0012273473474331822,0.002405600800969037,0.0024063822097298566,0.0027889629480876863,0.0005091926395712451,0.0009980175735596405,0.2193588008661651,0.5862811294345214,0.04628385646472576,0.20979800775885032,0.01097007368853224,0.00856369147880234,0.0012673519988628085,0.0012273473474331822
2A_PCA_cum60,10000,1.0,1.0,5,0.016462137054326094,0.0025671685237261947,0.00046869870312069104,0.0009186494581165545,0.8606625680049061,0.20652063643928137,0.03770533705603926,0.07390246062983695,0.15227950122284642,0.014930747268151513,0.0027259690263917394,0.005342899291727809,0.08225710950061463,0.08705688124253365,0.015894339214194683,0.031152904859821577,0.012003031053240248,0.008234592285055646,0.0015034239821276629,0.002946711004970219,0.009048740619488243,0.006224127115188064,0.0011363649405893527,0.002227275283555131,0.00295429043375198,0.0036614491867042118,0.0006684861042389472,0.0013102327643083364,0.24612870037976675,0.9823269661977349,0.0404148983993792,0.3515211903116479,0.012003031053240248,0.009048740619488243,0.0015034239821276629,0.0011363649405893527
2A_PCA_cum60,10000,1.0,1.0,10,0.012488189048806131,0.0016833309250965428,0.0003073327731404719,0.0006023722353553249,0.9296638064956653,0.13354300676345005,0.024381505733802183,0.047787751238252275,0.15038831109969325,0.016494597189877974,0.0030114876526191633,0.00590251579913356,0.09019814119669477,0.08422479801389647,0.015377273924509136,0.030139456892037907,0.014800815414007093,0.009907033173715142,0.0018087685157319267,0.003545186290834576,0.011448979546254697,0.008369094707119714,0.001527980652328853,0.0029948420785645517,0.003351835867752373,0.00400238489131395,0.000730732162930171,0.001432235039343135,0.2264629193726927,1.2465946457712709,0.04102274992377025,0.4460881649353369,0.014800815414007093,0.011448979546254697,0.0018087685157319267,0.001527980652328853
2A_PCA_cum60,10000,2.0,0.2,3,0.0005896421725226339,0.0003314847847558293,6.0520564693504105e-05,0.00011862030679926804,0.8472840669108551,0.2024289900840387,0.036958308054005864,0.07243828378585149,0.007465017323207214,0.004153040151033994,0.0007582379243153268,0.0014861463316580405,0.08736281717068287,0.08945099993048215,0.016331443484439375,0.03200962922950117,0.020080368692169726,0.010265391121320173,0.0018741954262534368,0.003673423035456736,0.019185510263792924,0.010328712699083113,0.0018857563117592965,0.003696082371048221,0.0008948584283767633,0.0008901924277045063,0.00016252615772468162,0.000318551269140376,0.044563844523718754,0.1137345800340005,0.009202951347528233,0.04069939676795918,0.020080368692169726,0.019185510263792924,0.0018741954262534368,0.0018857563117592965
2A_PCA_cum60,10000,2.0,0.2,5,0.0005537278150902861,0.0005103198682389395,9.317123445917711e-05,0.00018261561953998714,0.8813606875492541,0.18727000973044794,0.03419066955785943,0.06701371233340449,0.009759114124582817,0.005665203388322662,0.001034319896213007,0.0020272669965774935,0.08550394366743846,0.10384161342770083,0.018958798027361033,0.037159244133627624,0.022200848719178993,0.009015964487391153,0.001646082375803212,0.0032263214565742956,0.021185335401505023,0.009116513984638036,0.0016644401183991857,0.003262302632062404,0.001015513317673921,0.000884084549318369,0.00016141101680115308,0.00031636559293026005,0.04574209439104382,0.07996173381257163,0.008221000834217392,0.02861393895962778,0.022200848719178993,0.021185335401505023,0.001646082375803212,0.0016644401183991857
2A_PCA_cum60,10000,2.0,0.2,10,0.0005211961994549245,0.000485889865371737,8.871094657574954e-05,0.0001738734552884691,0.9374103159100406,0.1016147298819692,0.0185522265770496,0.036362364091017216,0.009353875051242242,0.00557940160684611,0.0010186547058167283,0.0019965632234007877,0.05220950640165532,0.09810574074048334,0.017911575741438767,0.03510668845321998,0.01893925452556503,0.008559696330371342,0.001562779588512859,0.0030630479934852036,0.018613935829403478,0.008391178869587545,0.0015320126503112663,0.003002744794610082,0.00032531869616153646,0.0010748756781927507,0.00019624455181994443,0.0003846393215670911,0.01717695359774718,0.9230547472404187,0.010147494721040484,0.3303108991588604,0.01893925452556503,0.018613935829403478,0.001562779588512859,0.0015320126503112663
2A_PCA_cum60,10000,2.0,0.5,3,0.003915672411084464,0.0016207111036707833,0.0002959000102265273,0.0005799640200439935,0.842209872084649,0.24718425341928493,0.04512946381927195,0.08845374908577303,0.02422823883465042,0.008305388104221623,0.0015163494711724168,0.002972044963497937,0.060883227036994544,0.07146024205153849,0.013046795512135627,0.025571719203785828,0.020847524096500394,0.008022058192257759,0.0014646207431728963,0.0028706566566188765,0.01885734006949794,0.007407378890090642,0.001352396170030075,0.002650696493258947,0.0019901840270024266,0.0019514009825824163,0.0003562754456327117,0.0006982998734401149,0.09546380749052785,0.11041106077605783,0.01548268543612512,0.03951009067561221,0.020847524096500394,0.01885734006949794,0.0014646207431728963,0.001352396170030075
2A_PCA_cum60,10000,2.0,0.5,5,0.004050532034886192,0.0012860897339910847,0.00023480678609424523,0.00046022130074472066,0.9173686985746065,0.1843705961709098,0.03366131148782764,0.06597617051614217,0.029725665720840625,0.007849079640254547,0.0014330393248739833,0.002808757076753007,0.0691328409331212,0.07343274596608906,0.013406923808391157,0.026277570664446668,0.023784177538304165,0.008595847221473161,0.0015693798080229852,0.003075984423725051,0.021436351512166343,0.008635229183992066,0.001576569937766461,0.0030900770780222632,0.0023478260261377767,0.0012794277483221287,0.0002335904794846908,0.00045783733978999394,0.0987137781979921,0.08413069052022389,0.0115459493359596,0.030105780957922938,0.023784177538304165,0.021436351512166343,0.0015693798080229852,0.001576569937766461
2A_PCA_cum60,10000,2.0,0.5,10,0.003219077489369183,0.0011164653324009953,0.00020383774907617618,0.0003995219881893053,0.9260230205453652,0.12497012200347898,0.022816318278492714,0.044719983825845716,0.031028252066528143,0.0087564784632107,0.0015987069262028905,0.0031334655753576654,0.13102415359168257,0.16074651624922087,0.029348164330022998,0.05752240208684507,0.020486144327834667,0.011300943466932483,0.002063260552643186,0.004043990683180644,0.018672778450570013,0.01136586762241143,0.0020751140274707833,0.004067223493842735,0.0018133658772645999,0.0010430731323372462,0.0001904382279028937,0.0003732589266896717,0.08851669929908779,0.23797564200806387,0.012984150362787642,0.08515848981286585,0.020486144327834667,0.018672778450570013,0.002063260552643186,0.0020751140274707833
2A_PCA_cum60,10000,2.0,1.0,3,0.01621629842018502,0.0017328094181410258,0.0003163662687244138,0.000620077886699851,0.8604767531427765,0.2427704821623624,0.04432362312557715,0.08687430132613122,0.09584505553875135,0.012464961759249127,0.0022757802446600086,0.004460529279533617,0.1024955634515478,0.10003641385724282,0.018264066813844758,0.03579757095513573,0.02568375180368888,0.010562517685129374,0.001928443066730869,0.003779748410792503,0.019017700486844386,0.010277112871062128,0.0018763355151691365,0.0036776176097315077,0.006666051316844429,0.003027728217597652,0.0005527850142577147,0.0010834586279451206,0.25954351871158754,0.222105297208418,0.025392174508372584,0.07947935986266064,0.02568375180368888,0.019017700486844386,0.001928443066730869,0.0018763355151691365
2A_PCA_cum60,10000,2.0,1.0,5,0.01661914098623698,0.001990984838151877,0.00036350243583551837,0.000712464774237616,0.8349538097871665,0.21217770583864098,0.03873817189583975,0.07592681691584591,0.10763375479443216,0.01100578790085292,0.002009372765471525,0.003938370620324189,0.09950255024685666,0.09076207576656471,0.016570812087780162,0.03247879169204912,0.022287856585228066,0.010395255323546588,0.0018979052772440433,0.003719894343398325,0.01646120004789323,0.009549504333408895,0.001743492978800462,0.0034172462384489057,0.005826656537334786,0.004138122076836622,0.0007555142690645148,0.0014808079673664489,0.26142740622248195,1.3136282593167716,0.03237813591077677,0.4700758354719739,0.022287856585228066,0.01646120004789323,0.0018979052772440433,0.001743492978800462
2A_PCA_cum60,10000,2.0,1.0,10,0.0132795206573648,0.002272002569259995,0.0004148090192977976,0.0008130256778236832,0.9033929526659802,0.1652846401946581,0.030176708614579772,0.05914634888457635,0.10985170976186127,0.013919740529398648,0.0025413852941901806,0.004981115176612754,0.08693290156395238,0.09625981411150529,0.01757455719004185,0.034446132092482026,0.0221917889499798,0.01149031402557553,0.0020978347282085696,0.004111756067288796,0.015169947685132993,0.01182511020160807,0.0021589598674684007,0.004231561340238065,0.007021841264846746,0.0027010115805499875,0.00049313499024997,0.0009665445808899412,0.31641618801773974,0.24333699407804335,0.03740886469691514,0.08707702501160297,0.0221917889499798,0.015169947685132993,0.0020978347282085696,0.0021589598674684007
2B_clustering,500,0.5,0.2,3,0.00046111129458200326,0.003834995744994648,0.0007001712258232995,0.001372335602613667,0.895992650632832,0.20374791835653658,0.037199110309532,0.07291025620668272,0.01753710156804438,0.019036754035390638,0.0034756198689536505,0.006812214943149155,0.09729990333501917,0.06887922781929157,0.012575568940054453,0.02464811512250673,0.040271184992797325,0.0266365921357944,0.004863154122613102,0.009531782080321679,0.03996250031663813,0.025786339001866648,0.004707919848932538,0.009227522903907773,0.0003086846761591897,0.0040833935085673395,0.0007455222452708322,0.001461223600730831,0.007665150062368564,0.9227133384864276,0.018273532274696913,0.3301887276052785,0.040271184992797325,0.03996250031663813,0.004863154122613102,0.004707919848932538
2B_clustering,500,0.5,0.2,5,0.0016156414487877282,0.0056840795727764746,0.0010377662002213342,0.002034021752433815,0.9360814847891683,0.12258000474586518,0.02237994456613356,0.04386469134962177,0.028491454021700287,0.0179076569573086,0.003269475889194083,0.006408172742820403,0.1748690017651352,0.0913935597453863,0.016686104761081393,0.03270476533171953,0.04190328653753425,0.027913380581012285,0.005096262733482362,0.00998867495762543,0.04297705987446047,0.028456980473533657,0.005195510041279476,0.010183199680907773,-0.0010737733369261928,0.005484904543291367,0.0010014019813744176,0.0019627478834938583,-0.02562503864617871,0.31600269240261647,0.024094648184838013,0.11308011120270255,0.04190328653753425,0.04297705987446047,0.005096262733482362,0.005195510041279476
2B_clustering,500,0.5,0.2,10,-3.182672483081e-05,0.004702942275621822,0.0008586358570009167,0.0016829262797217967,0.9587639767560744,0.09912937732935163,0.01809846535824237,0.03547299210215504,0.062014692785381825,0.02065060542121913,0.0037702674717800637,0.007389724244688925,0.292576545116135,0.09623631153012527,0.01757026622538137,0.034437721801747485,0.045226008147074274,0.027634726552097387,0.0050453877010235675,0.009888959894006191,0.047290786027986934,0.026596745581920996,0.004855879170481332,0.00951752317414341,-0.0020647778809126413,0.01013005765735379,0.0018494870292535366,0.0036249945773369316,-0.04565465681158587,8.33906571872606,0.042620639751311265,2.9840963430740053,0.045226008147074274,0.047290786027986934,0.0050453877010235675,0.004855879170481332
2B_clustering,500,0.5,0.5,3,0.004757590161790704,0.006448181954256818,0.001177271570414735,0.0023074522780128803,0.8581593454526588,0.24799138695864725,0.04527682556808119,0.08874257811343914,0.08251417528549033,0.041327938394381473,0.007545414704595523,0.014789012821007225,0.10468880079137859,0.10124852484366365,0.018485366990332267,0.036231319301051244,0.02987465577786515,0.027752988962827078,0.005066979364377431,0.009931279554179764,0.029219678879213794,0.02723914191670157,0.0049731641582873186,0.009747401750243145,0.000654976898651347,0.008307828101419881,0.0015167949516743287,0.002972918105281684,0.02192416553755394,20.64260753491283,0.0501195120668054,7.386862237830607,0.02987465577786515,0.029219678879213794,0.005066979364377431,0.0049731641582873186
2B_clustering,500,0.5,0.5,5,0.006212009323235816,0.007401434875491972,0.0013513109464041312,0.002648569454952097,0.9200660453618716,0.15227183836844077,0.027800906915725218,0.05448977755482143,0.09886944635891742,0.044373680295013214,0.008101488552367078,0.015878917562639473,0.17262470832431454,0.09488675683293284,0.01732387237530159,0.03395478985559111,0.035114820406411,0.027193748602235383,0.0049648765108563,0.009731157961278348,0.03509546165017326,0.027035086701702016,0.004935908943543378,0.00967438152934502,1.9358756237735966e-05,0.0064881106259119335,0.0011845615151336428,0.0023217405696619397,0.0005512987397825464,1.9656540565254514,0.033722836586652795,0.703400270446876,0.035114820406411,0.03509546165017326,0.0049648765108563,0.004935908943543378
2B_clustering,500,0.5,0.5,10,0.004739621218089743,0.006872004335549001,0.0012546505966178295,0.0024591151693709457,0.9835080225992335,0.06319446800110205,0.011537678544580666,0.022613849947378105,0.11042774293130418,0.03062982999950566,0.0055922162744259,0.010960743897874764,0.28824889138846754,0.09320490263671108,0.01701680921473313,0.03335294606087694,0.03338501162144772,0.027261395635978437,0.004977227112966095,0.009755365141413546,0.03576855463003604,0.027928572784579123,0.005099036437679619,0.009994111417852052,-0.0023835430085883264,0.008716958099427513,0.00159149152796127,0.003119323394804089,-0.07139560218265872,4.9822424079783785,0.04969335303594745,1.7828725484882948,0.03338501162144772,0.03576855463003604,0.004977227112966095,0.005099036437679619
2B_clustering,500,0.5,1.0,3,0.024977517995101638,0.008363049319020757,0.001526876920518629,0.0029926787642165125,0.8378379685959845,0.23478881071464502,0.04286637595940724,0.08401809688043818,0.24562725271837613,0.0510535644376271,0.009321062961177304,0.018269283403907516,0.10031719693770293,0.08869194336287405,0.01619285934960557,0.031738004325226915,0.04056356159594553,0.026885061022619908,0.004908518127330611,0.009620695529567997,0.03919372477761555,0.02530148065693927,0.004619397231362089,0.009054018573469694,0.001369836818329961,0.008127071016846166,0.0014837933741243645,0.002908235013283754,0.03377013172499377,0.661436678582577,0.035398196854212034,0.23669207562436814,0.04056356159594553,0.03919372477761555,0.004908518127330611,0.004619397231362089
2B_clustering,500,0.5,1.0,5,0.025020155252965384,0.007788572750455596,0.0014219923287315283,0.0027871049643137954,0.9012531515697247,0.16401394042321638,0.029944711638368007,0.05869163481120129,0.2581121306533077,0.05044545501100289,0.009210037877712768,0.018051674240317023,0.21826102935127603,0.0913804767300298,0.016683716140204415,0.032700083634800654,0.03710117914255122,0.0319668229702479,0.005836316677526357,0.01143918068795166,0.03365727426184683,0.030382357512326437,0.005547034186562577,0.010872187005662651,0.0034439048807043734,0.00977094203479349,0.0017839217868439409,0.003496486702214124,0.09282467458708299,2.482663585240073,0.04569998539648778,0.8884097542439899,0.03710117914255122,0.03365727426184683,0.005836316677526357,0.005547034186562577
2B_clustering,500,0.5,1.0,10,0.019085916537015492,0.009133161444380165,0.001667479514807827,0.0032682598490233407,0.9712609355154297,0.08102128244091374,0.014792394676961893,0.02899309356684531,0.2857450494621642,0.06517843226603907,0.011899899204977388,0.02332380244175568,0.27074157507160806,0.10434739044801858,0.019051139855059625,0.037340234115916866,0.04586376068858808,0.028533358825211175,0.005209454756652423,0.010210531323038749,0.04785013466473496,0.024851209992922618,0.004537189431473839,0.008892891285688724,-0.001986373976146874,0.014102762628846615,0.002574800404986716,0.005046608793773963,-0.043310316169540286,0.9027657648612003,0.058714012288786636,0.3230505800578176,0.04586376068858808,0.04785013466473496,0.005209454756652423,0.004537189431473839
2B_clustering,500,1.0,0.2,3,5.969171857518267e-05,0.003938992061954317,0.0007191582687220555,0.0014095502066952287,0.9627382580472482,0.12580129449154379,0.022968068918789643,0.0450174150808277,0.015240455996214985,0.012670041574772488,0.00231322252501039,0.0045339161490203644,0.08317455064741804,0.06961928690188429,0.01271068462452866,0.024912941864076173,0.036538318027975906,0.03252232139716026,0.005937736350552536,0.01163796324708297,0.0374083382407816,0.0313788301486731,0.00572896436685048,0.011228770159026942,-0.0008700202128057009,0.005919100011082557,0.0010806748653996651,0.0021181227361833435,-0.023811173030448662,1.5977831189926897,0.03088708157230908,0.571759346098528,0.036538318027975906,0.0374083382407816,0.005937736350552536,0.00572896436685048
2B_clustering,500,1.0,0.2,5,0.001562990531005764,0.005307190127820171,0.0009689559166586112,0.0018991535966508778,0.9081178814194095,0.13916438256759323,0.025407823844516505,0.049799334735252346,0.02512134957609482,0.015317580146721209,0.002796594724250833,0.005481325659531632,0.18082665135865636,0.08647828687574248,0.01578870281874904,0.030945857524748117,0.036951965094270754,0.03504971229374553,0.006399172685783522,0.012542378464135702,0.03794620913831786,0.036978901136103116,0.006751392767999031,0.0132327298252781,-0.0009942440440471002,0.005680978554362083,0.0010372000343090671,0.0020329120672457715,-0.026906391622492087,5.211918086977595,0.027193732246298025,1.86506093468311,0.036951965094270754,0.03794620913831786,0.006399172685783522,0.006751392767999031
2B_clustering,500,1.0,0.2,10,0.0022476001828451125,0.006716172176439329,0.0012261996670414623,0.002403351347401266,0.9872990456377225,0.05445024085328792,0.009941208392311713,0.019484768448930958,0.054202314077245836,0.023414930030561727,0.004274961786714595,0.008378925101960607,0.2894346139178155,0.08351218673980104,0.015247169501324282,0.029884452222595594,0.03578984661825766,0.03112163305934359,0.005682006817666999,0.011136733362627318,0.036391981240597546,0.03236919784072896,0.0059097799419049225,0.011583168686133648,-0.0006021346223398866,0.008605845668484874,0.0015712052663457638,0.003079562322037697,-0.016824174430317695,2.1504421619552536,0.043956413815075736,0.769525844732539,0.03578984661825766,0.036391981240597546,0.005682006817666999,0.0059097799419049225
2B_clustering,500,1.0,0.5,3,0.005113229506257877,0.005085072123663206,0.0009284029028903459,0.001819669689665078,0.8319588163505196,0.24439765531746174,0.04462070293958207,0.08745657776158086,0.07214882447710078,0.04165336663830785,0.007604829501278112,0.0149054658225051,0.10592783688626738,0.10175463691762171,0.018577769990176452,0.036412429180745845,0.045633788830895756,0.026118190990683462,0.004768507455608511,0.00934627461299268,0.04680126793180807,0.024948367317779066,0.004554927850957417,0.008927658587876537,-0.00116747910091233,0.007427800261335507,0.0013561245852587416,0.0026580041871071334,-0.025583654805403366,0.45691274104128093,0.03061596892575252,0.16350412451881968,0.045633788830895756,0.04680126793180807,0.004768507455608511,0.004554927850957417
2B_clustering,500,1.0,0.5,5,0.005756428666425113,0.006244425982199003,0.0011400709897072489,0.0022345391398262077,0.9357484781201576,0.1386247267162791,0.025309296616831706,0.04960622136899014,0.07088101403189824,0.026215281977910954,0.004786233763553492,0.009381018176564844,0.15725976003013378,0.08429058909804638,0.01538928567813301,0.0301629999291407,0.03770802412618398,0.03361408326731567,0.006137063885121917,0.012028645214838957,0.0374636309581649,0.03299113465552487,0.0060233295495071325,0.01180572591703398,0.0002443931680190923,0.0060276335128546,0.0011004902811215234,0.002156960950998186,0.006481197932865834,1.9861044421337126,0.029000413430349266,0.7107183469516609,0.03770802412618398,0.0374636309581649,0.006137063885121917,0.0060233295495071325
2B_clustering,500,1.0,0.5,10,0.004494351659004297,0.00526894944808874,0.000961974155690866,0.0018854693451540974,0.9836667072398445,0.08946112883072964,0.016333292760155462,0.032013253809904704,0.11277722020230313,0.041831323432873706,0.00763731981815979,0.014969146843593188,0.2519567122492482,0.0842314101183843,0.015378481124102658,0.03014182300324121,0.03670704874781039,0.027260013142030796,0.004976974705259182,0.009754870422307996,0.032221034294314985,0.027610750443937643,0.005041010282596809,0.009880380153889746,0.004486014453495371,0.0115677269601195,0.0021119683317060377,0.0041394579301438335,0.12221125387431209,1.4646917004919677,0.05690832295546303,0.5241331936447002,0.03670704874781039,0.032221034294314985,0.004976974705259182,0.005041010282596809
2B_clustering,500,1.0,1.0,3,0.023823953351578837,0.011681173004318268,0.0021326806508618354,0.004180054075689197,0.8363343216667777,0.26442401265533044,0.04827699882578533,0.09462291769853924,0.23097434518929655,0.06358713213251863,0.011609368878680677,0.022754363002214128,0.14937338055541233,0.10337102321865617,0.018872880403082756,0.036990845590042204,0.041046113749506986,0.031174950059473048,0.005691741125556803,0.011155812606091334,0.04100901000263909,0.028883133834429836,0.005273314644185968,0.010335696702604497,3.710374686792042e-05,0.013141612983199637,0.002399319290967067,0.004702665810295451,0.0009039527370199307,13.775881291348167,0.05840687653207423,4.929635809419395,0.041046113749506986,0.04100901000263909,0.005691741125556803,0.005273314644185968
2B_clustering,500,1.0,1.0,5,0.021169503950101712,0.007564670247611204,0.0013811135115682823,0.0027069824826738333,0.9096438839598159,0.15470994547964556,0.028246042336532093,0.0553622429796029,0.22044378376953297,0.046367831388375254,0.008465569064669737,0.016592515366752686,0.1710232123911905,0.10113846948144682,0.018465273722178748,0.036191936495470346,0.04325879252512575,0.035678976336887214,0.006514060056135389,0.012767557710025362,0.03814036872546608,0.030704196500590315,0.005605793677814833,0.010987355608517073,0.005118423799659645,0.013842601061075646,0.0025273016185653596,0.0049535111723881045,0.1183210048381903,0.5342902415347628,0.051291334640099044,0.19119330746173582,0.04325879252512575,0.03814036872546608,0.006514060056135389,0.005605793677814833
2B_clustering,500,1.0,1.0,10,0.022966123488404648,0.008843069192235606,0.0016145161580554766,0.003164451669788734,0.9724363912352568,0.09396927559169731,0.017156363984664077,0.03362647340994159,0.2542967297868483,0.06162623294900877,0.01125135930674674,0.02205266424122361,0.27011253203136043,0.07322545521354704,0.01336907786801466,0.026203392621308733,0.040967333685280376,0.030726083992689834,0.005609789768864874,0.010995187946975153,0.03918754800903221,0.028617906711173587,0.005224891018096085,0.010240786395468326,0.0017797856762481502,0.01428926779772912,0.002608851434349469,0.005113348811324959,0.0434440202997064,3.1837514291454307,0.06169736910029464,1.139290817151745,0.040967333685280376,0.03918754800903221,0.005609789768864874,0.005224891018096085
2B_clustering,500,2.0,0.2,3,0.00010581053669981002,0.004180002858966773,0.0007631606187640624,0.0014957948127775622,0.8377358140670472,0.23775176204403017,0.04340733438603863,0.08507837539663571,0.013243229736481909,0.011570330135251735,0.0021124436042863916,0.004140389464401328,0.09543588223844314,0.0866569407399788,0.01582132040255827,0.03100978798901421,0.04421723873580085,0.033460741932723845,0.006109067715803953,0.011973772722975748,0.04372684298493375,0.03212874843779528,0.00586588008792978,0.011497124972342369,0.0004903957508671185,0.004964247825508496,0.0009063435050256578,0.0017764332698502893,0.01109060097120107,0.2628847956089505,0.020032902458229866,0.09407211595236939,0.04421723873580085,0.04372684298493375,0.006109067715803953,0.00586588008792978
2B_clustering,500,2.0,0.2,5,-0.0003319738576007503,0.0050957871937480385,0.0009303591980872497,0.0018235040282510093,0.8882598126052158,0.19405792316729487,0.03542996732711059,0.06944273596113675,0.023462134789866262,0.014111727696450178,0.0025764371949053926,0.005049816902014569,0.1713516466578357,0.0800673120547726,0.014618224310401422,0.028651719648386788,0.03656130551980303,0.02395351356410209,0.0043732932368548945,0.008571654744235593,0.036365116635905255,0.022484525635517776,0.0041050939617920884,0.008045984165112494,0.00019618888389777664,0.007187004222223351,0.0013121614444655337,0.002571836431152446,0.0053660251216005594,0.3814877867485946,0.03567096238657141,0.1365136512604181,0.03656130551980303,0.036365116635905255,0.0043732932368548945,0.0041050939617920884
2B_clustering,500,2.0,0.2,10,0.0015630797881361412,0.004697815938072623,0.0008576999200965561,0.00168109184338925,0.9734137068836074,0.09692872420547159,0.0176966829058446,0.034685498495455415,0.046153875203013166,0.02222804346210666,0.004058266937800349,0.007954203198088684,0.27033916832124566,0.10026766751152963,0.018306287761497553,0.03588032401253521,0.041062548343675925,0.029146148800901137,0.005321334387551901,0.010429815399601725,0.04625032248519502,0.03081755483214343,0.005626489982905763,0.011027920366495296,-0.005187774141519099,0.011188836669627372,0.00204279274539863,0.004003873780981314,-0.12633833872412525,2.3416342814923,0.052965115623257036,0.8379430660351466,0.041062548343675925,0.04625032248519502,0.005321334387551901,0.005626489982905763
2B_clustering,500,2.0,0.5,3,0.0033080568474447448,0.005204538167252489,0.0009502143185335944,0.0018624200643258448,0.8636068611947414,0.2229387876526098,0.04070286764672953,0.07977762058758987,0.054482775088522103,0.028455822373367735,0.005195298602084567,0.010182785260085751,0.10806815763284297,0.08080957101697601,0.014753741636104482,0.028917333606764784,0.04043424260453034,0.029479802037839894,0.005382250855637225,0.010549211677048961,0.03901512430302091,0.027884355082792283,0.005090963426776389,0.009978288316481723,0.0014191183015093978,0.008595221541020819,0.0015692655749238059,0.0030757605268506593,0.03509694284097764,0.6217009661466751,0.037546131197838756,0.22247283354510922,0.04043424260453034,0.03901512430302091,0.005382250855637225,0.005090963426776389
2B_clustering,500,2.0,0.5,5,0.005619363489811569,0.0061386032663693505,0.0011207504935217957,0.0021966709673027197,0.9371213280657845,0.15880218403564014,0.028993179459135626,0.05682663173990583,0.053990330616076686,0.022165761230550345,0.004046895810081964,0.00793191578776065,0.1765566531476056,0.10224560166027581,0.018667407478340243,0.036588118657546874,0.04378887831545932,0.036020753763319924,0.0065764597915031415,0.012889861191346157,0.04226968732025941,0.03533087603808187,0.006450505927492064,0.012642991617884444,0.0015191909951998964,0.006374427890133245,0.001163805982205347,0.00228105972512248,0.03469353529121055,0.3994433458081067,0.026063900321991424,0.1429389655503653,0.04378887831545932,0.04226968732025941,0.0065764597915031415,0.006450505927492064
2B_clustering,500,2.0,0.5,10,0.005827837120650039,0.0070378484964524314,0.0012849294592702713,0.0025184617401697315,0.9975383360465276,0.013483088763141486,0.002461663953472341,0.004824861348805788,0.08959558196890607,0.026605097387418505,0.004857403994570292,0.009520511829357772,0.25813363241488996,0.08042806827298456,0.014684089083226404,0.02878081460312375,0.044544823132014,0.036611166142523334,0.006684253850943143,0.013101137547848559,0.046487479382500765,0.03690937912296209,0.006738699843052194,0.0132078516923823,-0.00194265625048675,0.011025297673284841,0.00201293474628911,0.003945352102726655,-0.043611268692872907,5.1036657792856825,0.04645280062377454,1.826323343877541,0.044544823132014,0.046487479382500765,0.006684253850943143,0.006738699843052194
2B_clustering,500,2.0,1.0,3,0.022694448026219435,0.009408247108683513,0.0017177030560029062,0.003366697989765696,0.8658020940246001,0.21129372260852947,0.0385767793773103,0.07561048757952818,0.16676806614377,0.041543948048271086,0.007584852491286931,0.014866310882922383,0.1399291822867695,0.1085208504224479,0.01981310591200625,0.03883368758753225,0.05494479816872863,0.02759113683047474,0.005037429343087535,0.00987336151245157,0.0444668024126651,0.02721926394061932,0.004969534952988053,0.009740288507856585,0.01047799575606352,0.01240020636346669,0.0022639575809966033,0.004437356858753343,0.19070041396615756,0.3010422645664194,0.040457164288358216,0.10772659085610452,0.05494479816872863,0.0444668024126651,0.005037429343087535,0.004969534952988053
2B_clustering,500,2.0,1.0,5,0.023445027223909013,0.010379984124680398,0.0018951171505443235,0.003714429615066874,0.9441928368517521,0.12356645714328536,0.022560045309457585,0.04421768880653686,0.15600637632028247,0.046307570140572796,0.008454566916414798,0.016570951156173006,0.15230003871839806,0.10410077932408524,0.019006115029889626,0.037251985458583665,0.032508022736252355,0.03151740595678928,0.005754264732193727,0.011278358875099705,0.02881361413063407,0.028218792713529263,0.005152023104920798,0.010097965285644763,0.0036944086056182666,0.01789969828322819,0.003268022840753525,0.006405324767876909,0.1136460570238973,2.0478045455913025,0.09303772619385177,0.7327974454148889,0.032508022736252355,0.02881361413063407,0.005754264732193727,0.005152023104920798
2B_clustering,500,2.0,1.0,10,0.020403457881171434,0.007142467982521205,0.0013040302767617594,0.0025558993424530485,0.9761834926834523,0.07088042908328358,0.01294093663151988,0.025364235797778963,0.1764040783088305,0.03808416199403754,0.0069531848692717625,0.013628242343772655,0.2781615302242003,0.09201279412274971,0.016799160973369597,0.03292635550780441,0.050843742680236864,0.04337654696009058,0.007919437745574583,0.015522097981326182,0.04714853605257873,0.038908292419551654,0.0071036498107319,0.013923153629034525,0.003695206627658133,0.014039695653041643,0.002563286003226044,0.005024040566323046,0.07267770688908137,0.6135943993684994,0.046265948101233315,0.21957193587940102,0.050843742680236864,0.04714853605257873,0.007919437745574583,0.0071036498107319
2B_clustering,2000,0.5,0.2,3,0.0007043125227295722,0.0011516970782179685,0.00021027015638425768,0.000412129506513145,0.7750998486485687,0.2834285339378736,0.05174673382613063,0.10142359829921603,0.012836714397718293,0.011610327199273265,0.0021197460356859148,0.004154702229944393,0.111645971674449,0.09437907529005857,0.017231182830947836,0.03377311834865776,0.017024814023822395,0.013725217802707171,0.0025058704657380695,0.004911506112846616,0.01721242626852374,0.013727264091095587,0.0025062440651745684,0.004912238367742154,-0.00018761224470133057,0.0017274141148065955,0.000315381225610797,0.0006181472021971621,-0.011019929171550702,0.23583210433509033,0.01869517417263984,0.08439143470778401,0.017024814023822395,0.01721242626852374,0.0025058704657380695,0.0025062440651745684
2B_clustering,2000,0.5,0.2,5,0.0009419551659569501,0.0017078749559364225,0.00031181387958817343,0.0006111552039928199,0.8486763829149356,0.2091240949413488,0.03818066137240957,0.07483409628992276,0.023168180844058688,0.00965301581097649,0.0017623915025419493,0.0034542873449822206,0.17677038202292433,0.08012830774250779,0.014629360548429123,0.02867354667492108,0.016278791850077457,0.013007157411379608,0.002374771174411038,0.004654551501845634,0.015714255452741053,0.012716363130222957,0.0023216796452833724,0.00455049210475541,0.0005645363973364033,0.00230875265993751,0.0004215186371826093,0.0008261765288779142,0.034679256454385965,1.1558183168119551,0.025302116369193807,0.4136042728037661,0.016278791850077457,0.015714255452741053,0.002374771174411038,0.0023216796452833724
2B_clustering,2000,0.5,0.2,10,0.000938751846930802,0.0014474203031504095,0.00026426158340881503,0.0005179527034812775,0.916497883639615,0.13671245226148906,0.02496016466515524,0.04892192274370427,0.028065193960067403,0.007553333772282842,0.0013790437638149674,0.002702925777077336,0.27835570446480523,0.0454977289281394,0.008306710816399098,0.016281153200142232,0.014987472470945954,0.01479643547783599,0.0027014471606268344,0.005294836434828596,0.014812050714681894,0.014640811671607953,0.002673034270908198,0.005239147170980068,0.00017542175626405332,0.0027091620247490923,0.0004946230509638157,0.0009694611798890787,0.01170455903115919,2.4455708560360763,0.032755248210272724,0.875136291567743,0.014987472470945954,0.014812050714681894,0.0027014471606268344,0.002673034270908198
2B_clustering,2000,0.5,0.5,3,0.006090583596343077,0.002239862091997737,0.00040894099782929076,0.0008015243557454099,0.8343694208517793,0.25671890648441503,0.04687024533985779,0.09186568086612128,0.09492874132271198,0.021062995862807944,0.0038455593208993,0.007537296268962628,0.08279789346658396,0.07289349520871884,0.013308470540403352,0.02608460225919057,0.019339888315244875,0.01175487816270884,0.0021461373101468377,0.004206429127887802,0.019035288295038755,0.010786070848109876,0.001969258103452886,0.003859745882767656,0.00030460002020612413,0.003251696096111463,0.0005936757673305783,0.0011636045039679335,0.015749833465481644,877.3416986495697,0.029997749963179447,313.9526948069758,0.019339888315244875,0.019035288295038755,0.0021461373101468377,0.001969258103452886
2B_clustering,2000,0.5,0.5,5,0.005862569366742009,0.0023043719822081585,0.00042071883851276724,0.0008246089234850238,0.871778275156289,0.18064149707489818,0.03298047425647507,0.06464172954269114,0.09139825928013462,0.026675285970635468,0.004870218618006046,0.00954562849129185,0.175224276124323,0.09345242151297065,0.01706199977204503,0.03344151955320826,0.019003471535438136,0.013397609488439289,0.0024460576444878157,0.004794272983196119,0.018958710617114054,0.014433375659469443,0.002635161809879139,0.005164917147363113,4.476091832407306e-05,0.0035262288334129695,0.00064379835832847,0.001261844782323801,0.0023554074444035455,0.29876374493602087,0.03393184559987305,0.10691123307790326,0.019003471535438136,0.018958710617114054,0.0024460576444878157,0.002635161809879139
2B_clustering,2000,0.5,0.5,10,0.0048996204252819255,0.002062662144499956,0.0003765888616848688,0.0007381141689023429,0.9035351528160448,0.1639681163333133,0.02993634534246232,0.058675236871226145,0.09488074336892521,0.01576211221831197,0.0028777548052990867,0.00564039941838621,0.26311014816761985,0.06747925968143001,0.012319970897089362,0.02414714295829515,0.01934911102588383,0.013451411537309834,0.0024558805097566134,0.004813525799122962,0.018584701613051723,0.012931992432613459,0.002361047989609499,0.0046276540596346186,0.0007644094128320944,0.0037077491044748075,0.0006769392740301436,0.0013268009770990815,0.03950617740574924,22.923078552502815,0.0339495838492454,8.202918310970194,0.01934911102588383,0.018584701613051723,0.0024558805097566134,0.002361047989609499
2B_clustering,2000,0.5,1.0,3,0.025802990361510056,0.00422256834453221,0.0007709319776358458,0.001511026676166258,0.8134155303089173,0.25848895474040606,0.047193410459084116,0.09249908449980486,0.24604133584971763,0.042757440487310415,0.007806404885361532,0.015300553575308603,0.09603826940120715,0.07167248595708352,0.013085545770388963,0.025647669709962368,0.014985901003068536,0.01112851357652721,0.0020317793057888153,0.003982287439346078,0.01583647399034297,0.011915551433447935,0.002175472101737484,0.004263925319405468,-0.0008505729872744401,0.005352937138691494,0.0009773081399228303,0.0019155239542487474,-0.05675821474466369,0.9409178655656358,0.06633881901091124,0.3367031339568759,0.014985901003068536,0.01583647399034297,0.0020317793057888153,0.002175472101737484
2B_clustering,2000,0.5,1.0,5,0.025108417067959455,0.005530090611600612,0.001009651791007065,0.0019789175103738475,0.850424315263341,0.19866762241083866,0.03627157941344507,0.07109229565035233,0.2503280544906101,0.04074303745295397,0.007438626891420239,0.014579708707183668,0.17967675479910739,0.10578774196726877,0.019314110861003014,0.03785565728756591,0.020315864748955286,0.012772133806248852,0.002331861931052271,0.004570449384862451,0.01885257134228663,0.01263507980578693,0.0023068394085024985,0.004521405240664897,0.0014632934066686194,0.005048934158481767,0.0009218050433196091,0.0018067378849064338,0.07202712878583728,0.568823797245601,0.04425577543684833,0.20355098166481161,0.020315864748955286,0.01885257134228663,0.002331861931052271,0.0023068394085024985
2B_clustering,2000,0.5,1.0,10,0.02169774956076247,0.0036191277622930357,0.0006607593046336968,0.0012950882370820456,0.9487679167220456,0.09660342019199632,0.017637290790435477,0.034569089949253534,0.26407191612644804,0.033239797812177105,0.0060687290228800895,0.011894708884844975,0.2339416047888942,0.06656513148487893,0.01215307468585518,0.02382002638427615,0.020466875169262547,0.012432877582623054,0.0022699225022343155,0.004449048104379258,0.021039280287487933,0.013370465339941007,0.0024411018236755564,0.00478455957440409,-0.0005724051182253799,0.0067284278853111485,0.0012284372431105662,0.0024077369964967095,-0.02796739187059849,2.628022534680805,0.06048985638542214,0.940425786266032,0.020466875169262547,0.021039280287487933,0.0022699225022343155,0.0024411018236755564
2B_clustering,2000,1.0,0.2,3,0.0006489907098883003,0.0014823550484561582,0.0002706397660903671,0.0005304539415371196,0.8625390708998979,0.24369158850774839,0.044491793366653494,0.08720391499864084,0.010186564371980155,0.0076146699439558355,0.0013902421654204034,0.0027248746442239905,0.11138713282089262,0.08499618131166674,0.015518108602066304,0.030415492860049954,0.017406065804692283,0.010786851285251631,0.0019694005911286374,0.003860025158612129,0.017644271422880994,0.010650679940398729,0.001944539218708054,0.0038112968686677857,-0.00023820561818871535,0.0014679213666820318,0.00026800454839185376,0.0005252889148480333,-0.013685207264038768,0.21376212479968587,0.015719758632121463,0.07649379395944132,0.017406065804692283,0.017644271422880994,0.0019694005911286374,0.001944539218708054
2B_clustering,2000,1.0,0.2,5,0.0006065819721810532,0.001332032183685462,0.00024319469144246415,0.0004766615952272297,0.8530949077689278,0.22165171543982562,0.04046788148536953,0.07931704771132428,0.01656984261846714,0.007352608618014323,0.0013423965321977766,0.002631097203107642,0.1614478609077849,0.08895592697477626,0.016241055942622415,0.031832469647539934,0.016530715023453997,0.011901762310539564,0.0021729545638491084,0.004258990945144253,0.016422359019490244,0.0118656380453188,0.0021663592055375376,0.004246064042853574,0.00010835600396376667,0.002192987185792449,0.0004003828499927657,0.0007847503859858207,0.006554828621146536,0.24853724075804567,0.024142187027767645,0.088937909386939,0.016530715023453997,0.016422359019490244,0.0021729545638491084,0.0021663592055375376
2B_clustering,2000,1.0,0.2,10,0.000953573415981953,0.0017201656377219979,0.00031405784080853257,0.0006155533679847239,0.8912262101487707,0.1558769737148545,0.028459111566421887,0.0557798586701869,0.023726884856444263,0.008093643375617555,0.0014776903497426643,0.002896273085495622,0.25516192780635305,0.06220845264578752,0.011357657593863252,0.022261008883971974,0.020461359756366142,0.015186346514940833,0.0027726348507743533,0.005434364307517732,0.020326486024176124,0.01597941693812109,0.0029174290375963514,0.0057181609136888484,0.00013487373218998806,0.0024782865268040176,0.00045247114489723063,0.0008868434439985721,0.0065916309471101275,0.25367287368019686,0.022350625672888626,0.09077567202597754,0.020461359756366142,0.020326486024176124,0.0027726348507743533,0.0029174290375963514
2B_clustering,2000,1.0,0.5,3,0.005819186486344937,0.002628251462796958,0.00047985087098994795,0.000940507707140298,0.9165197702054735,0.19495448238042667,0.03559365589550105,0.06976356555518205,0.08085669768985745,0.02163762072945703,0.003950470988088334,0.007742923136653134,0.07519360289686382,0.05779358451259696,0.010551616638876856,0.020681168612198635,0.015610018225446292,0.01637538522430602,0.0029897226250630675,0.005859856345123612,0.014567344516961381,0.015455523735540226,0.0028217796626706306,0.005530688138834436,0.0010426737084849203,0.0024052657042971776,0.00043913942767903825,0.000860713278250915,0.06679516278752462,2.2792096737877605,0.02519251512640515,0.8156047070567978,0.015610018225446292,0.014567344516961381,0.0029897226250630675,0.0028217796626706306
2B_clustering,2000,1.0,0.5,5,0.00558748880873493,0.0020370205205890567,0.0003719073630758477,0.0007289384316286615,0.8957744977077915,0.1638013302220774,0.02990589450399483,0.05861555322782987,0.07671795644248987,0.019593569199423174,0.003577279944187504,0.007011468690607508,0.156479934211704,0.08271558699810513,0.015101730952047736,0.029599392666013562,0.017171048056879183,0.013973293506722037,0.002551162685424042,0.005000278863431122,0.016133140575078354,0.013185852199729049,0.002407396229906905,0.004718496610617534,0.0010379074818008163,0.003549494976042816,0.0006480461553766365,0.0012701704645382075,0.060445202783356966,1.7573084544129711,0.035675845151600785,0.6288447542379951,0.017171048056879183,0.016133140575078354,0.002551162685424042,0.002407396229906905
2B_clustering,2000,1.0,0.5,10,0.005114090322643045,0.002450613566472541,0.0004474187766950655,0.0008769408023223284,0.9234344783065164,0.12091407279759979,0.022075788397022397,0.0432685452581639,0.08360923225106529,0.022062097693469243,0.0040279695241986,0.007894820267429254,0.2582993760063656,0.05884969398209118,0.010744434965422454,0.02105909253222801,0.02015929504251296,0.014707116051534408,0.0026851397390905687,0.005262873888617514,0.019129093474748334,0.014800834647145518,0.002702250335381872,0.005296410657348469,0.0010302015677646204,0.0041868473296200566,0.0007644102424210575,0.0014982440751452727,0.051103055220536375,0.33706108045301514,0.03771285091773072,0.12061575858717094,0.02015929504251296,0.019129093474748334,0.0026851397390905687,0.002702250335381872
2B_clustering,2000,1.0,1.0,3,0.024740283666636925,0.005130968297725326,0.0009367823595026814,0.0018360934246252553,0.7924645677793235,0.24589230673594256,0.04489358770541842,0.0879914319026201,0.21783009127477979,0.031405212858292966,0.00573378116857945,0.011238211090415721,0.09101050464004985,0.07278483361351583,0.013288631738127624,0.026045718206730142,0.021454977186582687,0.01578489135692317,0.0028819136879850503,0.005648550828450698,0.020093703160460722,0.013266710483457558,0.0024221588652266575,0.004747431375844249,0.00136127402612196,0.007265992612998001,0.0013265826856016366,0.0026001020637792076,0.06344793631257117,61.2784907042538,0.05759356249588447,21.928226277079087,0.021454977186582687,0.020093703160460722,0.0028819136879850503,0.0024221588652266575
2B_clustering,2000,1.0,1.0,5,0.025457544032912907,0.005092298315370143,0.0009297222189579279,0.0018222555491575385,0.8963567517478002,0.18140473481024613,0.03311982176460482,0.06491485065862544,0.2094579490275229,0.027708698898657222,0.005058893141971037,0.009915430558263234,0.1687549156358286,0.10950414225777463,0.019992629618279287,0.0391855540518274,0.02238898279314211,0.013826104807173277,0.002524289828439806,0.00494760806374202,0.019851227043787976,0.01595752314061713,0.0029134317953422285,0.005710326318870767,0.002537755749354134,0.008950196762058188,0.0016340748868963223,0.0032027867783167917,0.11334841662085093,0.5944043705933049,0.07324561809746273,0.21270487227502746,0.02238898279314211,0.019851227043787976,0.002524289828439806,0.0029134317953422285
2B_clustering,2000,1.0,1.0,10,0.020418031030486634,0.004088054853549863,0.0007463732865359129,0.0014628916416103892,0.9253331517538125,0.10398486166058336,0.018984951456851872,0.03721050485542967,0.2358748432040666,0.029839962016572488,0.005448006770524699,0.010678093270228409,0.2477755175230961,0.07496700134020022,0.01368703923418256,0.02682659689899782,0.021327609839565602,0.010785955672620534,0.001969237075381691,0.003859704667748114,0.018426294404771098,0.012322971745373317,0.0022498565334799245,0.004409718805620652,0.0029013154347945,0.0074219881569875515,0.0013550634450394253,0.002655924352277274,0.1360356578453612,0.5511015609805933,0.06324146552911776,0.19720916086458148,0.021327609839565602,0.018426294404771098,0.001969237075381691,0.0022498565334799245
2B_clustering,2000,2.0,0.2,3,0.0003879212803100575,0.0010487333645854695,0.00019147164019725038,0.00037528441478661075,0.8620020342506911,0.24284919379005923,0.04433799383691965,0.08690246792036252,0.007579534912100033,0.005765817634362161,0.0010526894602670765,0.00206327134212347,0.09153063764592856,0.08855093107316886,0.016167114145619912,0.031687543725415025,0.026129619580546888,0.01763264243952542,0.003219265337516998,0.006309760061533316,0.025698424319473903,0.01762148374522853,0.003217228047990761,0.006305766974061892,0.0004311952610729709,0.0010809410155890318,0.00019735192585688537,0.0003868097746794953,0.01650216375113256,0.15313227395305412,0.007740811918211618,0.05479768047441704,0.026129619580546888,0.025698424319473903,0.003219265337516998,0.003217228047990761
2B_clustering,2000,2.0,0.2,5,0.0008592459397012361,0.001618522815526301,0.00029550048530017594,0.0005791809511883449,0.8693151033728265,0.19113240449775912,0.034895843137874846,0.0683958525502347,0.009438971589321776,0.005485208950644415,0.0010014575582990624,0.0019628568142661625,0.17546229410725708,0.1022034141440432,0.01865970512691167,0.03657302204874687,0.025933724755286276,0.016676895777246934,0.003044770668786932,0.005967750510822387,0.026277314358646595,0.016249817384085295,0.002966797178867702,0.005814922470580696,-0.00034358960336030605,0.0027438117349941203,0.0005009491936012222,0.0009818604194583955,-0.013248756459107724,0.5744691803229358,0.01974144268979536,0.20557115605419157,0.025933724755286276,0.026277314358646595,0.003044770668786932,0.002966797178867702
2B_clustering,2000,2.0,0.2,10,0.0012027163430293165,0.0016239026316682524,0.000296482700852235,0.0005811060936703807,0.9225279604708189,0.12967806756424446,0.023675867606205235,0.04640470050816226,0.017996034527754296,0.0072224035498207086,0.0013186244478807297,0.00258450391784623,0.259381092280609,0.05439016905311368,0.009930240832303256,0.019463272031314382,0.02191849860339772,0.016128709172574106,0.0029446859457531067,0.0057715844536760895,0.02192673377954233,0.01638538414648095,0.0029915481701383835,0.005863434413471232,-8.235176144616708e-06,0.0026806384529421156,0.0004894153830640491,0.0009592541508055362,-0.00037571807693681514,0.29151373620984744,0.022328253578789762,0.10431685077456607,0.02191849860339772,0.02192673377954233,0.0029446859457531067,0.0029915481701383835
2B_clustering,2000,2.0,0.5,3,0.005912548879126432,0.002801229752628704,0.0005114322414231192,0.0010024071931893136,0.8582764810854523,0.251711087869029,0.04595594693334405,0.09007365598935434,0.05652131791847712,0.014955989276589985,0.002730577565531235,0.005351932028441221,0.1123933257728206,0.08165446321447935,0.014907997141182044,0.029219674396716806,0.02582731268230656,0.021708117517258454,0.0039633418817251655,0.007768150088181324,0.023677686737739328,0.02010002766457042,0.0036697461861210337,0.007192702524797226,0.002149625944567226,0.0042757794090354205,0.0007806469444149361,0.0015300680110532747,0.08323072442762769,0.31460213219633115,0.0268524709752181,0.11257892716952653,0.02582731268230656,0.023677686737739328,0.0039633418817251655,0.0036697461861210337
2B_clustering,2000,2.0,0.5,5,0.005572625906707819,0.002357980070503879,0.0004305062915875322,0.0008437923315115631,0.8913365822793978,0.19207576704033474,0.03506807678603288,0.06873343050062444,0.055091140959225494,0.015097904425489821,0.0027564876082992835,0.005402715712266595,0.15703742350889666,0.09614725689351496,0.01755400714760741,0.034405854009310524,0.023945378198340084,0.019758785973706738,0.0036074442622386193,0.007070590753987693,0.022047283940711166,0.01944148178131524,0.0035495127076506923,0.006957044906995356,0.0018980942576289075,0.004185846670009369,0.0007642275478073383,0.001497885993702383,0.07926766668318885,0.8057040830661281,0.0319866370943878,0.28831750329996514,0.023945378198340084,0.022047283940711166,0.0036074442622386193,0.0035495127076506923
2B_clustering,2000,2.0,0.5,10,0.005287686201860296,0.0016588334826880804,0.0003028601725377057,0.0005936059381739031,0.9202080214364123,0.15027804302266234,0.027436891353748,0.05377630705334608,0.061132837956580095,0.016869242120708294,0.0030798881458427396,0.00603658076585177,0.2465024374231672,0.0757166990439052,0.013823914682058907,0.027094872776835456,0.021418787679879574,0.01656919436845632,0.003025107171763697,0.005929210056656846,0.019375092597855255,0.015247012768123729,0.0027837109425568837,0.005456073447411492,0.002043695082024311,0.0049784731567717,0.0009089406832992711,0.0017815237392665713,0.09541600171629372,0.9497815683240057,0.038974352616516154,0.3398749692534788,0.021418787679879574,0.019375092597855255,0.003025107171763697,0.0027837109425568837
2B_clustering,2000,2.0,1.0,3,0.025869687431729325,0.004353785649781487,0.0007948888703092025,0.0015579821858060369,0.7796390965907712,0.26475776930018474,0.04833793417348665,0.09474235098003382,0.16559284402705468,0.025552896853273062,0.004665299338713478,0.009143986703878415,0.12255378814010501,0.11325021859584719,0.02067656645577885,0.040526070253326545,0.025785480374833903,0.017392659824856768,0.0031754507070293012,0.00622388338577743,0.02021250897018047,0.014003774179106828,0.0025567276693684,0.005011186231962064,0.005572971404653417,0.008643663918692587,0.0015781099025871433,0.003093095409070801,0.21612827543412905,1.9385998207710833,0.049916273478115177,0.6937190365170389,0.025785480374833903,0.02021250897018047,0.0031754507070293012,0.0025567276693684
2B_clustering,2000,2.0,1.0,5,0.025355520489234156,0.004604916441719361,0.0008407388701853726,0.0016478481855633303,0.9088702387262411,0.21343385863101877,0.038967512969192555,0.0763763254196174,0.16594957595572196,0.03120359598388415,0.005696971131883652,0.011166063418491957,0.13494686041472276,0.08758194712505052,0.015990202690204968,0.031340797272801736,0.02351277979033497,0.017064122199702474,0.0031154682176005736,0.006106317706497124,0.018776288704819684,0.01231620996996864,0.002248622007840616,0.004407299135367608,0.00473649108551527,0.011483571689914285,0.0020966037517645914,0.004109343353458599,0.2014432630999351,1.8428988543387015,0.07326343373721392,0.6594728854981996,0.02351277979033497,0.018776288704819684,0.0031154682176005736,0.002248622007840616
2B_clustering,2000,2.0,1.0,10,0.020807395481282947,0.003824560404941706,0.0006982660021092217,0.0013686013641340743,0.9447601742207797,0.09662955836695107,0.017642062946447053,0.034578443375036225,0.15798281915889564,0.01949330578856377,0.0035589744335808022,0.0069755898898183726,0.22664842077206188,0.07677525458110833,0.014017179597424958,0.027473672010952917,0.028381783303350974,0.016183986533299482,0.002954778164882653,0.00579136520317,0.023329177811377107,0.01309973211023026,0.0023916729246826213,0.004687678932377938,0.00505260549197384,0.008460026850783864,0.0015445825144245714,0.00302738172827216,0.17802283380048622,1.024894753466696,0.045963071176979106,0.3667538773543715,0.028381783303350974,0.023329177811377107,0.002954778164882653,0.0023916729246826213
2B_clustering,10000,0.5,0.2,3,0.0005931935075877011,0.0003758421913189682,6.861908208252374e-05,0.00013449340088174651,0.7747397667469882,0.27142430286470115,0.0495550711113703,0.09712793937828579,0.014999379553170643,0.008861017169834924,0.001617792995453058,0.0031708742710879934,0.13066379720149623,0.0965718596546131,0.01763152865101822,0.03455779615599571,0.010255256733505745,0.007609492948531512,0.0013892969796957357,0.0027230220802036418,0.01019256440417358,0.0076588494948982,0.0013983082109642639,0.0027406840934899573,6.269232933216128e-05,0.0006733072589706297,0.0001229285246233955,0.00024093990826185515,0.006113189651053674,0.23183572189443044,0.012039637923270882,0.0829613476178216,0.010255256733505745,0.01019256440417358,0.0013892969796957357,0.0013983082109642639
2B_clustering,10000,0.5,0.2,5,0.0007391038927280229,0.000446252503598265,8.147418752130835e-05,0.00015968940754176436,0.9542716481174387,0.12035330219216522,0.021973406160294952,0.043067876074178106,0.02108958844355739,0.007180211721492322,0.001310921309174782,0.002569405765982573,0.1695758213067278,0.09336712549549236,0.017046426921098957,0.03341099676535396,0.009109418373779156,0.00657316901077546,0.0012000909804985459,0.00235217832177715,0.009241497603134525,0.006354729614226661,0.001160209585519348,0.002274010787617922,-0.00013207922935536823,0.0009091353772697902,0.00016598465131887786,0.0003253299165850006,-0.01449919456279991,0.9919874013630832,0.018892397897252805,0.35497813263849454,0.009109418373779156,0.009241497603134525,0.0012000909804985459,0.001160209585519348
2B_clustering,10000,0.5,0.2,10,0.0007299557671412222,0.00038343449409537235,7.000524058053895e-05,0.00013721027153785632,0.9157195132997449,0.1412421342518304,0.025787167666633526,0.05054284862660171,0.023214006530132766,0.005604800887411427,0.0010232919587867372,0.0020056522392220047,0.26719175609783136,0.034601037874032535,0.006317256318899405,0.012381822385042835,0.009253194422862801,0.006567697538844706,0.001199092030965469,0.0023502203806923193,0.009049932944301878,0.0065928245199753845,0.0012036795690878955,0.0023592119554122753,0.00020326147856092306,0.0011566433620822957,0.00021117322013369628,0.0004138995114620447,0.021966627877039402,1.5308988765030407,0.02281048334240361,0.5478251273077536,0.009253194422862801,0.009049932944301878,0.001199092030965469,0.0012036795690878955
2B_clustering,10000,0.5,0.5,3,0.00757460692672661,0.0013581980058787373,0.0002479718951261062,0.00048602491444716816,0.8785337039603504,0.19649630047475852,0.03587515207877944,0.0703152980744077,0.11191254010783287,0.01568742504489107,0.002864118855419444,0.005613672956622111,0.11169011976869635,0.090331668162928,0.01649223076996897,0.03232477230913918,0.010220933331633956,0.007570562896995538,0.0013821893572320385,0.0027090911401747952,0.008839232333141113,0.0068122537002313546,0.001243741673021583,0.0024377336791223023,0.0013817009984928165,0.0019632843713026926,0.00035844504565327764,0.0007025522894804242,0.13518344691834128,0.5814923971080124,0.0304527805888249,0.2080843819036893,0.010220933331633956,0.008839232333141113,0.0013821893572320385,0.001243741673021583
2B_clustering,10000,0.5,0.5,5,0.006337260744217701,0.0007491834541979264,0.00013678155919128092,0.00026809185601491057,0.9384407306989535,0.14810023130646277,0.027039279152760817,0.0529969871394112,0.09434881382534632,0.013070576014707892,0.002386349774280496,0.004677245557589772,0.14790047047241153,0.08085353905486166,0.01476176906482422,0.02893306736705547,0.009503654266966543,0.005684687424356907,0.0010378771782287401,0.0020342392693283307,0.009406880648161997,0.005464587402036692,0.0009976925958513495,0.001955477487868645,9.677361880454718e-05,0.0019033345452141878,0.00034749975496421574,0.0006810995197298629,0.010182779811437115,0.35470385617214717,0.03626829190208127,0.12692914479624132,0.009503654266966543,0.009406880648161997,0.0010378771782287401,0.0009976925958513495
2B_clustering,10000,0.5,0.5,10,0.004711355049184396,0.0007603358873618333,0.0001388177055962611,0.0002720827029686717,0.8890405726565569,0.15420273593271117,0.02815343896645278,0.055180740374247444,0.08372916772626368,0.009148726972018342,0.00167032137834346,0.0032738299015531817,0.22842931757704546,0.067936145850188,0.012403386517369651,0.024310637574044516,0.009324784234366756,0.006764392626169407,0.0012350034763915316,0.002420606813727402,0.008636224828281304,0.006714601238017497,0.0012259128542380993,0.0024027891943066747,0.0006885594060854276,0.0012104625881379128,0.00022099922151307336,0.00043315847416562376,0.07384185936954413,0.26366734688103255,0.024430911953645582,0.09435214832866354,0.009324784234366756,0.008636224828281304,0.0012350034763915316,0.0012259128542380993
2B_clustering,10000,0.5,1.0,3,0.027519012122660034,0.002522205770247295,0.00046048966501137855,0.000902559743422302,0.826287840231937,0.27359686646361225,0.049951725141616374,0.0979053812775681,0.25520142103529636,0.03691535385542207,0.006739790674966657,0.013209989722934648,0.09392314705315877,0.06848078064650033,0.012502822771883814,0.024505532632892277,0.00846999645790432,0.007508070187713322,0.001370779801714211,0.0026867284113598535,0.007859262321367017,0.005493366026826229,0.0010029468298417517,0.0019657757864898332,0.0006107341365372867,0.003713702009236109,0.0006780261207702919,0.001328931196709772,0.07210559527062832,85.48024352602192,0.07214294377671349,30.5887122988216,0.00846999645790432,0.007859262321367017,0.001370779801714211,0.0010029468298417517
2B_clustering,10000,0.5,1.0,5,0.027587973908591842,0.0019952653795997,0.00036428395220528795,0.0007139965463223644,0.8193332543985695,0.22113161978584572,0.0403729254447878,0.07913093387178409,0.25183753991241076,0.025418290669710544,0.004640723724341187,0.009095818499708726,0.1792442786621978,0.10112497953775455,0.01846281080669217,0.03618710918111665,0.011058635804473705,0.006132137908220421,0.0011195700860216228,0.002194357368602381,0.00920134329774615,0.006529229217413514,0.0011920687084997282,0.002336454668659467,0.0018572925067275295,0.0028060328514573052,0.0005123091632812364,0.0010041259600312232,0.16794951380677525,0.5801564750941017,0.048010134928786384,0.20760632835059276,0.011058635804473705,0.00920134329774615,0.0011195700860216228,0.0011920687084997282
2B_clustering,10000,0.5,1.0,10,0.02167257188729168,0.001383577841218634,0.0002526055978999156,0.0004951069718838345,0.8856562112350072,0.16113361771476772,0.02941883906493077,0.05766092456726431,0.26911515325999147,0.011997846821822842,0.002190497115268012,0.004293374345925304,0.2448417780439513,0.07775219245544422,0.014195543234443263,0.027823264739508795,0.009306711828975519,0.0071149341573621865,0.001299003311050427,0.0025460464896588366,0.008429337882669929,0.005832231499592542,0.0010648149176396724,0.002087037238573758,0.0008773739463055734,0.003474740029515262,0.0006343978318772252,0.0012434197504793613,0.09427324735401965,5.731166814353939,0.06147458381466571,2.0508717054304944,0.009306711828975519,0.008429337882669929,0.001299003311050427,0.0010648149176396724
2B_clustering,10000,1.0,0.2,3,0.0006291898667946602,0.0003601284354389644,6.575015589632123e-05,0.0001288703055567896,0.7848646296228362,0.26567263741482455,0.048504965474663465,0.09506973233034038,0.011836847443129113,0.005625223353010088,0.001027020573816157,0.0020129603246796675,0.13080550386620288,0.0764345169038576,0.013954969693417578,0.02735174059909845,0.010733418626707408,0.008681840074223422,0.001585079883101498,0.003106756570878936,0.010632280391694424,0.008186402887328074,0.0014946258420716696,0.0029294666504604723,0.00010113823501297165,0.001121309810373549,0.00020472222569781106,0.0004012555623677097,0.009422742048029953,0.7264444564513466,0.01842597529829862,0.2599548101743481,0.010733418626707408,0.010632280391694424,0.001585079883101498,0.0014946258420716696
2B_clustering,10000,1.0,0.2,5,0.0006156645348050686,0.0004052706659302209,7.399196187504079e-05,0.00014502424527507995,0.8407962986246851,0.1864771665771326,0.03404591686464798,0.06672999705471004,0.013937709070843652,0.006219698667259585,0.0011355564203142977,0.0022256905838160235,0.19499354492228296,0.07499638420857789,0.013692403787454111,0.026837111423410057,0.009835881840933048,0.007095147609892496,0.0012953907982556617,0.0025389659645810967,0.009622757841964712,0.006912005082813253,0.0012619537004823942,0.0024734292529454928,0.0002131239989683204,0.0008328657639776781,0.00015205978876811597,0.0002980371859855073,0.02166801130950946,0.6439503367508033,0.014927000602475668,0.23043466856295577,0.009835881840933048,0.009622757841964712,0.0012953907982556617,0.0012619537004823942
2B_clustering,10000,1.0,0.2,10,0.0007047837633819087,0.0004164045460309833,7.602472096962262e-05,0.00014900845310046032,0.9268146604081581,0.14133361105066636,0.025803868968703795,0.050575583178659435,0.01617112897174126,0.0032350195125902845,0.0005906310536716888,0.00115763686519651,0.252217742570519,0.03554873036674064,0.006490280504177581,0.012720949788188059,0.011291188608547015,0.010693416725184072,0.001952341852395446,0.003826590030695074,0.011031868165849383,0.010423403366038685,0.0019030443831848886,0.0037299669910423813,0.0002593204426976284,0.0008301878262508658,0.00015157086646792623,0.0002970788982771354,0.02296662040534303,2.3340216782142487,0.012553565558295838,0.8352189309378186,0.011291188608547015,0.011031868165849383,0.001952341852395446,0.0019030443831848886
2B_clustering,10000,1.0,0.5,3,0.007607686534785859,0.0017008001419258564,0.0003105222011802599,0.0006086235143133094,0.788916408978033,0.28814503325754487,0.05260784484941121,0.10311137590484597,0.09248226549100494,0.012407294010478827,0.0022652516023793307,0.004439893140663488,0.11355446992135967,0.107988449927926,0.019715903325180733,0.03864317051735423,0.012265905721932303,0.01187825550379146,0.0021686628277454915,0.004250579142381163,0.011026376479813737,0.011244169501359112,0.0020528950921020004,0.004023674380519921,0.001239529242118543,0.00242225701622327,0.000442241602620214,0.0008667935411356194,0.10105484831032086,19.806121810413565,0.03405190425089449,7.0875296656089315,0.012265905721932303,0.011026376479813737,0.0021686628277454915,0.0020528950921020004
2B_clustering,10000,1.0,0.5,5,0.006662436296859303,0.0010379438364879828,0.0001895017508893073,0.00037142343174304226,0.8911481103706055,0.19757270997502135,0.03607167666691505,0.07070048626715349,0.08154842760155773,0.009483816532266374,0.0017315000819875714,0.00339374016069564,0.14396332795560648,0.07764784935537367,0.014176492877900376,0.027785926040684736,0.011343499425622223,0.007667634951583119,0.0013999122085657022,0.0027438279287887763,0.009625869046196401,0.006520851208068082,0.0011905391002645673,0.0023334566365185517,0.0017176303794258036,0.002176820894648378,0.00039743130254916444,0.0007789653529963623,0.15141979692317087,1.343241404032213,0.027433742849829898,0.48067276321339114,0.011343499425622223,0.009625869046196401,0.0013999122085657022,0.0011905391002645673
2B_clustering,10000,1.0,0.5,10,0.004750134731016731,0.0005560975433761426,0.00010152905622677361,0.00019899695020447628,0.8726786187321826,0.16422040904494586,0.029982407478880754,0.058765518658606276,0.07053608260524148,0.00958190832549077,0.001749409111272616,0.0034288418580943275,0.22912077339252662,0.06233921200433653,0.011381530877290652,0.02230780051948968,0.010702024170193197,0.008932088438063748,0.0016307687743862002,0.0031963067977969525,0.009645196882583107,0.008782707658849882,0.0016034957002418223,0.0031428515724739718,0.0010568272876100952,0.0018365026565250132,0.0003352979772989706,0.0006571840355059824,0.09875022433172209,2.487817024070112,0.03217191454903384,0.8902538886453344,0.010702024170193197,0.009645196882583107,0.0016307687743862002,0.0016034957002418223
2B_clustering,10000,1.0,1.0,3,0.026738062355846876,0.0021444389846866476,0.00039151920170211747,0.0007673776353361502,0.8380057256616079,0.27058375253810896,0.04940160831983934,0.09682715230688511,0.22414191280194237,0.029827364271994262,0.0054457067475649715,0.010673585225227345,0.1156959707070728,0.09582800438349108,0.017495719880514002,0.03429161096580744,0.01097007368853224,0.006941572780764219,0.0012673519988628085,0.002484009917771105,0.00818285196791443,0.007036363545172896,0.0012846583454994053,0.0025179303571788345,0.002787221720617758,0.0034814373099154175,0.0006356205823935927,0.0012458163414914417,0.2540750226255527,0.5903436983885393,0.05881369384309599,0.21125177938844036,0.01097007368853224,0.00818285196791443,0.0012673519988628085,0.0012846583454994053
2B_clustering,10000,1.0,1.0,5,0.027293365692401383,0.0022720297567780418,0.00041481398303676987,0.0008130354067520689,0.8853445570287898,0.19423571801807896,0.03546242807723816,0.06950635903138679,0.22563797081202164,0.011623109685599028,0.002122079787719789,0.004159276383930786,0.14593409267564494,0.062031579564548626,0.011325365135059924,0.02219771566471745,0.012003031053240248,0.008234592285055646,0.0015034239821276629,0.002946711004970219,0.008386608401413108,0.0058401739640692625,0.0010662650066250335,0.0020898794129850656,0.0036164226518271094,0.0037167716398669353,0.0006785865560835293,0.0013300296499237174,0.30129245153047224,0.8579937644541611,0.03616771298116903,0.30702912547367456,0.012003031053240248,0.008386608401413108,0.0015034239821276629,0.0010662650066250335
2B_clustering,10000,1.0,1.0,10,0.021119778597742087,0.001411142826329497,0.00025763825261408685,0.0005049709751236102,0.8682697358722276,0.18752063601934926,0.03423642744850445,0.06710339779906872,0.22983945685702933,0.015611445764748155,0.0028502470002070178,0.005586484120405755,0.2300069993440759,0.09067560740056728,0.01655502519625769,0.03244784938466508,0.014800815414007093,0.009907033173715142,0.0018087685157319267,0.003545186290834576,0.010483758626976583,0.007938808909572395,0.0014494215731652637,0.0028408662834039167,0.004317056787030477,0.005013740775352072,0.0009153796400479238,0.0017941440944939306,0.2916769560510135,1.1329560351769141,0.0492036037510628,0.4054231103903014,0.014800815414007093,0.010483758626976583,0.0018087685157319267,0.0014494215731652637
2B_clustering,10000,2.0,0.2,3,0.0007370412968043135,0.0003968832257483176,7.246063181258957e-05,0.00014202283835267556,0.8757056336446158,0.22353188610817712,0.04081115211437476,0.07998985814417453,0.0072253874118040394,0.004392211242699032,0.0008019043916513525,0.0015717326076366508,0.09272140225037903,0.07133765479413506,0.013024414243421444,0.02552785191710603,0.020080368692169726,0.010265391121320173,0.0018741954262534368,0.003673423035456736,0.0194648496501671,0.010180718555685397,0.0018587364015201023,0.0036431233469794004,0.0006155190420025802,0.0008450956237714257,0.0001542926454628363,0.00030241358510715914,0.0306527759245101,0.059686835608845315,0.007812079522374495,0.021358659816057217,0.020080368692169726,0.0194648496501671,0.0018741954262534368,0.0018587364015201023
2B_clustering,10000,2.0,0.2,5,0.0007864230873934501,0.00039315151591391153,7.177931792780021e-05,0.0001406874631384884,0.9240668908340588,0.11789479847429764,0.02152454684563282,0.042188111817440324,0.008655274507977281,0.0032714289847322053,0.0005972784834046841,0.0011706658274731809,0.15750388386710673,0.07810404267672526,0.014259782002129533,0.027949172724173885,0.022200848719178993,0.009015964487391153,0.001646082375803212,0.0032263214565742956,0.021591022994603686,0.00900533708936155,0.0016441420872604121,0.003222518491030408,0.0006098257245752819,0.0007853978355825148,0.00014339337038809234,0.000281051005960661,0.02746857709311301,0.04710115294791122,0.0066606183758956645,0.016854931116660327,0.022200848719178993,0.021591022994603686,0.001646082375803212,0.0016441420872604121
2B_clustering,10000,2.0,0.2,10,0.0007876464052606433,0.00043157928531225936,7.879523663916082e-05,0.00015443866381275519,0.8869630736696671,0.17551644481834625,0.03204477201337299,0.06280775314621105,0.010977489805024809,0.0023732330579862137,0.0004332910933586717,0.0008492505429829965,0.2608112746858776,0.045735016045185116,0.008350033318602866,0.016366065304461618,0.01893925452556503,0.008559696330371342,0.001562779588512859,0.0030630479934852036,0.018268984953056396,0.008398361836535436,0.0015333240746536576,0.0030053151863211687,0.0006702695725086285,0.0010640970245391489,0.00019427664790474004,0.00038078222989329047,0.03539049393965721,0.1716213884694019,0.010051377935415193,0.0614139251324983,0.01893925452556503,0.018268984953056396,0.001562779588512859,0.0015333240746536576
2B_clustering,10000,2.0,0.5,3,0.007318196945962044,0.0013588087002359022,0.00024808339215115965,0.0004862434486162729,0.9014866373372228,0.23132568780863205,0.04223409911439519,0.08277883426421458,0.06193127361005295,0.006514481757836597,0.001189376203074337,0.0023311773580257005,0.12863678802735404,0.09934190179985969,0.018137266840415403,0.03554904300721419,0.020847524096500394,0.008022058192257759,0.0014646207431728963,0.0028706566566188765,0.017081984761084364,0.007262572793569526,0.00132595831485378,0.0025988782971134087,0.0037655393354159798,0.001976352897865815,0.0003608310212506035,0.0007072288016511828,0.18062285564395342,0.11290931304405369,0.015673934991676505,0.04040407876833845,0.020847524096500394,0.017081984761084364,0.0014646207431728963,0.00132595831485378
2B_clustering,10000,2.0,0.5,5,0.0065424083837604665,0.001198517234774314,0.0002188183083482023,0.0004288838843624765,0.8219717970006623,0.22642521697152243,0.04133939964110147,0.08102522329655888,0.056477345496219016,0.00920897794568312,0.0016813216508060765,0.00329539043557991,0.17497503741581708,0.07756244895770706,0.014160900969826406,0.027755365900859755,0.023784177538304165,0.008595847221473161,0.0015693798080229852,0.003075984423725051,0.02122278669194627,0.00849647016097121,0.0015512361221111605,0.0030404227993378746,0.002561390846357853,0.0017045303443002282,0.0003112032398417608,0.0006099583500898512,0.10769305948178365,0.11547980984453186,0.013873811960133578,0.04132391923499474,0.023784177538304165,0.02122278669194627,0.0015693798080229852,0.0015512361221111605
2B_clustering,10000,2.0,0.5,10,0.004722517220258287,0.0007032315912982865,0.00012839193523477507,0.0002516481930601591,0.868042757466813,0.18322161106133006,0.03345153646690951,0.06556501147514264,0.045868699484684146,0.005405897942785905,0.0009869774156115374,0.0019344757345986132,0.2661585128667664,0.08159580373242305,0.01489728743400411,0.029198683370648057,0.020486144327834667,0.011300943466932483,0.002063260552643186,0.004043990683180644,0.018456819101695447,0.010256782955800965,0.001872623797442234,0.0036703426429867785,0.002029325226139171,0.001913957601298715,0.0003494392507799284,0.0006849009315286597,0.09905842669388798,0.3456095853331597,0.013585467584552504,0.12367480177162575,0.020486144327834667,0.018456819101695447,0.002063260552643186,0.001872623797442234
2B_clustering,10000,2.0,1.0,3,0.026160050300102048,0.002418908607453298,0.00044163026961519344,0.0008655953284457791,0.9133403808660934,0.20013793689647064,0.03654002088358081,0.07161844093181839,0.16477257811319224,0.01829089717140797,0.0033394456592625277,0.006545313492154555,0.1400187671882089,0.10350726867783995,0.018897755306866958,0.03703960040145924,0.02568375180368888,0.010562517685129374,0.001928443066730869,0.003779748410792503,0.017177818138289978,0.009556937901927798,0.00174485015652065,0.0034199063067804738,0.008505933665398842,0.00383903625448796,0.0007009089185543997,0.0013737814803666233,0.3311795617094081,0.18189581190918483,0.027890079464247885,0.06509058034160654,0.02568375180368888,0.017177818138289978,0.001928443066730869,0.00174485015652065
2B_clustering,10000,2.0,1.0,5,0.02787807806101485,0.002861912108033459,0.0005225112730556958,0.0010241220951891638,0.8947062329064769,0.1893065401507877,0.034562487441281285,0.06774247538491132,0.16475113985451378,0.013250966305818814,0.0024192843848126213,0.0047417973942327375,0.1355370884979719,0.08316335705228904,0.015183482205131682,0.029759625122058098,0.022287856585228066,0.010395255323546588,0.0018979052772440433,0.003719894343398325,0.015878407655736424,0.008360566655948374,0.0015264236503294859,0.002991790354645792,0.006409448929491587,0.004732092468489878,0.0008639579297307369,0.0016933575422722442,0.28757583327863356,1.0956736661402695,0.030557372676788673,0.39208178597148113,0.022287856585228066,0.015878407655736424,0.0018979052772440433,0.0015264236503294859
2B_clustering,10000,2.0,1.0,10,0.02203185327671551,0.0014956602369667778,0.00027306895005007546,0.0005352151420981479,0.8930776248956912,0.15616422199880453,0.02851155568799658,0.055882649148473296,0.15473655695327931,0.011766981810531683,0.0021483471237937275,0.004210760362635706,0.23418610508557688,0.1132529639807238,0.0206770676921875,0.0405270526766875,0.0221917889499798,0.01149031402557553,0.0020978347282085696,0.004111756067288796,0.014606672688403884,0.010957530224801438,0.002000562159556134,0.003921101832730023,0.007585116261575865,0.00332552985933781,0.0006071559065387669,0.001190025576815983,0.34179832363550033,0.2617208270819548,0.03549643702576371,0.09365559516430781,0.0221917889499798,0.014606672688403884,0.0020978347282085696,0.002000562159556134
GMM,500,0.5,0.2,3,0.0011841736812561133,0.0068071402195847746,0.0012428080834557503,0.0024359038435732704,0.8633959686447584,0.23277576251308546,0.042498845322960783,0.08329773683300314,0.015057529238503002,0.013842707905534365,0.0025273211256054214,0.004953549406186626,0.06038968553522249,0.05156586821564265,0.009414596406348716,0.018452608956443482,0.040271184992797325,0.0266365921357944,0.004863154122613102,0.009531782080321679,0.04276792552314453,0.026029521527052717,0.004752318700477697,0.009314544652936286,-0.002496740530347185,0.004083753766293021,0.0007455880190317893,0.001461352517302307,-0.06199818879910679,0.9630688074806674,0.021466762244609805,0.34462974672068425,0.040271184992797325,0.04276792552314453,0.004863154122613102,0.004752318700477697
GMM,500,0.5,0.2,5,-0.0004181199491772422,0.004775865207039769,0.000871949701833254,0.0017090214155931777,0.927361644105874,0.11982874793297371,0.02187763609349675,0.04288016674325363,0.029890241964115626,0.01977521736646681,0.0036104442103939254,0.0070764706523720935,0.12448315538831481,0.07348117027256265,0.0134157648367202,0.026294899079971592,0.04190328653753425,0.027913380581012285,0.005096262733482362,0.00998867495762543,0.04142504652963918,0.02960813041111862,0.005405680303908126,0.010595133395659926,0.000478240007895061,0.005804055982200486,0.0010596707954913362,0.0020769547591630187,0.011412947465748169,0.23295965620689615,0.025597983139455587,0.0833635423462014,0.04190328653753425,0.04142504652963918,0.005096262733482362,0.005405680303908126
GMM,500,0.5,0.2,10,0.000491049145251803,0.005858169853204746,0.0010695505914323224,0.002096319159207352,0.975614595604007,0.067432505676184,0.012311434822647044,0.024130412252388204,0.0566316312589413,0.023129307785239174,0.00422281453781845,0.008276716494124162,0.20930015841611113,0.06866510421579372,0.012536475497477767,0.024571491975056422,0.045226008147074274,0.027634726552097387,0.0050453877010235675,0.009888959894006191,0.04442559943472203,0.02984073922168281,0.005448148668114943,0.010678371389505288,0.0008004087123522466,0.012137440319156548,0.0022159832843915814,0.004343327237407499,0.01769797391247363,3.9015484306460473,0.04897734839916281,1.3961511753136304,0.045226008147074274,0.04442559943472203,0.0050453877010235675,0.005448148668114943
GMM,500,0.5,0.5,3,0.0031529052575388727,0.005763546036136267,0.0010522747250704396,0.002062458461138062,0.8455501756079687,0.2314690964153428,0.042260281824007144,0.082830152375054,0.03439125245812835,0.03187514924585816,0.005819579421933433,0.011406375666989528,0.05901290524075441,0.05082453444028536,0.009279247995880832,0.01818732607192643,0.02987465577786515,0.027752988962827078,0.005066979364377431,0.009931279554179764,0.02921754922048143,0.027826775865017906,0.005080450947970213,0.009957683858021617,0.0006571065573836979,0.00388956028133899,0.000710133301621835,0.0013918612711787965,0.021995452006867477,2.88131487259235,0.02387239857876791,1.0310652853160498,0.02987465577786515,0.02921754922048143,0.005066979364377431,0.005080450947970213
GMM,500,0.5,0.5,5,0.0008339456291011766,0.006449372955926868,0.0011774890165749724,0.002307878472486946,0.912159407364835,0.1422064306338954,0.02596322329349273,0.05088791765524575,0.05017715192190284,0.024045547473660254,0.004390096252961694,0.008604588655804919,0.1225086177165892,0.07536921889098616,0.013760473776045874,0.026970528601049912,0.035114820406411,0.027193748602235383,0.0049648765108563,0.009731157961278348,0.03656199216126491,0.026950385511374565,0.004920444692680084,0.009644071597652964,-0.0014471717548539024,0.006539500216866766,0.0011939439278626177,0.002340130098610731,-0.04121256318855315,0.610793225929551,0.035388656897898926,0.2185695488378034,0.035114820406411,0.03656199216126491,0.0049648765108563,0.004920444692680084
GMM,500,0.5,0.5,10,0.0034595314480432597,0.005693978945565771,0.0010395735701486178,0.0020375641974912906,0.952342740237966,0.09363446691262085,0.017095236562671184,0.03350666366283552,0.09120147936004797,0.030789416565005542,0.005621352661692254,0.011017851216916818,0.19410311046956327,0.06641130766316775,0.012124990426844225,0.02376498123661468,0.03338501162144772,0.027261395635978437,0.004977227112966095,0.009755365141413546,0.0335975046179616,0.029520280029190354,0.005389641091952274,0.010563696540226456,-0.00021249299651386356,0.008600232121664853,0.0015701803776054513,0.0030775535401066844,-0.006364922047155108,3.472123818801751,0.046932075934774116,1.2424835514990167,0.03338501162144772,0.0335975046179616,0.004977227112966095,0.005389641091952274
GMM,500,0.5,1.0,3,0.010106394240890026,0.007728039797789306,0.0014109405741822884,0.002765443525397285,0.8403223798969266,0.22901504361892333,0.04181223513270462,0.08195198086010105,0.09430581943664508,0.05280144974449589,0.009640181698011929,0.01889475612810338,0.07253208454524772,0.057887500924780094,0.01056876335136774,0.02071477616868077,0.04056356159594553,0.026885061022619908,0.004908518127330611,0.009620695529567997,0.03868195566680201,0.026541289581350474,0.0048457543363275,0.009497678499201901,0.001881605929143509,0.006298046767281081,0.0011498607608874459,0.002253727091339394,0.04638660549303408,0.3235899258696588,0.02793803472095453,0.1157951678297546,0.04056356159594553,0.03868195566680201,0.004908518127330611,0.0048457543363275
GMM,500,0.5,1.0,5,0.011590396707730953,0.007685692338207682,0.0014032090212269905,0.0027502896816049014,0.9316024675133221,0.12541385665430968,0.02289733277109493,0.044878772231346065,0.11635330896989167,0.04515218200060768,0.008243622867437189,0.01615750082017689,0.1288367493667794,0.05994359713640928,0.010944153443204482,0.021450540748680785,0.03710117914255122,0.0319668229702479,0.005836316677526357,0.01143918068795166,0.03541948934425873,0.03261594608192479,0.0059548298011474834,0.011671466410249067,0.0016816897982924635,0.006612530300244996,0.0012072773358768644,0.002366263578318654,0.04532712536793104,3.4090173405832975,0.0332824633210963,1.2199011882909792,0.03710117914255122,0.03541948934425873,0.005836316677526357,0.0059548298011474834
GMM,500,0.5,1.0,10,0.014956039096038041,0.009313720382791173,0.0017004449159834587,0.003332872035327579,0.9822518034204407,0.07201976337246138,0.013148949661760478,0.025771941337050536,0.19306154997406363,0.04679445490421576,0.008543459505732405,0.016745180631235514,0.19653167934959417,0.08341376887857281,0.01522920094043891,0.029849233843260263,0.04586376068858808,0.028533358825211175,0.005209454756652423,0.010210531323038749,0.04115682058494054,0.028389583378156082,0.005183205071463267,0.010159081940068003,0.0047069401036475235,0.012033321028696534,0.002196973789706121,0.0043060686278239965,0.10262874288934476,0.3250141597130484,0.046708703393553104,0.11630482336516995,0.04586376068858808,0.04115682058494054,0.005209454756652423,0.005183205071463267
GMM,500,1.0,0.2,3,0.0005594821791348864,0.003509467322384583,0.000640738139099097,0.00125584675263423,0.8896207332509367,0.18996749566306348,0.03468316085580823,0.06797899527738413,0.011766571537515497,0.009266903645777579,0.0016918973883397479,0.0033161188811459056,0.07461024340393523,0.08230513697784518,0.015026793373772794,0.029452515012594677,0.036538318027975906,0.03252232139716026,0.005937736350552536,0.01163796324708297,0.036120155333687114,0.03352461854905471,0.006120729937024459,0.01199663067656794,0.00041816269428877,0.0035850927908062415,0.000654545397424576,0.0012829089789521688,0.011444497635841433,0.5510028070634444,0.018428553465465226,0.19717382222917937,0.036538318027975906,0.036120155333687114,0.005937736350552536,0.006120729937024459
GMM,500,1.0,0.2,5,-0.0012692228571261597,0.0043529963647858435,0.000794744767243731,0.0015576997437977127,0.9248627962110665,0.15076186884448972,0.02752522545925411,0.053949441900138055,0.024108517374045093,0.01601185062116245,0.00292335059087126,0.0057297671581076695,0.09807092167003725,0.06355180759723787,0.01160291953041179,0.02274172227960711,0.036951965094270754,0.03504971229374553,0.006399172685783522,0.012542378464135702,0.03795361879931668,0.03532379153978109,0.0064492124809827495,0.012640456462726189,-0.0010016537050459302,0.007243430240419531,0.0013224633787976153,0.002592028222443326,-0.027106913055652937,1.279000579819454,0.0363981332927579,0.4576844795044771,0.036951965094270754,0.03795361879931668,0.006399172685783522,0.0064492124809827495
GMM,500,1.0,0.2,10,0.0017109720346687235,0.005670091714277973,0.0010352123783443944,0.002029016261555013,0.9595419460633338,0.10995016187828825,0.02007406128736102,0.0393451601232276,0.05049257109026919,0.021500447142071714,0.003925426632053386,0.007693836198824637,0.20623498758021658,0.08177518683883103,0.014930038158609112,0.029262874790873857,0.03578984661825766,0.03112163305934359,0.005682006817666999,0.011136733362627318,0.03641082076561446,0.03084557517377589,0.0056316057739661295,0.011037947316973613,-0.0006209741473567998,0.00981101629533955,0.0017912383123360794,0.0035108270921787154,-0.01735056743830854,2.4103397028402007,0.05063253396861287,0.8625289853106395,0.03578984661825766,0.03641082076561446,0.005682006817666999,0.0056316057739661295
GMM,500,1.0,0.5,3,0.00334392306096212,0.006123431854354804,0.0011179805853252717,0.0021912419472375324,0.8343122205194003,0.2524556180908605,0.04609187893242453,0.09034008270755207,0.0337480943698398,0.028412998954848643,0.00518748015131377,0.010167461096574988,0.06806207397465165,0.05705078151547498,0.01041599998644147,0.020415359973425282,0.045633788830895756,0.026118190990683462,0.004768507455608511,0.00934627461299268,0.04573403220521707,0.026628002221875165,0.0048615858260729035,0.00952870821910289,-0.00010024337432131969,0.004193573762351251,0.0007656383154005296,0.001500651098185038,-0.002196691900661296,0.10845392611605714,0.01676970008507273,0.03880973903205859,0.045633788830895756,0.04573403220521707,0.004768507455608511,0.0048615858260729035
GMM,500,1.0,0.5,5,0.00327416710456132,0.006334026544180405,0.0011564297393613669,0.002266602289148279,0.9368691361942552,0.13695594084676074,0.025004619395371346,0.04900905401492783,0.044966955723527983,0.028718239612965338,0.005243209215953182,0.010276690063268236,0.12201661965835288,0.07534387072737958,0.013755845855712987,0.026961457877197455,0.03770802412618398,0.03361408326731567,0.006137063885121917,0.012028645214838957,0.03904478398052216,0.03577870204427788,0.006532267395969065,0.012803244096099368,-0.0013367598543381834,0.005742758271165236,0.001048479415805523,0.002055019654978825,-0.03545027577856974,0.3289202810883123,0.02662693026664553,0.1177026109476989,0.03770802412618398,0.03904478398052216,0.006137063885121917,0.006532267395969065
GMM,500,1.0,0.5,10,0.0015172571362067869,0.004473920130704823,0.0008168223253544976,0.0016009717576948154,0.988761619074518,0.04380237015084378,0.007997182067936036,0.01567447685315463,0.08213009702082234,0.03991531942083379,0.0072875069456049026,0.014283513613385609,0.18434989505615756,0.045348179834658976,0.008279407012414539,0.016227637744332495,0.03670704874781039,0.027260013142030796,0.004976974705259182,0.009754870422307996,0.03300838376258715,0.026694190282988816,0.0048736700574427295,0.00955239331258775,0.0036986649852232202,0.007761890532641641,0.001417120844537872,0.002777556855294229,0.1007617095733927,0.34354967961787336,0.038089502860805716,0.12293767397824959,0.03670704874781039,0.03300838376258715,0.004976974705259182,0.0048736700574427295
GMM,500,1.0,1.0,3,0.00978284488261407,0.008156397276389756,0.0014891475920841227,0.0029187292804848807,0.8072356321931334,0.22685941276521976,0.041418672584628766,0.08118059826587237,0.10060273313441566,0.0477715293482783,0.008721848076857365,0.017094822230640436,0.079524294869014,0.0656161113437434,0.011979808106246293,0.023480423888242733,0.041046113749506986,0.031174950059473048,0.005691741125556803,0.011155812606091334,0.040815857216734024,0.026202232208076427,0.004783851212450618,0.009376348376403212,0.00023025653277296103,0.010139383372849845,0.001851189664167558,0.0036283317417684135,0.0056097036172085835,24.314637139363896,0.044626892824174424,8.70088115600456,0.041046113749506986,0.040815857216734024,0.005691741125556803,0.004783851212450618
GMM,500,1.0,1.0,5,0.012919149932439684,0.007474626119653347,0.001364673778217149,0.002674760605305612,0.9572060825323342,0.11731532695585957,0.021418750304939387,0.04198075059768119,0.11479610717203137,0.049947513378964685,0.009119126589650013,0.017873488115714025,0.11023780245406717,0.0712732990966353,0.013012664554346576,0.025504822526519286,0.04325879252512575,0.035678976336887214,0.006514060056135389,0.012767557710025362,0.040851714192490625,0.03643876126820622,0.006652777171380701,0.013039443255906173,0.0024070783326351096,0.009179181873603098,0.0016758816572049837,0.003284728048121768,0.05564367824730754,0.42778013449960783,0.03926648722478519,0.1530791551544457,0.04325879252512575,0.040851714192490625,0.006514060056135389,0.006652777171380701
GMM,500,1.0,1.0,10,0.013406203446517533,0.008329401216678741,0.0015207336456286409,0.002980637945432136,0.9800400746235585,0.05841543183394509,0.0106651499072857,0.020903693818279973,0.16352205731512479,0.059200182786439515,0.010808425173520654,0.02118451334010048,0.19215927749552503,0.06894351219576113,0.012587305607750298,0.024671118991190583,0.040967333685280376,0.030726083992689834,0.005609789768864874,0.010995187946975153,0.040894778972839364,0.029270386977659726,0.005344017071523231,0.010474273460185533,7.255471244100621e-05,0.014957039725779529,0.0027307693504367773,0.005352307926856084,0.0017710381885819304,3.4087596111358884,0.06657556018823999,1.2198089609926872,0.040967333685280376,0.040894778972839364,0.005609789768864874,0.005344017071523231
GMM,500,2.0,0.2,3,0.0014359318471420968,0.00635982735140174,0.0011611403007336894,0.002275834989438031,0.8186632263940495,0.23502992268585332,0.04291039678124568,0.08410437769124153,0.01143944015756432,0.01258811163295906,0.0022982642325882897,0.0045045978958730476,0.06346844973278105,0.05428578312985692,0.00991118265735201,0.01942591800840994,0.04421723873580085,0.033460741932723845,0.006109067715803953,0.011973772722975748,0.044770544043256776,0.033049281849513557,0.006033945726108211,0.011826533623172092,-0.0005533053074559241,0.0050554689608508455,0.0009229981295417366,0.0018090763339018037,-0.012513339215095343,0.21443241821078,0.021213452530182555,0.0767336553760915,0.04421723873580085,0.044770544043256776,0.006109067715803953,0.006033945726108211
GMM,500,2.0,0.2,5,-0.0014010214990511005,0.005464355906732109,0.0009976503307845906,0.0019553946483377976,0.9364588582026926,0.12872002310916122,0.023500953419824624,0.046061868702856265,0.012686082310329139,0.009406806223446213,0.0017174399875538244,0.0033661823756054956,0.11836305986343505,0.09280670141183826,0.016944107950303454,0.033210451582594766,0.03656130551980303,0.02395351356410209,0.0043732932368548945,0.008571654744235593,0.03633965137081034,0.024422052653922693,0.004458836379710789,0.008739319304233146,0.0002216541489926768,0.006054044855849748,0.0011053123105656728,0.0021664121287087185,0.006062533759157773,1.0404288802759378,0.030205469106507277,0.372312693241889,0.03656130551980303,0.03633965137081034,0.0043732932368548945,0.004458836379710789
GMM,500,2.0,0.2,10,7.408897989288766e-05,0.007626552588644756,0.0013924116296000503,0.0027291267940160987,0.9865614456970844,0.04934638956492671,0.009009376898715966,0.017658378721483292,0.04505748100758859,0.020086912219548777,0.003667351644424343,0.0071880092230717126,0.20993243048258092,0.07977342020365898,0.014564567244960795,0.02854655180012316,0.041062548343675925,0.029146148800901137,0.005321334387551901,0.010429815399601725,0.04107791806591225,0.027990755362019174,0.005110389371128861,0.010016363167412567,-1.5369722236340542e-05,0.008708796280419014,0.0015900013905008601,0.0031164027253816856,-0.000374300253060067,0.7680855274247684,0.03873503190125427,0.2748558760496817,0.041062548343675925,0.04107791806591225,0.005321334387551901,0.005110389371128861
GMM,500,2.0,0.5,3,0.0007983515860820034,0.003077440871174748,0.0005618612615102531,0.0011012480725600962,0.8458374688350359,0.2087205568705621,0.038106985737682245,0.0746896920458572,0.023116062825216596,0.017836890768238564,0.003256555809839971,0.006382849387286343,0.07423531631513217,0.052851636266131756,0.009649344461339492,0.018912715144225403,0.04043424260453034,0.029479802037839894,0.005382250855637225,0.010549211677048961,0.04116564382332474,0.031045843746210635,0.005668169645526752,0.011109612505232434,-0.00073140121879439,0.006436486735434639,0.0011751363253601128,0.0023032671977058212,-0.018088658811985514,0.3160264515408928,0.028823109782106903,0.11308861330114336,0.04043424260453034,0.04116564382332474,0.005382250855637225,0.005668169645526752
GMM,500,2.0,0.5,5,0.0001286127358833834,0.007301894754220669,0.0013331374898051004,0.002612949480017997,0.9276505849543967,0.1481361337277223,0.027045834008091785,0.0530098346558599,0.0355058012128898,0.025641530579586423,0.004681481569132667,0.009175703875500027,0.12095502395911498,0.06210182703874156,0.011338190510467668,0.022222853400516628,0.04378887831545932,0.036020753763319924,0.0065764597915031415,0.012889861191346157,0.04460119500905386,0.03616704157952661,0.006603168170444666,0.012942209614071545,-0.0008123166935945299,0.008143565982079116,0.0014868049289721477,0.0029141376607854093,-0.018550753635261596,1.014205399874212,0.034330936521136536,0.36292874129704,0.04378887831545932,0.04460119500905386,0.0065764597915031415,0.006603168170444666
GMM,500,2.0,0.5,10,0.0040923559971363325,0.005305708277791662,0.0009686853690961265,0.001898623323428408,1.0,0.0,0.0,0.0,0.05187750835371976,0.015348300858304229,0.002802203533156376,0.005492318924986497,0.17881283134806447,0.06958102511582001,0.012703699010089378,0.02489925005977518,0.044544823132014,0.036611166142523334,0.006684253850943143,0.013101137547848559,0.040824284992397576,0.03602152943886806,0.006576601409834816,0.01289013876327624,0.0037205381396163795,0.007001640686507583,0.0012783188478487201,0.0025055049417834914,0.08352346867760951,0.9100710680881451,0.029184678033176287,0.32566474924413535,0.044544823132014,0.040824284992397576,0.006684253850943143,0.006576601409834816
GMM,500,2.0,1.0,3,0.006773289889549503,0.008680055439986945,0.0015847540549587598,0.003106117947719169,0.8595478030891341,0.23027327455196503,0.04204195562089719,0.08240223301695848,0.057791244623717805,0.03376528518241469,0.0061646694516678206,0.012082752125268928,0.06743499805779389,0.06353957417143186,0.011600686022655285,0.022737344604404356,0.05494479816872863,0.02759113683047474,0.005037429343087535,0.00987336151245157,0.053206051108789926,0.026389928658247873,0.004818119739024801,0.009443514688488608,0.00173874705993867,0.009494593955264684,0.0017334677612168877,0.0033975968119851,0.031645344379994444,0.692599781319532,0.030815878633745946,0.24784364872054385,0.05494479816872863,0.053206051108789926,0.005037429343087535,0.004818119739024801
GMM,500,2.0,1.0,5,0.011240854163597646,0.006182016322762727,0.0011286765969474278,0.0022122061300169586,0.9307293498275266,0.16811310885603384,0.030693113977590416,0.060158503396077215,0.08544676512911203,0.039725589343269585,0.007252867131165196,0.014215619577083784,0.09455200635564885,0.05598172616920863,0.010220818076984278,0.020032803430889184,0.032508022736252355,0.03151740595678928,0.005754264732193727,0.011278358875099705,0.03305807998316818,0.02874830346898961,0.005248698099989876,0.010287448275980157,-0.0005500572469158334,0.012206164785901428,0.002228530597954476,0.004367919971990773,-0.01692066144344162,1.4552801174570182,0.06983628618496461,0.5207653019090513,0.032508022736252355,0.03305807998316818,0.005754264732193727,0.005248698099989876
GMM,500,2.0,1.0,10,0.01184101809047459,0.010403060268704823,0.0018993302587517955,0.003722687307153519,0.9865767743792382,0.042406283003761064,0.007742292593702622,0.015174893483657139,0.1358175611309986,0.05600843069258071,0.01022569363359705,0.02004235952185022,0.20916188621239015,0.07603384345794359,0.013881817065244101,0.02720836144787844,0.050843742680236864,0.04337654696009058,0.007919437745574583,0.015522097981326182,0.04797014137144859,0.04371973902276109,0.007982095757001706,0.015644907683723345,0.0028736013087882675,0.01589445117879081,0.002901916483262768,0.005687756307195025,0.056518288334136635,0.8111498846801664,0.056327141513027826,0.29026625837993364,0.050843742680236864,0.04797014137144859,0.007919437745574583,0.007982095757001706
GMM,2000,0.5,0.2,3,0.0006357675202610699,0.0013692889916604668,0.00024999682282531363,0.0004899937727376147,0.845275342178065,0.2717193203804818,0.04960893369412103,0.09723351004047723,0.009112877031251874,0.00740308095604692,0.0013516114782212696,0.0026491584973136885,0.09745139616587838,0.08967328139679338,0.016372026342177368,0.03208917163066764,0.017024814023822395,0.013725217802707171,0.0025058704657380695,0.004911506112846616,0.01690339415514354,0.013491712350139868,0.002463238397847548,0.004827947259781194,0.00012141986867887576,0.0012187726212894623,0.00022251641904997985,0.0004361321813379605,0.00713193509831922,0.22864099096788862,0.012864645926334418,0.08181812783798573,0.017024814023822395,0.01690339415514354,0.0025058704657380695,0.002463238397847548
GMM,2000,0.5,0.2,5,0.0008055262421140514,0.0017220042226026714,0.00031439351894621017,0.0006162112971345719,0.8662989353069251,0.22670713559007372,0.04139087070335521,0.08112610657857622,0.015278989667376905,0.009345126415722188,0.0017061788468761476,0.003344110539877249,0.15685278150188314,0.08365801490000316,0.015273793958945008,0.029936636159532213,0.016278791850077457,0.013007157411379608,0.002374771174411038,0.004654551501845634,0.016263714440348544,0.012421895998992306,0.002267917548543752,0.004445118395145754,1.5077409728905406e-05,0.0017000392154590473,0.0003103832756501018,0.0006083512202741995,0.0009261995526308464,1.4530121230401312,0.019012830758867488,0.5199537105301337,0.016278791850077457,0.016263714440348544,0.002374771174411038,0.002267917548543752
GMM,2000,0.5,0.2,10,0.00032545683228394007,0.002134693886111753,0.00038973999826392373,0.0007638903965972905,0.927267062328589,0.12630887023590895,0.023060739147066734,0.0451990487282508,0.020890719271852702,0.010897458476846051,0.0019895946090814904,0.0038996054337997214,0.18049607904546153,0.07081209844793723,0.012928461221403929,0.0253397839939517,0.014987472470945954,0.01479643547783599,0.0027014471606268344,0.005294836434828596,0.01553682371331828,0.015037515654490605,0.002745462177600522,0.005381105868097024,-0.0005493512423723275,0.0027148130639934667,0.0004956547848529793,0.0009714833783118393,-0.03665402845191368,1.1073285764906067,0.03373908554766783,0.39625244207714017,0.014987472470945954,0.01553682371331828,0.0027014471606268344,0.002745462177600522
GMM,2000,0.5,0.5,3,0.004240942584219787,0.0017963845030172676,0.0003279734380850882,0.0006428279386467728,0.8587579119585241,0.22811679065685847,0.041648237329481703,0.08163054516578414,0.06643824941643109,0.021875440415909428,0.003993890723717928,0.00782802581848714,0.08650137734834094,0.06357133807249042,0.011606485291029997,0.02274871117041879,0.019339888315244875,0.01175487816270884,0.0021461373101468377,0.004206429127887802,0.019182326677295452,0.011053137881618014,0.0020180176496590175,0.003955314593331674,0.0001575616379494239,0.0025220269230175982,0.00046045701212402786,0.0009024957437630945,0.008146977654737708,90.77903976321026,0.023482573895052632,32.484862180286214,0.019339888315244875,0.019182326677295452,0.0021461373101468377,0.0020180176496590175
GMM,2000,0.5,0.5,5,0.0045930683969057804,0.002445235194099195,0.00044643682473788414,0.0008750161764862529,0.8546101387889695,0.19967205274277214,0.03645496246352586,0.07145172642851068,0.06360235720040132,0.022126227944054475,0.004039678052486597,0.00791776898287373,0.13440370977735125,0.08421656604488334,0.015375770979468744,0.03013651111975874,0.019003471535438136,0.013397609488439289,0.0024460576444878157,0.004794272983196119,0.018633052723570964,0.013328483241660034,0.0024334369762622605,0.00476953647347403,0.00037041881186717637,0.002150250781114087,0.0003925802857030963,0.0007694573599780687,0.01949216548020738,0.28345108535569685,0.02052850672951039,0.10143166822044311,0.019003471535438136,0.018633052723570964,0.0024460576444878157,0.0024334369762622605
GMM,2000,0.5,0.5,10,0.002475471733219973,0.002403878218811123,0.0004388861086460638,0.000860216772946285,0.9208196230152355,0.15725614961951748,0.028710913484339056,0.05627339042930455,0.06052075018602163,0.020641608566763846,0.0037686248784028135,0.007386504761669514,0.1775266364405474,0.05502807897130707,0.010046706716253519,0.019691545163856898,0.01934911102588383,0.013451411537309834,0.0024558805097566134,0.004813525799122962,0.018863155345291156,0.01304774030783036,0.0023821805636893628,0.004669073904831151,0.00048595568059267016,0.0027657859791535627,0.0005049611233379731,0.0009897238017424273,0.025115142496344944,15.3056342163362,0.025499219220582875,5.477050863244025,0.01934911102588383,0.018863155345291156,0.0024558805097566134,0.0023821805636893628
GMM,2000,0.5,1.0,3,0.019455319696553126,0.005737991092935646,0.001047609052121525,0.0020533137421581893,0.8688170737215892,0.22730216730646302,0.041499508134521024,0.08133903594366121,0.21000334628599485,0.04191560073955581,0.007652706678811647,0.014999305090470828,0.09089430386920287,0.06785814652540421,0.012389145854151566,0.02428272587413707,0.014985901003068536,0.01112851357652721,0.0020317793057888153,0.003982287439346078,0.014739135650048946,0.011041342978460256,0.002015864204817987,0.003951093841443254,0.00024676535301958,0.005054721110994119,0.0009228615914630179,0.001808808719267515,0.016466500944391838,0.5542432335085767,0.061074999802483196,0.19833339394033708,0.014985901003068536,0.014739135650048946,0.0020317793057888153,0.002015864204817987
GMM,2000,0.5,1.0,5,0.016591701492031288,0.003880178312199562,0.0007084203962446743,0.0013885039766395617,0.8567961861817873,0.21378863793084568,0.03903228651100959,0.07650328156157879,0.17276884620861482,0.038542165587553676,0.007036804502467501,0.013792136824836302,0.10854615973764341,0.07025057331933822,0.012825941228224039,0.025138844807319115,0.020315864748955286,0.012772133806248852,0.002331861931052271,0.004570449384862451,0.020832245996748138,0.011606305354821243,0.002119011750709532,0.0041532630313906825,-0.0005163812477928701,0.0044180118145103475,0.0008066149100438824,0.0015809652236860093,-0.025417635634702895,0.4452955029789183,0.04102810264063005,0.15934694926827944,0.020315864748955286,0.020832245996748138,0.002331861931052271,0.002119011750709532
GMM,2000,0.5,1.0,10,0.012074989707564715,0.0040675282042492425,0.0007426256502519302,0.0014555462744937832,0.9512869406917323,0.08620877067683551,0.015739496118164237,0.030849412391601903,0.14551840648730321,0.03578240814532296,0.006532944034349992,0.012804570307325985,0.15663942782892645,0.04897828656649082,0.008942170793473092,0.01752665475520726,0.020466875169262547,0.012432877582623054,0.0022699225022343155,0.004449048104379258,0.01990277854830445,0.013381844891083778,0.002443179435960616,0.004788631694482807,0.0005640966209580936,0.004847581222493692,0.0008850431949660882,0.0017346846621335327,0.027561443370958116,0.9423325577497395,0.04337586181374027,0.33720937505336696,0.020466875169262547,0.01990277854830445,0.0022699225022343155,0.002443179435960616
GMM,2000,1.0,0.2,3,0.00044766851501144703,0.0012365023910669412,0.00022575341733214603,0.0004424766979710062,0.8812748706946295,0.23180172097955704,0.0423210104830073,0.08294918054669431,0.007294076223348802,0.005088985679998475,0.0009291174172519771,0.0018210701378138753,0.10019322592577527,0.08188843207251487,0.014950713814948637,0.029303399077299327,0.017406065804692283,0.010786851285251631,0.0019694005911286374,0.003860025158612129,0.01720114070942468,0.010767697945118506,0.00196590368564781,0.0038531712238697073,0.00020492509526761656,0.0013684449247176715,0.0002498427179904425,0.0004896917272612673,0.011773200076743429,0.18111089636948452,0.014312400941716916,0.0648097019230108,0.017406065804692283,0.01720114070942468,0.0019694005911286374,0.00196590368564781
GMM,2000,1.0,0.2,5,0.000249545898593967,0.0013954623494906457,0.0002547754023217281,0.0004993597885505871,0.86572991056306,0.19912190600200422,0.03635451987024035,0.07125485894567107,0.009357645883626087,0.006602957770447306,0.0012055296390426694,0.002362838092523632,0.11508536900164558,0.07394132556586701,0.013499777314752933,0.02645956353691575,0.016530715023453997,0.011901762310539564,0.0021729545638491084,0.004258990945144253,0.016372047521972858,0.011653870332990266,0.002127695887873003,0.004170283940231086,0.00015866750148113196,0.001273912557742209,0.00023258354805483678,0.0004558637541874801,0.009598344733184216,0.22532607276830544,0.013813537418205808,0.08063189959484426,0.016530715023453997,0.016372047521972858,0.0021729545638491084,0.002127695887873003
GMM,2000,1.0,0.2,10,-2.4025999756293524e-05,0.0019446611670614262,0.0003550449293012885,0.0006958880614305254,0.9278166331922615,0.124138374322071,0.022664462622739457,0.044422346740569336,0.017091245431800732,0.008077410249285502,0.0014747265999190322,0.002890464135841303,0.1616988314595776,0.05548028095443493,0.010129267125156086,0.01985336356530593,0.020461359756366142,0.015186346514940833,0.0027726348507743533,0.005434364307517732,0.02021146616326049,0.015152340668945023,0.0027664262611280356,0.00542219547181095,0.00024989359310565346,0.0023313392134830576,0.0004256423588070076,0.0008342590232617348,0.01221295144023371,0.6976096149314862,0.02071676435146961,0.24963639465457224,0.020461359756366142,0.02021146616326049,0.0027726348507743533,0.0027664262611280356
GMM,2000,1.0,0.5,3,0.004640655786469652,0.0021867543371641394,0.0003992448927290189,0.000782519989748877,0.8992944159776549,0.2408102070822733,0.04396572749881713,0.08617282589768158,0.056256887822919946,0.023154706101235663,0.00422745161468309,0.008285805164778856,0.07120218570871682,0.05846796209912431,0.010674740577682496,0.02092249153225769,0.015610018225446292,0.01637538522430602,0.0029897226250630675,0.005859856345123612,0.014700367454257552,0.01598712220596816,0.002918835820600171,0.005720918208376335,0.000909650771188725,0.002986137206895173,0.0005451915693406525,0.001068575475907679,0.05827352396718499,7.968613894431147,0.034250939994324034,2.851531860258966,0.015610018225446292,0.014700367454257552,0.0029897226250630675,0.002918835820600171
GMM,2000,1.0,0.5,5,0.0030313480605124806,0.0024891697233732583,0.0004544581356501426,0.0008907379458742796,0.8947309726472092,0.15761206104837133,0.02877589372369144,0.056400751698435225,0.04219566383616012,0.02019585828646851,0.0036872423838921445,0.007226995072428603,0.08991649150864806,0.051628929627622715,0.009426109792298586,0.01847517519290523,0.017171048056879183,0.013973293506722037,0.002551162685424042,0.005000278863431122,0.016964723354054422,0.013528944507008013,0.0024700360285746324,0.004841270616006279,0.0002063247028247467,0.0034377532361307343,0.0006276449981883957,0.0012301841964492556,0.012015847963462112,1.6604406054017262,0.03614717600062369,0.5941810396510258,0.017171048056879183,0.016964723354054422,0.002551162685424042,0.0024700360285746324
GMM,2000,1.0,0.5,10,0.00315718989629612,0.002175978218953534,0.0003972774517202553,0.0007786638053717004,0.8831443626640172,0.1787623175528229,0.032637384585194266,0.06396927378698077,0.052605911528964225,0.015054124970512617,0.002748494609950518,0.005387049435503014,0.18280106715191174,0.08251065724104113,0.0150643160684984,0.029526059494256865,0.02015929504251296,0.014707116051534408,0.0026851397390905687,0.005262873888617514,0.019980528273444573,0.015296746952433627,0.002792791120765434,0.0054738705967002504,0.00017876676906837324,0.003775856478832962,0.000689373922452947,0.0013511728880077761,0.008867709346551678,0.3340026751657496,0.03425320310819794,0.11952132231082971,0.02015929504251296,0.019980528273444573,0.0026851397390905687,0.002792791120765434
GMM,2000,1.0,1.0,3,0.0189873289904723,0.005149583582150994,0.0009401810299007857,0.00184275481860554,0.8515727818816967,0.2196582653152535,0.040103928951872994,0.07860370074567107,0.17016487441718414,0.038883232330141106,0.007099074485310815,0.013914185991209197,0.09467215026563054,0.06716197699048039,0.012262043268109679,0.02403360480549497,0.021454977186582687,0.01578489135692317,0.0028819136879850503,0.005648550828450698,0.020334866348243885,0.014202929041661793,0.0025930882062544652,0.005082452884258752,0.0011201108383387835,0.005597762635830264,0.001022006955734604,0.002003133633239824,0.05220750544723418,7.5427271213394915,0.04494948142820546,2.6991302357829148,0.021454977186582687,0.020334866348243885,0.0028819136879850503,0.0025930882062544652
GMM,2000,1.0,1.0,5,0.015238469999359731,0.004074014705500587,0.0007438099179368125,0.0014578674391561525,0.8637079562240974,0.20129138618585607,0.036750610948492385,0.07203119745904507,0.13907316886733978,0.044245995965029525,0.00807817668977641,0.015833226311961764,0.12596652711165268,0.07530885028184622,0.013749452026382154,0.02694892597170902,0.02238898279314211,0.013826104807173277,0.002524289828439806,0.00494760806374202,0.02051215171032659,0.014635301244329267,0.0026720282091341886,0.00523717528990301,0.0018768310828155034,0.005731037511366717,0.0010463395076279402,0.002050825434950763,0.08382833200400719,0.3298564226770701,0.047103522504725215,0.11803760491295075,0.02238898279314211,0.02051215171032659,0.002524289828439806,0.0026720282091341886
GMM,2000,1.0,1.0,10,0.011609216935920085,0.0032884062744591848,0.0006003780982542733,0.0011767410725783756,0.9194751161158365,0.13830699315876385,0.025251286671255882,0.04949252187566153,0.1334529492950118,0.03462552528166599,0.006321727087411295,0.012390585091326138,0.1418804108584236,0.05129392516165902,0.009364946624674155,0.018355295384361345,0.021327609839565602,0.010785955672620534,0.001969237075381691,0.003859704667748114,0.018977170717022106,0.01128193409196545,0.0020597899314853466,0.004037188265711279,0.002350439122543477,0.005808145605045859,0.0010604174550527027,0.0020784182119032973,0.11020640100903911,0.3839301396301129,0.04890413161686622,0.1373876360145937,0.021327609839565602,0.018977170717022106,0.001969237075381691,0.0020597899314853466
GMM,2000,2.0,0.2,3,0.0006270666960408487,0.0012670113514318662,0.00023132356593144618,0.0004533941892256345,0.8277776877380241,0.2662676110959139,0.04861359231008164,0.09528264092776001,0.007132871365592497,0.006456948648941841,0.0011788721425593173,0.002310589399416262,0.08745204344452115,0.06513434671803939,0.011891850321944251,0.023308026631010732,0.026129619580546888,0.01763264243952542,0.003219265337516998,0.006309760061533316,0.0255066067832047,0.017606538833159678,0.003214499492837414,0.006300419005961332,0.0006230127973421731,0.0015869497939834808,0.00028973606659764284,0.0005678826905313799,0.023843163710121962,0.18285487633016007,0.011295125757640386,0.06543377713701946,0.026129619580546888,0.0255066067832047,0.003219265337516998,0.003214499492837414
GMM,2000,2.0,0.2,5,0.0008039485811037665,0.0017435580060445282,0.0003183286834097723,0.0006239242194831536,0.8545413199813479,0.19392087230183097,0.03540494537693053,0.06939369293878384,0.007677268566765497,0.005156746091866742,0.0009414887192806741,0.001845317889790121,0.13674059473759323,0.07616732048702377,0.013906186525156097,0.02725612558930595,0.025933724755286276,0.016676895777246934,0.003044770668786932,0.005967750510822387,0.025758598052205667,0.016440408839013362,0.0030015942585783126,0.005883124746813493,0.00017512670308061484,0.0018196064491903339,0.00033221316600114126,0.0006511378053622368,0.006752855778841105,1.9299983665284277,0.012688478033390009,0.6906410456465524,0.025933724755286276,0.025758598052205667,0.003044770668786932,0.0030015942585783126
GMM,2000,2.0,0.2,10,0.0008636063759579266,0.001861320246973036,0.00033982902866940625,0.0006660648961920362,0.930983285047481,0.1414464267418515,0.025824466201671344,0.05061595375527583,0.015313694196931162,0.0061555706161923645,0.001123848293601511,0.0022027426554589616,0.16464807500207837,0.05493187683868783,0.010029142690214966,0.019657119672821334,0.02191849860339772,0.016128709172574106,0.0029446859457531067,0.0057715844536760895,0.02133615693067336,0.015776273043446903,0.0028803402064188494,0.005645466804580944,0.0005823416727243463,0.003133632074887754,0.000572120324779247,0.001121355836567324,0.026568501942650702,3.6428100201810834,0.025597534329067737,1.303562824229232,0.02191849860339772,0.02133615693067336,0.0029446859457531067,0.0028803402064188494
GMM,2000,2.0,0.5,3,0.004375594350259327,0.0018661904881806688,0.00034071820899271013,0.0006678076896257119,0.879990663495112,0.18044761456567465,0.03294507631520593,0.06457234957780361,0.037391963054900675,0.016127965427748678,0.0029445501571471354,0.005771318308008385,0.10245366689858351,0.08321452667278019,0.015192824456932342,0.029777935935587387,0.02582731268230656,0.021708117517258454,0.0039633418817251655,0.007768150088181324,0.024403487255434234,0.020553716259862152,0.0037525780120290717,0.0073550529035769805,0.0014238254268723167,0.0038552720779077856,0.0007038731607966361,0.0013795913951614067,0.055128671123718664,0.3252711027289931,0.025277466439526712,0.11639676924257648,0.02582731268230656,0.024403487255434234,0.0039633418817251655,0.0037525780120290717
GMM,2000,2.0,0.5,5,0.003375936466772,0.0018392176614361044,0.0003357936671101513,0.0006581555875358965,0.9328328927426042,0.14381615016166024,0.026257116525697184,0.05146394839036648,0.03262777659451054,0.012549417783050425,0.002291199734444397,0.004490751479511018,0.0963059762863117,0.06821194713056628,0.012453740711586978,0.024409331794710477,0.023945378198340084,0.019758785973706738,0.0036074442622386193,0.007070590753987693,0.022834585171059085,0.01976268699741854,0.0036081564884667254,0.007071986717394781,0.0011107930272809931,0.0037623322710081176,0.000686904751220262,0.0013463333123917135,0.04638861905125391,0.29131615486505236,0.028878843192551785,0.10424614719836824,0.023945378198340084,0.022834585171059085,0.0036074442622386193,0.0036081564884667254
GMM,2000,2.0,0.5,10,0.002830022537037337,0.0015045084206786851,0.00027468439998739594,0.0005383814239752961,0.9605416593762122,0.09055062705242684,0.01653220701095057,0.03240312574146312,0.03635845215280068,0.0130793962835717,0.002387960127687152,0.004680401850266818,0.13972609221563653,0.05273621621945859,0.009628271740289095,0.018871412610966625,0.021418787679879574,0.01656919436845632,0.003025107171763697,0.005929210056656846,0.01975959633139103,0.016322655752400297,0.0029800955846603673,0.00584098734593432,0.0016591913484885303,0.005092069241315926,0.0009296803959489832,0.001822173576060007,0.07746429785319542,1.6371122155913462,0.04256879452035184,0.5858330825691388,0.021418787679879574,0.01975959633139103,0.003025107171763697,0.0029800955846603673
GMM,2000,2.0,1.0,3,0.019266997686582726,0.004662838584483521,0.0008513139582423609,0.0016685753581550274,0.9096619674755311,0.20241277852166012,0.03695534824120348,0.07243248255275882,0.134090163294105,0.03317967099242911,0.0060577514177177485,0.011873192778726787,0.0706693248193896,0.06268301684871933,0.011444300766839988,0.022430829503006375,0.025785480374833903,0.017392659824856768,0.0031754507070293012,0.00622388338577743,0.022304207883491786,0.014713830083856143,0.00268636554807538,0.005265276474227744,0.0034812724913421108,0.00679339119917546,0.00124029786724849,0.0024309838198070402,0.1350090221603848,1.7831263777138942,0.04117757377754618,0.6380835794381663,0.025785480374833903,0.022304207883491786,0.0031754507070293012,0.00268636554807538
GMM,2000,2.0,1.0,5,0.016174819112387873,0.005059834360992527,0.0009237951389184482,0.0018106384722801584,0.9162654718917167,0.17838617731152595,0.03256871108687968,0.06383467373028416,0.11900226671594298,0.03430208848568279,0.006262675877715562,0.012274844720322501,0.08695122012714443,0.06470417977753447,0.01181331294300841,0.023154093368296484,0.02351277979033497,0.017064122199702474,0.0031154682176005736,0.006106317706497124,0.019612568045609378,0.01372075518376244,0.002505055706717543,0.0049099091851663845,0.003900211744725582,0.009890557938988777,0.001805760563165319,0.003539290703804025,0.1658762502564155,1.4629291685764976,0.0661319360766151,0.5235024796989287,0.02351277979033497,0.019612568045609378,0.0031154682176005736,0.002505055706717543
GMM,2000,2.0,1.0,10,0.012113618426239873,0.0038987082300959834,0.0007118034809182039,0.0013951348225996797,0.952976096871986,0.13735383979217383,0.025077265471374767,0.04915144032389454,0.09380241672154921,0.023152315057380878,0.0042270150717980065,0.008284949540724092,0.14336875504109914,0.06740462810799559,0.012306345098331985,0.02412043639273069,0.028381783303350974,0.016183986533299482,0.002954778164882653,0.00579136520317,0.025701999237590898,0.014668258075724297,0.0026780452757938396,0.005248968740555925,0.0026797840657600707,0.006051608738024204,0.001104867538337076,0.0021655403751406686,0.09441915742636509,0.6465098805298971,0.035864659031574625,0.23135058954124715,0.028381783303350974,0.025701999237590898,0.002954778164882653,0.0026780452757938396
GMM,10000,0.5,0.2,3,0.0005429903993730281,0.00046105825314990916,8.417733519137752e-05,0.00016498757697509992,0.7815100467182823,0.2684265079352042,0.049007751142816934,0.09605519223992119,0.01174035434667803,0.00897684750438817,0.0016389406244791188,0.003212323623979073,0.1129459038275208,0.07879031324539769,0.014385077292467463,0.028194751493236227,0.010255256733505745,0.007609492948531512,0.0013892969796957357,0.0027230220802036418,0.009970783549786035,0.007563627200912524,0.0013809230781664829,0.0027066092332063063,0.0002844731837197088,0.0008735868561316933,0.00015949440901444955,0.0003126090416683211,0.027739255204629387,0.19033734384090162,0.015593989062552355,0.06811134374808882,0.010255256733505745,0.009970783549786035,0.0013892969796957357,0.0013809230781664829
GMM,10000,0.5,0.2,5,0.0006013590893792301,0.00036363164989225747,6.638975242293681e-05,0.00013012391474895616,0.8661462448569188,0.2230976993808862,0.04073188082613923,0.0798344864192329,0.015464505052093578,0.006824918075062733,0.0012460538609455319,0.0024422655674532423,0.16619218813388403,0.08868747370598978,0.016192043305638965,0.03173640487905237,0.009109418373779156,0.00657316901077546,0.0012000909804985459,0.00235217832177715,0.008948157889036436,0.006310170815820399,0.0011520742991785364,0.0022580656263899313,0.0001612604847427098,0.0006715132394499693,0.00012260098297003872,0.0002402979266212759,0.017702610433054322,0.8735425507198221,0.012620412475556843,0.3125931871803002,0.009109418373779156,0.008948157889036436,0.0012000909804985459,0.0011520742991785364
GMM,10000,0.5,0.2,10,0.0005641649437042194,0.00033947230023471605,6.197887882890676e-05,0.00012147860250465725,0.9159177313073515,0.1498771205984926,0.02736369326857219,0.05363283880640149,0.020017614551075178,0.004486386340074732,0.0008190983333806579,0.0016054327334260896,0.2355366910159167,0.036795863862607525,0.0067179748868131045,0.013167230778153684,0.009253194422862801,0.006567697538844706,0.001199092030965469,0.0023502203806923193,0.009136764699824608,0.006237919514707055,0.0011388830767022444,0.002232210830336399,0.00011642972303821226,0.0009058499655153517,0.00016538481994267832,0.0003241542470876495,0.012582651754351803,0.9503586241342941,0.017245468047807206,0.34008146602317857,0.009253194422862801,0.009136764699824608,0.001199092030965469,0.0011388830767022444
GMM,10000,0.5,0.5,3,0.0066305557971667005,0.0015529859841479914,0.00028353515166907174,0.0005557288972713806,0.8256950132962919,0.24908711524140142,0.045476877267201475,0.08913467944371489,0.10561679696819966,0.01634576596854454,0.0029843149135573748,0.005849257230572454,0.12330452741928158,0.0940591436692388,0.017172771575753778,0.0336586322884774,0.010220933331633956,0.007570562896995538,0.0013821893572320385,0.0027090911401747952,0.009076023177553023,0.0070862325167077595,0.0012937631323758146,0.0025357757394565967,0.0011449101540809165,0.0018525589800104023,0.0003382294474868198,0.0006629297170741668,0.112016204091403,0.6313612780747324,0.03079197961290504,0.22592973177205755,0.010220933331633956,0.009076023177553023,0.0013821893572320385,0.0012937631323758146
GMM,10000,0.5,0.5,5,0.005736068126554595,0.0012957391687213392,0.00023656852378388995,0.0004636743066164243,0.9029406395832752,0.16571968730350367,0.030256136986277146,0.059302028493103204,0.08698241017120413,0.011589607640084224,0.0021159631790361147,0.004147287830910785,0.1354179026485138,0.08141645148787252,0.014864542343977608,0.02913450299419611,0.009503654266966543,0.005684687424356907,0.0010378771782287401,0.0020342392693283307,0.009269920645320284,0.005594057808763477,0.0010213305499492257,0.0020018078779004823,0.00023373362164625462,0.001727824556907794,0.00031545616174325576,0.0006182940770167813,0.02459407877017228,0.5604888395359768,0.03275092725506766,0.2005683553539153,0.009503654266966543,0.009269920645320284,0.0010378771782287401,0.0010213305499492257
GMM,10000,0.5,0.5,10,0.0041182218910725205,0.0006485238380566697,0.00011840371172782176,0.00023207127498653065,0.865273207373172,0.19977900377621743,0.03647448896138135,0.07148999836430744,0.07438761460491766,0.009630323535159519,0.0017582484787599213,0.0034461670183694457,0.2151221482354912,0.06546725615181256,0.0119526309907722,0.02342715674191351,0.009324784234366756,0.006764392626169407,0.0012350034763915316,0.002420606813727402,0.008738917156840149,0.006493164099067484,0.0011854841488806568,0.0023235489318060875,0.0005858670775265798,0.0014861153877367534,0.0002713263069729854,0.0005317995616670514,0.0628290223989717,0.28911164198446576,0.027858483969391695,0.1034572723954697,0.009324784234366756,0.008738917156840149,0.0012350034763915316,0.0011854841488806568
GMM,10000,0.5,1.0,3,0.02497212227873693,0.0030300679695961534,0.000553212192573897,0.0010842958974448382,0.7589559843460462,0.2964323277939087,0.05412089090216314,0.10607694616823976,0.25091558026593014,0.032370143069433165,0.00590995251626602,0.011583506931881399,0.09920182748117386,0.07230813250755094,0.013201598421819415,0.025875132906766053,0.00846999645790432,0.007508070187713322,0.001370779801714211,0.0026867284113598535,0.00832098700975261,0.0056073902075444776,0.0010237647018018952,0.0020065788155317144,0.00014900944815169452,0.0035805436645279256,0.0006537148443980516,0.0012812810950201812,0.017592622251058065,87.07181176078934,0.07520841365415867,31.158247677162255,0.00846999645790432,0.00832098700975261,0.001370779801714211,0.0010237647018018952
GMM,10000,0.5,1.0,5,0.025603722873937106,0.0021933313965310816,0.0004004456939881272,0.0007848735602167293,0.9086275722853215,0.17454934490308058,0.03186820453372221,0.06246168088609553,0.24690490967577503,0.027104327799931632,0.004948550580678975,0.00969915913813079,0.16007813054077827,0.0891502869033864,0.016276541048347373,0.03190202045476085,0.011058635804473705,0.006132137908220421,0.0011195700860216228,0.002194357368602381,0.009106322761147078,0.006696607087828328,0.001222627586917518,0.0023963500703583353,0.0019523130433265797,0.0029137229514311132,0.0005319705956064501,0.0010426623673886423,0.17654194222915187,1.2723089893128199,0.05072889601671127,0.45528992459464407,0.011058635804473705,0.009106322761147078,0.0011195700860216228,0.001222627586917518
GMM,10000,0.5,1.0,10,0.01995148972912649,0.0018364335892269864,0.00033528536739326555,0.0006571593200908005,0.8627203262022225,0.1721792183585204,0.03143548060952308,0.06161354199466523,0.26217980005788105,0.021906987906902566,0.00399965048120114,0.007839314943154235,0.22403209334514862,0.0760004282051789,0.013875716302676115,0.027196403953245185,0.009306711828975519,0.0071149341573621865,0.001299003311050427,0.0025460464896588366,0.008604906974526455,0.00576597571459351,0.0010527183216366117,0.002063327910407759,0.0007018048544490699,0.003761966770297071,0.0006868380202255205,0.0013462025196420203,0.0754084651320206,6.782771359188519,0.06813440435998516,2.4271835588739847,0.009306711828975519,0.008604906974526455,0.001299003311050427,0.0010527183216366117
GMM,10000,1.0,0.2,3,0.0006471117667873655,0.00045925823807407693,8.384869890441663e-05,0.0001643434498526566,0.9221821915035142,0.16780385733991526,0.03063665263381681,0.060047839162280944,0.010730579881076247,0.0065537509056888725,0.0011965457357719026,0.002345229642112929,0.11946639939681852,0.09861479274572788,0.018004515496843992,0.035288850373814226,0.010733418626707408,0.008681840074223422,0.001585079883101498,0.003106756570878936,0.010779146172423558,0.008285918498905542,0.0015127948238333035,0.0029650778547132745,-4.572754571614462e-05,0.0009189499405927843,0.00016777653722690008,0.00032884201296472416,-0.00426029649140558,0.7115087097500687,0.01593904004837992,0.2546101218584523,0.010733418626707408,0.010779146172423558,0.001585079883101498,0.0015127948238333035
GMM,10000,1.0,0.2,5,0.0006361578131106909,0.0004814757975998231,8.79050517460716e-05,0.00017229390142230034,0.8651332634292362,0.19741845031338592,0.03604351283478477,0.07064528515617814,0.013620775972383564,0.005513972208326122,0.001006708986652264,0.0019731496138384375,0.16013184069580125,0.0730762232711336,0.013341831967627943,0.026149990656550767,0.009835881840933048,0.007095147609892496,0.0012953907982556617,0.0025389659645810967,0.0098071091247408,0.006820051951070953,0.00124516543231956,0.0024405242473463378,2.8772716192253315e-05,0.0007683549204505146,0.00014028177403361142,0.0002749522771058784,0.0029252807890093324,0.7823513508199466,0.014110520913276524,0.2799608353892987,0.009835881840933048,0.0098071091247408,0.0012953907982556617,0.00124516543231956
GMM,10000,1.0,0.2,10,0.0005907389395811553,0.00041700651803011635,7.613462551725983e-05,0.00014922386601382926,0.9407625625267985,0.12598372438914412,0.023001375908815996,0.04508269678127935,0.014966655706658746,0.0035518633683287973,0.0006484785626699876,0.0012710179828331757,0.21138746642923184,0.03977219327451808,0.007261375805969603,0.014232296579700422,0.011291188608547015,0.010693416725184072,0.001952341852395446,0.003826590030695074,0.011022421406600359,0.01035429530889454,0.0018904270359171537,0.0037052369903976213,0.00026876720194665677,0.0008716757913220438,0.0001591454979127498,0.0003119251759089896,0.023803269191979504,0.5786933402320034,0.012901498966301108,0.20708275226441233,0.011291188608547015,0.011022421406600359,0.001952341852395446,0.0018904270359171537
GMM,10000,1.0,0.5,3,0.006687967013178544,0.001299556986413988,0.00023726555874079196,0.0004650404951319522,0.8281121081955085,0.2640283972789812,0.04820476967054454,0.09448134855426729,0.08944540650725112,0.014849358016951378,0.00271110945011815,0.005313774522231574,0.12181363133956231,0.09699594042493026,0.017708954852387177,0.034709551510678865,0.012265905721932303,0.01187825550379146,0.0021686628277454915,0.004250579142381163,0.010958994674667327,0.011094534457144976,0.002025575595732212,0.003970128167635136,0.0013069110472649374,0.002607272487166159,0.0004760206515945013,0.0009330004771252225,0.10654827102805187,24.070736200709923,0.03571397444503063,8.613602326018215,0.012265905721932303,0.010958994674667327,0.0021686628277454915,0.002025575595732212
GMM,10000,1.0,0.5,5,0.00612997074659822,0.0012042095576664169,0.0002198575795657382,0.0004309208559488469,0.9427571844201742,0.14040889763545325,0.02563504016979051,0.0502446787327894,0.07529080359037751,0.012096706166980681,0.002208546279722391,0.004328750708255886,0.12711507305990735,0.07256327225428737,0.013248180353353978,0.025966433492573795,0.011343499425622223,0.007667634951583119,0.0013999122085657022,0.0027438279287887763,0.009606367410095967,0.006558329599165127,0.0011973816870055182,0.0023468681065308156,0.0017371320155262365,0.002475137399617486,0.0004518961955650586,0.0008857165433075148,0.1531389873924175,1.9174279313869702,0.03278901813272369,0.6861427732019262,0.011343499425622223,0.009606367410095967,0.0013999122085657022,0.0011973816870055182
GMM,10000,1.0,0.5,10,0.004254514689095054,0.0010078010439227415,0.00018399845507791342,0.00036063697195271027,0.876542970213006,0.1831644296013404,0.033441096608407044,0.0655445493524778,0.06426520804851665,0.01117233604155413,0.0020397801566623907,0.0039979691070582855,0.20748853036984993,0.057081153222075555,0.010421545076046491,0.020426228349051122,0.010702024170193197,0.008932088438063748,0.0016307687743862002,0.0031963067977969525,0.009816540280450325,0.008915150898794962,0.0016276764169441524,0.0031902457772105385,0.0008854838897428581,0.001780955719510437,0.00032515654049790327,0.0006373068193758904,0.08273985142073248,1.6111450416469442,0.03159762965311608,0.5765408487121193,0.010702024170193197,0.009816540280450325,0.0016307687743862002,0.0016276764169441524
GMM,10000,1.0,1.0,3,0.025464563056150503,0.00259571897112067,0.0004739112778089639,0.0009288661045055692,0.8154686292127636,0.28343463767041127,0.05174784821012925,0.10142578249185333,0.22497805915999197,0.02451252259164744,0.004475353854933433,0.008771693555669528,0.10732027870688148,0.09758138648224915,0.017815842189652518,0.03491905069171893,0.01097007368853224,0.006941572780764219,0.0012673519988628085,0.002484009917771105,0.007483975772025063,0.006242324286497324,0.0011396872743256418,0.0022337870576782577,0.003486097916507126,0.003023166385970935,0.0005519521415625503,0.0010818261974625985,0.3177825432614396,0.6764593362116088,0.0475755367553451,0.24206786461633867,0.01097007368853224,0.007483975772025063,0.0012673519988628085,0.0011396872743256418
GMM,10000,1.0,1.0,5,0.024258011535142954,0.0025860207265692705,0.0004721406287059629,0.0009253956322636872,0.8967724747740383,0.19146678285286803,0.03495689199381972,0.06851550830788665,0.2174180617702996,0.022398061035291524,0.004089307757802228,0.008015043205292366,0.1570650950854591,0.07664757212810692,0.013993868077522804,0.027427981431944696,0.012003031053240248,0.008234592285055646,0.0015034239821276629,0.002946711004970219,0.009237071314010952,0.006071671935235819,0.0011085305602332347,0.00217271989805714,0.0027659597392292417,0.003265134043784662,0.0005961291896863066,0.001168413211785161,0.23043843900433947,0.8355871946938633,0.032886742095217,0.29901103746024277,0.012003031053240248,0.009237071314010952,0.0015034239821276629,0.0011085305602332347
GMM,10000,1.0,1.0,10,0.01945378847946933,0.001822852899156978,0.0003328058839606556,0.0006522995325628849,0.8916933055995172,0.1507195310457168,0.027517495670113096,0.05393429151342167,0.22136645422833345,0.024248341641942346,0.004427121233127894,0.008677157616930671,0.2228195811311156,0.08469189534075841,0.015462553838666687,0.030306605523786705,0.014800815414007093,0.009907033173715142,0.0018087685157319267,0.003545186290834576,0.010701094259738095,0.0077518954538450865,0.0014152960011642338,0.002773980162281898,0.004099721154268967,0.004507244788279649,0.0008229065475794533,0.0016128968332557285,0.2769929250241937,0.9631867465958696,0.04215202470678256,0.34467195069103906,0.014800815414007093,0.010701094259738095,0.0018087685157319267,0.0014152960011642338
GMM,10000,2.0,0.2,3,0.0005861675236228508,0.0004294222507905275,7.840141781753752e-05,0.00015366677892237354,0.9076404591865938,0.1727518175993694,0.03154002244973086,0.06181844400147248,0.006146717339149607,0.003248283248016536,0.0005930526693682683,0.001162383231961806,0.07649014483207801,0.05154522129764291,0.009410826812104912,0.018445220551725625,0.020080368692169726,0.010265391121320173,0.0018741954262534368,0.003673423035456736,0.0196074048338437,0.010235558834466854,0.0018687488207695942,0.0036627476887084046,0.0004729638583259821,0.0006703323408577583,0.00012238538137101206,0.00023987534748718363,0.023553544537778137,0.06165732794769915,0.006317701418311441,0.02206379144359971,0.020080368692169726,0.0196074048338437,0.0018741954262534368,0.0018687488207695942
GMM,10000,2.0,0.2,5,0.0005959241554882602,0.00029867648396961335,5.453061588882912e-05,0.00010688000714210507,0.8805911442256785,0.20534209509184267,0.037490165829057696,0.07348072502495308,0.006979760611966788,0.003213099093826854,0.0005866289510627921,0.0011497927440830725,0.16843015891216362,0.08555449436674456,0.01562004215353822,0.030615282620934908,0.022200848719178993,0.009015964487391153,0.001646082375803212,0.0032263214565742956,0.021697700893282865,0.009003401889727893,0.001643788769762869,0.0032218259887352232,0.0005031478258961037,0.0006633647199896974,0.00012111327366381847,0.0002373820163810842,0.022663450044658195,0.03619934677907469,0.005618097446771929,0.012953769881262773,0.022200848719178993,0.021697700893282865,0.001646082375803212,0.001643788769762869
GMM,10000,2.0,0.2,10,0.0007032403283415668,0.00045751952001561107,8.35312538704955e-05,0.0001637212575861712,0.8839026487242434,0.15057505437962063,0.027491117960428423,0.05388259120243971,0.009864208685183281,0.0032790664504001106,0.0005986728874808452,0.0011733988594624565,0.20247432512233277,0.04895224983810774,0.008937417158986742,0.017517337631614012,0.01893925452556503,0.008559696330371342,0.001562779588512859,0.0030630479934852036,0.018540523290433646,0.00877998271573514,0.0016029981959712015,0.003141876464103555,0.0003987312351313731,0.0008597071339157118,0.00015696033003124998,0.00030764224686125,0.021053164188334916,0.1759290967145451,0.008816388977118344,0.06295541873081538,0.01893925452556503,0.018540523290433646,0.001562779588512859,0.0016029981959712015
GMM,10000,2.0,0.5,3,0.006807133240341354,0.0013781532371994515,0.0002516152052376358,0.0004931658022657661,0.852241367228793,0.24085031049864525,0.04397304934741045,0.08618717672092448,0.059787637930771284,0.008126884339135717,0.0014837592915933656,0.0029081682115229966,0.13222929614554954,0.08822287923816496,0.016107220348932378,0.03157015188390746,0.020847524096500394,0.008022058192257759,0.0014646207431728963,0.0028706566566188765,0.01753314506053918,0.007805592012305885,0.0014250996066073583,0.002793195228950422,0.0033143790359611734,0.001863487739389329,0.0003402247568326146,0.0006668405233919247,0.15898190214911834,0.1045714104357809,0.01752035867604333,0.03742039863899478,0.020847524096500394,0.01753314506053918,0.0014646207431728963,0.0014250996066073583
GMM,10000,2.0,0.5,5,0.005451569565712105,0.001146621434291133,0.00020934347482672705,0.000410313210660385,0.8489688528065326,0.2026427998481381,0.036997344197609895,0.07251479462731539,0.051774496754185155,0.009278677257225107,0.0016940469458641184,0.003320332013893672,0.1565902615110569,0.08951709711443563,0.01634351112398567,0.03203328180301191,0.023784177538304165,0.008595847221473161,0.0015693798080229852,0.003075984423725051,0.020780515165500654,0.008746617409832277,0.0015969065524108488,0.0031299368427252635,0.003003662372803463,0.0016787259256250393,0.00030649201911119126,0.0006007243574579349,0.12628825898924378,0.1318383401471844,0.015296557273928094,0.047177744123865877,0.023784177538304165,0.020780515165500654,0.0015693798080229852,0.0015969065524108488
GMM,10000,2.0,0.5,10,0.00437297338220116,0.0008993486680214615,0.00016419785084585982,0.00032182778765788527,0.8602063133066029,0.17039352618247916,0.03110945931433032,0.06097454025608743,0.04325866558345746,0.007461482017931099,0.0013622740045466763,0.0026700570489114855,0.22225578804857138,0.06721378127937347,0.012271501393977098,0.024052142732195112,0.020486144327834667,0.011300943466932483,0.002063260552643186,0.004043990683180644,0.018060205261863648,0.010993085981280631,0.002007053722847072,0.003933825296780261,0.002425939065970973,0.0014917038294456333,0.0002723466121680708,0.0005337993598494188,0.11841852850147494,0.22458380291377486,0.015280555988877021,0.08036628173869703,0.020486144327834667,0.018060205261863648,0.002063260552643186,0.002007053722847072
GMM,10000,2.0,1.0,3,0.024451441596385865,0.002600185409603549,0.0004747267341785579,0.0009304643989899735,0.8939260464359169,0.20851433086263177,0.03806933419218635,0.07461589501668525,0.17295201671005184,0.016131723982914348,0.0029452363722964237,0.0057726632897009906,0.14835868348821296,0.12267889035293575,0.022397998525335274,0.04390007710965713,0.02568375180368888,0.010562517685129374,0.001928443066730869,0.003779748410792503,0.01610585436381739,0.009368943342162386,0.0017105272028300604,0.0033526333175469183,0.009577897439871448,0.0036205093937619406,0.0006610115548742562,0.0012955826475535422,0.3729166016351181,0.2097500093831567,0.027405764255811312,0.0750580768963691,0.02568375180368888,0.01610585436381739,0.001928443066730869,0.0017105272028300604
GMM,10000,2.0,1.0,5,0.025973628671990805,0.002504333084696968,0.00045722657399834167,0.0008961640850367496,0.868006245402743,0.22511223689765533,0.04109968337309753,0.08055537941127115,0.16597713230035874,0.011527990782791033,0.0021047135314820956,0.004125238521704907,0.15473848176590912,0.09426836392758936,0.01721096979408233,0.03373350079640137,0.022287856585228066,0.010395255323546588,0.0018979052772440433,0.003719894343398325,0.015919734048418854,0.008505097721694877,0.0015528112919860266,0.003043510132292612,0.006368122536809146,0.004388016842667786,0.0008011386024805813,0.0015702316608619394,0.2857216221065364,0.6726944999182496,0.028808152603315852,0.2407206352510565,0.022287856585228066,0.015919734048418854,0.0018979052772440433,0.0015528112919860266
GMM,10000,2.0,1.0,10,0.02040808021380189,0.0017373477809232585,0.00031719485661440406,0.000621701918964232,0.8643673899256146,0.14973348716292245,0.027337469511014283,0.053581440241587994,0.15514421599871384,0.015627030720119076,0.002853092410745139,0.005592061125060472,0.21942484625812694,0.11740122825415007,0.02143443366453695,0.04201148998249242,0.0221917889499798,0.01149031402557553,0.0020978347282085696,0.004111756067288796,0.014771039348789589,0.01087619630666825,0.001985712685672192,0.003891996863917496,0.007420749601190155,0.0028915664426752345,0.0005279253890593982,0.0010347337625564205,0.33439168054078694,0.19830990074475927,0.03263493180538681,0.07096428659614992,0.0221917889499798,0.014771039348789589,0.0020978347282085696,0.001985712685672192
PS_propensity_score,500,0.5,0.2,3,0.001232664693234815,0.005556347496595354,0.0010144456204075449,0.0019883134159987877,0.8485590300616845,0.2560888995900585,0.04675522234405017,0.09164023579433833,0.013200729154561216,0.012614809177751927,0.0023031385150926423,0.0045141514895815785,0.07976381076753976,0.09839937339074425,0.017965185483494742,0.035211763547649697,0.040271184992797325,0.0266365921357944,0.004863154122613102,0.009531782080321679,0.0391662979350296,0.027120040220924527,0.004951419263149251,0.009704781755772532,0.0011048870577677176,0.008123104181936722,0.0014830691324704305,0.0029068154996420435,0.027436169508429975,0.5995646776800587,0.036669534141006016,0.21455146445047246,0.040271184992797325,0.0391662979350296,0.004863154122613102,0.004951419263149251
PS_propensity_score,500,0.5,0.2,5,-0.0007021974957513809,0.005426742089597938,0.0009907830187451706,0.0019419347167405343,0.9189867076591526,0.15668562814215706,0.028606750990108565,0.056069231940612786,0.021777260181092183,0.014591642394571197,0.002664057230185114,0.0052215521711628235,0.09727722774233243,0.12428962560787687,0.02269207720310197,0.044476471318079865,0.04190328653753425,0.027913380581012285,0.005096262733482362,0.00998867495762543,0.04122338291660282,0.02898611225127907,0.0052921158448008,0.010372547055809566,0.00067990362093143,0.009037229412722904,0.0016499648022324997,0.003233931012375699,0.01622554403512999,0.4255497131554039,0.03934427695884243,0.15228100912691087,0.04190328653753425,0.04122338291660282,0.005096262733482362,0.0052921158448008
PS_propensity_score,500,0.5,0.2,10,0.00011384597658302021,0.004660659262819524,0.0008509160703638839,0.0016677954979132125,0.9722903570529728,0.07601127071941034,0.013877695865884327,0.02720028389713328,0.04492583980671057,0.02695903881947437,0.0049220245633611855,0.009647168144187923,0.10633500987998401,0.09614130521725789,0.01755292052516042,0.034403724229314425,0.045226008147074274,0.027634726552097387,0.0050453877010235675,0.009888959894006191,0.047483675758991484,0.03287218695628524,0.006001612770161505,0.011763161029516548,-0.0022576676119171867,0.013910188554508832,0.002539641350151556,0.004977697046297049,-0.049919674638878364,4.6919448440846,0.0555332178451071,1.678990899387794,0.045226008147074274,0.047483675758991484,0.0050453877010235675,0.006001612770161505
PS_propensity_score,500,0.5,0.5,3,0.0009328368601282111,0.005052280971608299,0.0009224160850013277,0.0018079355266026023,0.8597207893599259,0.22905903395020297,0.04182026663162261,0.08196772259798031,0.020498724075560807,0.02499981031725632,0.004564320014703889,0.008946067228819623,0.07461202738406825,0.08069702564868869,0.01473319375711992,0.02887705976395504,0.02987465577786515,0.027752988962827078,0.005066979364377431,0.009931279554179764,0.02856418239863763,0.026484889177225558,0.004835457078463626,0.009477495873788707,0.0013104733792275055,0.007301575360242504,0.0013330791767095763,0.0026128351863507694,0.04386572313909243,8.69805113253596,0.04297077175599862,3.112557623593891,0.02987465577786515,0.02856418239863763,0.005066979364377431,0.004835457078463626
PS_propensity_score,500,0.5,0.5,5,0.002645254569995097,0.004830883606908407,0.000881994641395218,0.0017287094971346272,0.8973615854252663,0.16593426814825105,0.030295313909302696,0.059378815262233285,0.037420388152601076,0.033438172134266295,0.006104947053226104,0.011965696224323164,0.07137403194921656,0.07993659366585966,0.014594358506971971,0.028604942673665062,0.035114820406411,0.027193748602235383,0.0049648765108563,0.009731157961278348,0.038005483525010736,0.026915256647316414,0.004914031068925356,0.009631500895093698,-0.0028906631185997194,0.01020436988082551,0.0018630545229514784,0.0036515868649848976,-0.08232031618398872,1.4337688182529182,0.05670697179599353,0.5130675823497034,0.035114820406411,0.038005483525010736,0.0049648765108563,0.004914031068925356
PS_propensity_score,500,0.5,0.5,10,0.0020002151192858465,0.00450183415635442,0.0008219187058608517,0.0016109606634872693,0.9852924761654609,0.05266539786989499,0.009615342137775337,0.01884607059003966,0.04135247405200629,0.021778194404670687,0.003976136112390309,0.007793226780285005,0.09712584642258068,0.08736199970881808,0.015950045969759807,0.03126209010072922,0.03338501162144772,0.027261395635978437,0.004977227112966095,0.009755365141413546,0.03381654345110341,0.026322243450802793,0.0048057621673824385,0.009419293848069579,-0.0004315318296556997,0.011148215982350173,0.0020353764564909347,0.003989337854722232,-0.012925915214552663,4.688347010309632,0.06154802920933189,1.6777034311062138,0.03338501162144772,0.03381654345110341,0.004977227112966095,0.0048057621673824385
PS_propensity_score,500,0.5,1.0,3,0.007130256449038359,0.008142090545244892,0.0014865355522933883,0.002913609682495041,0.8700558475368889,0.2000693436345271,0.0365274975246277,0.07159389514827029,0.056345626790404876,0.05817155550418574,0.010620624384935445,0.02081642379447347,0.06107566056895591,0.07988355641268259,0.01458467527365424,0.02858596353636231,0.04056356159594553,0.026885061022619908,0.004908518127330611,0.009620695529567997,0.039938688453195884,0.026344811550196703,0.004809882519755126,0.009427369738720047,0.0006248731427496433,0.01103228183926003,0.002014209874705767,0.003947851354423303,0.01540478986963767,0.44817379841917804,0.04921585354217475,0.1603769340636119,0.04056356159594553,0.039938688453195884,0.004908518127330611,0.004809882519755126
PS_propensity_score,500,0.5,1.0,5,0.006643000107688452,0.006986228213295909,0.0012755049281003943,0.002499989659076773,0.8918256193288795,0.1876916930547695,0.03426765804747765,0.0671646097730562,0.07722743520363021,0.06852347382634905,0.012510617444435403,0.02452081019109339,0.053382286115940696,0.056458902689334206,0.010307938191645811,0.02020355885562579,0.03710117914255122,0.0319668229702479,0.005836316677526357,0.01143918068795166,0.03423312548747784,0.030517208585854824,0.005571654511521006,0.01092044284258117,0.0028680536550733803,0.01015443944027579,0.0018539385134197276,0.003633719486302666,0.07730357151328426,2.348136047644487,0.04777313330197107,0.8402696931721284,0.03710117914255122,0.03423312548747784,0.005836316677526357,0.005571654511521006
PS_propensity_score,500,0.5,1.0,10,0.003624729410410875,0.007435514898073546,0.0013575330787802024,0.0026607648344091966,0.993371535724649,0.03048066829530726,0.005564983197724108,0.010907367067539251,0.0919436371888338,0.07547115228026169,0.01377908418160226,0.02700700499594043,0.10174740075008017,0.08090732028329639,0.0147715881288189,0.028952312732485046,0.04586376068858808,0.028533358825211175,0.005209454756652423,0.010210531323038749,0.04016039316779515,0.02629580434922888,0.004800935069938371,0.009409832737079207,0.005703367520792922,0.015909363555001287,0.0029046390982082624,0.005693092632488194,0.12435455434015585,1.0587257436940656,0.05890588197907043,0.37886014172801274,0.04586376068858808,0.04016039316779515,0.005209454756652423,0.004800935069938371
PS_propensity_score,500,1.0,0.2,3,0.0006018372720360233,0.004174871092901924,0.0007622236907528766,0.001493958433875638,0.8886439290390631,0.19533420252871772,0.035662982992420454,0.06989944666514408,0.010943633030413262,0.010506541550894357,0.0019182232695967173,0.003759717608409566,0.055546434890797934,0.06112638244100468,0.011160099507208653,0.02187379503412896,0.036538318027975906,0.03252232139716026,0.005937736350552536,0.01163796324708297,0.037351540288333845,0.03159505858752849,0.005768442098028889,0.011306146512136623,-0.0008132222603579563,0.007999787044842457,0.0014605546065659353,0.002862687028869233,-0.02225669664748353,2.068179861040192,0.04098222206697097,0.7400886584081471,0.036538318027975906,0.037351540288333845,0.005937736350552536,0.005768442098028889
PS_propensity_score,500,1.0,0.2,5,-0.000328101463240195,0.005325732159786706,0.0009723412130486289,0.0019057887775753126,0.9594683158628776,0.10447967171205573,0.01907529099914244,0.03738757035831918,0.018001768285993747,0.01476989104992338,0.002696600833312232,0.005285337633291975,0.05538788375735101,0.06262059223241291,0.01143290364334178,0.02240849114094989,0.036951965094270754,0.03504971229374553,0.006399172685783522,0.012542378464135702,0.041877495050005084,0.036555731663511545,0.006674132946070375,0.013081300574297934,-0.004925529955734327,0.008445236705028983,0.0015418822156049923,0.0030220891425857847,-0.13329548085381826,5.989889729220764,0.046423434787157214,2.1434545114863126,0.036951965094270754,0.041877495050005084,0.006399172685783522,0.006674132946070375
PS_propensity_score,500,1.0,0.2,10,0.0010023203792478698,0.0051616981434574,0.0009423928360680516,0.001847089958693381,0.9924614597195571,0.041290285622598816,0.007538540280442871,0.014775538949668028,0.039005465194008125,0.017087380806745274,0.00311971463884507,0.006114640692136337,0.0947392942070008,0.07775042683198226,0.014195220877177204,0.02782263291926732,0.03578984661825766,0.03112163305934359,0.005682006817666999,0.011136733362627318,0.03531080639562884,0.032946130383214096,0.006015112931130894,0.011789621345016552,0.00047904022262881677,0.011756234087517626,0.0021463848670148556,0.004206914339349117,0.013384807924391673,4.083929973697399,0.05994762971919631,1.461415572312156,0.03578984661825766,0.03531080639562884,0.005682006817666999,0.006015112931130894
PS_propensity_score,500,1.0,0.5,3,0.0015766528906884167,0.004204901060901835,0.0007677063877111132,0.0015047045199137817,0.8643180669569054,0.21136130579357335,0.03858911832229583,0.07563467191169983,0.023872032159615756,0.02270598692322409,0.004145527076089052,0.008125233069134543,0.09209472376438689,0.08904190259375862,0.016256752871259786,0.03186323562766918,0.045633788830895756,0.026118190990683462,0.004768507455608511,0.00934627461299268,0.04418211454604826,0.025488959465527723,0.004653626022201452,0.009121107003514844,0.001451674284847503,0.010358784108749713,0.0018912465748960885,0.0037068432867963332,0.03181139068305161,0.437487070981661,0.040712161933031454,0.15655273776376608,0.045633788830895756,0.04418211454604826,0.004768507455608511,0.004653626022201452
PS_propensity_score,500,1.0,0.5,5,0.0029802377081698172,0.005390226216383758,0.0009841161629230357,0.00192886767932915,0.8742370895507859,0.18201899149860623,0.033231969179375896,0.06513465959157676,0.03480447360001536,0.03331647641466218,0.006082728556299772,0.011922147970347553,0.08239399324604108,0.10231962655814084,0.01868092251379947,0.03661460812704696,0.03770802412618398,0.03361408326731567,0.006137063885121917,0.012028645214838957,0.04004486256641445,0.03273630676305041,0.005976804554510545,0.011714536926840668,-0.002336838440230476,0.011150383967273398,0.0020357722745731953,0.003990113658163463,-0.061971914317509924,1.8758834647686737,0.05728567898337131,0.6712762767511035,0.03770802412618398,0.04004486256641445,0.006137063885121917,0.005976804554510545
PS_propensity_score,500,1.0,0.5,10,0.0012028742715269837,0.005016579325616576,0.0009158978860514176,0.0017951598566607785,0.9657632924016633,0.10538547766953787,0.019240667784354286,0.0377117088573344,0.06257183214747529,0.036016094927880764,0.006575609208415898,0.01288819404849516,0.08584229833220652,0.06541140713758098,0.011942434402469176,0.023407171428839586,0.03670704874781039,0.027260013142030796,0.004976974705259182,0.009754870422307996,0.038292093079181945,0.027574597198247557,0.0050344096331996465,0.009867442881071307,-0.001585044331371553,0.015384395390559347,0.0028087934629959514,0.005505235187472065,-0.04318092533838214,1.9191514026494314,0.07825515133679306,0.686759509472532,0.03670704874781039,0.038292093079181945,0.004976974705259182,0.0050344096331996465
PS_propensity_score,500,1.0,1.0,3,0.006157719684045193,0.008204862123134316,0.0014979960220201315,0.0029360722031594576,0.8789185919945413,0.22962307590155517,0.041923246131667556,0.08216956241806841,0.05236738472293389,0.06146231443402536,0.011221432017330352,0.02199400675396749,0.05991958042364214,0.0703916141605993,0.012851691644986772,0.025189315624174074,0.041046113749506986,0.031174950059473048,0.005691741125556803,0.011155812606091334,0.041354747658975705,0.03122933957699618,0.00570167124743655,0.011175275644975637,-0.0003086339094687069,0.011818747416331717,0.0021577981871269275,0.004229284446768778,-0.007519199292586487,26.13415541789322,0.05277288603668727,9.351987409900964,0.041046113749506986,0.041354747658975705,0.005691741125556803,0.00570167124743655
PS_propensity_score,500,1.0,1.0,5,0.006522916154689323,0.007961440897108955,0.0014535535898635803,0.0028489650361326175,0.9195036773728721,0.15864248440235404,0.02896402242861026,0.05676948396007611,0.08088144024698132,0.07942104944029207,0.014500233439727006,0.02842045754186493,0.09535518103855117,0.09364026351831427,0.017096294873236266,0.033508737951543084,0.04325879252512575,0.035678976336887214,0.006514060056135389,0.012767557710025362,0.03682452668140309,0.02992016130159494,0.005462649089692227,0.010706792215796764,0.006434265843722619,0.017816301793371785,0.0032527967945164904,0.0063754817172523215,0.14873891452207055,0.6848784697747645,0.06568026953812509,0.24508061286956898,0.04325879252512575,0.03682452668140309,0.006514060056135389,0.005462649089692227
PS_propensity_score,500,1.0,1.0,10,0.005233377895681677,0.005623188046840549,0.0010266489794493285,0.002012231999720684,0.9622688163312433,0.09683931068750766,0.017680358305599688,0.03465350227897539,0.0738858098323282,0.045652804791999214,0.008335023665985972,0.016336646385332505,0.10659572915669334,0.0913244592700161,0.016673488798049866,0.03268003804417774,0.040967333685280376,0.030726083992689834,0.005609789768864874,0.010995187946975153,0.042608507046645726,0.029328158099022672,0.0053545645869708496,0.010494946590462864,-0.00164117336136535,0.017049209137867782,0.0031127454774777965,0.006100981135856481,-0.040060536376938405,2.3543042030886316,0.078110812525805,0.8424769392504333,0.040967333685280376,0.042608507046645726,0.005609789768864874,0.0053545645869708496
PS_propensity_score,500,2.0,0.2,3,0.0010160676660548537,0.004045117884296365,0.0007385341043322306,0.0014475268444911718,0.839315449937457,0.23646725503565474,0.04317281656478506,0.08461872046697871,0.01338361009901424,0.010790457604707343,0.001970059011967125,0.003861315663455565,0.06910714975980913,0.06630902929488944,0.012106317037027275,0.02372838139257346,0.04421723873580085,0.033460741932723845,0.006109067715803953,0.011973772722975748,0.04381729737733657,0.03328042950274112,0.006076147320703916,0.011909248748579675,0.00039994135846425997,0.009807454516009432,0.001790588023374759,0.0035095525258145278,0.00904491935495877,0.8419966807471496,0.04030804496357799,0.3013046425879306,0.04421723873580085,0.04381729737733657,0.006109067715803953,0.006076147320703916
PS_propensity_score,500,2.0,0.2,5,-0.0009618592859970134,0.005323233750816625,0.0009718850680650333,0.0019048947334074653,0.9586670014117029,0.08717483679732262,0.015915874853575002,0.031195114713007004,0.021679263480802704,0.015703985383268355,0.0028671423457158297,0.005619598997603026,0.0662931136098598,0.07540175475584511,0.013766413985082935,0.02698217141076255,0.03656130551980303,0.02395351356410209,0.0043732932368548945,0.008571654744235593,0.03360025981878034,0.026821317390559322,0.00489688018560498,0.009597885163785761,0.002961045701022677,0.012145183631116732,0.002217397013268379,0.004346098146006023,0.08098851118483363,1.1261988544680812,0.06138642256856108,0.4030050843280486,0.03656130551980303,0.03360025981878034,0.0043732932368548945,0.00489688018560498
PS_propensity_score,500,2.0,0.2,10,0.0005779525049231766,0.005755599363792674,0.00105082386783721,0.0020596147809609317,0.9476659705309243,0.11006306594660412,0.020094674655711253,0.03938556232519405,0.04077241277130542,0.020991530769397672,0.0038325116396542933,0.007511722813722415,0.1267284144024721,0.11524087952080875,0.021040009753427364,0.041238419116717634,0.041062548343675925,0.029146148800901137,0.005321334387551901,0.010429815399601725,0.041313016834861306,0.029538304000780904,0.005392931803890932,0.010570146335626227,-0.00025046849118541325,0.010052125517602508,0.0018352586322880624,0.003597106919284602,-0.00609968210177958,0.8560068637542984,0.04480633611295737,0.30631812218955395,0.041062548343675925,0.041313016834861306,0.005321334387551901,0.005392931803890932
PS_propensity_score,500,2.0,0.5,3,0.0012679356007134527,0.005322316814610979,0.0009717176591838248,0.0019045666120002965,0.8921659558292928,0.21449743638192317,0.03916169481113621,0.07675692182982698,0.02008984157027982,0.019646017176102894,0.0035868555908284997,0.0070302369580238595,0.06198600197918129,0.06498955972335979,0.01186541595427112,0.023256215270371392,0.04043424260453034,0.029479802037839894,0.005382250855637225,0.010549211677048961,0.039355828805544446,0.029844815395365938,0.005448892872206462,0.010679830029524665,0.00107841379898589,0.013154402093750659,0.0024016542524134743,0.0047072423347304096,0.026670804979170404,0.8204536596138513,0.05880675905845519,0.2935955714820055,0.04043424260453034,0.039355828805544446,0.005382250855637225,0.005448892872206462
PS_propensity_score,500,2.0,0.5,5,0.0025041568057955076,0.006917569759453813,0.0012629696667894798,0.0024754205469073804,0.878869702882028,0.1479939043165017,0.027019866589136382,0.05295893851470731,0.030820831645001268,0.0200870997967753,0.0036673858911837566,0.007188076346720163,0.07762536234187485,0.08825879234902323,0.01611377715590813,0.031583003225579935,0.04378887831545932,0.036020753763319924,0.0065764597915031415,0.012889861191346157,0.04330857103332254,0.03262963944967568,0.005957329856615941,0.011676366518967245,0.00048030728213677035,0.013332543014303245,0.00243417818594727,0.004770989244456649,0.01096870485415491,0.8215679448307931,0.054905015413573816,0.293994313325897,0.04378887831545932,0.04330857103332254,0.0065764597915031415,0.005957329856615941
PS_propensity_score,500,2.0,0.5,10,0.002507578807352744,0.00812568498440467,0.0014835403203798173,0.002907739027944442,0.997842426829529,0.011817514949348946,0.002157573170470979,0.004228843414123119,0.05528820265123375,0.03051820696385325,0.0055718367895712245,0.0109208001075596,0.0925878253337345,0.09239893167606453,0.01686965972278639,0.03306453305666132,0.044544823132014,0.036611166142523334,0.006684253850943143,0.013101137547848559,0.0432170812648441,0.037718351357213256,0.006886397290083766,0.01349733868856418,0.001327741867169906,0.011108178122213014,0.002028066576773815,0.003975010490476678,0.02980687257944592,0.6015096363881335,0.04552238682710314,0.21524745898558717,0.044544823132014,0.0432170812648441,0.006684253850943143,0.006886397290083766
PS_propensity_score,500,2.0,1.0,3,0.007844173064179175,0.010343875282318076,0.0018885246080485763,0.0037015082317752093,0.9217483203052802,0.1404429448751231,0.025641256316853163,0.0502568623810322,0.05208780955648429,0.041720935598170465,0.007617165849112752,0.014929645064260994,0.0594081152088547,0.0467246630298587,0.008530717311093764,0.016720205929743777,0.05494479816872863,0.02759113683047474,0.005037429343087535,0.00987336151245157,0.04399486204988146,0.026047374472275894,0.004755578187416576,0.009320933247336488,0.010949936118847144,0.01744827069505533,0.003185603816379383,0.006243783480103591,0.19928976870970172,0.4836789737508202,0.05332166051216343,0.17308229788265858,0.05494479816872863,0.04399486204988146,0.005037429343087535,0.004755578187416576
PS_propensity_score,500,2.0,1.0,5,0.0065601232598581,0.007295316123885672,0.0013319364017277786,0.002610595347386446,0.930039853016329,0.14168786544762316,0.025868546676806672,0.05070235148654108,0.04747035817616414,0.03576788166778617,0.006530291874540662,0.012799372074099697,0.07556799379273886,0.08205727061942157,0.014981539375187702,0.029363817175367898,0.032508022736252355,0.03151740595678928,0.005754264732193727,0.011278358875099705,0.030570062505905504,0.028386774157904617,0.005182692180363025,0.010158076673511528,0.0019379602303468667,0.014808353348763738,0.0027036230562083553,0.005299101190168376,0.05961482942441998,2.897203356738288,0.07914070999718949,1.0367509063479614,0.032508022736252355,0.030570062505905504,0.005754264732193727,0.005182692180363025
PS_propensity_score,500,2.0,1.0,10,0.006078592166947589,0.007109143903300039,0.0012979461601292522,0.0025439744738533342,0.9837270510529922,0.037450253611358994,0.00683744956241021,0.013401401142324012,0.08125079320685345,0.05721182651942261,0.010445402646920012,0.020472989187963222,0.10589566631467259,0.08111103229393751,0.014808780683306525,0.029025210139280787,0.050843742680236864,0.04337654696009058,0.007919437745574583,0.015522097981326182,0.04669663341285392,0.03708459591376891,0.006770689905978381,0.013270552215717626,0.004147109267382936,0.015838129285054566,0.002891633559369185,0.005667601776363602,0.0815657748381089,1.2339707903118926,0.05098685568289174,0.4415707762754499,0.050843742680236864,0.04669663341285392,0.007919437745574583,0.006770689905978381
PS_propensity_score,2000,0.5,0.2,3,0.0006456894447578384,0.0013690899881456824,0.00024996048992062357,0.0004899225602444222,0.851912791827328,0.2293709502034409,0.04187721448760625,0.08207934039570824,0.006723580806415061,0.006564708299071055,0.0011985462729475291,0.002349150694977157,0.06528923715776136,0.06576907858388518,0.012007735975574614,0.023535162512126243,0.017024814023822395,0.013725217802707171,0.0025058704657380695,0.004911506112846616,0.016782388840618934,0.013517509660793767,0.0024679483208369176,0.004837178708840358,0.00024242518320346997,0.0028021276570700314,0.0005115961755954523,0.0010027285041670864,0.014239520200587275,0.8195140463317346,0.029753526401512454,0.29325933518724023,0.017024814023822395,0.016782388840618934,0.0025058704657380695,0.0024679483208369176
PS_propensity_score,2000,0.5,0.2,5,0.00047965508633788335,0.0012128781322543383,0.00022144023751347842,0.0004340228655264177,0.9105799860657108,0.16910084282863208,0.030873448703459164,0.06051195945877996,0.01267610009706301,0.010951956642177253,0.0019995445672463387,0.003919107351802824,0.0936818982000624,0.08779119555896595,0.016028406052664337,0.0314156758632221,0.016278791850077457,0.013007157411379608,0.002374771174411038,0.004654551501845634,0.01610580956841579,0.0119441928458897,0.0021807012842952047,0.004274174517218601,0.00017298228166167228,0.004040828745033886,0.0007377510182234502,0.0014459919957179625,0.010626235856738053,4.547130380422199,0.044710269838689365,1.6271697090992,0.016278791850077457,0.01610580956841579,0.002374771174411038,0.0021807012842952047
PS_propensity_score,2000,0.5,0.2,10,0.0004555500221570526,0.0017478891507318114,0.00031911943862478686,0.0006254740997045823,0.9149001248825889,0.1322787713834064,0.024150688988586844,0.04733535041763021,0.017317290438174263,0.009907411343179037,0.001808837559713905,0.0035453216170392536,0.07077083430845857,0.07777196798303887,0.014199153735293315,0.027830341321174897,0.014987472470945954,0.01479643547783599,0.0027014471606268344,0.005294836434828596,0.015212598299893649,0.013872095011085,0.002532686452475377,0.004964065446851739,-0.00022512582894770007,0.003885796069772408,0.0007094460537597554,0.0013905142653691206,-0.015020933608659748,4.925430089019026,0.048381269029036035,1.7625425212446606,0.014987472470945954,0.015212598299893649,0.0027014471606268344,0.002532686452475377
PS_propensity_score,2000,0.5,0.5,3,0.0023865888002282797,0.0018073197081955714,0.0003299699242674563,0.0006467410515642143,0.7566639395754362,0.29889368338402234,0.054570270895078696,0.10695773095435424,0.032143261703610135,0.031089822720332113,0.005676199070920842,0.01112535017900485,0.09179534522135298,0.1127117917853902,0.020578263619227898,0.04033339669368668,0.019339888315244875,0.01175487816270884,0.0021461373101468377,0.004206429127887802,0.01854373975170963,0.01138890350694874,0.0020793197853351732,0.004075466779256939,0.0007961485635352525,0.004307321195712486,0.0007864056604372844,0.0015413550944570775,0.041166140701426546,808.669733634751,0.03968825153492415,289.3787477265189,0.019339888315244875,0.01854373975170963,0.0021461373101468377,0.0020793197853351732
PS_propensity_score,2000,0.5,0.5,5,0.002731711362823993,0.0025421203600717234,0.0004641255550348127,0.0009096860878682329,0.8556676459441481,0.21664030850072727,0.039552927943575504,0.07752373876940799,0.03410510189415552,0.03798682617730947,0.0069354138617800445,0.013593411169088887,0.08626776837397439,0.09925528003407266,0.018121451942051243,0.035518045806420435,0.019003471535438136,0.013397609488439289,0.0024460576444878157,0.004794272983196119,0.01925716285676015,0.01312289616077604,0.0023959020823516594,0.004695968081409253,-0.0002536913213219978,0.004989141221684542,0.0009108883965651687,0.0017853412572677307,-0.013349735644296645,0.5656173207614152,0.04837508526183932,0.20240355879115268,0.019003471535438136,0.01925716285676015,0.0024460576444878157,0.0023959020823516594
PS_propensity_score,2000,0.5,0.5,10,0.001815491914079738,0.002103249394135341,0.00038399904574233336,0.0007526381296549734,0.9338691667486679,0.11855642887828094,0.021645343477963788,0.042424873216809024,0.03755403634857332,0.02851583189328872,0.0052062547913264935,0.010204259390999927,0.1155833888959456,0.11946223253079573,0.021810719842348097,0.04274901089100227,0.01934911102588383,0.013451411537309834,0.0024558805097566134,0.004813525799122962,0.0180638126985292,0.01351059105071292,0.002466685161234297,0.004834702916019222,0.0012852983273546306,0.0042462224871464,0.0007752506134652578,0.001519491202391905,0.06642673793308906,10.500310695840927,0.0397392460139348,3.7574879255642304,0.01934911102588383,0.0180638126985292,0.0024558805097566134,0.002466685161234297
PS_propensity_score,2000,0.5,1.0,3,0.006544978341920218,0.004826800940877432,0.0008812492519685765,0.00172724853385841,0.8548183447083469,0.23316396195655506,0.04256972052029386,0.08343665221977596,0.05163775908856358,0.045473850681843446,0.008302351265022444,0.016272608479443992,0.050256090057522504,0.06034887193650189,0.011018146159870854,0.021595566473346872,0.014985901003068536,0.01112851357652721,0.0020317793057888153,0.003982287439346078,0.015105767016241719,0.011227957006989158,0.0020499351091420506,0.004017872813918419,-0.00011986601317318096,0.005003020430344228,0.0009134223817862457,0.0017903078683010416,-0.007998585680543346,1.2174604560409452,0.06118343839808181,0.43566262903417957,0.014985901003068536,0.015105767016241719,0.0020317793057888153,0.0020499351091420506
PS_propensity_score,2000,0.5,1.0,5,0.007327371403145318,0.00609083140105129,0.0011120285841055289,0.0021795760248468363,0.8692532674761332,0.21169288824744967,0.038649656718849484,0.07575332716894499,0.06463373947391891,0.06787018050513054,0.012391342948202455,0.024287032178476813,0.0630482491334929,0.07455989855485846,0.013612712774597606,0.026680917038211308,0.020315864748955286,0.012772133806248852,0.002331861931052271,0.004570449384862451,0.01941092099117847,0.012467311440318037,0.002276209235768137,0.004461370102105549,0.0009049437577767955,0.005872847426916126,0.0010722303375027115,0.0021015714615053144,0.0445436986788047,0.49695280824777766,0.051574229863023416,0.1778322785539935,0.020315864748955286,0.01941092099117847,0.002331861931052271,0.002276209235768137
PS_propensity_score,2000,0.5,1.0,10,0.007789652605318642,0.006382424043501919,0.001165265873396445,0.0022839211118570323,0.9273700450440826,0.12527322928441909,0.02287165784353103,0.04482844937332082,0.11731374791257779,0.10449960871923898,0.019078930981996912,0.03739470472471395,0.07387813168926445,0.08718976117615312,0.015918599659889076,0.031200455333382587,0.020466875169262547,0.012432877582623054,0.0022699225022343155,0.004449048104379258,0.019123079551073386,0.013671616774501783,0.002496084301653549,0.0048923252312409555,0.00134379561818916,0.00804585880543956,0.0014689661207469389,0.002879173596664,0.06565709748439241,2.917117177770767,0.07095839532312216,1.0438769756852266,0.020466875169262547,0.019123079551073386,0.0022699225022343155,0.002496084301653549
PS_propensity_score,2000,1.0,0.2,3,0.000290625264605685,0.0012897629469264184,0.00023547741995531257,0.00046153574311241265,0.9118507970350971,0.18898314774625172,0.034503444336317884,0.06762675089918305,0.006690208467432739,0.006290013372813607,0.0011483940704330549,0.0022508523780487874,0.06591892857838007,0.07907448943288792,0.014436960528532201,0.028296442635923114,0.017406065804692283,0.010786851285251631,0.0019694005911286374,0.003860025158612129,0.016247142496629757,0.010596781444040452,0.0019346987446177079,0.0037920095394507075,0.0011589233080625126,0.002461264778859491,0.0004493634131247692,0.0008807522897245476,0.06658157685179533,0.25979767606831855,0.025477298987037423,0.0929674044124249,0.017406065804692283,0.016247142496629757,0.0019694005911286374,0.0019346987446177079
PS_propensity_score,2000,1.0,0.2,5,0.00017749565430852105,0.0011550444208439502,0.00021088129473890727,0.0004133273376882582,0.891126764224275,0.17527301972969112,0.032000328875999955,0.0627206445969599,0.008821020322299469,0.008356245677511418,0.0015256347512093479,0.002990244112370322,0.07417833741642457,0.06716817377857812,0.012263174641651414,0.02403582229763677,0.016530715023453997,0.011901762310539564,0.0021729545638491084,0.004258990945144253,0.015819709681457125,0.011134616890306847,0.0020328936133330285,0.0039844714821327355,0.00071100534199687,0.002586940373556817,0.0004723085325059698,0.0009257247237117009,0.04301116684838424,0.4668198223144232,0.026841567177257938,0.16704932802181321,0.016530715023453997,0.015819709681457125,0.0021729545638491084,0.0020328936133330285
PS_propensity_score,2000,1.0,0.2,10,7.992145119241786e-05,0.0015595904225041654,0.000284740951624848,0.000558092265184702,0.9368188019811686,0.11803949278213809,0.021550964291081755,0.04223989001052024,0.016451401283666414,0.0083968556766345,0.001533049088736007,0.0030047762139225735,0.07751179236585894,0.09490265552681187,0.017326775066392394,0.03396047913012909,0.020461359756366142,0.015186346514940833,0.0027726348507743533,0.005434364307517732,0.018882595898120358,0.014961516164013488,0.0027315866325027835,0.005353909799705456,0.001578763858245769,0.0033992200438624233,0.0006206098319823831,0.0012163952706854709,0.07715830604828611,0.4092146755039568,0.03027626754914113,0.14643559097530692,0.020461359756366142,0.018882595898120358,0.0027726348507743533,0.0027315866325027835
PS_propensity_score,2000,1.0,0.5,3,0.001923594118745342,0.0017794601246837623,0.000324883483490084,0.0006367716276405646,0.8069992157041569,0.24700640152574382,0.04509699265460946,0.08839010560303454,0.021739126086837812,0.019488912773786195,0.0035581723824844253,0.0069740178696694735,0.08622762321477938,0.08462954815733295,0.015451170852413675,0.030284294870730803,0.015610018225446292,0.01637538522430602,0.0029897226250630675,0.005859856345123612,0.01442397958146496,0.015157429389742122,0.002767355330184508,0.005424016447161636,0.0011860386439813268,0.004627195626259033,0.0008448064741637721,0.0016558206893609933,0.07597932474210312,8.420302589051254,0.05018935129543057,3.0131665837744492,0.015610018225446292,0.01442397958146496,0.0029897226250630675,0.002767355330184508
PS_propensity_score,2000,1.0,0.5,5,0.003208286168779144,0.002636082722821081,0.00048128065691291474,0.0009433100875493129,0.8960507780527602,0.1965528582339854,0.03588547806562294,0.07033553700862097,0.0348340639281979,0.030622069686583084,0.005590799441612236,0.010957966905559982,0.06582144746979185,0.08111587876799554,0.01480966552436184,0.029026944427749207,0.017171048056879183,0.013973293506722037,0.002551162685424042,0.005000278863431122,0.017009394428004043,0.01212044025728261,0.0022128795119358015,0.004337243843394171,0.0001616536288751433,0.005847240945305144,0.0010675552549704861,0.0020924082997421526,0.00941431346180277,2.164755963965368,0.06147718250090752,0.7746479729990127,0.017171048056879183,0.017009394428004043,0.002551162685424042,0.0022128795119358015
PS_propensity_score,2000,1.0,0.5,10,0.0012853397943047302,0.0014213697823801923,0.00025950543078861343,0.0005086306443456823,0.9353863915366069,0.1194166522114355,0.0218023980526508,0.04273270018319557,0.0357352555806819,0.027564586591916112,0.005032581954898968,0.009863860631601976,0.08085435908460313,0.10311526654079527,0.018826185835850422,0.03689932423826683,0.02015929504251296,0.014707116051534408,0.0026851397390905687,0.005262873888617514,0.017682378843416943,0.012780846125686664,0.0023334525756803647,0.004573567048333515,0.0024769161990959836,0.005485109382345387,0.0010014393796979326,0.001962821184207948,0.12286720313743948,0.46990256055757573,0.04357464461217738,0.1681524717345901,0.02015929504251296,0.017682378843416943,0.0026851397390905687,0.0023334525756803647
PS_propensity_score,2000,1.0,1.0,3,0.00907998741036994,0.00662780111907526,0.0012100653931918345,0.0023717281706559954,0.9220815920887795,0.16055651121406836,0.02931347431542547,0.05745440965823392,0.0724104504026894,0.06105185354184351,0.01114649245412312,0.021847125210081315,0.04900920059727998,0.047631718448412935,0.008696322215643579,0.017044791542661412,0.021454977186582687,0.01578489135692317,0.0028819136879850503,0.005648550828450698,0.018571610761818427,0.013154317228188342,0.002401638758152529,0.004707211965978957,0.00288336642476425,0.007354752620349178,0.0013427879716784914,0.002631864424489843,0.13439149339051426,4.966505501314587,0.05454952439467374,1.777241168761755,0.021454977186582687,0.018571610761818427,0.0028819136879850503,0.002401638758152529
PS_propensity_score,2000,1.0,1.0,5,0.01082083437661892,0.008269635947986754,0.001509822050355988,0.002959251218697736,0.8646845371039419,0.21763705332231287,0.039734907817861806,0.07788041932300914,0.10881576452976942,0.0820608515646503,0.014982193163347358,0.02936509860016082,0.11500564851209184,0.12891386821171025,0.023536344531600625,0.04613123528193722,0.02238898279314211,0.013826104807173277,0.002524289828439806,0.00494760806374202,0.018370341030881133,0.013891233532477449,0.0025361806524366905,0.004970914078775914,0.004018641762260965,0.009166877994631822,0.0016736352865191898,0.003280325161577612,0.17949193133919028,0.6526110355984723,0.07082409249011946,0.23353385984307232,0.02238898279314211,0.018370341030881133,0.002524289828439806,0.0025361806524366905
PS_propensity_score,2000,1.0,1.0,10,0.007195929627074027,0.005729214186838245,0.0010460066156366414,0.002050172966647817,0.9377407168464226,0.12755850697574728,0.02328889055743229,0.04564622549256729,0.09874588254620777,0.08060488375063865,0.014716371025102136,0.028844087209200186,0.08189974610046748,0.10896211687319714,0.019893669774988118,0.03899159275897671,0.021327609839565602,0.010785955672620534,0.001969237075381691,0.003859704667748114,0.016544731970489095,0.01029824276801607,0.001880193288902281,0.003685178846248471,0.00478287786907648,0.009026618469564289,0.0016480275179243736,0.003230133935131772,0.22425756589956092,1.1261179311428378,0.06994063265845309,0.40297612628801466,0.021327609839565602,0.016544731970489095,0.001969237075381691,0.001880193288902281
PS_propensity_score,2000,2.0,0.2,3,0.0004422404302689006,0.0011921861740244578,0.00021766242008632502,0.00042661834336919704,0.8885198227191052,0.18407610884767014,0.03360754570454841,0.06587078958091488,0.00681898017602856,0.008088632178933533,0.0014767754345880197,0.0028944798517925186,0.038113711013057376,0.06273966070078739,0.011454642472013877,0.0224510992451472,0.026129619580546888,0.01763264243952542,0.003219265337516998,0.006309760061533316,0.025187694940732152,0.01653892345887618,0.0030195804850926167,0.005918377750781529,0.0009419246398147294,0.00294940731834629,0.0005384856398430279,0.0010554318540923345,0.03604815741427725,0.4403635895212048,0.019061458405770684,0.15758208670334353,0.026129619580546888,0.025187694940732152,0.003219265337516998,0.0030195804850926167
PS_propensity_score,2000,2.0,0.2,5,0.0004054916934562329,0.0011753942421557793,0.00021459664679680332,0.0004206094277217345,0.8340324671886917,0.2027989986205569,0.03702586206131269,0.07257068964017287,0.009312886899394246,0.007552553207071072,0.0013789012527569374,0.002702646455403597,0.11490113362283695,0.12121903502799727,0.02213146662794766,0.04337767459077742,0.025933724755286276,0.016676895777246934,0.003044770668786932,0.005967750510822387,0.02558306566994909,0.01532382330530598,0.0027977345638464865,0.0054835597451391134,0.00035065908533717734,0.004591793777032874,0.0008383430103642508,0.0016431523003139314,0.013521354477463055,5.655505839480879,0.031691754786936255,2.023796773292101,0.025933724755286276,0.02558306566994909,0.003044770668786932,0.0027977345638464865
PS_propensity_score,2000,2.0,0.2,10,0.0007946182871389363,0.0014275527032924428,0.0002606342725402501,0.0005108431741788903,0.891847705442329,0.13946962733954849,0.025463553660236643,0.04990856517406382,0.013372299432551605,0.009054131689327722,0.0016530507216223833,0.003239979414379871,0.09775684768750476,0.11716529951081867,0.02139135916630813,0.041927063965963934,0.02191849860339772,0.016128709172574106,0.0029446859457531067,0.0057715844536760895,0.02086748746453446,0.015001547439124838,0.002738895309964177,0.0053682348075297865,0.0010510111388632368,0.003910901161924846,0.0007140295955198009,0.0013994980072188099,0.047950872816641565,7.024425560635586,0.030579494281067102,2.513658404276309,0.02191849860339772,0.02086748746453446,0.0029446859457531067,0.002738895309964177
PS_propensity_score,2000,2.0,0.5,3,0.0031209071978910334,0.0022744691833377533,0.0004152593593548136,0.0008139083443354346,0.8714780272339627,0.23474341535161192,0.04285808793796078,0.08400185235840313,0.025159661816412247,0.01942920511083454,0.003547271304532913,0.00695265175688451,0.06775322105757893,0.09645722655491296,0.017610599606170715,0.0345167752280946,0.02582731268230656,0.021708117517258454,0.0039633418817251655,0.007768150088181324,0.022164230466267466,0.018769627740422425,0.003426849503134694,0.0067166250261440005,0.0036630822160390692,0.00577482737300392,0.0010543344059641823,0.0020664954356897974,0.14182978543286662,0.621065928762369,0.03257011041452924,0.22224558833561675,0.02582731268230656,0.022164230466267466,0.0039633418817251655,0.003426849503134694
PS_propensity_score,2000,2.0,0.5,5,0.0035884510596838003,0.0032845390380954877,0.0005996720407237396,0.0011753571998185295,0.9001806515009213,0.1771121221766366,0.03233610150791828,0.06337875895551984,0.03187788375688014,0.02425775300092668,0.004428839504332059,0.008680525428490836,0.06748835396788896,0.07979146963811012,0.014567862605760496,0.028553010707290574,0.023945378198340084,0.019758785973706738,0.0036074442622386193,0.007070590753987693,0.020506631390841534,0.015864040366649245,0.002896364253995439,0.005676873937831061,0.0034387468074985267,0.007440758634794659,0.0013584904497427929,0.002662641281495874,0.1436079555317663,1.548041669973108,0.04545517071587387,0.5539595971667962,0.023945378198340084,0.020506631390841534,0.0036074442622386193,0.002896364253995439
PS_propensity_score,2000,2.0,0.5,10,0.0017620577580948877,0.002054822057513047,0.00037515746418635785,0.0007353086298052614,0.8574756883545123,0.18437408709936443,0.03366194884124805,0.06597741972884617,0.035313193184070495,0.02540675450520224,0.004638617518498424,0.00909169033625691,0.12111332562949745,0.12332215611727428,0.022515442248534943,0.04413026680712849,0.021418787679879574,0.01656919436845632,0.003025107171763697,0.005929210056656846,0.016212261475974772,0.014345641660999178,0.0026191438465383763,0.005133521939215217,0.005206526203904762,0.0073700731291088326,0.001345585101091864,0.0026373467981400537,0.24308220809321157,1.919165199924396,0.054331362755898775,0.686764446763969,0.021418787679879574,0.016212261475974772,0.003025107171763697,0.0026191438465383763
PS_propensity_score,2000,2.0,1.0,3,0.013536680891193123,0.00698592311835097,0.0012754492256392197,0.0024998804822528703,0.8855390760492289,0.1820650183089215,0.03324037248679579,0.06515113007411974,0.0925752486631151,0.04427623278848667,0.008083697153201338,0.01584404642027462,0.0603116107291701,0.09938915378192953,0.018145893832570897,0.03556595191183896,0.025785480374833903,0.017392659824856768,0.0031754507070293012,0.00622388338577743,0.01874512440487197,0.012658859021772143,0.0023111808795007946,0.004529914523821558,0.007040355969961914,0.01121193197984188,0.0020470093528576513,0.004012138331600997,0.2730356723093348,3.9862681451763375,0.061357613326160715,1.4264677358065407,0.025785480374833903,0.01874512440487197,0.0031754507070293012,0.0023111808795007946
PS_propensity_score,2000,2.0,1.0,5,0.011842068356902881,0.007091236910494596,0.0012946768054970443,0.002537566538774207,0.9509337677140255,0.11186208432087474,0.02042312897069602,0.040029332782564195,0.10030675199276169,0.06243211854287003,0.011398493212922158,0.022341046697327428,0.061769130601350225,0.0742710538368199,0.013559977185368957,0.026577555283323156,0.02351277979033497,0.017064122199702474,0.0031154682176005736,0.006106317706497124,0.01772291717041101,0.00986666279785666,0.001801397927227709,0.0035307399373663098,0.005789862619923942,0.014863470345893155,0.0027136859970849315,0.0053188245542864655,0.24624322056143733,3.0108295769952704,0.09070246619581145,1.0774115270677107,0.02351277979033497,0.01772291717041101,0.0031154682176005736,0.001801397927227709
PS_propensity_score,2000,2.0,1.0,10,0.009777691825396785,0.0065915367980843775,0.0012034444643120629,0.002358751150051643,0.9655036779979908,0.09860920011074926,0.018003494426066097,0.03528684907508955,0.10364353104821834,0.0662645861652883,0.012098202868824385,0.023712477622895793,0.0837491720239499,0.09468873583804216,0.017287718853381175,0.0338839289526271,0.028381783303350974,0.016183986533299482,0.002954778164882653,0.00579136520317,0.022215366034122646,0.013324730095842575,0.0024327517487203174,0.004768193427491822,0.006166417269228306,0.01195134609165415,0.0021820072823167274,0.004276734273340786,0.21726673068144642,1.1918265314962762,0.066177784673769,0.42648964694331915,0.028381783303350974,0.022215366034122646,0.002954778164882653,0.0024327517487203174
PS_propensity_score,10000,0.5,0.2,3,0.00041753038395893105,0.0004945148313394979,9.028564271516856e-05,0.00017695985972173035,0.8538852877615762,0.2600790896398836,0.047483728043724124,0.09306810696569928,0.010903917651050853,0.009258644009936937,0.0016903893920508484,0.0033131632084196627,0.055117665206707696,0.08911987522341011,0.016270988660635824,0.031891137774846215,0.010255256733505745,0.007609492948531512,0.0013892969796957357,0.0027230220802036418,0.009907531429777797,0.007968147321976602,0.0014547780099236549,0.0028513648994503635,0.00034772530372794406,0.001511712763854282,0.00027599972707715686,0.0005409594650712274,0.03390703058577438,0.2665610837807783,0.027944442146557873,0.09538765877930774,0.010255256733505745,0.009907531429777797,0.0013892969796957357,0.0014547780099236549
PS_propensity_score,10000,0.5,0.2,5,0.0004535439824453542,0.00042493329398263316,7.758185018308748e-05,0.00015206042635885147,0.8604425057858008,0.1814042465935016,0.033119732628830174,0.06491467595250713,0.014591442167255055,0.012949527538768588,0.0023642494473393033,0.004633928916785034,0.06554995469653847,0.07296125364790758,0.01332084148227169,0.02610884930525251,0.009109418373779156,0.00657316901077546,0.0012000909804985459,0.00235217832177715,0.00850654136320443,0.006001079883237524,0.0010956422738132201,0.0021474588566739116,0.0006028770105747035,0.0015152114239123837,0.0002766384920887784,0.0005422114444940057,0.06618172377613785,1.5787850923021949,0.0273126813917917,0.5649609895577681,0.009109418373779156,0.00850654136320443,0.0012000909804985459,0.0010956422738132201
PS_propensity_score,10000,0.5,0.2,10,0.0004314174234635398,0.00043449591729391354,7.932773834859182e-05,0.00015548236716323994,0.8501086437831566,0.18657031873289548,0.03406292404364517,0.06676333112554454,0.01896230056508982,0.014019468504259112,0.0025595930480053087,0.005016802374090405,0.11072376783575939,0.14620320482961216,0.026692931088242274,0.052318144932954856,0.009253194422862801,0.006567697538844706,0.001199092030965469,0.0023502203806923193,0.008971079041925598,0.006608415524754867,0.0012065260840918599,0.002364791124820045,0.0002821153809372134,0.00203708214807648,0.000371918614664189,0.0007289604847418105,0.030488431134674143,0.6724292230286966,0.03985277115330027,0.24062570713527975,0.009253194422862801,0.008971079041925598,0.001199092030965469,0.0012065260840918599
PS_propensity_score,10000,0.5,0.5,3,0.0037807557080621833,0.0021683766944451417,0.00039588960957203035,0.0007759436347611795,0.8228687296704448,0.23049071858330733,0.042081655287884205,0.08248004436425305,0.062131295611704156,0.03884600843683028,0.007092278363295981,0.013900865592060122,0.11266888937019902,0.12993719854811617,0.02372317823461025,0.04649742933983609,0.010220933331633956,0.007570562896995538,0.0013821893572320385,0.0027090911401747952,0.008500892993459346,0.006670591346919321,0.0012178777842021605,0.0023870404570362344,0.001720040338174597,0.0029638437883895553,0.0005411213666075092,0.001060597878550718,0.1682860343928727,1.1524228214932126,0.04648560697770746,0.41238921040884685,0.010220933331633956,0.008500892993459346,0.0013821893572320385,0.0012178777842021605
PS_propensity_score,10000,0.5,0.5,5,0.0038750626286694497,0.002114713135441222,0.00038609202897787825,0.0007567403767966413,0.8445333613995446,0.19382890578516035,0.035388154665025304,0.0693607831434496,0.06462486803196724,0.03500969097501461,0.006391865826100178,0.012528057019156349,0.08518885162335996,0.08648688189805626,0.01579027204795021,0.030948933213982413,0.009503654266966543,0.005684687424356907,0.0010378771782287401,0.0020342392693283307,0.009338099828362199,0.005278169704279158,0.0009636575364580221,0.0018887687714577233,0.00016555443860434996,0.0033896908202907354,0.000618870041747142,0.0012129852818243982,0.017420082207723953,1.1376302794298856,0.06435528960188476,0.4070957672145071,0.009503654266966543,0.009338099828362199,0.0010378771782287401,0.0009636575364580221
PS_propensity_score,10000,0.5,0.5,10,0.0024676770593523734,0.0013655400338650507,0.00024931235990808555,0.0004886522254198477,0.9269992855141073,0.111235889342834,0.02030880193240623,0.03980525178751621,0.05677885643990033,0.04118155502603335,0.007518688880299571,0.01473663020538716,0.08149839117465255,0.11067973619439735,0.020207262724130804,0.039606234939296374,0.009324784234366756,0.006764392626169407,0.0012350034763915316,0.002420606813727402,0.008236636532957654,0.006412013803214133,0.0011706681996849573,0.002294509671382516,0.0010881477014090815,0.002908878392819852,0.0005310861042622688,0.0010409287643540468,0.11669414262677558,1.269862516838131,0.0538183372376109,0.45441446566298505,0.009324784234366756,0.008236636532957654,0.0012350034763915316,0.0011706681996849573
PS_propensity_score,10000,0.5,1.0,3,0.016078814843789625,0.006463952225838246,0.0011801508149091118,0.002313095597221859,0.8932956641019113,0.18125796672502129,0.03309302570093832,0.06486233037383911,0.17628226095847596,0.07737782631962258,0.014127193641991411,0.027689299538303166,0.06277398401758964,0.0898282681371465,0.016400322920112568,0.03214463292342063,0.00846999645790432,0.007508070187713322,0.001370779801714211,0.0026867284113598535,0.00799134701157611,0.005825534230446021,0.001063592169177928,0.002084640651588739,0.00047864944632820133,0.00437364444186931,0.0007985145731063043,0.0015650885632883566,0.05651117432068453,127.20146069559964,0.08877061275472686,45.51845812211664,0.00846999645790432,0.00799134701157611,0.001370779801714211,0.001063592169177928
PS_propensity_score,10000,0.5,1.0,5,0.01431801739449677,0.005143294133710942,0.0009390327389724916,0.0018405041683860835,0.8477332352093921,0.23065038067240556,0.04211080546381003,0.08253717870906767,0.1808212864207818,0.07588848474926069,0.013855278317352285,0.02715634550201048,0.09809829938208994,0.10407238076805471,0.019000930186643464,0.03724182316582119,0.011058635804473705,0.006132137908220421,0.0011195700860216228,0.002194357368602381,0.008691273963614634,0.006243405012178998,0.0011398845869370845,0.0022341737903966855,0.0023673618408590405,0.004041496376364724,0.0007378729104701161,0.0014462309045214275,0.2140735876211214,2.8125794021369197,0.06363203672909377,1.006468613105526,0.011058635804473705,0.008691273963614634,0.0011195700860216228,0.0011398845869370845
PS_propensity_score,10000,0.5,1.0,10,0.011879064945270412,0.004841095669639981,0.0008838591004341317,0.001732363836850898,0.8878850169873062,0.150360017945101,0.02745185785847113,0.05380564140260342,0.19205961357082244,0.0838689038288308,0.015312296833427342,0.03001210179351759,0.11481016200413587,0.15249744728934933,0.027842097280777224,0.054570510670323355,0.009306711828975519,0.0071149341573621865,0.001299003311050427,0.0025460464896588366,0.007571470955566294,0.0049360461377063215,0.0009011946048360013,0.0017663414254785626,0.00173524087340922,0.005057059774600107,0.0009232885710668231,0.0018096455992909733,0.18645047846079488,5.416867809885662,0.08246261270904359,1.9384012511253488,0.009306711828975519,0.007571470955566294,0.001299003311050427,0.0009011946048360013
PS_propensity_score,10000,1.0,0.2,3,0.0006905955567606795,0.0005143619290600045,9.390921042267882e-05,0.00018406205242845047,0.842432489550384,0.23498422145293982,0.04290205291585484,0.08408802371507548,0.013913551440281814,0.008595616269473562,0.0015693376421496914,0.003075901778613395,0.09105464608966571,0.08918773947299041,0.016283378920750255,0.0319154226846705,0.010733418626707408,0.008681840074223422,0.001585079883101498,0.003106756570878936,0.010302781031553965,0.007811433845484242,0.0014261661745436811,0.002795285702105615,0.00043063759515343347,0.0018561843416782964,0.00033889134494169323,0.0006642270360857187,0.04012119624980526,0.41191110100033007,0.028728794540060925,0.14740049444705078,0.010733418626707408,0.010302781031553965,0.001585079883101498,0.0014261661745436811
PS_propensity_score,10000,1.0,0.2,5,0.00041910050784143584,0.00041403469086597204,7.559204659232369e-05,0.00014816041132095442,0.845630142029989,0.20147896346711155,0.03678485771789876,0.07209832112708156,0.012104650409798585,0.008956118799320668,0.0016351560980280046,0.003204905952134889,0.10953455400606563,0.1119417201591942,0.020437668419040485,0.04005783010131935,0.009835881840933048,0.007095147609892496,0.0012953907982556617,0.0025389659645810967,0.009415860144135306,0.006429896301333001,0.0011739330822197066,0.002300908841150625,0.0004200216967977281,0.002065884908274634,0.00037717725515716934,0.0007392674201080519,0.04270300351207745,1.1064015066643385,0.03615174644827302,0.3959206944004035,0.009835881840933048,0.009415860144135306,0.0012953907982556617,0.0011739330822197066
PS_propensity_score,10000,1.0,0.2,10,0.000512650684853845,0.00046125393654381414,8.421306192770116e-05,0.00016505760137829425,0.8545570227321725,0.20017579129437713,0.03654693211945887,0.07163198695413939,0.015138849306116515,0.00969953371031602,0.001770884470140621,0.003470933561475617,0.08468260010171734,0.1112712619822608,0.020315260063250414,0.03981790972397081,0.011291188608547015,0.010693416725184072,0.001952341852395446,0.003826590030695074,0.010619049012351422,0.009880522621435819,0.0018039283732334916,0.0035356996115376437,0.0006721395961955816,0.0021256620962795698,0.0003880910265886795,0.0007606584121138118,0.05952779813515896,4.884447074286063,0.030930497111807252,1.7478769377707046,0.011291188608547015,0.010619049012351422,0.001952341852395446,0.0018039283732334916
PS_propensity_score,10000,1.0,0.5,3,0.004359645394050657,0.0019615948866918394,0.0003581365893759703,0.0007019477151769017,0.8460074217632048,0.23869349502331394,0.043579270518005385,0.08541537021529055,0.05817906674159596,0.028866538865744067,0.005270284831289206,0.010329758269326843,0.11448936217259532,0.11273951036795771,0.020583324316872664,0.04034331566107042,0.012265905721932303,0.01187825550379146,0.0021686628277454915,0.004250579142381163,0.010558639572059183,0.010474558955991057,0.0019123840733713548,0.0037482727838078554,0.0017072661498730832,0.003242228376854976,0.0005919472061956103,0.0011602165241433962,0.1391879400165622,26.900975816385355,0.04053198993931204,9.626390565376338,0.012265905721932303,0.010558639572059183,0.0021686628277454915,0.0019123840733713548
PS_propensity_score,10000,1.0,0.5,5,0.00432624727835119,0.0022225548289083125,0.00040578113836170596,0.0007953310311889437,0.9361910343696381,0.1515296231621973,0.027665397578730922,0.0542241792543126,0.06361640429633417,0.041289903945144465,0.007538470595992391,0.014775402368145086,0.0942885457628792,0.12227026088406064,0.022323393332747188,0.043753850932184486,0.011343499425622223,0.007667634951583119,0.0013999122085657022,0.0027438279287887763,0.008257943173825931,0.006968118107834991,0.00127219849034048,0.0024935090410673406,0.0030855562517962667,0.00328457269719397,0.000599678186006241,0.0011753692445722324,0.2720109673410629,1.414901604225555,0.04939653839614543,0.5063160365192612,0.011343499425622223,0.008257943173825931,0.0013999122085657022,0.00127219849034048
PS_propensity_score,10000,1.0,0.5,10,0.0029843215031793635,0.0013807586102022318,0.000252090879092415,0.0004940981230211334,0.907381569980032,0.1404918312522124,0.025650181707348667,0.05027435614640339,0.058788227726694,0.031749852893919045,0.005796703542490046,0.011361538943280491,0.10875841256230369,0.13473616409372538,0.024599345461950334,0.048214717105422654,0.010702024170193197,0.008932088438063748,0.0016307687743862002,0.0031963067977969525,0.008669627506800299,0.007604458963869628,0.001388377904044586,0.0027212206919273885,0.002032396663392887,0.0031668643176069144,0.0005781876744371706,0.0011332478418968543,0.18990768765533528,7.07877572711782,0.04459254571303603,2.533107361571477,0.010702024170193197,0.008669627506800299,0.0016307687743862002,0.001388377904044586
PS_propensity_score,10000,1.0,1.0,3,0.015468117712872135,0.0066366413689746325,0.0012116793946197908,0.00237489161345479,0.8861032764135915,0.20620500027469477,0.03764771004026977,0.07378951167892875,0.1573163585633163,0.06344386491051132,0.011583211982265843,0.02270309548524105,0.08731754822670847,0.10701375466332386,0.019537949130808713,0.03829438029638508,0.01097007368853224,0.006941572780764219,0.0012673519988628085,0.002484009917771105,0.006192985496154655,0.005854874963366421,0.0010689490296026739,0.0020951400980212405,0.00477708819237753,0.004165628963621327,0.0007605363165240893,0.001490651180387215,0.4354654606715539,0.6037072870105242,0.05972459346424879,0.21603387816092764,0.01097007368853224,0.006192985496154655,0.0012673519988628085,0.0010689490296026739
PS_propensity_score,10000,1.0,1.0,5,0.019003110147070474,0.006327693521223836,0.0011552734928511965,0.002264336045988345,0.8852204615002325,0.165121958700435,0.03014700717322156,0.059088134059514255,0.21137816246783372,0.0743628960624345,0.013576745204935823,0.026610420601674213,0.0797809976010595,0.0724062237858056,0.013219507357084279,0.025910234419885186,0.012003031053240248,0.008234592285055646,0.0015034239821276629,0.002946711004970219,0.00648437324855228,0.004824044491946439,0.0008807459955492044,0.0017262621512764407,0.005518657804687949,0.006074120460309986,0.0011089775977051475,0.0021735960915020888,0.45977201760202,1.0960292386145987,0.05648226288962996,0.3922090259472929,0.012003031053240248,0.00648437324855228,0.0015034239821276629,0.0008807459955492044
PS_propensity_score,10000,1.0,1.0,10,0.013743818129387835,0.004276292249064372,0.0007807405757656855,0.0015302515285007434,0.9042380943954462,0.13765718519674378,0.02513264851164093,0.04925999108281622,0.2032718185539199,0.07396624458650576,0.013504326884657861,0.02646848069392941,0.1135771352690127,0.0862086024395055,0.015739465402370683,0.03084935218864654,0.014800815414007093,0.009907033173715142,0.0018087685157319267,0.003545186290834576,0.00986780941062873,0.006753092622479579,0.0012329403874179281,0.002416563159339139,0.004933006003378326,0.0070614148542064515,0.001289232067850309,0.002526894852986606,0.33329285349440263,2.2067764314357365,0.06366119001526412,0.7896848041671621,0.014800815414007093,0.00986780941062873,0.0018087685157319267,0.0012329403874179281
PS_propensity_score,10000,2.0,0.2,3,0.0006515354227435072,0.0005823820040269232,0.00010632792023020344,0.00020840272365119873,0.8632221469180359,0.2266593928008732,0.04138215410248743,0.08110902204087536,0.00848728172174447,0.0052131338404904064,0.0009517836665767114,0.0018654959864903542,0.09957845248170907,0.09665671885802771,0.01764702175099225,0.03458816263194481,0.020080368692169726,0.010265391121320173,0.0018741954262534368,0.003673423035456736,0.018039092712630007,0.010132717710133434,0.0018499726862240583,0.0036259464649991543,0.002041275979539657,0.0012944756364182259,0.00023633783540237272,0.0004632221573886505,0.10165530378611565,0.15940988145485077,0.013846326379072437,0.05704409346853686,0.020080368692169726,0.018039092712630007,0.0018741954262534368,0.0018499726862240583
PS_propensity_score,10000,2.0,0.2,5,0.0007338233420480409,0.00046947570190745573,8.571414404509488e-05,0.00016799972232838596,0.8894107275591767,0.16856914775104012,0.030776374907555304,0.06032169481880839,0.00928783721540787,0.004745166010369582,0.0008663448209954044,0.0016980358491509924,0.10375204028842601,0.11148003970857122,0.020353377486652034,0.039892619873837985,0.022200848719178993,0.009015964487391153,0.001646082375803212,0.0032263214565742956,0.02011965610360802,0.009009691438644623,0.0016449370790356107,0.003224076674909797,0.002081192615570926,0.0008329415809910795,0.00015207363099761017,0.00029806431675531594,0.09374383123349062,0.06591232748892506,0.009493000968902997,0.023586423474456702,0.022200848719178993,0.02011965610360802,0.001646082375803212,0.0016449370790356107
PS_propensity_score,10000,2.0,0.2,10,0.0005867189446490288,0.00039844875926394043,7.27464578196019e-05,0.00014258305732641973,0.9223152653704553,0.11681342861269006,0.02132711662356325,0.04180114858218397,0.011486497578558026,0.006447420319980888,0.0011771325156569028,0.0023071797306875295,0.08072299905122171,0.10155455386757087,0.018541239990214026,0.03634083038081949,0.01893925452556503,0.008559696330371342,0.001562779588512859,0.0030630479934852036,0.017113269290384425,0.008034550358694721,0.0014669014902894408,0.002875126920967304,0.0018259852351805638,0.0017456282143339592,0.0003187066500027241,0.0006246650340053392,0.0964127301164791,1.186624422169452,0.015526989990530433,0.4246280960283782,0.01893925452556503,0.017113269290384425,0.001562779588512859,0.0014669014902894408
PS_propensity_score,10000,2.0,0.5,3,0.006210370809637414,0.002002866032823191,0.0003656716352793814,0.0007167164051475875,0.8999347676404227,0.23031556781636844,0.04204967727921195,0.08241736746725542,0.05341354369441774,0.014097739120593401,0.0025738832420573498,0.005044811154432406,0.08501405780917974,0.11220056098854807,0.02048492607272064,0.04015045510253245,0.020847524096500394,0.008022058192257759,0.0014646207431728963,0.0028706566566188765,0.015207034254262418,0.007591146056639953,0.0013859473108460306,0.0027164567292582197,0.005640489842237928,0.0027808527434945046,0.0005077119255706892,0.0009951153741185508,0.27055921922089665,0.1722629241557191,0.02557965534258006,0.06164349572950076,0.020847524096500394,0.015207034254262418,0.0014646207431728963,0.0013859473108460306
PS_propensity_score,10000,2.0,0.5,5,0.005846801536657293,0.002164600326252193,0.00039520014222378934,0.0007745922787586271,0.8144510751022807,0.24507117303913076,0.04474366988926127,0.08769759298295209,0.058953730265561576,0.023759479266952904,0.0043378675830288045,0.008502220462736456,0.14136205712045158,0.13993324570025292,0.02554819840498044,0.05007446887376166,0.023784177538304165,0.008595847221473161,0.0015693798080229852,0.003075984423725051,0.01770894798471146,0.008749384157816462,0.0015974116891714722,0.0031309269107760856,0.006075229553592663,0.0023102738397978015,0.0004217963653571107,0.000826720876099937,0.25543155922918137,0.17831022769865476,0.02362895962225198,0.06380749551036466,0.023784177538304165,0.01770894798471146,0.0015693798080229852,0.0015974116891714722
PS_propensity_score,10000,2.0,0.5,10,0.004276142312882781,0.0017376016911853731,0.0003172412140737848,0.0006217927795846182,0.8561475341556999,0.1800996026494533,0.03288153832294092,0.0644478151129642,0.05638222834569606,0.021132457230112013,0.00385824117348183,0.007562152700024387,0.1165170645880905,0.12298588676504116,0.0224540481453297,0.04400993436484621,0.020486144327834667,0.011300943466932483,0.002063260552643186,0.004043990683180644,0.015067759220175206,0.010145649387183344,0.0018523336766329275,0.0036305740062005376,0.005418385107659401,0.002505079904267291,0.00045736292397335914,0.0008964313309877839,0.2644902340308841,0.2608510055562722,0.02357306383525584,0.09334433352883613,0.020486144327834667,0.015067759220175206,0.002063260552643186,0.0018523336766329275
PS_propensity_score,10000,2.0,1.0,3,0.023325997607868385,0.004603232847153987,0.0008404314892783231,0.0016472457189855134,0.8705110048533021,0.23987186277154132,0.04379441005025229,0.08583704369849449,0.18118424558245974,0.039445187511802315,0.007201672995078401,0.014115279070353665,0.11600586838262321,0.10287860796121218,0.01878297808836216,0.03681463705318983,0.02568375180368888,0.010562517685129374,0.001928443066730869,0.003779748410792503,0.013886200152402044,0.008572722483881554,0.0015651578278845484,0.003067709342653715,0.011797551651286774,0.005277930402429318,0.0009636138461176189,0.001888683138390533,0.45933910829929414,0.26554729976769953,0.03266163882120914,0.09502488082933885,0.02568375180368888,0.013886200152402044,0.001928443066730869,0.0015651578278845484
PS_propensity_score,10000,2.0,1.0,5,0.022774785197792444,0.006357918389737288,0.0011607917736120117,0.002275151876279543,0.8601440031130652,0.20378639836001092,0.03720613576483726,0.07292402609908102,0.19390983133415907,0.04735226572451024,0.008645301362097655,0.016944790669711402,0.1358293735542438,0.12627754022407647,0.02305501909566422,0.04518783742750187,0.022287856585228066,0.010395255323546588,0.0018979052772440433,0.003719894343398325,0.011227386028534628,0.008285523152430243,0.001512722643772453,0.002964936381794008,0.011060470556693385,0.007746542190370523,0.0014143186334438047,0.002772064521549857,0.49625546155138534,2.3190043204952664,0.050018174220624156,0.8298450384943021,0.022287856585228066,0.011227386028534628,0.0018979052772440433,0.001512722643772453
PS_propensity_score,10000,2.0,1.0,10,0.017477358614297542,0.00375318868778691,0.0006852353689580349,0.0013430613231577484,0.8876743333391383,0.1545671564722718,0.028219972749764632,0.05531114658953868,0.1877266027955353,0.04224698069943788,0.007713208105189169,0.01511788788617077,0.146026487264613,0.14457015824846411,0.02639477893825845,0.051733766718986565,0.0221917889499798,0.01149031402557553,0.0020978347282085696,0.004111756067288796,0.0110236216991019,0.00945242176179116,0.0017257682073285809,0.0033825056863640186,0.011168167250877842,0.0048552039102829885,0.0008864349009830939,0.001737412405926864,0.5032567350045958,0.31322494373217585,0.04002588216513768,0.11208610660686075,0.0221917889499798,0.0110236216991019,0.0020978347282085696,0.0017257682073285809
Prognostic_score,500,0.5,0.2,3,0.0015974457710311364,0.0062214749129298474,0.001135880716921389,0.0022263262051659223,0.8485270842407098,0.2603955017222838,0.04754149672205673,0.09318133357523119,0.021143513193383222,0.01575722256658697,0.0028768620811163775,0.0056386496789881,0.0941712243835482,0.10068658410630761,0.01838277111772194,0.036030231390735,0.040271184992797325,0.0266365921357944,0.004863154122613102,0.009531782080321679,0.0417596706282197,0.026104060876753772,0.004765927661562042,0.009341218216661602,-0.0014884856354223485,0.004682554925276875,0.000854913653110354,0.0016756307600962938,-0.036961555407137636,1.784339852746527,0.022551803233495756,0.6385178159017499,0.040271184992797325,0.0417596706282197,0.004863154122613102,0.004765927661562042
Prognostic_score,500,0.5,0.2,5,0.00032315857418526323,0.0045009489705311705,0.0008217570937798591,0.0016106439038085238,0.9156625371239012,0.15150613307738223,0.027661108895620613,0.0542157734354164,0.027256649056072956,0.02266701765732326,0.004138412294094618,0.00811128809642545,0.07760193190825505,0.10259045207945236,0.01873036826285628,0.03671152179519831,0.04190328653753425,0.027913380581012285,0.005096262733482362,0.00998867495762543,0.04171248325041975,0.030027859951617553,0.00548231208303564,0.010745331682749854,0.00019080328711448634,0.006798494008561445,0.0012412295085176077,0.002432809836694511,0.004553420575820311,0.2736778696001711,0.029737564856528315,0.09793436787771442,0.04190328653753425,0.04171248325041975,0.005096262733482362,0.00548231208303564
Prognostic_score,500,0.5,0.2,10,0.0012489251362346097,0.007347228283020925,0.001341414221916837,0.0026291718749570005,0.9895327665865004,0.03989978761662144,0.007284671239096284,0.014277955628628717,0.05591215545702419,0.03404425141898122,0.006215601485184425,0.012182578910961472,0.09722671759576623,0.12220510607100922,0.02231149774580109,0.04373053558177014,0.045226008147074274,0.027634726552097387,0.0050453877010235675,0.009888959894006191,0.04949452713234677,0.02975477081952141,0.005432453057082784,0.010647607991882257,-0.004268518985272477,0.011127198332310568,0.002031539176146788,0.0039818167852477045,-0.09438195322017662,7.075739549389583,0.046172996119116225,2.532020879324981,0.045226008147074274,0.04949452713234677,0.0050453877010235675,0.005432453057082784
Prognostic_score,500,0.5,0.5,3,0.003226660412674348,0.004961355709989802,0.0009058154793894911,0.0017753983396034026,0.9021200855460542,0.21161034174316587,0.03863458585803634,0.07572378828175123,0.0639023665821711,0.04021870421972493,0.007342897178257184,0.014392078469384081,0.0943603872038138,0.09609271466771659,0.01754404914513864,0.03438633632447173,0.02987465577786515,0.027752988962827078,0.005066979364377431,0.009931279554179764,0.029802026363920257,0.026358841261957547,0.004812443982957363,0.009432390206596432,7.2629413944895e-05,0.0077338114449796245,0.001411994327968988,0.0027675088828192167,0.0024311381019729295,16.248393353417075,0.04713566079770671,5.814412887750581,0.02987465577786515,0.029802026363920257,0.005066979364377431,0.004812443982957363
Prognostic_score,500,0.5,0.5,5,0.002793287071940217,0.006044932486674825,0.0011036486271825327,0.0021631513092777643,0.9312596511057637,0.15851901426776357,0.02894147996931246,0.05672530073985242,0.08303247537137293,0.04335454802987658,0.00791542130880152,0.015514225765250978,0.11791571046252722,0.11055783445734958,0.02018500661373743,0.03956261296292536,0.035114820406411,0.027193748602235383,0.0049648765108563,0.009731157961278348,0.03742433595769189,0.02641822716651453,0.004823286316131932,0.009453641179618586,-0.0023095155512808806,0.007805691627847043,0.0014251177938336818,0.002793230875914016,-0.06577039337097768,4.582488135220455,0.043770230214178266,1.6398223191578845,0.035114820406411,0.03742433595769189,0.0049648765108563,0.004823286316131932
Prognostic_score,500,0.5,0.5,10,0.00414884068570138,0.006487930378700588,0.0011845286066457822,0.002321676069025733,0.9938309256533039,0.03378941178611883,0.0061690743466960695,0.012091385719524296,0.10712851098354884,0.05055186565565888,0.009229465714525018,0.018089752800469035,0.11511471722358131,0.0968484146568818,0.01768202045539604,0.03465676009257624,0.03338501162144772,0.027261395635978437,0.004977227112966095,0.009755365141413546,0.03385896061857071,0.027867498835002023,0.0050878859110598485,0.009972256385677303,-0.00047394899712297677,0.01001588682662185,0.0018286423827865409,0.00358413907026162,-0.014196460450488724,2.953019145370428,0.05507372433282558,1.0567243297938205,0.03338501162144772,0.03385896061857071,0.004977227112966095,0.0050878859110598485
Prognostic_score,500,0.5,1.0,3,0.016525151964467393,0.01218880187396794,0.0022253605784444937,0.004361706733751207,0.9104870233031691,0.18075468225134408,0.03300113894791328,0.06468223233791003,0.17782080700243463,0.09125792373552619,0.01666134112701127,0.03265622860894209,0.052706100913996294,0.06814674209468066,0.012441835955247818,0.024385998472285723,0.04056356159594553,0.026885061022619908,0.004908518127330611,0.009620695529567997,0.03994327770017747,0.027223851611932057,0.004970372543342855,0.009741930184951996,0.0006202838957680468,0.008975306995618187,0.0016386593673446675,0.003211772359995548,0.01529165268934507,0.4240803944827374,0.04020064192255372,0.15175522019253795,0.04056356159594553,0.03994327770017747,0.004908518127330611,0.004970372543342855
Prognostic_score,500,0.5,1.0,5,0.017584637547288336,0.01018970240522362,0.001860376620535208,0.003646338176249008,0.9196746463443705,0.1712492677040398,0.03126569562591451,0.06128076342679244,0.23632055971840907,0.10900554395107462,0.019901598438374794,0.039007132939214595,0.11719724609006708,0.12645545093631544,0.023087500999102582,0.04525150195824106,0.03710117914255122,0.0319668229702479,0.005836316677526357,0.01143918068795166,0.03522289178411615,0.03162229365660035,0.005773414518590846,0.011315892456438057,0.0018782873584350462,0.01081608403464742,0.0019747377365492936,0.0038704859636366153,0.05062608256245049,5.7047940350794555,0.0522122745406403,2.0414343275701716,0.03710117914255122,0.03522289178411615,0.005836316677526357,0.005773414518590846
Prognostic_score,500,0.5,1.0,10,0.011061584150659573,0.006179107207814654,0.0011281454676542828,0.002211165116602394,0.9959239105480456,0.02232566139244249,0.004076089451954316,0.00798913532583046,0.25219193511177396,0.10997821800087515,0.02007918361110001,0.03935519987775602,0.13650127998197498,0.15389768538939955,0.02809774461186912,0.05507157943926347,0.04586376068858808,0.028533358825211175,0.005209454756652423,0.010210531323038749,0.04277336879984218,0.027998631851940917,0.005111827414863561,0.01001918173313258,0.003090391888745902,0.014129138900759543,0.0025796160313565825,0.005056047421458902,0.06738199925927268,1.133635233373108,0.05455874621757419,0.40566615834337516,0.04586376068858808,0.04277336879984218,0.005209454756652423,0.005111827414863561
Prognostic_score,500,1.0,0.2,3,0.0018386882712086766,0.003989294510180117,0.0007283421972523908,0.0014275507066146861,0.9144465681307473,0.16418796021322035,0.02997648315984717,0.05875390699330045,0.020499793422805754,0.015473666112224916,0.0028250919923229504,0.005537180304952983,0.0856526511650903,0.09687532158289998,0.01768693296550713,0.034666388612393975,0.036538318027975906,0.03252232139716026,0.005937736350552536,0.01163796324708297,0.03693926915738047,0.032243768379517215,0.005886879760144458,0.011538284329883138,-0.00040095112940457996,0.003836687350437669,0.0007004800693098132,0.0013729409358472337,-0.010973442430972646,0.29901850743702424,0.01948556905042964,0.10700239866805918,0.036538318027975906,0.03693926915738047,0.005937736350552536,0.005886879760144458
Prognostic_score,500,1.0,0.2,5,-0.00061591241035695,0.004590044596160396,0.0008380236550905798,0.0016425263639775363,0.9412242989648932,0.11899540840505304,0.021725489807662465,0.04258196002301843,0.028410629264562767,0.01942049402296735,0.0035456808847578233,0.006949534534125334,0.06743975319079377,0.0719028199236451,0.013127598806804102,0.02573009366133604,0.036951965094270754,0.03504971229374553,0.006399172685783522,0.012542378464135702,0.03587157736389506,0.035291265401673724,0.006443274047799439,0.012628817133686899,0.001080387730375654,0.008077413561824225,0.0014747272047030925,0.0028904653212180613,0.029237625864265704,2.5360794668551323,0.03979884414530869,0.907524381993191,0.036951965094270754,0.03587157736389506,0.006399172685783522,0.006443274047799439
Prognostic_score,500,1.0,0.2,10,0.0002230910749405602,0.006087055557898327,0.001111339212616036,0.00217822485672743,0.9584094890771847,0.08797025826881061,0.016061098281127645,0.03147975263101018,0.052673653954728894,0.038233958204298875,0.006980533790401403,0.013681846229186749,0.11840306912325715,0.13758293527897975,0.025119092393356843,0.04923342109097941,0.03578984661825766,0.03112163305934359,0.005682006817666999,0.011136733362627318,0.03739617100688116,0.033828082162212156,0.006176134559127243,0.012105223735889396,-0.0016063243886234903,0.009814992452275476,0.0017919642559514086,0.0035122499416647608,-0.044882125530095296,1.4573618295500166,0.04964765905771078,0.5215102330144747,0.03578984661825766,0.03739617100688116,0.005682006817666999,0.006176134559127243
Prognostic_score,500,1.0,0.5,3,0.004060237538167987,0.005707764321577736,0.0010420904239504323,0.002042497230942847,0.8440620494900011,0.26058469396242284,0.04757603834126642,0.09324903514888218,0.06930377427995692,0.04448382487721287,0.008121598109786321,0.01591833229518119,0.10003795508012966,0.10286587319730146,0.01878065304920936,0.03681007997645035,0.045633788830895756,0.026118190990683462,0.004768507455608511,0.00934627461299268,0.04462176865723381,0.028863808364203727,0.005269786312193557,0.010328781171899372,0.0010120201736619333,0.009843713710119082,0.0017972080162183637,0.003522527711787993,0.022176992083917768,0.29085221184769694,0.039693869512170854,0.1040801273217799,0.045633788830895756,0.04462176865723381,0.004768507455608511,0.005269786312193557
Prognostic_score,500,1.0,0.5,5,0.0049085415406110765,0.006067705535352668,0.001107806398003872,0.0021713005400875894,0.915308431898418,0.142113943300086,0.025946337493822424,0.05085482148789195,0.07932693071926859,0.03516731418810825,0.006420643755899455,0.012584461761562932,0.10347087285772402,0.09509379381890742,0.017361671984453642,0.03402887708952914,0.03770802412618398,0.03361408326731567,0.006137063885121917,0.012028645214838957,0.03934312447009158,0.03499582202243566,0.006389333713374691,0.012523094078214395,-0.0016351003439076107,0.008983000097058776,0.0016400639290767294,0.0032145253009903895,-0.04336213264412869,0.5178230473912867,0.04389957737212283,0.18530059771681925,0.03770802412618398,0.03934312447009158,0.006137063885121917,0.006389333713374691
Prognostic_score,500,1.0,0.5,10,0.00427679690319031,0.006420609473191215,0.00117223754713273,0.0022975855923801506,0.9924745103550496,0.030353621811627565,0.005541787789403081,0.01086190406723004,0.1020645347358617,0.03993277274621282,0.007290693472276093,0.014289759205661142,0.14810244123364585,0.13878148882146402,0.02533791733055563,0.04966231796788903,0.03670704874781039,0.027260013142030796,0.004976974705259182,0.009754870422307996,0.031822943207898066,0.02706489834746228,0.004941351780496462,0.009685049489773065,0.004884105539912283,0.01215953706780052,0.0022200175802848565,0.004351234457358319,0.13305633949129902,0.8781151004277621,0.05883566968553112,0.3142294530789304,0.03670704874781039,0.031822943207898066,0.004976974705259182,0.004941351780496462
Prognostic_score,500,1.0,1.0,3,0.01795989341003669,0.009602644135985215,0.0017531949349912693,0.003436262072582888,0.9182457705176282,0.15986373246403388,0.029186990799174094,0.057206501966381225,0.2058873119579731,0.0704859310523543,0.012868911474709435,0.025223066490430494,0.10009824244631646,0.10933852428115554,0.019962392051038405,0.03912628842003527,0.041046113749506986,0.031174950059473048,0.005691741125556803,0.011155812606091334,0.04042774625614693,0.028890108463636377,0.005274588031434854,0.010338192541612314,0.0006183674933600698,0.011910086247546624,0.0021744742998711145,0.0042619696277473845,0.015065189779811528,21.82881983061303,0.05222713811342272,7.811342856295998,0.041046113749506986,0.04042774625614693,0.005691741125556803,0.005274588031434854
Prognostic_score,500,1.0,1.0,5,0.019926952241331897,0.008619397005300527,0.0015736793906318582,0.0030844116056384418,0.9626674782260932,0.09663692782878719,0.017643408419941827,0.03458108050308598,0.24445028386472306,0.0792248568260013,0.014464413732906018,0.028350250916495793,0.09065257104618629,0.08572211984942484,0.01565064623956378,0.030675266629545006,0.04325879252512575,0.035678976336887214,0.006514060056135389,0.012767557710025362,0.03999379247552285,0.027786915593654437,0.005073173491378863,0.009943420043102572,0.0032650000496028766,0.016678016705053016,0.003044975321268507,0.005968151629686274,0.07547598670736155,0.6444761530679974,0.06353371245027675,0.23062282951553637,0.04325879252512575,0.03999379247552285,0.006514060056135389,0.005073173491378863
Prognostic_score,500,1.0,1.0,10,0.01577753961698314,0.006008428632710873,0.0010969839657652225,0.002150088572899836,0.9711110424835568,0.07754722209090284,0.014158120937016806,0.02774991703655294,0.27721842094234783,0.07377498763904293,0.013469408303189536,0.02640004027425149,0.16998463684752257,0.12484158409189343,0.022792850573936044,0.044673987124914646,0.040967333685280376,0.030726083992689834,0.005609789768864874,0.010995187946975153,0.03880161682544719,0.02912335427526857,0.005317172695593038,0.010421658483362354,0.00216571685983317,0.013339057280343635,0.0024353675227659073,0.004773320344621178,0.05286448164946922,1.2589005404410698,0.05743488105463896,0.45049177278794544,0.040967333685280376,0.03880161682544719,0.005609789768864874,0.005317172695593038
Prognostic_score,500,2.0,0.2,3,0.00045911983674126673,0.005208973447529479,0.0009510240862191161,0.0018640072089894676,0.8599371863085759,0.2641095633895352,0.04821958850709633,0.09451039347390881,0.012589488171792064,0.01221061752395579,0.002229343552979488,0.004369513363839796,0.06618235974627594,0.07321790257847711,0.013367698951815861,0.02620068994555909,0.04421723873580085,0.033460741932723845,0.006109067715803953,0.011973772722975748,0.044639165951272056,0.03365007470644376,0.006143634992817759,0.012041524585922806,-0.0004219272154711853,0.003459097544883993,0.0006315419179812339,0.0012378221592432184,-0.009542143008798742,0.23507591343033352,0.014339220798807905,0.0841208352677912,0.04421723873580085,0.044639165951272056,0.006109067715803953,0.006143634992817759
Prognostic_score,500,2.0,0.2,5,0.0021659637170727097,0.004847960124809422,0.0008851123727478936,0.0017348202505858715,0.9031872346275589,0.17913579181061215,0.03270557134374049,0.06410291983373136,0.0187004875074615,0.014012264427946598,0.002558277769637858,0.005014224428490202,0.0712240613912038,0.10511276458297482,0.01919087741460847,0.0376141197326326,0.03656130551980303,0.02395351356410209,0.0043732932368548945,0.008571654744235593,0.03593584562954858,0.024336900438040116,0.0044432897832239766,0.008708847975118995,0.0006254598902544503,0.008433872411000272,0.00153980738887511,0.0030180224821952156,0.01710715417193387,0.8091406936220061,0.04189844019867544,0.28954727859353746,0.03656130551980303,0.03593584562954858,0.0043732932368548945,0.0044432897832239766
Prognostic_score,500,2.0,0.2,10,0.0004198373310164365,0.005645753942320844,0.0010307689294442822,0.0020203071017107933,0.9671390748606583,0.08056392385846169,0.014708892806136034,0.028829429900026626,0.04455982770981905,0.018556792974509476,0.003387991369030743,0.006640463083300256,0.09455120989241371,0.08150827948212917,0.014881307765265882,0.029167363219921128,0.041062548343675925,0.029146148800901137,0.005321334387551901,0.010429815399601725,0.044272542293568105,0.028585322432878726,0.005218941970015377,0.01022912626123014,-0.003209993949892183,0.009941826577221691,0.0018151208930495654,0.0035576369503771484,-0.07817327660782047,0.9036572267126506,0.04753303682075652,0.3233695855844114,0.041062548343675925,0.044272542293568105,0.005321334387551901,0.005218941970015377
Prognostic_score,500,2.0,0.5,3,0.004323761110199135,0.005157385812863445,0.0009416055158208088,0.0018455468110087853,0.8546012125581798,0.26484231155377586,0.0483533694066047,0.09477260403694521,0.04902607996178921,0.027130947495457077,0.004953410649916711,0.009708684873836753,0.0778414754428384,0.09722273092441955,0.01775036094318656,0.03479070744864566,0.04043424260453034,0.029479802037839894,0.005382250855637225,0.010549211677048961,0.03998245981154624,0.028936966543751788,0.005283143107261719,0.010354960490232969,0.0004517827929840998,0.00651376886023914,0.0011892460463758976,0.002330922250896759,0.01117327205563834,0.32218837720028215,0.029161273318128598,0.1152936300796041,0.04043424260453034,0.03998245981154624,0.005382250855637225,0.005283143107261719
Prognostic_score,500,2.0,0.5,5,0.0038375255800333703,0.0063620080557943255,0.0011615384410627125,0.0022766153444829166,0.9779400467135626,0.05632445281204855,0.01028339111476476,0.020155446584938928,0.06512646124393542,0.04111960657755218,0.007507378692754378,0.01471446223779858,0.07175452247893531,0.07634468949582758,0.013938569527530824,0.027319596273960415,0.04378887831545932,0.036020753763319924,0.0065764597915031415,0.012889861191346157,0.04668571516640516,0.037027716544410026,0.00676030520142687,0.013250198194796666,-0.0028968368509458375,0.009640933742226068,0.001760185628676638,0.00344996383220621,-0.06615462561239283,1.6775631798663968,0.04167516917457628,0.6003082742319089,0.04378887831545932,0.04668571516640516,0.0065764597915031415,0.00676030520142687
Prognostic_score,500,2.0,0.5,10,0.004874748637331111,0.005374612596042535,0.0009812655189012991,0.0019232804170465463,0.9943715315231647,0.016472014625827883,0.00300736465937365,0.005894434732372354,0.08246495471929309,0.03092221194424776,0.00564559766994006,0.011065371433082517,0.14890553988479588,0.13529813537886543,0.024701946911797456,0.04841581594712301,0.044544823132014,0.036611166142523334,0.006684253850943143,0.013101137547848559,0.04819843814952325,0.03755577227627656,0.006856714546747937,0.013439160511625955,-0.003653615017509246,0.012266489757803523,0.002239544380585024,0.004389506985946647,-0.082021091579628,4.011976526339726,0.052820177472626066,1.435667361856225,0.044544823132014,0.04819843814952325,0.006684253850943143,0.006856714546747937
Prognostic_score,500,2.0,1.0,3,0.022077794131172942,0.008954762118921981,0.001634908403208776,0.003204420470289201,0.920413293657544,0.14722987905454066,0.026880375298976432,0.05268553558599381,0.18177971330868123,0.06199543254002688,0.011318765621487507,0.022184780618115515,0.13723198238640977,0.14051215714037135,0.025653892689830662,0.0502816296720681,0.05494479816872863,0.02759113683047474,0.005037429343087535,0.00987336151245157,0.04457558417980266,0.02212770177009267,0.004039947135075583,0.007918296384748143,0.010369213988925964,0.018305501541103754,0.003342112040169369,0.0065505395987319635,0.18872057655182217,0.3430784189053303,0.05229714756685329,0.12276903549806875,0.05494479816872863,0.04457558417980266,0.005037429343087535,0.004039947135075583
Prognostic_score,500,2.0,1.0,5,0.022926781144787314,0.010640845985535802,0.0019427437924054163,0.003807777833114616,0.8786390654069678,0.16924822309240184,0.030900356535125083,0.060564698808845165,0.2052936559210079,0.05857780144059766,0.010694794406024652,0.02096179703580832,0.15232405485549105,0.14078482344120835,0.025703674517710634,0.05037920205471284,0.032508022736252355,0.03151740595678928,0.005754264732193727,0.011278358875099705,0.034528020941110314,0.02580929604516933,0.004712111212422705,0.009235737976348501,-0.002019998204857956,0.017413651282071035,0.0031792832052396874,0.006231395082269787,-0.06213845182916322,2.4441999111692976,0.10450610031628178,0.8746457052477044,0.032508022736252355,0.034528020941110314,0.005754264732193727,0.004712111212422705
Prognostic_score,500,2.0,1.0,10,0.016398202850319264,0.008649667233893118,0.0015792059529721916,0.0030952436678254956,0.9973148052504404,0.012695520440906154,0.002317874308250744,0.0045430336441714585,0.23558466770340564,0.06871068506557941,0.01254479738401706,0.024587802872673436,0.1332230913489673,0.13493744012600015,0.02463609326967101,0.048286742808555175,0.050843742680236864,0.04337654696009058,0.007919437745574583,0.015522097981326182,0.04309320022157501,0.03437500707399582,0.006275988929609056,0.01230093830203375,0.007750542458661833,0.0158022189186556,0.002885077253460855,0.005654751416783276,0.15243847226995177,0.9508708701924079,0.04378489757778563,0.34026477092091295,0.050843742680236864,0.04309320022157501,0.007919437745574583,0.006275988929609056
Prognostic_score,2000,0.5,0.2,3,0.001072826861629288,0.0016041901313849092,0.00029288370716223027,0.0005740520660379713,0.8649191381998104,0.22672529741274808,0.04139418658334327,0.0811326057033528,0.02937029104360467,0.016431269717510175,0.0029999256909106205,0.005879854354184816,0.04771101541921445,0.06578399991066446,0.012010460224662919,0.02354050204033932,0.017024814023822395,0.013725217802707171,0.0025058704657380695,0.004911506112846616,0.016595571455880122,0.013466401234417473,0.0024586172415019545,0.0048188897933438305,0.000429242567942274,0.0021360214915364293,0.00038998238474344417,0.0007643654740971506,0.02521276105228787,1.8412970242778153,0.022468939806856724,0.6588996779725432,0.017024814023822395,0.016595571455880122,0.0025058704657380695,0.0024586172415019545
Prognostic_score,2000,0.5,0.2,5,0.00028385372656551867,0.001156647421698694,0.00021117396131485502,0.00041390096417711584,0.8613042296392545,0.20316710836740232,0.037093069398640946,0.07270241602133626,0.033103204394024685,0.01802772850230628,0.003291397853763991,0.006451139793377423,0.1000364740322454,0.11930031159025055,0.021781157258458413,0.04269106822657849,0.016278791850077457,0.013007157411379608,0.002374771174411038,0.004654551501845634,0.016232165518897904,0.012784155472008427,0.0023340567768907064,0.004574751282705784,4.662633117956398e-05,0.0027935528180821788,0.0005100306313485783,0.0009996600374432135,0.0028642378137743174,2.1063356933720057,0.031255745077477116,0.753742547652913,0.016278791850077457,0.016232165518897904,0.002374771174411038,0.0023340567768907064
Prognostic_score,2000,0.5,0.2,10,0.0005192435695728667,0.0018401070014540985,0.0003359560376398671,0.0006584738337741395,0.9571692580033166,0.0961281248425214,0.017550514128973904,0.03439900769278885,0.03422117139715577,0.016347816835761607,0.0029846893489697867,0.005849991123980782,0.08613246286807857,0.09897932481998273,0.018071069643511836,0.0354192965012832,0.014987472470945954,0.01479643547783599,0.0027014471606268344,0.005294836434828596,0.014064748500777676,0.014657259925921396,0.0026760372975478826,0.00524503310319385,0.0009227239701682615,0.002910593980664584,0.0005313993263162493,0.0010415426795798487,0.06156634962679863,3.089073955548489,0.03557305242699109,1.1054109183403373,0.014987472470945954,0.014064748500777676,0.0027014471606268344,0.0026760372975478826
Prognostic_score,2000,0.5,0.5,3,0.006850162943596181,0.002553903299552735,0.00046627681561730216,0.0009139025586099122,0.916913766023892,0.19897934704445336,0.036328492284632,0.07120384487787873,0.11374140821531814,0.026061753970671064,0.004758203512628791,0.00932607888475243,0.0684628460857515,0.09176690132446536,0.016754267295920125,0.03283836390000344,0.019339888315244875,0.01175487816270884,0.0021461373101468377,0.004206429127887802,0.019087595903457825,0.011651560464729562,0.002127274165555919,0.004169457364489601,0.000252292411787045,0.0045040405603636036,0.0008223215382764515,0.0016117502150218448,0.013045184526126685,302.0395861864973,0.04223273459399533,108.08347781439528,0.019339888315244875,0.019087595903457825,0.0021461373101468377,0.002127274165555919
Prognostic_score,2000,0.5,0.5,5,0.006995171493015203,0.00331891396449273,0.0006059480149238561,0.001187658109250758,0.9308215579044675,0.1551767614664239,0.028331270885252936,0.05552929093509575,0.13391387461863777,0.04555231139233923,0.008316676165361253,0.016300685284108055,0.10263989604361536,0.15476040742197916,0.028255255384569307,0.05538030055375584,0.019003471535438136,0.013397609488439289,0.0024460576444878157,0.004794272983196119,0.0189726840860821,0.013281863762123704,0.002424925462741861,0.0047528539069740475,3.078744935602989e-05,0.004145053058048242,0.0007567796873162642,0.0014832881871398777,0.00162009605974478,1.078709518273013,0.03978570535165943,0.3860112436203915,0.019003471535438136,0.0189726840860821,0.0024460576444878157,0.002424925462741861
Prognostic_score,2000,0.5,0.5,10,0.005553307305355426,0.002790666540578633,0.0005095036715832744,0.0009986271963032178,0.9127777972933636,0.11577589634284229,0.021137690014118193,0.04142987242767166,0.13967064462474024,0.04860812019749596,0.008874587970030335,0.017394192421259457,0.09429529511828413,0.11416095149733843,0.02084284277378181,0.04085197183661235,0.01934911102588383,0.013451411537309834,0.0024558805097566134,0.004813525799122962,0.019426381639942487,0.013661137436151003,0.002494171044986065,0.004888575248172687,-7.727061405865331e-05,0.004366216635773057,0.0007971584474557403,0.001562430557013251,-0.003993496856537382,11.69323298660708,0.04125951154867306,4.184369684926425,0.01934911102588383,0.019426381639942487,0.0024558805097566134,0.002494171044986065
Prognostic_score,2000,0.5,1.0,3,0.02267434299306791,0.0063501857659406915,0.0011593799961179792,0.002272384792391239,0.8530422616059136,0.22625974979458421,0.041309189605989546,0.0809660116277395,0.27981065097878444,0.04855456092116902,0.00886480942876103,0.01737502648037162,0.07443258094793466,0.078414450460587,0.014316454450544953,0.028060250723068107,0.014985901003068536,0.01112851357652721,0.0020317793057888153,0.003982287439346078,0.015207184408273075,0.01187266114983028,0.002167641443125756,0.0042485772285264815,-0.00022128340520454983,0.005824277541173342,0.0010633627301571212,0.0020841909511079572,-0.014766106166004267,1.2333420143428668,0.0712447498318367,0.4413457716846395,0.014985901003068536,0.015207184408273075,0.0020317793057888153,0.002167641443125756
Prognostic_score,2000,0.5,1.0,5,0.023411698246494476,0.005001445251208003,0.0009131347947379052,0.001789744197686294,0.8565946662910126,0.21239315354836824,0.03877750708603323,0.07600391388862514,0.33276568242759,0.05308073548687886,0.009691172065042839,0.018994697247483965,0.1490150369128746,0.13926874418508361,0.025426877581862243,0.049836680060449993,0.020315864748955286,0.012772133806248852,0.002331861931052271,0.004570449384862451,0.01914724989265939,0.012407713632764397,0.002265328214576477,0.004440043300569895,0.0011686148562958707,0.004819210321767805,0.0008798634008646523,0.0017245322656947184,0.05752227979151081,0.4390765144250687,0.04205656662138356,0.15712151279528366,0.020315864748955286,0.01914724989265939,0.002331861931052271,0.002265328214576477
Prognostic_score,2000,0.5,1.0,10,0.02002736708317503,0.004243817821191147,0.0007748115835362722,0.0015186307037310933,0.9888485445386209,0.040459244875707116,0.007386813692683363,0.014478154837659392,0.3689602048492398,0.06667156445669828,0.012172506599031104,0.023858112934100964,0.09587098204833674,0.12090683552353867,0.022074467057603023,0.043265955432901924,0.020466875169262547,0.012432877582623054,0.0022699225022343155,0.004449048104379258,0.020846904406325143,0.012654340719403103,0.0023103559541244106,0.004528297670083845,-0.00038002923706259323,0.006734764074968026,0.0012295940677784672,0.0024100043728457958,-0.018568014605049754,1.5409383216479282,0.06059973370367732,0.5514176966139381,0.020466875169262547,0.020846904406325143,0.0022699225022343155,0.0023103559541244106
Prognostic_score,2000,1.0,0.2,3,0.001447147922309964,0.0013048304726292928,0.00023822836119306363,0.0004669275879384047,0.8760062433761292,0.21270143430253646,0.03883379119373411,0.07611423073971886,0.027617697046800137,0.012252705809314252,0.0022370277874120027,0.004384574463327525,0.07184259108373242,0.07734585688348071,0.014121356848216204,0.02767785942250376,0.017406065804692283,0.010786851285251631,0.0019694005911286374,0.003860025158612129,0.0168918312163465,0.01027697546227051,0.0018763104278708804,0.0036775684386269256,0.000514234588345789,0.0023073516464797356,0.0004212628482912122,0.0008256751826507759,0.02954341286054185,0.23185615544178215,0.023338804013811002,0.08296865966883366,0.017406065804692283,0.0168918312163465,0.0019694005911286374,0.0018763104278708804
Prognostic_score,2000,1.0,0.2,5,0.0010981662137831308,0.0010162922358011633,0.00018554872752188551,0.0003636755059428956,0.8664818240899038,0.20685998795800564,0.03776729388328224,0.07402389601123319,0.024759782166107972,0.011558424992660892,0.002110270032570618,0.004136129263838412,0.07817381430423201,0.08604537446867642,0.015709664188491058,0.030790941809442474,0.016530715023453997,0.011901762310539564,0.0021729545638491084,0.004258990945144253,0.01630756968773438,0.011546466067375642,0.002108086641523201,0.004131849817385474,0.0002231453357196311,0.00225853946942728,0.0004123510048070236,0.0008082079694217662,0.013498831442137593,0.2314992643813869,0.024561371456349346,0.08284094784305807,0.016530715023453997,0.01630756968773438,0.0021729545638491084,0.002108086641523201
Prognostic_score,2000,1.0,0.2,10,0.000528601590758923,0.0018176245007474467,0.0003318513133778141,0.0006504285742205155,0.9256083005744132,0.13622652996777687,0.024871447798001635,0.0487480376840832,0.03585118025529078,0.01256629298755082,0.0022942807111668564,0.004496790193887039,0.09585636263652832,0.10848071677873819,0.019805778544681355,0.03881932594757546,0.020461359756366142,0.015186346514940833,0.0027726348507743533,0.005434364307517732,0.01937484881321076,0.014941361194962324,0.0027279068554377363,0.005346697436657963,0.0010865109431553832,0.0032943338124311397,0.0006014603136735093,0.0011788622148000783,0.053100622641529815,0.5168911652066334,0.028961180496560546,0.184967127959751,0.020461359756366142,0.01937484881321076,0.0027726348507743533,0.0027279068554377363
Prognostic_score,2000,1.0,0.5,3,0.006966652391354428,0.0025737185647871615,0.0004698945715345832,0.0009209933602077831,0.7944809186569386,0.2910251576233284,0.05313368121059785,0.10414201517277177,0.10398207319224154,0.02295877652899857,0.004191679932550893,0.00821569266779975,0.08031180943951054,0.0998975492353044,0.01823871371855306,0.035747878888364,0.015610018225446292,0.01637538522430602,0.0029897226250630675,0.005859856345123612,0.015532267260855008,0.015656497425510407,0.0028584722704912027,0.005602605650162757,7.775096459127996e-05,0.003969043707685453,0.000724644923474421,0.0014203040500098652,0.004980837528077875,2.7357416490368163,0.04614616786332898,0.978972576286779,0.015610018225446292,0.015532267260855008,0.0029897226250630675,0.0028584722704912027
Prognostic_score,2000,1.0,0.5,5,0.007624825823372495,0.002745947567318474,0.0005013391414489213,0.0009826247172398858,0.8509530465290331,0.17484376231596066,0.03192195755317445,0.06256703680422192,0.12578882753614493,0.03191289336076745,0.005826470522983061,0.011419882225046798,0.0715503747408523,0.08708119695055729,0.0158987786347901,0.0311616061241886,0.017171048056879183,0.013973293506722037,0.002551162685424042,0.005000278863431122,0.0169961285834655,0.012497291021300282,0.0022816827333576465,0.004472098157380987,0.00017491947341367325,0.006133416555450439,0.0011198035339986137,0.0021948149266372828,0.010186883924281243,6.051047983275582,0.0645516687884111,2.165339711630971,0.017171048056879183,0.0169961285834655,0.002551162685424042,0.0022816827333576465
Prognostic_score,2000,1.0,0.5,10,0.006231582902918572,0.0020026955934951346,0.0003656405174578272,0.0007166554142173414,0.9587081764633355,0.10029751499198661,0.018311737140941215,0.03589100479624478,0.14472464066087815,0.024350182288942587,0.004445714706338878,0.008713600824424201,0.1307481845159,0.12950155740679567,0.023643641407917405,0.04634153715951811,0.02015929504251296,0.014707116051534408,0.0026851397390905687,0.005262873888617514,0.01927588390647119,0.014839877487518065,0.002709378550175578,0.005310381958344133,0.0008834111360417501,0.005497982797316464,0.0010037897329551937,0.0019674278765921794,0.0438215291843681,0.36709064949882614,0.04918183510396222,0.13136170186142332,0.02015929504251296,0.01927588390647119,0.0026851397390905687,0.002709378550175578
Prognostic_score,2000,1.0,1.0,3,0.0264509581474535,0.006843004707609599,0.0012493560131572737,0.0024487377857882564,0.7820149583109918,0.252695637183943,0.046135700222928934,0.09042597243694071,0.29419747891180237,0.04426982774424161,0.008082527757463058,0.015841754404627595,0.09816647605631332,0.09438482985361017,0.017232233465703104,0.03377517759277808,0.021454977186582687,0.01578489135692317,0.0028819136879850503,0.005648550828450698,0.019672287487957237,0.011113301582044911,0.0020290019882812827,0.003976843897031314,0.0017826896986254304,0.010317297962018355,0.0018836722754331772,0.0036919976598490272,0.08308979697914998,93.41311896447064,0.08022628336436669,33.427455316852736,0.021454977186582687,0.019672287487957237,0.0028819136879850503,0.0020290019882812827
Prognostic_score,2000,1.0,1.0,5,0.026567458951607597,0.0030916203944770988,0.000564450076432709,0.0011063221498081096,0.847560183825358,0.21164890018931543,0.03864162563494916,0.07573758624450036,0.3250411719229158,0.04248404206299176,0.007756489390632966,0.015202719205640614,0.15874495401843508,0.18895523584406107,0.034498348343500324,0.06761676275326063,0.02238898279314211,0.013826104807173277,0.002524289828439806,0.00494760806374202,0.017329131738363666,0.013361590811987165,0.002439481563959713,0.004781383865361037,0.005059851054778431,0.007082891682547583,0.0012931531822990103,0.00253458023730606,0.22599736225302336,0.5890904567186755,0.055150388761230996,0.2108033126164817,0.02238898279314211,0.017329131738363666,0.002524289828439806,0.002439481563959713
Prognostic_score,2000,1.0,1.0,10,0.021520043168518722,0.0035538750381497878,0.0006488458416497239,0.0012717378496334589,0.9563884487367773,0.11060411272274823,0.020193455830364446,0.03957917342751431,0.3569075792503082,0.04120084379102508,0.0075222105108637,0.014743532601292852,0.1324972689773029,0.15227421846536066,0.027801341459982577,0.05449062926156585,0.021327609839565602,0.010785955672620534,0.001969237075381691,0.003859704667748114,0.015580205634387395,0.010874850819410808,0.0019854670344316133,0.003891515387485962,0.005747404205178166,0.00896631159231566,0.0016370170389104503,0.0032085533962644824,0.26948187107755484,1.149425254579116,0.07043400560334763,0.41131654486474534,0.021327609839565602,0.015580205634387395,0.001969237075381691,0.0019854670344316133
Prognostic_score,2000,2.0,0.2,3,0.000926580277903399,0.0012739253145759141,0.0002325858771233643,0.00045586831916179406,0.815388155024211,0.28456882985540916,0.051954922424885724,0.10183164795277602,0.015809958775671835,0.007746017409517464,0.0014142228220068156,0.0027718767311333587,0.13272395033145526,0.13581623806142507,0.02479653908724474,0.048601216610999684,0.026129619580546888,0.01763264243952542,0.003219265337516998,0.006309760061533316,0.025629466986134733,0.017430244681287725,0.0031823127315919104,0.006237332953920144,0.0005001525944121318,0.0022861989961109773,0.0004174009203718826,0.0008181058039288899,0.01914121225035026,0.36139480377709554,0.015786755616162832,0.1293234696466607,0.026129619580546888,0.025629466986134733,0.003219265337516998,0.0031823127315919104
Prognostic_score,2000,2.0,0.2,5,0.0012009612297104988,0.001733792525475531,0.00031654575874559955,0.0006204296871413751,0.8916212975639943,0.21040785661965558,0.03841504311563268,0.07529348450664006,0.016168755552350037,0.010192228241341052,0.001860837773007901,0.0036472420350954857,0.10760268208460082,0.1166247779827779,0.021292673888399765,0.04173364082126354,0.025933724755286276,0.016676895777246934,0.003044770668786932,0.005967750510822387,0.025947207469467572,0.015973712767277937,0.0029163876032487985,0.0057161197023676445,-1.348271418128221e-05,0.0030269166638922005,0.0005526368455006804,0.0010831682171813337,-0.0005198911574992859,3.5429756505360332,0.02132908111396546,1.267837553866882,0.025933724755286276,0.025947207469467572,0.003044770668786932,0.0029163876032487985
Prognostic_score,2000,2.0,0.2,10,0.0006504442283692152,0.0017252379563711,0.00031498391525618835,0.0006173684739021291,0.9351449074483358,0.11743638150533511,0.021440851740751513,0.042024069411872964,0.02550301957755989,0.0097837428224579,0.0017862588802298178,0.003501067405250443,0.0873573998700478,0.08596605952883585,0.01569518332792511,0.030762559322733214,0.02191849860339772,0.016128709172574106,0.0029446859457531067,0.0057715844536760895,0.022978934916940138,0.01639148372356937,0.0029926617954592395,0.005865617119100109,-0.0010604363135424068,0.0028637368824972484,0.0005228444297677548,0.0010247750823447993,-0.04838088286658615,3.4151397753948913,0.02470032245548777,1.2220920734510468,0.02191849860339772,0.022978934916940138,0.0029446859457531067,0.0029926617954592395
Prognostic_score,2000,2.0,0.5,3,0.007044638201417728,0.002586438393444832,0.00047221688389571884,0.0009255450924356089,0.8825406897141898,0.20546758631538492,0.03751307728702537,0.07352563148256971,0.0797185374864498,0.017721815192762988,0.003235545980338017,0.006341670121462513,0.0867848108244494,0.07652970402553728,0.01397234840466023,0.02738580287313405,0.02582731268230656,0.021708117517258454,0.0039633418817251655,0.007768150088181324,0.023132930651524643,0.02029121392779404,0.0037046518624719326,0.007261117650444988,0.002694382030781895,0.005586741621414742,0.0010199948030006137,0.0019991898138812026,0.10432297250297162,0.5695276319785377,0.03664740516258208,0.20380284568933518,0.02582731268230656,0.023132930651524643,0.0039633418817251655,0.0037046518624719326
Prognostic_score,2000,2.0,0.5,5,0.007375507914113301,0.0022271976163185875,0.00040662879149314216,0.0007969924313265586,0.8635772939434517,0.23272386264013,0.042489369745911,0.08327916470198556,0.08580909567261091,0.021109632731859958,0.0038540740092963674,0.0075539850582208795,0.10606375611879695,0.1182112076765682,0.021582314998128085,0.042301337396331046,0.023945378198340084,0.019758785973706738,0.0036074442622386193,0.007070590753987693,0.02091997461474894,0.017331091597496646,0.003164209938045719,0.00620185147856961,0.0030254035835911406,0.006899843693078968,0.0012597333446530343,0.0024690773555199473,0.1263460346515165,1.3008884433046906,0.04603172201572663,0.46551695086122946,0.023945378198340084,0.02091997461474894,0.0036074442622386193,0.003164209938045719
Prognostic_score,2000,2.0,0.5,10,0.006229495224102514,0.0017939385653779202,0.00032752687301198103,0.0006419526711034828,0.9506448367803306,0.09956973487297914,0.01817886327824649,0.035630572025363114,0.10985360033379886,0.019765234127698924,0.0036086215287038817,0.007072898196259608,0.11959628948989248,0.10791827576669358,0.019703091334827064,0.038618059016261044,0.021418787679879574,0.01656919436845632,0.003025107171763697,0.005929210056656846,0.016512299763334806,0.013390950255747018,0.002444841840500738,0.004791890007381447,0.004906487916544742,0.0073294730102784495,0.0013381725674516004,0.0026228182322051365,0.2290740255646605,1.4137558095255676,0.04970961297992803,0.5059060191516718,0.021418787679879574,0.016512299763334806,0.003025107171763697,0.002444841840500738
Prognostic_score,2000,2.0,1.0,3,0.02754447955371162,0.004843805637092574,0.0008843538705354283,0.0017333335862494395,0.8581680413347212,0.24028208808427287,0.04386930660273318,0.08598384094135703,0.2291763297706605,0.021750242713939383,0.003971032855212328,0.007783224396216163,0.08587841493463562,0.11023761767258713,0.020126543294968706,0.03944802485813866,0.025785480374833903,0.017392659824856768,0.0031754507070293012,0.00622388338577743,0.018042724970259473,0.01370209561899673,0.002501648951872407,0.0049032319456699175,0.0077427554045743936,0.012762384938593553,0.002330082039477291,0.00456696079737549,0.3002757866838579,3.643222558019654,0.07316825937857492,1.3037104489988383,0.025785480374833903,0.018042724970259473,0.0031754507070293012,0.002501648951872407
Prognostic_score,2000,2.0,1.0,5,0.02658528444339923,0.004256842250584449,0.0007771895081287206,0.0015232914359322924,0.9201212005331458,0.17083415785287873,0.031189907282806663,0.061132218274301056,0.25144127147433476,0.03687044500805264,0.006731591478721392,0.013193919298293928,0.12086830619579467,0.15137411693491895,0.027637006155893293,0.054168532065550855,0.02351277979033497,0.017064122199702474,0.0031154682176005736,0.006106317706497124,0.018606707748921026,0.010305331348139199,0.0018814874806469878,0.003687715462068096,0.004906072041413926,0.016906492122711093,0.003086689034630755,0.00604991050787628,0.20865555179616002,3.339136345295794,0.10988593919315322,1.194894595283859,0.02351277979033497,0.018606707748921026,0.0031154682176005736,0.0018814874806469878
Prognostic_score,2000,2.0,1.0,10,0.022934304729426112,0.0031893297315595476,0.0005822892790990201,0.0011412869870340793,0.9166221960261659,0.13992758326247728,0.025547164590013712,0.050072442596426875,0.2582088670605022,0.016911347652916457,0.003087575529104797,0.006051648037045402,0.1731389481996866,0.16676843021900395,0.03044761037022489,0.05967731632564078,0.028381783303350974,0.016183986533299482,0.002954778164882653,0.00579136520317,0.02079681505494597,0.012600720219021278,0.0023005662349231304,0.004509109820449336,0.007584968248404975,0.0116666492022573,0.002130028979525325,0.004174856799869637,0.26724776830740804,1.3859268719070674,0.06132359950136587,0.4959475617201015,0.028381783303350974,0.02079681505494597,0.002954778164882653,0.0023005662349231304
Prognostic_score,10000,0.5,0.2,3,0.0015140151676809298,0.0004293217172193095,7.838306298262329e-05,0.00015363080344594164,0.7590772788388136,0.2744161305166867,0.05010130160909036,0.0981985511538171,0.04634962814852592,0.007489075635652947,0.0013673118868364866,0.0026799312981995137,0.09796981444455007,0.11538879177245297,0.021067014712346337,0.04129134883619882,0.010255256733505745,0.007609492948531512,0.0013892969796957357,0.0027230220802036418,0.01031915761811087,0.008157068452767487,0.0014892701315648387,0.0029189694578670836,-6.390088460512382e-05,0.0016668192622169245,0.00030431816973344267,0.0005964636126775476,-0.006231037044284848,0.7085779920047336,0.029490962703902314,0.2535613779821691,0.010255256733505745,0.01031915761811087,0.0013892969796957357,0.0014892701315648387
Prognostic_score,10000,0.5,0.2,5,0.0013458901810885,0.0005164188740706917,9.428475548331253e-05,0.00018479812074729255,0.8403624912169466,0.22743528255204853,0.041523811542106034,0.08138667062252783,0.05081555373160396,0.0088682896151746,0.0016191207562399792,0.003173476682230359,0.08222581864070182,0.11233026098860195,0.020508605944633284,0.040196867651481234,0.009109418373779156,0.00657316901077546,0.0012000909804985459,0.00235217832177715,0.00863201497234412,0.005800043753392642,0.0010589382660833604,0.002075519001523386,0.0004774034014350183,0.0014920237678265503,0.0002724050246574841,0.0005339138483286688,0.0524076710330057,1.8774805428271284,0.026337238239294514,0.6718477837945287,0.009109418373779156,0.00863201497234412,0.0012000909804985459,0.0010589382660833604
Prognostic_score,10000,0.5,0.2,10,0.0010682530951473866,0.0004231554611518913,7.725726380146396e-05,0.00015142423705086935,0.8902167739918815,0.16939757214429046,0.030927623816678886,0.060618142680690615,0.05536181705149287,0.00928470413459719,0.0016951472980934544,0.0033224887042631705,0.12118304079510232,0.1345101287484573,0.02455807724281807,0.048133831395923414,0.009253194422862801,0.006567697538844706,0.001199092030965469,0.0023502203806923193,0.00893975467404405,0.006541782714256775,0.0011943606529652693,0.0023409468798119277,0.0003134397488187566,0.0018345827158843205,0.0003349474456996445,0.0006564969935713033,0.03387368021191739,2.0085723993067908,0.035786887986021566,0.7187584021686341,0.009253194422862801,0.00893975467404405,0.001199092030965469,0.0011943606529652693
Prognostic_score,10000,0.5,0.5,3,0.00875932108355203,0.001406560714805103,0.0002568016773331152,0.0005033312875729058,0.8092662473044397,0.26641275799041,0.048640092386170744,0.09533458107689466,0.14843616106029692,0.013787950047918978,0.00251732375433322,0.004933954558493111,0.1282016995112923,0.1041653475672816,0.019017903524322005,0.03727509090767113,0.010220933331633956,0.007570562896995538,0.0013821893572320385,0.0027090911401747952,0.00842572062327558,0.0067617895529048485,0.0012345282224095857,0.002419675315922788,0.0017952127083583568,0.0024981773161783364,0.00045610268957286344,0.0008939612715628124,0.1756407805539797,0.8539095825967884,0.03944750946415928,0.3055676197659468,0.010220933331633956,0.00842572062327558,0.0013821893572320385,0.0012345282224095857
Prognostic_score,10000,0.5,0.5,5,0.008677078801965993,0.0013365355423169433,0.00024401688847813013,0.00047827310141713503,0.8498960214497427,0.1835486568349619,0.03351124658276114,0.06568204330221183,0.1727880479522975,0.01281052918910143,0.0023388719368164054,0.004584188996160155,0.0878909882037661,0.08781475428848579,0.01603270726852573,0.03142410624631043,0.009503654266966543,0.005684687424356907,0.0010378771782287401,0.0020342392693283307,0.009142909995242702,0.005345941231217961,0.0009760308678116728,0.0019130205009108786,0.00036074427172383666,0.0027989182547430145,0.0005110102215785799,0.0010015800342940166,0.03795848013723946,0.7212525239590213,0.052405071388862266,0.2580969009928623,0.009503654266966543,0.009142909995242702,0.0010378771782287401,0.0009760308678116728
Prognostic_score,10000,0.5,0.5,10,0.006768902477547737,0.000955160681285475,0.0001743876837273524,0.0003417998601056107,0.9488582430428668,0.12047331704559719,0.021995317774448405,0.04311082283791887,0.18560372774393646,0.013753257054135793,0.0025109897092390745,0.004921539830108586,0.06283993193134793,0.08803378410165644,0.016072696458338965,0.03150248505834437,0.009324784234366756,0.006764392626169407,0.0012350034763915316,0.002420606813727402,0.008002847134203728,0.006494909982971586,0.0011858029022130106,0.002324173688337501,0.00132193710016301,0.0027635066276552214,0.0005045449725939316,0.0009889081462841059,0.14176597194506557,0.9430471323697323,0.05168145504703165,0.3374650822971156,0.009324784234366756,0.008002847134203728,0.0012350034763915316,0.0011858029022130106
Prognostic_score,10000,0.5,1.0,3,0.027789908348763107,0.0020088446749146143,0.0003667631809916222,0.0007188558347435794,0.8293787869903395,0.26857913972776,0.04903561776807536,0.0961098108254277,0.3451390968657601,0.019123040538542843,0.0034913735570152185,0.006843092171749828,0.10130570436567253,0.0975978535460855,0.01781884865042553,0.03492494335483404,0.00846999645790432,0.007508070187713322,0.001370779801714211,0.0026867284113598535,0.007800770810908035,0.005423069615269409,0.0009901125197346392,0.001940620538679893,0.0006692256469962853,0.004416108780830511,0.0008062674652191694,0.0015802842318295722,0.07901132548547352,118.33078332052065,0.0867127293372319,42.34412699097808,0.00846999645790432,0.007800770810908035,0.001370779801714211,0.0009901125197346392
Prognostic_score,10000,0.5,1.0,5,0.028137359480825856,0.0026254319185467284,0.00047933609499403637,0.0009394987461883112,0.8540975661153676,0.20404102691168458,0.037252624365349436,0.0730151437560849,0.3942636349512589,0.023771873678303405,0.004340130482590027,0.008506655745876453,0.12916710344082674,0.14116313415898596,0.025772744289001556,0.05051457880644305,0.011058635804473705,0.006132137908220421,0.0011195700860216228,0.002194357368602381,0.00858893425665766,0.006408415386033872,0.0011700112215979762,0.002293221994332033,0.0024697015478160264,0.0036812800355904584,0.0006721067053287716,0.0013173291424443923,0.22332786715129382,2.2233020595275685,0.05992467606041244,0.7955984242319494,0.011058635804473705,0.00858893425665766,0.0011195700860216228,0.0011700112215979762
Prognostic_score,10000,0.5,1.0,10,0.023801439797869906,0.0021692222031030038,0.00039604397762685605,0.0007762461961486379,0.9088522582426531,0.1418347532132006,0.025895364591016105,0.050754914598391564,0.43007474071542,0.023882869412621008,0.004360395438414227,0.008546375059291886,0.14863117239121715,0.1389584097560135,0.02537021852613818,0.049725628311230834,0.009306711828975519,0.0071149341573621865,0.001299003311050427,0.0025460464896588366,0.008065001604918553,0.005092033525645269,0.0009296738751894915,0.0018221607953714033,0.0012417102240569599,0.004995129826848225,0.0009119817612772158,0.001787484252103343,0.13342093822987244,6.52590632135863,0.08602391448977784,2.3352655855774707,0.009306711828975519,0.008065001604918553,0.001299003311050427,0.0009296738751894915
Prognostic_score,10000,1.0,0.2,3,0.00154300431479609,0.0004335408260261952,7.915336333798998e-05,0.00015514059214246035,0.9083001596189993,0.22700799594421633,0.04144580003756285,0.08123376807362317,0.03391088250100365,0.004936465578411748,0.0009012711838813006,0.0017664915204073492,0.07175094600541057,0.09530363280836462,0.017399983167110243,0.034103967007536075,0.010733418626707408,0.008681840074223422,0.001585079883101498,0.003106756570878936,0.010350108477513118,0.007787310618779189,0.0014217618960682917,0.002786653316293852,0.0003833101491942734,0.0017216802741781068,0.00031433437432634275,0.0006160953736796318,0.035711841914049636,0.5183239761487882,0.026506736027624034,0.1854798527705412,0.010733418626707408,0.010350108477513118,0.001585079883101498,0.0014217618960682917
Prognostic_score,10000,1.0,0.2,5,0.0014548190908773866,0.0004083106245646211,7.454697984768865e-05,0.00014611208050146975,0.8635811630168534,0.20272666742925988,0.03701265625295116,0.07254480625578427,0.039784672497250526,0.006030399345482382,0.0011009952507616966,0.002157950691492925,0.13432819168749605,0.1524881784692524,0.027840405033494376,0.054567193865648976,0.009835881840933048,0.007095147609892496,0.0012953907982556617,0.0025389659645810967,0.009670210803742649,0.006514793739868675,0.0011894331629398389,0.0023312889993620843,0.0001656710371903935,0.001925015474351461,0.0003514581329496009,0.0006888579405812177,0.016843536743288423,2.0622614146852576,0.03484780474314686,0.7379707695798123,0.009835881840933048,0.009670210803742649,0.0012953907982556617,0.0011894331629398389
Prognostic_score,10000,1.0,0.2,10,0.0009753286853805366,0.0004302573938938339,7.855389338967945e-05,0.0001539656310437717,0.9176468040938122,0.1332026332557779,0.02431936231775912,0.047665950142807875,0.04140979241220766,0.005520108964247401,0.00100782939986826,0.00197534562374179,0.12055824373627437,0.11142355090274525,0.020343064088919564,0.03987240561428235,0.011291188608547015,0.010693416725184072,0.001952341852395446,0.003826590030695074,0.010495188287754016,0.009994950012472545,0.0018248198609892513,0.0035766469275389325,0.0007960003207929861,0.0017969902117777172,0.0003280840248688804,0.0006430446887430056,0.07049747802374473,5.221056624179489,0.025826528625873073,1.8683311182222542,0.011291188608547015,0.010495188287754016,0.001952341852395446,0.0018248198609892513
Prognostic_score,10000,1.0,0.5,3,0.009079550101531738,0.001022266765418779,0.0001866395224025691,0.0003658134639090354,0.8061185990274614,0.24760619503367548,0.04520649946598923,0.0886047389533389,0.13725150463630087,0.010060051026511863,0.0018367056256245163,0.003599943026224052,0.12348952027421328,0.14610445214090392,0.026674901396502346,0.052282806737144596,0.012265905721932303,0.01187825550379146,0.0021686628277454915,0.004250579142381163,0.010609324690819327,0.010746628201812759,0.0019620568944180095,0.0038456315130592986,0.0016565810311129398,0.0033606673494429823,0.000613571105187006,0.0012025993661665317,0.13505574465250392,30.60762591630608,0.044366543816877185,10.952798268746506,0.012265905721932303,0.010609324690819327,0.0021686628277454915,0.0019620568944180095
Prognostic_score,10000,1.0,0.5,5,0.008971193387126736,0.001040028987740345,0.00018988244568155025,0.0003721695935358385,0.8929688499507686,0.18871506379126066,0.03445449912649995,0.0675308182879399,0.1543124964574229,0.011692294598301312,0.0021347111668284778,0.0041840338869838165,0.08989172947940548,0.1009351704106462,0.018428156559846302,0.03611918685729875,0.011343499425622223,0.007667634951583119,0.0013999122085657022,0.0027438279287887763,0.008071396142390387,0.006248591258693792,0.001140831461672063,0.002236029664877243,0.0032721032832318197,0.0033828494571069042,0.0006176209854338521,0.00121053713145035,0.2884562479759064,2.9294625396416,0.04360027924861725,1.0482947066943429,0.011343499425622223,0.008071396142390387,0.0013999122085657022,0.001140831461672063
Prognostic_score,10000,1.0,0.5,10,0.0070139037593341235,0.0007224694392989644,0.0001319042696707174,0.00025853236855460606,0.8750055924580575,0.1557074359257429,0.028428158342606563,0.055719190351508865,0.1618108322029717,0.01177703826818815,0.002150183173362742,0.004214359019790974,0.11640878987693677,0.12970317118984753,0.023680450880211222,0.046413683725214,0.010702024170193197,0.008932088438063748,0.0016307687743862002,0.0031963067977969525,0.009041470654236185,0.007953804888863573,0.0014521594518751499,0.002846232525675294,0.0016605535159569978,0.003001948725790332,0.0005480783445297518,0.0010742335552783135,0.15516256453446553,7.083897919040714,0.04504250041950913,2.5349403144107026,0.010702024170193197,0.009041470654236185,0.0016307687743862002,0.0014521594518751499
Prognostic_score,10000,1.0,1.0,3,0.02850646998565373,0.0023302530443272424,0.0004254440523577055,0.0008338703426211027,0.8530297234018732,0.25545638222357375,0.04663974100083769,0.09141389236164187,0.32525793897424377,0.015150076380898655,0.002766012860581474,0.0054213852067396895,0.10314107151380125,0.12026415338064751,0.02195712988861394,0.043035974581683324,0.01097007368853224,0.006941572780764219,0.0012673519988628085,0.002484009917771105,0.006311277146461567,0.006156015517870988,0.0011239295211632624,0.0022029018614799943,0.0046587965420706225,0.004511050585185846,0.0008236013878510559,0.0016142587201880697,0.42468233799931787,0.8918595155798562,0.066630871392877,0.3191478288750287,0.01097007368853224,0.006311277146461567,0.0012673519988628085,0.0011239295211632624
Prognostic_score,10000,1.0,1.0,5,0.02990078945820496,0.002187368952586155,0.00039935710563929503,0.0007827399270530183,0.8920337513813759,0.18193349835098696,0.03321636033755483,0.06510406626160747,0.368427799463856,0.015046770289303305,0.0027471518350166515,0.005384417596632637,0.1459040398259435,0.13293851925673367,0.02427114191941598,0.04757143816205532,0.012003031053240248,0.008234592285055646,0.0015034239821276629,0.002946711004970219,0.007078789078918476,0.005052965946784205,0.000922541143786386,0.0018081806418213165,0.00492424197432174,0.006151384254930567,0.001123083972102527,0.002201244585320953,0.4102498737593835,1.3829297862427068,0.06156966632688504,0.49487506838900625,0.012003031053240248,0.007078789078918476,0.0015034239821276629,0.000922541143786386
Prognostic_score,10000,1.0,1.0,10,0.024748296299622483,0.0015757834073063114,0.00028769737264133923,0.0005638868503770249,0.9138826998731022,0.14396607289786392,0.026284488547197737,0.051517597552507566,0.39077824752410995,0.014910002961268888,0.0027221816514519316,0.0053354760368457856,0.13777141451431302,0.12126958011107367,0.0221406948553383,0.04339576191646306,0.014800815414007093,0.009907033173715142,0.0018087685157319267,0.003545186290834576,0.009326744620633003,0.006691429089262848,0.0012216822180451704,0.002394497147368534,0.005474070793374073,0.0070152676315920325,0.0012808067762529326,0.002510381281455748,0.3698492711552619,1.7441726586654605,0.06130285561059715,0.6241441700987563,0.014800815414007093,0.009326744620633003,0.0018087685157319267,0.0012216822180451704
Prognostic_score,10000,2.0,0.2,3,0.001549481475035953,0.0003981236761312506,7.268710603132234e-05,0.00014246672782139178,0.8321560928557817,0.27094072905838434,0.04946678301739085,0.09695489471408607,0.02088086453765909,0.003960753283477538,0.0007231313060244338,0.0014173373598078901,0.13167686557515226,0.11715323690788491,0.021389156846398447,0.041922747418940955,0.020080368692169726,0.010265391121320173,0.0018741954262534368,0.003673423035456736,0.01847019384899313,0.010104690129067874,0.0018448555734300875,0.0036159169239229714,0.0016101748431765468,0.0013233203013572135,0.00024160412661929336,0.000473544088173815,0.08018651788024589,0.14509990246856322,0.012941056907862025,0.051923333253569987,0.020080368692169726,0.01847019384899313,0.0018741954262534368,0.0018448555734300875
Prognostic_score,10000,2.0,0.2,5,0.0014359186492635867,0.00033299717460986083,6.079668803976911e-05,0.00011916150855794746,0.8545199384829708,0.20511165118292965,0.03744809272000725,0.0733982617312142,0.023330278378374328,0.0038835451153065408,0.0007090350875807979,0.0013897087716583639,0.0908401353660371,0.10599770541421477,0.019352444766384303,0.03793079174211323,0.022200848719178993,0.009015964487391153,0.001646082375803212,0.0032263214565742956,0.020183447975271288,0.00895545766283501,0.0016350353915724099,0.003204669367481923,0.0020174007439076767,0.0011376765718246217,0.00020771037384449722,0.00040711233273521455,0.0908704333526178,0.09614297278335812,0.010876226149806318,0.03440432096017965,0.022200848719178993,0.020183447975271288,0.001646082375803212,0.0016350353915724099
Prognostic_score,10000,2.0,0.2,10,0.0011640264284735267,0.0003807514247826406,6.951538138522794e-05,0.00013625014751504676,0.899309870486167,0.144700864219587,0.026418642474519992,0.05178053925005918,0.02613227380136069,0.0044677382436689285,0.0008156936723619949,0.00159875959782951,0.09334528334223098,0.12806451033174038,0.023381273708182534,0.045827296468037765,0.01893925452556503,0.008559696330371342,0.001562779588512859,0.0030630479934852036,0.017295383735707326,0.008388344849584633,0.0015314952314165943,0.0030017306535765247,0.0016438707898576571,0.0014864310012817055,0.0002713839298589935,0.0005319125025236273,0.08679701662168049,0.7490328213619711,0.014675659119114198,0.26803795274683684,0.01893925452556503,0.017295383735707326,0.001562779588512859,0.0015314952314165943
Prognostic_score,10000,2.0,0.5,3,0.009583081994696986,0.0010697557356024135,0.0001953097824699914,0.0003828071736411831,0.8843024530015756,0.2278710409643311,0.041603369779449305,0.08154260476772064,0.09492740727900653,0.006645728927577381,0.001213338548232916,0.0023781435545365153,0.1409937048108099,0.14214710675772296,0.025952392285099966,0.05086668887879593,0.020847524096500394,0.008022058192257759,0.0014646207431728963,0.0028706566566188765,0.016161875810662692,0.007261476498552796,0.0013257581596836652,0.0025984859929799836,0.004685648285837649,0.003044215889771852,0.0005557952375812345,0.0010893586656592197,0.22475802230271869,0.18010626944154773,0.024494006611539068,0.06445020079387619,0.020847524096500394,0.016161875810662692,0.0014646207431728963,0.0013257581596836652
Prognostic_score,10000,2.0,0.5,5,0.00919861633590471,0.0011732868031952232,0.0002142118828443827,0.0004198552903749901,0.8507653471230634,0.25025724958303236,0.045690513591942386,0.08955340664020707,0.10618996039172619,0.009449406408740032,0.0017252176817002657,0.0033814266561325206,0.17538791641034976,0.14466298282969453,0.026411726310602072,0.05176698356878006,0.023784177538304165,0.008595847221473161,0.0015693798080229852,0.003075984423725051,0.018074573046589954,0.009605369417502918,0.0017536925010455354,0.0034372373020492494,0.005709604491714173,0.0029339480212793073,0.0005356631712674412,0.0010498998156841849,0.24005894181200726,0.2215654847003745,0.029938166629312438,0.07928619043750777,0.023784177538304165,0.018074573046589954,0.0015693798080229852,0.0017536925010455354
Prognostic_score,10000,2.0,0.5,10,0.00750228571952168,0.0008375622774908351,0.00015291725089904395,0.0002997178117621261,0.9382042056427705,0.11820833138846054,0.021581789862168604,0.042300308129850465,0.10998023117520775,0.008627396613915568,0.0015751399126617484,0.0030872742288170266,0.18274886810479235,0.15550457336282253,0.028391120875344962,0.055646596915676125,0.020486144327834667,0.011300943466932483,0.002063260552643186,0.004043990683180644,0.015156331501595245,0.009332901618424209,0.0017039469144624706,0.0033397359523464425,0.005329812826239377,0.0035146826669194384,0.0006416903263813976,0.0012577130397075393,0.26016671272777125,0.6141044859563558,0.023944486402091545,0.21975446802062823,0.020486144327834667,0.015156331501595245,0.002063260552643186,0.0017039469144624706
Prognostic_score,10000,2.0,1.0,3,0.02849442922387517,0.0022172083069248918,0.00040480500146353366,0.0007934178028685259,0.893686830768978,0.17811335297794895,0.032518900406300864,0.06373704479634969,0.24227110202666088,0.009972838935186704,0.001820782949055853,0.003568734580149472,0.16332734408134414,0.14119654504182097,0.025778844253733186,0.050526534737317046,0.02568375180368888,0.010562517685129374,0.001928443066730869,0.003779748410792503,0.013298573693801151,0.00814518675446359,0.0014871008401706669,0.002914717646734507,0.01238517810988768,0.004904842472506219,0.0008954976210670228,0.0017551753372913646,0.48221841592897197,0.1701493929985298,0.028955823961683627,0.06088717831818948,0.02568375180368888,0.013298573693801151,0.001928443066730869,0.0014871008401706669
Prognostic_score,10000,2.0,1.0,5,0.030798503478854152,0.0014605945962499899,0.0002666668692454233,0.0005226670637210296,0.8193152617935062,0.28100247209741286,0.05130379756082302,0.10055544321921311,0.27304606598327485,0.01327021648020438,0.0024227989697282485,0.004748685980667367,0.170186025099909,0.15261180185975756,0.027862975473366025,0.05461143192779741,0.022287856585228066,0.010395255323546588,0.0018979052772440433,0.003719894343398325,0.012173896000465267,0.008066163853579262,0.0014726732983793866,0.002886439664823598,0.010113960584762756,0.008097060545366824,0.0014783142367274973,0.0028974959039858948,0.45378794259947475,1.8893599841981095,0.05086160651151803,0.6760987872940337,0.022287856585228066,0.012173896000465267,0.0018979052772440433,0.0014726732983793866
Prognostic_score,10000,2.0,1.0,10,0.024845521424349624,0.0013648057742137152,0.0002491783030500515,0.0004883894739781009,0.9122996385813332,0.15335206593410783,0.027998128584043467,0.054876332024725194,0.28032303074105885,0.014923841357866539,0.0027247081854440106,0.005340428043470261,0.22375011385301377,0.17791967719239474,0.032483540207437336,0.06366773880657718,0.0221917889499798,0.01149031402557553,0.0020978347282085696,0.004111756067288796,0.011527844633536014,0.0095357638839471,0.0017409843274269674,0.003412329281756856,0.010663944316443737,0.00469165876170556,0.0008565757786342967,0.0016788885261232215,0.4805355864045153,0.2467002738420529,0.03873992537271771,0.08828055921831611,0.0221917889499798,0.011527844633536014,0.0020978347282085696,0.0017409843274269674
baseline_oracle_kmeans,500,0.5,0.2,3,0.32467943418964684,0.02205414824136625,0.004026518159453061,0.007891975592528,0.916182994704397,0.18039069622522272,0.03293468449553883,0.06455198161125611,0.2699300742414665,0.07325063996177616,0.013373675952918055,0.026212404867719388,0.008370073314579379,0.008610744882315995,0.0015720997363222124,0.003081315483191536,0.040271184992797325,0.0266365921357944,0.004863154122613102,0.009531782080321679,0.04086509798761582,0.027306893100073414,0.0049855337754307946,0.009771646199844356,-0.0005939129948184966,0.006294513763920203,0.001149215725675281,0.0022524628223235506,-0.014747840048032312,0.4662800761623714,0.02861079102273065,0.16685618234184704,0.040271184992797325,0.04086509798761582,0.004863154122613102,0.0049855337754307946
baseline_oracle_kmeans,500,0.5,0.2,5,0.3927207125679812,0.0369775604667066,0.006751147996375487,0.013232250072895954,0.9475243386186871,0.10783351891531567,0.019687616921692803,0.03858772916651789,0.4199669916333943,0.10201662486883654,0.018625602227068095,0.036506180365053466,0.01755073410028489,0.009772823000763589,0.001784265202674515,0.003497159797242049,0.04190328653753425,0.027913380581012285,0.005096262733482362,0.00998867495762543,0.03961396015419073,0.029903442574024084,0.005459596681617779,0.010700809495970848,0.0022893263833435066,0.00857197700064564,0.0015650217218896975,0.003067442574903807,0.054633575848349936,0.33024027946770246,0.03849908344781341,0.11817496630136358,0.04190328653753425,0.03961396015419073,0.005096262733482362,0.005459596681617779
baseline_oracle_kmeans,500,0.5,0.2,10,0.611892561127975,0.06231704927999355,0.011377484535937846,0.02229986969043818,0.9607080210865206,0.08546020222067242,0.015602826841738459,0.03058154060980738,0.7091537384736137,0.05627693387501728,0.010274715383524528,0.020138442151708076,0.04177615905667817,0.022239128049583803,0.004060290697334306,0.00795816976677524,0.045226008147074274,0.027634726552097387,0.0050453877010235675,0.009888959894006191,0.04610449714261622,0.02983250856240668,0.005446645962198718,0.010675426085909488,-0.0008784889955419198,0.013808302755308427,0.0025210396333143876,0.004941237681296199,-0.019424420406176646,3.0695944168639095,0.05596757617028075,1.0984402549454093,0.045226008147074274,0.04610449714261622,0.0050453877010235675,0.005446645962198718
baseline_oracle_kmeans,500,0.5,0.5,3,0.31813621907641265,0.032612932499988936,0.005954279598879097,0.01167038801380303,0.8406574278555907,0.23565247856245375,0.043024059413552834,0.08432715645056356,0.27288824887736385,0.08823326284280278,0.01610911612709516,0.031573867609106514,0.014566975327039513,0.014457007296624597,0.0026394763367926905,0.005173373620113673,0.02987465577786515,0.027752988962827078,0.005066979364377431,0.009931279554179764,0.029196898435515116,0.026558738339817287,0.004848940029198411,0.009503922457228886,0.0006777573423500299,0.0068290152048494385,0.0012468018910806,0.002443731706517976,0.02268669963562231,22.188534973871494,0.04076880969445319,7.94006526714539,0.02987465577786515,0.029196898435515116,0.005066979364377431,0.004848940029198411
baseline_oracle_kmeans,500,0.5,0.5,5,0.3866326700997337,0.03837599012380042,0.007006465152466988,0.013732671698835295,0.9267991640742239,0.14113872501274674,0.025768287809,0.05050584410564,0.4308946352245018,0.12066220730918797,0.022029804260535663,0.043178416350649895,0.028146990613066938,0.0220145353988402,0.004019285876980255,0.007877800318881299,0.035114820406411,0.027193748602235383,0.0049648765108563,0.009731157961278348,0.03132173152451188,0.02685374712119293,0.004902801017272262,0.009609489993853634,0.003793088881899096,0.009738533087655198,0.0017780047497063956,0.003484889309424535,0.10801960078390749,9.471966888594038,0.049663499671335605,3.3894998201656517,0.035114820406411,0.03132173152451188,0.0049648765108563,0.004902801017272262
baseline_oracle_kmeans,500,0.5,0.5,10,0.6122623341062476,0.047570664646772336,0.00868517536751691,0.017022943720333146,0.983345839162816,0.0557452987405775,0.010177652531692874,0.019948198962118035,0.6939267454488558,0.05172174292492753,0.009443055104488679,0.01850838800479781,0.05371330946336664,0.026833145501774274,0.004899039693380017,0.009602117799024833,0.03338501162144772,0.027261395635978437,0.004977227112966095,0.009755365141413546,0.03638569355800428,0.028952816926140466,0.005286036977921506,0.010360632476726151,-0.00300068193655658,0.015064750279938628,0.0027504345171682175,0.005390851653649706,-0.08988111103812879,14.663822671556881,0.0855649667217756,5.247381551558683,0.03338501162144772,0.03638569355800428,0.004977227112966095,0.005286036977921506
baseline_oracle_kmeans,500,0.5,1.0,3,0.31770347845429586,0.03122635426242716,0.00570112620605965,0.011174207363876915,0.885496615912195,0.191014918840915,0.03487439328972924,0.0683538108478693,0.2567279934597995,0.09399849634257484,0.017161698939465033,0.03363692992135146,0.0219817742110982,0.020468011149102017,0.0037369304712101367,0.007324383723571868,0.04056356159594553,0.026885061022619908,0.004908518127330611,0.009620695529567997,0.03978493847270978,0.02667427307819319,0.004870033689993058,0.009545266032386392,0.0007786231232357369,0.009662401518588215,0.001764105090467646,0.003457645977316586,0.019195137029426212,0.732378757858604,0.043082143164917416,0.2620783726602906,0.04056356159594553,0.03978493847270978,0.004908518127330611,0.004870033689993058
baseline_oracle_kmeans,500,0.5,1.0,5,0.39409124505469045,0.03885769368246606,0.007094411787504216,0.013905047103508263,0.9283526076768621,0.16260905215847007,0.029688215307242728,0.058188902002195744,0.4071614698608323,0.09832052874988659,0.017950790487382698,0.035183549355270086,0.06181659789835267,0.04650925864871107,0.00849139003158043,0.016643124461897644,0.03710117914255122,0.0319668229702479,0.005836316677526357,0.01143918068795166,0.03774307589976969,0.028985925680431852,0.005292081781780269,0.010372480292289326,-0.0006418967572184804,0.013059647151434118,0.002384354445966184,0.004673334714093721,-0.01730124950347678,6.522127365121557,0.06546099308869223,2.333913303455222,0.03710117914255122,0.03774307589976969,0.005836316677526357,0.005292081781780269
baseline_oracle_kmeans,500,0.5,1.0,10,0.6001157244832329,0.05413418359601864,0.009883504495888514,0.019371668811941488,0.9836601840497401,0.059166325656405803,0.010802243735570037,0.021172397721717272,0.6996329403762876,0.05379467000468479,0.009821518078370799,0.019250175433606766,0.08856352487770586,0.04467438390569637,0.008156389269265216,0.015986522967759823,0.04586376068858808,0.028533358825211175,0.005209454756652423,0.010210531323038749,0.04054921746687361,0.030322467532417567,0.0055360998222410375,0.010850755651592433,0.005314543221714459,0.014271743108202655,0.0026056518784271622,0.005107077681717238,0.11587674324833219,0.9590001544341682,0.056747513854011014,0.34317379792656083,0.04586376068858808,0.04054921746687361,0.005209454756652423,0.0055360998222410375
baseline_oracle_kmeans,500,1.0,0.2,3,0.3232733607956054,0.030114337020851204,0.005498100563544376,0.010776277104546976,0.8772108245575819,0.20182953894828076,0.03684886375094696,0.07222377295185604,0.24739605716313257,0.07994883999734605,0.014596594370972564,0.028609324967106227,0.009985231104185659,0.010107199385920395,0.0018453136989569877,0.003616814849955696,0.036538318027975906,0.03252232139716026,0.005937736350552536,0.01163796324708297,0.03849290516603411,0.02842284220281169,0.005189277274296597,0.01017098345762133,-0.0019545871380582166,0.010770446039208223,0.001966405416688838,0.0038541546167101225,-0.05349417388511579,4.9297770727549795,0.05882639694564704,1.7640980693968633,0.036538318027975906,0.03849290516603411,0.005937736350552536,0.005189277274296597
baseline_oracle_kmeans,500,1.0,0.2,5,0.40779324707449394,0.04341502991686689,0.007926463740076543,0.015535868930550025,0.929623094251879,0.13750849287778724,0.025105501132567515,0.04920678221983233,0.4113160985688565,0.11463805741001497,0.02092994999734582,0.04102270199479781,0.015764454150682564,0.010315639071742013,0.0018833694048915844,0.0036914040335875053,0.036951965094270754,0.03504971229374553,0.006399172685783522,0.012542378464135702,0.036394634882563406,0.029663520484250007,0.005415793101413433,0.010614954478770328,0.0005573302117073433,0.011082786672889911,0.0020234307535864776,0.003965924277029496,0.015082559487310188,8.482159662462944,0.05321412427184676,3.0353018532143556,0.036951965094270754,0.036394634882563406,0.006399172685783522,0.005415793101413433
baseline_oracle_kmeans,500,1.0,0.2,10,0.6056578856865202,0.06008147946860993,0.010969327197747052,0.02149988130758422,0.9614758412293603,0.09713216592001597,0.01773382611124243,0.03475829917803516,0.6993136890008185,0.05954546336145835,0.010871464493389377,0.02130807040704318,0.039739925325084975,0.015582270674073827,0.002844920381780488,0.005576043948289757,0.03578984661825766,0.03112163305934359,0.005682006817666999,0.011136733362627318,0.034534559117656904,0.027871702815620174,0.005088653449398474,0.009973760760821009,0.0012552875006007402,0.016554644159261285,0.0030224506791661837,0.00592400333116572,0.035073844098577056,2.28988156122929,0.08208329983120906,0.8194235929322804,0.03578984661825766,0.034534559117656904,0.005682006817666999,0.005088653449398474
baseline_oracle_kmeans,500,1.0,0.5,3,0.32430190901420514,0.02638908082558799,0.004817964946667198,0.009443211295467708,0.9018638408008197,0.1807151910751078,0.03299392887856427,0.06466810060198597,0.23443292237142294,0.058709359506621754,0.010718813512819034,0.02100887448512531,0.01625690557073571,0.010523469028100923,0.0019213137899659475,0.003765775028333257,0.045633788830895756,0.026118190990683462,0.004768507455608511,0.00934627461299268,0.043609921449391235,0.02716235894087423,0.0049591455689896495,0.009719925315219712,0.0020238673815045067,0.008278503354911959,0.0015114410099558253,0.0029624243795134176,0.044350193866310894,0.3021531718702814,0.03330655630782543,0.10812412392932451,0.045633788830895756,0.043609921449391235,0.004768507455608511,0.0049591455689896495
baseline_oracle_kmeans,500,1.0,0.5,5,0.40046212293550537,0.035096042289291744,0.006407631347000113,0.012558957440120222,0.9706275222144449,0.08380114321274607,0.015299925494113988,0.029987853968463415,0.3977061605806839,0.09407367786470977,0.017175425144658658,0.03366383328353097,0.0322904442750417,0.020553848407985496,0.0037526021388651007,0.007355100192175597,0.03770802412618398,0.03361408326731567,0.006137063885121917,0.012028645214838957,0.033803494698960636,0.02907711609051386,0.005308730796656956,0.010405112361447633,0.003904529427223308,0.01203925677134359,0.002198057503087233,0.004308192706050977,0.10354638084874057,7.5768097372627,0.051377377860492936,2.7113265432554003,0.03770802412618398,0.033803494698960636,0.006137063885121917,0.005308730796656956
baseline_oracle_kmeans,500,1.0,0.5,10,0.6092676504958283,0.06717013073009002,0.01226353193048042,0.024036522583741622,0.9601277995594742,0.10822512205468539,0.01975911354603368,0.038727862550226005,0.7151546570066105,0.05457143801645222,0.009963335865701953,0.019528138296775827,0.055370820580994615,0.02712546427131758,0.004952409554733691,0.009706722727278034,0.03670704874781039,0.027260013142030796,0.004976974705259182,0.009754870422307996,0.036061019124642504,0.02548968234068484,0.004653758000544723,0.009121365681067656,0.0006460296231678869,0.015528537418361065,0.002835110076366464,0.00555681574967827,0.017599606756901753,1.1143558012143235,0.07632473168542929,0.3987671021490608,0.03670704874781039,0.036061019124642504,0.004976974705259182,0.004653758000544723
baseline_oracle_kmeans,500,1.0,1.0,3,0.3247137666295442,0.024909651138251502,0.0045478592760015285,0.008913804180962995,0.8956618712127568,0.19133104403355092,0.03493210958939669,0.06846693479521751,0.20585621898724485,0.07834914661206684,0.014304531653569489,0.0280368820409962,0.024797801111044848,0.024600312700848705,0.0044913820626452244,0.00880310884278464,0.041046113749506986,0.031174950059473048,0.005691741125556803,0.011155812606091334,0.040176982310863245,0.029974785439542254,0.0054726220472049,0.010726339212521602,0.0008691314386437602,0.009902262660015756,0.0018078975430772463,0.003543479184431403,0.02117451225584499,8.091492414578262,0.04332210789092092,2.895503373973019,0.041046113749506986,0.040176982310863245,0.005691741125556803,0.0054726220472049
baseline_oracle_kmeans,500,1.0,1.0,5,0.3877979457253478,0.03313404133596389,0.006049420620338678,0.011856864415863809,0.9130681716536962,0.13830966929639849,0.02525177526490571,0.04949347951921519,0.38628316135124596,0.09067586207615498,0.01655507169344577,0.03244794051915371,0.043477949170125145,0.026077600103108455,0.004761096607357182,0.009331749350420077,0.04325879252512575,0.035678976336887214,0.006514060056135389,0.012767557710025362,0.03650478729753158,0.032491577392382565,0.005932123288910938,0.011626961646265439,0.0067540052275941445,0.01573382404873248,0.002872590115769347,0.005630276626907921,0.15613023002598336,0.5958253309616769,0.060577023662941716,0.2132133564124519,0.04325879252512575,0.03650478729753158,0.006514060056135389,0.005932123288910938
baseline_oracle_kmeans,500,1.0,1.0,10,0.6248496992608868,0.05325389007776202,0.009722785623496934,0.01905665982205399,0.9752872067139374,0.08525814459975996,0.015565936336108597,0.03050923521877285,0.6876603720334116,0.0711100441094932,0.012982858407985597,0.02544640247965177,0.08310391861526562,0.05131578388833067,0.009368937463899624,0.018363117429243264,0.040967333685280376,0.030726083992689834,0.005609789768864874,0.010995187946975153,0.04053794037173233,0.027888209616162448,0.005091667165068221,0.009979667643533712,0.0004293933135480299,0.017446700491705,0.0031853171377811003,0.006243221590050956,0.010481358558668719,2.528539963490097,0.07713323812605292,0.9048264053637859,0.040967333685280376,0.04053794037173233,0.005609789768864874,0.005091667165068221
baseline_oracle_kmeans,500,2.0,0.2,3,0.31926149988157426,0.027883043744476952,0.005090724010251113,0.009977819060092182,0.8999458200952586,0.18330902377094177,0.03346749577119851,0.06559629171154907,0.20729247687505847,0.07334857844300542,0.013391556991390408,0.0262474517031252,0.0110459363086447,0.01435018392937304,0.0026199731474885785,0.005135147369077614,0.04421723873580085,0.033460741932723845,0.006109067715803953,0.011973772722975748,0.038946977040599524,0.03193492474823532,0.005830492885612824,0.011427766055801135,0.005270261695201311,0.009650376390381857,0.001761909612475808,0.0034533428404525837,0.11919020377304146,0.4990541613671759,0.0383004335920982,0.1785842381104486,0.04421723873580085,0.038946977040599524,0.006109067715803953,0.005830492885612824
baseline_oracle_kmeans,500,2.0,0.2,5,0.3874391671724832,0.04231054269978231,0.0077248128856521004,0.015140633255878116,0.9201813990117977,0.15552898997823675,0.02839557871902506,0.055655334289289114,0.3514648570862402,0.1043311923248392,0.019048182495908096,0.03733443769197987,0.019589661250425095,0.01199012102975461,0.0021890865850712235,0.004290609706739598,0.03656130551980303,0.02395351356410209,0.0043732932368548945,0.008571654744235593,0.030677517294163015,0.022339437224640442,0.004078604563302057,0.007994064944072033,0.005883788225640021,0.015937689619158073,0.002909810706309599,0.005703228984366814,0.16092937990010026,1.3705394308242078,0.0733857321573448,0.49044123664563705,0.03656130551980303,0.030677517294163015,0.0043732932368548945,0.004078604563302057
baseline_oracle_kmeans,500,2.0,0.2,10,0.6128518023025876,0.06590047121259283,0.012031724877785642,0.023582180760459856,0.9476207345545686,0.15228265432136132,0.02780288162952372,0.05449364799386649,0.6424103959807579,0.09296079290177064,0.01697224107862197,0.03326559251409906,0.03723715406162441,0.018079917631444918,0.0033009262415259187,0.0064698154333908,0.041062548343675925,0.029146148800901137,0.005321334387551901,0.010429815399601725,0.0341623561301736,0.020345122905637045,0.0037144942502108196,0.007280408730413206,0.006900192213502312,0.030420228856299695,0.005553948516354974,0.010885739092055749,0.1680410128409634,5.5877859459765595,0.11936165822228587,1.9995635206261806,0.041062548343675925,0.0341623561301736,0.005321334387551901,0.0037144942502108196
baseline_oracle_kmeans,500,2.0,0.5,3,0.3263873919281177,0.029915318206115267,0.005461764865478104,0.010705059136337083,0.9100476048363005,0.1865574958135579,0.034060582909587085,0.06675874250279068,0.1902481288972066,0.09317054345991306,0.01701053611600327,0.03334065078736641,0.010861943354990893,0.011819880496351612,0.0021580050582890456,0.004229689914246529,0.04043424260453034,0.029479802037839894,0.005382250855637225,0.010549211677048961,0.04021339778630208,0.02629545568698693,0.004800871413213416,0.009409707969898295,0.00022084481822825294,0.0115403766466651,0.002106974870494767,0.004129670746169743,0.005461826511460766,0.8045702738221243,0.05178063619775893,0.28791177487271735,0.04043424260453034,0.04021339778630208,0.005382250855637225,0.004800871413213416
baseline_oracle_kmeans,500,2.0,0.5,5,0.3876585966377924,0.0332923129327451,0.006078316928261821,0.011913501179393169,0.9203219852010803,0.16133515554584976,0.02945563467035554,0.057733043953896855,0.2705114151329931,0.09942497011307369,0.018152432970069143,0.03557876862133552,0.02787323077185518,0.01997343456106212,0.0036466335533156726,0.007147401764498718,0.04378887831545932,0.036020753763319924,0.0065764597915031415,0.012889861191346157,0.03822730485084881,0.03227197560815791,0.005892029671948196,0.011548378157018464,0.005561573464610488,0.02031849268543067,0.0037096322594380327,0.007270879228498544,0.12700881316357082,2.2980100405614268,0.07787117771468001,0.8223323319047187,0.04378887831545932,0.03822730485084881,0.0065764597915031415,0.005892029671948196
baseline_oracle_kmeans,500,2.0,0.5,10,0.6015437240997881,0.06558272730694427,0.011973713042907803,0.023468477564099293,0.9789482594005652,0.047992179128987844,0.008762133030925092,0.01717378074061318,0.5780765888035956,0.07524648663621854,0.013738066034555973,0.026926609427729706,0.06258394770413901,0.03779663276041272,0.0069006894535389345,0.013525351328936312,0.044544823132014,0.036611166142523334,0.006684253850943143,0.013101137547848559,0.04008214311615807,0.0298873502567267,0.00545665863988901,0.01069505093418246,0.0044626800158559295,0.024264774661719286,0.00443012147833448,0.008683038097535581,0.10018403266817866,4.7324095728443805,0.09150684591022593,1.6934710166081663,0.044544823132014,0.04008214311615807,0.006684253850943143,0.00545665863988901
baseline_oracle_kmeans,500,2.0,1.0,3,0.3240094422686927,0.031054632514685387,0.005669774247775523,0.011112757525640025,0.924867290133109,0.19776938511992387,0.036107584471369615,0.07077086556388444,0.16435377913268603,0.05711431115635715,0.010427598858901927,0.020438093763447775,0.025814131841070773,0.01799443319940585,0.003285318990944814,0.006439225222251835,0.05494479816872863,0.02759113683047474,0.005037429343087535,0.00987336151245157,0.047737133735153106,0.0253399502268898,0.004626420781775231,0.009067784732279453,0.007207664433575505,0.013858826315552379,0.0025302639311914157,0.0049593173051351745,0.13118010573888517,0.4500082475418316,0.04259761925081666,0.16103338325145952,0.05494479816872863,0.047737133735153106,0.005037429343087535,0.004626420781775231
baseline_oracle_kmeans,500,2.0,1.0,5,0.3863400496433375,0.031008057625406364,0.005661270875285047,0.011096090915558693,0.9492293671864833,0.1372936703348671,0.025066280081694856,0.04912990896012192,0.3047853287453612,0.09260847715965674,0.01690791731884865,0.03313951794494335,0.05444742350733133,0.04243169169683396,0.007746931565153539,0.015183985867700936,0.032508022736252355,0.03151740595678928,0.005754264732193727,0.011278358875099705,0.029799587232059884,0.027431979293590415,0.005008371285371367,0.00981640771932788,0.0027084355041924633,0.023807831071278547,0.004346695374337215,0.008519522933700941,0.08331591023443186,1.588253634931551,0.1263873348251881,0.5683492640225025,0.032508022736252355,0.029799587232059884,0.005754264732193727,0.005008371285371367
baseline_oracle_kmeans,500,2.0,1.0,10,0.6048770037935722,0.054850492859262454,0.010014284076431361,0.01962799678980547,0.9342097436735711,0.12620277458467663,0.023041368819922355,0.045161082887047815,0.5997164469407339,0.07886896914164046,0.014399437828685113,0.02822289814422282,0.08637620604444489,0.059432152176608154,0.010850776796069347,0.02126752252029592,0.050843742680236864,0.04337654696009058,0.007919437745574583,0.015522097981326182,0.041138494904844634,0.031853015212388466,0.005815538318793457,0.011398455104835175,0.009705247775392245,0.024531645373320726,0.004478845181228335,0.008778536555207536,0.19088381900659512,0.7478710199964561,0.07091478541533223,0.26762220746755133,0.050843742680236864,0.041138494904844634,0.007919437745574583,0.005815538318793457
baseline_oracle_kmeans,2000,0.5,0.2,3,0.32921000097659026,0.008922312351757564,0.0016289839133881955,0.003192808470240863,0.9092248127439885,0.1670852050297235,0.030505445273385064,0.05979067273583472,0.2633992668409673,0.04851164175904855,0.008856973497680162,0.017359668055453116,0.0034669839883681533,0.0038702319268953253,0.0007066044430457516,0.001384944708369673,0.017024814023822395,0.013725217802707171,0.0025058704657380695,0.004911506112846616,0.016645403804304466,0.012152716178658542,0.0022187722620030884,0.004348793633526053,0.0003794102195179188,0.0031033350126464776,0.000566588863307352,0.00111051417208241,0.022285718891673634,0.936303589962739,0.031453977291894315,0.33505193663849775,0.017024814023822395,0.016645403804304466,0.0025058704657380695,0.0022187722620030884
baseline_oracle_kmeans,2000,0.5,0.2,5,0.3846264831736254,0.02456067602987296,0.0044841454297126155,0.008788925042236726,0.9152474247127773,0.14918697371079973,0.027237690262445068,0.053385872914392334,0.40949763039306847,0.08607898111538238,0.015715799894652046,0.03080296779351801,0.0069194445902240175,0.00500020143296905,0.0009129077056356014,0.0017892991030457788,0.016278791850077457,0.013007157411379608,0.002374771174411038,0.004654551501845634,0.017024255485331027,0.012273446096659655,0.0022408144284880747,0.0043919962798366265,-0.0007454636352535633,0.004820572432765231,0.0008801120871710243,0.0017250196908552074,-0.04579354795608026,4.050789040589506,0.0566422694929308,1.4495562417073804,0.016278791850077457,0.017024255485331027,0.002374771174411038,0.0022408144284880747
baseline_oracle_kmeans,2000,0.5,0.2,10,0.5793403354219469,0.05261327979678745,0.009605826723010436,0.018827420377100453,0.928547407944086,0.12778547111515368,0.023330328350398166,0.04572744356678041,0.6760024554830087,0.034913478327714624,0.006374299880352348,0.012493627765490602,0.01203293219606767,0.006030417561817226,0.0011009985765941999,0.0021579572101246315,0.014987472470945954,0.01479643547783599,0.0027014471606268344,0.005294836434828596,0.014208477366376933,0.014367652890832786,0.0026231625289044754,0.005141398556652772,0.0007789951045690166,0.005128301872542499,0.0009362955390958367,0.00183513925662784,0.05197641604207426,3.4160380195945277,0.06075527310385248,1.222413506009769,0.014987472470945954,0.014208477366376933,0.0027014471606268344,0.0026231625289044754
baseline_oracle_kmeans,2000,0.5,0.5,3,0.32617309911328757,0.008675881500600658,0.0015839920013735835,0.0031046243226922235,0.8516282789642118,0.21872082036360577,0.039932775703060724,0.07826824037799902,0.2453815117458723,0.05202278047157986,0.009498016789474512,0.01861611290737004,0.006761218701193874,0.00658665250493585,0.001202552718467091,0.002357003328195498,0.019339888315244875,0.01175487816270884,0.0021461373101468377,0.004206429127887802,0.01902895318866551,0.012421449698135077,0.002267836065528106,0.004444958688435087,0.00031093512657936,0.00366931141417649,0.0006699215440185484,0.0013130462262763549,0.01607740031953886,46.521519736643526,0.0347400043441199,16.647512035865216,0.019339888315244875,0.01902895318866551,0.0021461373101468377,0.002267836065528106
baseline_oracle_kmeans,2000,0.5,0.5,5,0.3751167565006955,0.02279140544820965,0.004161122293743522,0.008155799695737303,0.9153671620660496,0.16975448883739763,0.030992787591333868,0.060745863679014384,0.4054669251744679,0.09735095637082888,0.01777377159966808,0.034836592335349435,0.012559758312439747,0.00993425724541944,0.001813738928458454,0.0035549282997785698,0.019003471535438136,0.013397609488439289,0.0024460576444878157,0.004794272983196119,0.01755296623770407,0.012968485127490052,0.0023677106136655206,0.0046407128027844205,0.0014505052977340544,0.004848678813979238,0.0008852435868379412,0.0017350774302023646,0.07632843793983257,0.3521155951246695,0.04495752830181146,0.12600294747543656,0.019003471535438136,0.01755296623770407,0.0024460576444878157,0.0023677106136655206
baseline_oracle_kmeans,2000,0.5,0.5,10,0.5788084284870781,0.037639096050803504,0.006871927317042898,0.01346897754140408,0.9465190551872082,0.09421907702169377,0.017201971277366113,0.03371586370363758,0.6815911426854354,0.03299432575003185,0.006023912160988667,0.011806867835537787,0.029845791161631774,0.022790934483853977,0.004161036307809727,0.008155631163307066,0.01934911102588383,0.013451411537309834,0.0024558805097566134,0.004813525799122962,0.019777033057811907,0.013320685068217883,0.002432013231095059,0.004766745932946316,-0.000427922031928058,0.004354208790742853,0.0007949661249257174,0.001558133604854406,-0.022115849733645998,10.752235427315064,0.041714667200231766,3.8476380329358175,0.01934911102588383,0.019777033057811907,0.0024558805097566134,0.002432013231095059
baseline_oracle_kmeans,2000,0.5,1.0,3,0.3277415078106248,0.009061045646450088,0.0016543130317148978,0.0032424535421612,0.8995811289704932,0.1853065530973421,0.03383219306164769,0.06631109840082947,0.2503350586004779,0.057647456642068155,0.010524937461887249,0.020628877425299008,0.021392493889130934,0.019065623277101363,0.0034808906472546617,0.006822545668619137,0.014985901003068536,0.01112851357652721,0.0020317793057888153,0.003982287439346078,0.01418891566913357,0.010536048993751098,0.001923610566952361,0.0037702767112266274,0.0007969853339349508,0.0034964555207434413,0.0006383625200082183,0.0012511905392161079,0.05318234344213102,0.40866916929748204,0.04084996000415813,0.14624038408633733,0.014985901003068536,0.01418891566913357,0.0020317793057888153,0.001923610566952361
baseline_oracle_kmeans,2000,0.5,1.0,5,0.38100411051120847,0.02407229743919668,0.004394980106140622,0.00861416100803562,0.884430747045858,0.17459320450840002,0.03187621216545445,0.06247737584429072,0.3895576523563458,0.09328604463581827,0.017031623649157154,0.03338198235234802,0.04113677514659351,0.029101837739777932,0.005313244331643843,0.010413958890021932,0.020315864748955286,0.012772133806248852,0.002331861931052271,0.004570449384862451,0.0199735107552428,0.0124835860525194,0.0022791805598405823,0.0044671938972875415,0.00034235399371245964,0.0045820238724008375,0.0008365592779803706,0.0016396561848415262,0.01685155901277069,0.2949347019228157,0.04075349580841596,0.1055410276330031,0.020315864748955286,0.0199735107552428,0.002331861931052271,0.0022791805598405823
baseline_oracle_kmeans,2000,0.5,1.0,10,0.5827345146645112,0.049419478180922925,0.009022720993275286,0.017684533146819562,0.9682486443993467,0.08563991740911245,0.01563563819595009,0.030645850864062175,0.6833632724882059,0.03612631565551805,0.006595732668026422,0.012927636029331788,0.05394227229214126,0.04016947981068283,0.007333910071853111,0.014374463740832098,0.020466875169262547,0.012432877582623054,0.0022699225022343155,0.004449048104379258,0.02078719494963881,0.014263251330832189,0.002604101499087457,0.005104038938211416,-0.00032031978037628514,0.008291033165713784,0.0015137286299616358,0.002966908114724806,-0.015650644161709915,2.056441277934594,0.07414741490375987,0.7358880603915582,0.020466875169262547,0.02078719494963881,0.0022699225022343155,0.002604101499087457
baseline_oracle_kmeans,2000,1.0,0.2,3,0.32449014294257433,0.019702472153678093,0.003597162812395628,0.00705043911229543,0.9146218741134952,0.2071533284168664,0.03782085027873122,0.07412886654631319,0.21469797964757825,0.06813788426407341,0.012440218744036434,0.02438282873831141,0.003911745856922483,0.0031077821525917135,0.0005674007962621479,0.0011121055606738098,0.017406065804692283,0.010786851285251631,0.0019694005911286374,0.003860025158612129,0.014661073355708628,0.009972737931714904,0.0018207645084292227,0.0035686984365212765,0.002744992448983646,0.004879639043465433,0.0008908961255296499,0.0017461564060381137,0.15770320989155795,0.45172362265824323,0.047241023843564565,0.16164722235340945,0.017406065804692283,0.014661073355708628,0.0019694005911286374,0.0018207645084292227
baseline_oracle_kmeans,2000,1.0,0.2,5,0.3770241969686047,0.018983648844694168,0.003465924231998627,0.006793211494717308,0.8790584846055094,0.20665169945864956,0.037729265780093495,0.07394936092898324,0.3691350843150632,0.09181210775499243,0.016762520823168117,0.03285454081340951,0.0059167407910427966,0.004139711917263736,0.0007558045328861028,0.0014813768844567615,0.016530715023453997,0.011901762310539564,0.0021729545638491084,0.004258990945144253,0.01428281687828601,0.01118568477119028,0.002042217290107643,0.00400274588861098,0.002247898145167973,0.008305221906849972,0.0015163191278225996,0.0029719854905322952,0.13598311639748428,2.5176674950121054,0.08552802715131533,0.9009357424862282,0.016530715023453997,0.01428281687828601,0.0021729545638491084,0.002042217290107643
baseline_oracle_kmeans,2000,1.0,0.2,10,0.5839991098229572,0.057501445980785805,0.010498279684280385,0.020576628181189556,0.9193478396696889,0.1256667144019674,0.022943498068505624,0.044969256214271024,0.6740527926375087,0.043647946873945666,0.00796898836388238,0.015619217193209465,0.01447764901891702,0.008859938527194198,0.0016175960631511202,0.0031704882837761956,0.020461359756366142,0.015186346514940833,0.0027726348507743533,0.005434364307517732,0.016778376868731674,0.012609733054110514,0.002302211745951613,0.0045123350220651615,0.0036829828876344672,0.008992930465818812,0.0016418769580681348,0.0032180788378135443,0.17999697632453682,0.9176362858311381,0.06963080486693177,0.3283719276455154,0.020461359756366142,0.016778376868731674,0.0027726348507743533,0.002302211745951613
baseline_oracle_kmeans,2000,1.0,0.5,3,0.32943854240676534,0.009065169927915505,0.0016550660190456008,0.0032439293973293773,0.8170945643950537,0.25608350605009,0.04675423762288166,0.09163830574084805,0.2340477596491796,0.06032348779986885,0.01101351167179195,0.02158648287671222,0.008057910080248904,0.006758979958127385,0.0012340152629305638,0.002418669915343905,0.015610018225446292,0.01637538522430602,0.0029897226250630675,0.005859856345123612,0.015206428223635987,0.015956039241634568,0.0029131608736936254,0.005709795312439506,0.0004035900018103034,0.00432222739935665,0.0007891271484315091,0.0015466892109257577,0.025854550326687153,12.865395411264418,0.049659458277267865,4.60382262160901,0.015610018225446292,0.015206428223635987,0.0029897226250630675,0.0029131608736936254
baseline_oracle_kmeans,2000,1.0,0.5,5,0.3775018039757355,0.019846332123447042,0.0036234279292504494,0.007101918741330881,0.8389957752466101,0.207636013347024,0.0379089760868696,0.07430159313026441,0.37734310808560845,0.09304452397358498,0.01698752821088757,0.033295555293339635,0.014695170778001608,0.011047784647572318,0.0020170402873115403,0.003953398963130619,0.017171048056879183,0.013973293506722037,0.002551162685424042,0.005000278863431122,0.01451429038724777,0.013470494238387311,0.0024593645183693677,0.004820354456003961,0.0026567576696314033,0.005220029106941577,0.0009530425642351497,0.0018679634259008934,0.15472309324572908,0.5256122052809835,0.053768050236923,0.18808791207052136,0.017171048056879183,0.01451429038724777,0.002551162685424042,0.0024593645183693677
baseline_oracle_kmeans,2000,1.0,0.5,10,0.594691138968611,0.06449362691659834,0.011774871425847754,0.023078747994661596,0.9449022352249133,0.11858706507740199,0.021650936857075396,0.042435836239867776,0.6836678521635213,0.044545032072653694,0.008132772963661177,0.015940235008775908,0.02704502807518224,0.022998570179294648,0.004198945225855104,0.008229932642676003,0.02015929504251296,0.014707116051534408,0.0026851397390905687,0.005262873888617514,0.019311123863415446,0.013663872977602529,0.0024946704842393956,0.004889554149109215,0.0008481711790975199,0.01167498397857647,0.0021315506945259145,0.004177839361270792,0.042073454320145864,1.0706154624601887,0.10314482676361415,0.38311482294613686,0.02015929504251296,0.019311123863415446,0.0026851397390905687,0.0024946704842393956
baseline_oracle_kmeans,2000,1.0,1.0,3,0.3294293650297738,0.008721624912557983,0.0015923435675690098,0.003120993392435259,0.8443976389628672,0.2488577070634577,0.0454349932558895,0.08905258678154342,0.2254932410152037,0.049417218649251755,0.009022308461120053,0.017683724583795305,0.015142792560871794,0.01289550793249498,0.002354386861704769,0.004614598248941348,0.021454977186582687,0.01578489135692317,0.0028819136879850503,0.005648550828450698,0.020234631562800916,0.014258245085657139,0.0026031874879505314,0.005102247476383041,0.0012203456237817568,0.006914764859037015,0.0012624575643795342,0.002474416826183887,0.05687937177322844,73.07968357544254,0.05599038600913594,26.151228910544987,0.021454977186582687,0.020234631562800916,0.0028819136879850503,0.0026031874879505314
baseline_oracle_kmeans,2000,1.0,1.0,5,0.3758162157924988,0.018747727899012336,0.0034228511574193304,0.006708788268541888,0.9147202925938127,0.14424013981298037,0.026334526091089445,0.05161567113853531,0.35523366428634845,0.08823632836446493,0.016109675812216787,0.0315749645919449,0.03845047401509524,0.029569801910117592,0.005398682509043584,0.010581417717725425,0.02238898279314211,0.013826104807173277,0.002524289828439806,0.00494760806374202,0.01809661771566185,0.014228749223833484,0.0025978023049925743,0.005091692517785446,0.0042923650774802395,0.007395308861825086,0.0013501924944464851,0.002646377289115111,0.19171773533163983,0.540944750532039,0.05958883940751261,0.19357459292386298,0.02238898279314211,0.01809661771566185,0.002524289828439806,0.0025978023049925743
baseline_oracle_kmeans,2000,1.0,1.0,10,0.5779882356434743,0.054545648915347814,0.009958627441564397,0.019518909785466217,0.9205205126082664,0.1413953424438149,0.025815139527548357,0.05059767347399478,0.6800902137207878,0.051161106165835614,0.009340697304648269,0.018307766717110607,0.06718692658173882,0.055092777388573946,0.010058518977110836,0.019714697195137236,0.021327609839565602,0.010785955672620534,0.001969237075381691,0.003859704667748114,0.015238549397208366,0.009747788943053557,0.0017796946299699582,0.003488201474741118,0.00608906044235721,0.008263179897933062,0.0015086433422737246,0.0029569409508565002,0.2855013050295587,0.7012023006293978,0.061838682124436696,0.25092202072043684,0.021327609839565602,0.015238549397208366,0.001969237075381691,0.0017796946299699582
baseline_oracle_kmeans,2000,2.0,0.2,3,0.32909345311051,0.008198706979718343,0.0014968722517222622,0.0029338696133756337,0.8058893517078926,0.24949837280650983,0.04555196228231965,0.08928184607334651,0.19120081703412176,0.057028257751525056,0.010411887728576373,0.020407299948009692,0.003146862861445993,0.0024432782402708103,0.00044607953548595,0.000874315889552462,0.026129619580546888,0.01763264243952542,0.003219265337516998,0.006309760061533316,0.023675120052073895,0.01655493247506317,0.0030225033181889766,0.005924106503650394,0.0024544995284729804,0.0068856080560670855,0.0012571342848157463,0.0024639831982388627,0.0939355248133934,0.7959944266725564,0.04541197132481152,0.284842947382808,0.026129619580546888,0.023675120052073895,0.003219265337516998,0.0030225033181889766
baseline_oracle_kmeans,2000,2.0,0.2,5,0.3847796650849035,0.02516774282773541,0.004594980156079847,0.0090061611059165,0.9420717959512233,0.12174404565195178,0.022227320015170908,0.04356554722973498,0.32444409069239555,0.09639558703959417,0.01759934582184612,0.0344947178108184,0.005855215887696324,0.0036659753060101405,0.0006693124567862193,0.0013118524153009898,0.025933724755286276,0.016676895777246934,0.003044770668786932,0.005967750510822387,0.021925540370083128,0.013474876280166189,0.0024601645660794415,0.004821922549515705,0.004008184385203145,0.0095336715440493,0.001740602320173636,0.0034115805475403264,0.1545549057462765,5.644785946516398,0.05829424987324845,2.019960708860852,0.025933724755286276,0.021925540370083128,0.003044770668786932,0.0024601645660794415
baseline_oracle_kmeans,2000,2.0,0.2,10,0.566109544021809,0.052380291410617015,0.009563289058096346,0.01874404655386884,0.9398446972867642,0.13403661222594843,0.024471625349241563,0.047964385684513465,0.6048398758691887,0.05516227489943609,0.010071207428574055,0.019739566560005146,0.013739698076750018,0.007283700567341812,0.0013298157009487622,0.0026064387738595736,0.02191849860339772,0.016128709172574106,0.0029446859457531067,0.0057715844536760895,0.012510700927809168,0.008620938952848026,0.0015739609104499432,0.0030849633844818886,0.00940779767558852,0.01342684699922296,0.0024513956592149885,0.004804735492061377,0.42921724912901615,3.0931314624919573,0.0702217791470406,1.106862878552716,0.02191849860339772,0.012510700927809168,0.0029446859457531067,0.0015739609104499432
baseline_oracle_kmeans,2000,2.0,0.5,3,0.32233386074346343,0.018981293772482585,0.0034654942566070147,0.006792368742949749,0.8929703899012456,0.21023813163676253,0.03838405571506511,0.07523274920152762,0.16978113025770683,0.05867250890505628,0.010712085544240685,0.020995687666711744,0.007212781666374778,0.008421172336271768,0.0015374886830715093,0.0030134778188201585,0.02582731268230656,0.021708117517258454,0.0039633418817251655,0.007768150088181324,0.020843826378446173,0.017244937631948808,0.003148480447929361,0.006171021677941548,0.004983486303860368,0.007919409842869988,0.0014458798043561118,0.0028339244165379793,0.1929541166423563,1.0135876196174531,0.0415900616106467,0.36270767147133065,0.02582731268230656,0.020843826378446173,0.0039633418817251655,0.003148480447929361
baseline_oracle_kmeans,2000,2.0,0.5,5,0.3757963616095051,0.02217132929223233,0.004047912394410232,0.007933908293044054,0.9382188006180538,0.11534117150891056,0.02105832048150083,0.041274308143741625,0.31236049305598207,0.09970404658397379,0.01820338512952945,0.03567863485387772,0.015376452769403758,0.011938273716087968,0.0021796206039908016,0.004272056383821971,0.023945378198340084,0.019758785973706738,0.0036074442622386193,0.007070590753987693,0.01832028138617435,0.013472806547601914,0.0024597866863416227,0.0048211819052295804,0.0056250968121657205,0.010838155080780853,0.001978767339827633,0.0038783839860621603,0.23491367584896494,1.64574721932494,0.06020257351707191,0.5889230789707721,0.023945378198340084,0.01832028138617435,0.0036074442622386193,0.0024597866863416227
baseline_oracle_kmeans,2000,2.0,0.5,10,0.5760544977209124,0.05125801469843065,0.009358390301087278,0.018342444990131063,0.9565314906231469,0.11364340101598633,0.020748351416020407,0.0406667687754,0.6158021046922388,0.07841444949927011,0.014316454275033304,0.028060250379065278,0.027686684329506703,0.013803649643260859,0.0025201900951707036,0.004939572586534579,0.021418787679879574,0.01656919436845632,0.003025107171763697,0.005929210056656846,0.012400649328191963,0.010762590213140364,0.001964971145640437,0.0038513434454552566,0.009018138351687594,0.011161644929001107,0.0020378282354923515,0.003994143341565009,0.42103869212724343,1.5168940794168657,0.06262448117046726,0.5428135750331982,0.021418787679879574,0.012400649328191963,0.003025107171763697,0.001964971145640437
baseline_oracle_kmeans,2000,2.0,1.0,3,0.3290308468379737,0.00863439856791067,0.0015764182887116585,0.0030897798458748506,0.8468105642971565,0.2487188206300325,0.04540963617838336,0.08900288690963139,0.17962779685780836,0.04981369964641578,0.009094695656376345,0.017825603486497636,0.018158121347688773,0.015746346116907686,0.0028748763221714065,0.005634757591455957,0.025785480374833903,0.017392659824856768,0.0031754507070293012,0.00622388338577743,0.02149906379414903,0.014711617768650867,0.002685961636427966,0.0052644848073988134,0.004286416580684838,0.007707284311623364,0.001407151158193931,0.0027580162700601048,0.16623372992765062,1.7314066361655536,0.0467413329552884,0.6195759076167822,0.025785480374833903,0.02149906379414903,0.0031754507070293012,0.002685961636427966
baseline_oracle_kmeans,2000,2.0,1.0,5,0.37582780428192264,0.020007905853601567,0.003652927121485745,0.00715973715811206,0.9247049079607801,0.1371543427554878,0.02504084246232531,0.049080051226157606,0.27908162226162064,0.08531669214598397,0.015576625606693087,0.03053018618911845,0.036411259190231436,0.03020219050272489,0.005514140341470238,0.010807715069281666,0.02351277979033497,0.017064122199702474,0.0031154682176005736,0.006106317706497124,0.018187940125365634,0.013553221442681463,0.0024744683703397828,0.004849958005865974,0.005324839664969323,0.009469036940629765,0.0017288017100775429,0.003388451351751984,0.2264657651052443,1.0623761936715839,0.06012012931991157,0.3801664384758637,0.02351277979033497,0.018187940125365634,0.0031154682176005736,0.0024744683703397828
baseline_oracle_kmeans,2000,2.0,1.0,10,0.5732140046563307,0.05004826715274281,0.009137521627867363,0.01790954239062003,0.928865232166236,0.128777667007909,0.023511477707706854,0.04608249630710543,0.5795603946185737,0.0612499360854027,0.011182657213241576,0.021918008137953488,0.06755993705394868,0.04128502961759229,0.007537580669608059,0.014773658112431797,0.028381783303350974,0.016183986533299482,0.002954778164882653,0.00579136520317,0.01588978893498057,0.01215258473564285,0.0022187482639015148,0.004348746597246969,0.012491994368370375,0.015526369659895884,0.0028347142996295966,0.005556040027274009,0.440141277764442,1.5835155465837931,0.07485977836804539,0.56665376088239,0.028381783303350974,0.01588978893498057,0.002954778164882653,0.0022187482639015148
baseline_oracle_kmeans,10000,0.5,0.2,3,0.32512356160341144,0.016594657050167345,0.0030297560001462647,0.005938321760286679,0.8388539794635125,0.2766233510437767,0.05050428309978225,0.0989883948755732,0.2691233434643493,0.062341737068844924,0.011381991888887453,0.022308704102219405,0.0016220186549156838,0.0012877159509337248,0.00023510369132853892,0.00046080323500393626,0.010255256733505745,0.007609492948531512,0.0013892969796957357,0.0027230220802036418,0.009996136984804595,0.007113169374146463,0.0012986811071916409,0.002545414970095616,0.00025911974870114284,0.0012282868133907422,0.00022425346492674936,0.00043953679125642873,0.02526701724146596,0.47433502170985536,0.02047656489291298,0.1697386075873911,0.010255256733505745,0.009996136984804595,0.0013892969796957357,0.0012986811071916409
baseline_oracle_kmeans,10000,0.5,0.2,5,0.378366214049336,0.017641653681975077,0.0032209105577706066,0.006312984693230389,0.8747959041179478,0.1929216604077972,0.03522251507890061,0.06903612955464519,0.3892187262823535,0.07747765402161443,0.014145419603406357,0.02772502242267646,0.002502007829808073,0.0016164584724011252,0.0002951235895348128,0.0005784422354882331,0.009109418373779156,0.00657316901077546,0.0012000909804985459,0.00235217832177715,0.008125284542947735,0.006108461391111713,0.0011152473651870908,0.002185884835766698,0.0009841338308313901,0.002177383416270985,0.0003975340044764265,0.0007791666487737959,0.10803476033817738,6.83191848571049,0.04056493030838453,2.4447706322313123,0.009109418373779156,0.008125284542947735,0.0012000909804985459,0.0011152473651870908
baseline_oracle_kmeans,10000,0.5,0.2,10,0.5664145563649464,0.05182394545023295,0.009461714647336602,0.01854496070877974,0.916280513183797,0.15266401045880054,0.027872507415829886,0.05463011453502657,0.684491376276235,0.03597199537642142,0.006567557768712517,0.012872413226676533,0.005924230479614878,0.004169853918739035,0.0007613076842648944,0.001492163061159193,0.009253194422862801,0.006567697538844706,0.001199092030965469,0.0023502203806923193,0.009408526170611917,0.006656383651023588,0.001215283825691405,0.0023819562983551537,-0.00015533174774912332,0.002750265158178214,0.0005021274220849072,0.000984169747286418,-0.016786824165860192,3.0412283091993544,0.05469207954048637,1.0882895736815645,0.009253194422862801,0.009408526170611917,0.001199092030965469,0.001215283825691405
baseline_oracle_kmeans,10000,0.5,0.5,3,0.32356890893505574,0.02006983176803206,0.0036642331948949836,0.007181897061994168,0.9314089638045985,0.16747410815728184,0.030576448945267735,0.05992983993272476,0.24792712232523043,0.049878357509018284,0.009106500512998834,0.017848741005477717,0.009681772249938414,0.009898673115989883,0.0018072421849992034,0.0035421946825984385,0.010220933331633956,0.007570562896995538,0.0013821893572320385,0.0027090911401747952,0.009604935959786703,0.007184403244545175,0.0013116865730835655,0.0025709056832437884,0.0006159973718472457,0.0014803502029455003,0.0002702737330535337,0.000529736516784926,0.06026821150870154,0.32597135028557744,0.024778085527615203,0.11664734961252818,0.010220933331633956,0.009604935959786703,0.0013821893572320385,0.0013116865730835655
baseline_oracle_kmeans,10000,0.5,0.5,5,0.37434161578575403,0.017941288944119775,0.0032756162218041483,0.006420207794736131,0.8744538223117025,0.1807347096639054,0.03299749246902264,0.06467508523928438,0.3763261091089309,0.09258931248903124,0.016904418344712402,0.03313265995563631,0.0116170762608698,0.008353680223444262,0.0015251663655217395,0.002989326076422609,0.009503654266966543,0.005684687424356907,0.0010378771782287401,0.0020342392693283307,0.009264490381061448,0.005173808251598843,0.00094460382920235,0.001851423505236606,0.00023916388590510232,0.0022941506017097697,0.0004188526782901636,0.0008209512494487207,0.025165465744729,0.4709380138425629,0.0430065289206477,0.16852300393392455,0.009503654266966543,0.009264490381061448,0.0010378771782287401,0.00094460382920235
baseline_oracle_kmeans,10000,0.5,0.5,10,0.5706706113051306,0.049440390403894786,0.009026539025358375,0.017692016489702415,0.8853329501865469,0.14219693459313187,0.02596148956158167,0.05088451954070007,0.6884383215164424,0.03290014604422259,0.006006717377878357,0.01177316606064158,0.017418910559356515,0.011260623095602834,0.0020558990936751084,0.004029562223603213,0.009324784234366756,0.006764392626169407,0.0012350034763915316,0.002420606813727402,0.007942544567503328,0.006473365519677661,0.001181869439367869,0.0023164641011610234,0.0013822396668633971,0.0027836754507228737,0.0005082272790447595,0.0009961254669277285,0.14823288476414764,0.9567738582602887,0.05193008288621145,0.3423771280722683,0.009324784234366756,0.007942544567503328,0.0012350034763915316,0.001181869439367869
baseline_oracle_kmeans,10000,0.5,1.0,3,0.32941163576971083,0.004681505865861812,0.0008547221219417562,0.001675255359005842,0.8694164284653174,0.23530104260179865,0.042959896279163065,0.0842013967071596,0.2588159910135326,0.05454228508508502,0.009958013292992882,0.01951770605426605,0.023332294018559543,0.021269196819109725,0.0038832062926145074,0.007611084333524434,0.00846999645790432,0.007508070187713322,0.001370779801714211,0.0026867284113598535,0.008100874091986022,0.007023007447080641,0.0012822198667642789,0.0025131509388579866,0.00036912236591829793,0.00183249919990034,0.00033456704946519493,0.000655751416951782,0.04357999058828743,10.996721070197122,0.037407148298868445,3.935126096643019,0.00846999645790432,0.008100874091986022,0.001370779801714211,0.0012822198667642789
baseline_oracle_kmeans,10000,0.5,1.0,5,0.37978340380116166,0.01771109758681901,0.0032335892221586945,0.006337834875431041,0.8843954169927514,0.19520085759296174,0.035638637649339576,0.06985172979270557,0.38635880378813764,0.07101067145167896,0.012964715525890895,0.025410842430746153,0.03959866712583571,0.02065231669842758,0.003770579906823134,0.0073903366173733425,0.011058635804473705,0.006132137908220421,0.0011195700860216228,0.002194357368602381,0.009931405759158528,0.006195062796455528,0.0011310585462599094,0.002216874750669422,0.0011272300453151582,0.0025464381195793168,0.00046491386646154315,0.0009112311782646246,0.10193210674857045,1.4951057347231396,0.04141636532158203,0.535016716018623,0.011058635804473705,0.009931405759158528,0.0011195700860216228,0.0011310585462599094
baseline_oracle_kmeans,10000,0.5,1.0,10,0.5826634659412734,0.03805819744720585,0.006948444413273391,0.013618951050015846,0.8616501396070856,0.1841721060067309,0.0336250723077064,0.06590514172310455,0.6793589701549998,0.03230378740821647,0.005897837685443835,0.011559761863469915,0.06992591402328834,0.04984271238800122,0.00909999263405015,0.017835985562738296,0.009306711828975519,0.0071149341573621865,0.001299003311050427,0.0025460464896588366,0.008498705371692663,0.005727775584918451,0.0010457439640623944,0.002049658169562293,0.0008080064572828333,0.00398158812687342,0.0007269352105944378,0.001424793012765098,0.08681975676599418,3.077985985526807,0.07157442534956139,1.101443139225764,0.009306711828975519,0.008498705371692663,0.001299003311050427,0.0010457439640623944
baseline_oracle_kmeans,10000,1.0,0.2,3,0.3262498977914443,0.011492222637482542,0.002098183191473568,0.004112439055288193,0.9256873443118191,0.12948283056949708,0.023640222370844347,0.04633483584685492,0.24186981926155152,0.06336657736786576,0.011569101272092137,0.022675438493300587,0.0013159823013941898,0.001607572438628279,0.00029350122915343255,0.0005752624091407278,0.010733418626707408,0.008681840074223422,0.001585079883101498,0.003106756570878936,0.009890965508327576,0.007327522032547284,0.0013378163692807504,0.0026221200837902706,0.0008424531183798233,0.0028546019203755427,0.0005211766214957503,0.0010215061781316706,0.07848879724895841,2.4184486527412363,0.04259857802053159,0.8654307357659108,0.010733418626707408,0.009890965508327576,0.001585079883101498,0.0013378163692807504
baseline_oracle_kmeans,10000,1.0,0.2,5,0.3872328734851901,0.016457093701763664,0.0030046404838107183,0.005889095348269008,0.8670397037247481,0.212398804591081,0.03877853882055563,0.07600593608828904,0.36236314263479835,0.0675636379561717,0.01233537619190249,0.024177337336128882,0.0032561762901728132,0.00270197870698856,0.000493311562572092,0.0009668906626413002,0.009835881840933048,0.007095147609892496,0.0012953907982556617,0.0025389659645810967,0.00848716080420885,0.005654289803419007,0.0010323273573346805,0.0020233616203759737,0.0013487210367241931,0.00457205164035859,0.0008347386058342989,0.0016360876674352258,0.1371225334480286,4.9952564654425045,0.07531913812380298,1.7875295691423048,0.009835881840933048,0.00848716080420885,0.0012953907982556617,0.0010323273573346805
baseline_oracle_kmeans,10000,1.0,0.2,10,0.5644528402808991,0.03304707873613683,0.0060335434944771525,0.011825745249175219,0.8707193351991138,0.18247574664937954,0.0333153608791543,0.06529810732314242,0.6830701838678295,0.036533090836949327,0.006669999315594145,0.013073198658564524,0.00589955568234754,0.0037907418306759367,0.0006920916034465465,0.0013564995427552311,0.011291188608547015,0.010693416725184072,0.001952341852395446,0.003826590030695074,0.008619886332270158,0.00753637319750663,0.0013759472006839059,0.0026968565133404553,0.0026713022762768503,0.006285853486346586,0.0011476345825481723,0.0022493637817944177,0.2365829115860114,21.841519289502,0.07745991370212836,7.815887299295709,0.011291188608547015,0.008619886332270158,0.001952341852395446,0.0013759472006839059
baseline_oracle_kmeans,10000,1.0,0.5,3,0.32853658701706434,0.004069817824512175,0.0007430436758073067,0.001456365604582321,0.8328444734739199,0.26087769860506005,0.0476295334253418,0.09335388551366992,0.2340671887324959,0.05539013600364944,0.010112808984159284,0.019821105608952196,0.008720827904487938,0.008000949281900711,0.0014607668010505933,0.0028631029300591627,0.012265905721932303,0.01187825550379146,0.0021686628277454915,0.004250579142381163,0.010450932299422322,0.011045728119772606,0.0020166648184228603,0.003952663044108806,0.0018149734225099434,0.0023551220185814054,0.0004299844850847122,0.0008427695907660359,0.14796896891720612,6.024599122931861,0.033253588737910886,2.1558751085096715,0.012265905721932303,0.010450932299422322,0.0021686628277454915,0.0020166648184228603
baseline_oracle_kmeans,10000,1.0,0.5,5,0.37096232905303045,0.01728372721152187,0.0031555624238387976,0.0061849023507240435,0.90988515348624,0.1726635963644739,0.03152391552959645,0.06178687443800904,0.3718471352895448,0.09822680885935159,0.01793367965467172,0.03515001212315657,0.011467370776194141,0.011130969746164168,0.0020322277389605557,0.003983166368362689,0.011343499425622223,0.007667634951583119,0.0013999122085657022,0.0027438279287887763,0.00861346378905242,0.006224832440780957,0.0011364937148352237,0.0022275276810770385,0.0027300356365697965,0.0033072029613956397,0.000603809888068093,0.0011834673806134623,0.24066961474016668,1.828246998516209,0.042237229157341565,0.6542297862285819,0.011343499425622223,0.00861346378905242,0.0013999122085657022,0.0011364937148352237
baseline_oracle_kmeans,10000,1.0,0.5,10,0.5547858112199475,0.04623533199629529,0.008441378096037098,0.01654510106823271,0.898153362933949,0.15404750314621948,0.028125097466844152,0.05512519103501454,0.6833293159329666,0.029956135958946202,0.005469217133468828,0.010719665581598902,0.021389131155653753,0.01342855398769353,0.0024517073112452323,0.004805346330040655,0.010702024170193197,0.008932088438063748,0.0016307687743862002,0.0031963067977969525,0.007755759307198281,0.006375679839689055,0.0011640345558762055,0.0022815077295173626,0.002946264862994907,0.005995499137199595,0.001094623373648993,0.002145461812352026,0.27529977657878246,10.219959384989178,0.0787775724326418,3.657165497404195,0.010702024170193197,0.007755759307198281,0.0016307687743862002,0.0011640345558762055
baseline_oracle_kmeans,10000,1.0,1.0,3,0.32930791933652503,0.004964326683569053,0.0009063579024718604,0.0017764614888448463,0.7999005328592138,0.26738793235797265,0.048818134052375714,0.09568354274265639,0.21328238991340928,0.05357952877251791,0.009782238843068381,0.019173188132414025,0.014461881906083128,0.017683000546293584,0.0032284594278603903,0.0063277804786063645,0.01097007368853224,0.006941572780764219,0.0012673519988628085,0.002484009917771105,0.008658546179784744,0.005774091680745951,0.0010542000875491584,0.0020662321715963503,0.0023115275087474433,0.0025223177421284846,0.0004605101081864232,0.0009025998120453895,0.2107121223045103,0.3732002869028205,0.0334222538660188,0.1335480075279954,0.01097007368853224,0.008658546179784744,0.0012673519988628085,0.0010542000875491584
baseline_oracle_kmeans,10000,1.0,1.0,5,0.3777696628767341,0.018106703751248295,0.0033058166955407,0.006479400723259772,0.908473582027146,0.1599846491864441,0.02920906707132198,0.057249771459791085,0.39483175076169447,0.09387618974705761,0.017139368912366216,0.033593163068237786,0.04092797113902825,0.02544772392975335,0.004646097477829974,0.009106351056546749,0.012003031053240248,0.008234592285055646,0.0015034239821276629,0.002946711004970219,0.007876059743079072,0.005981328969357098,0.001092036266792003,0.0021403910829123256,0.0041269713101611365,0.004149799326985785,0.0007576462335032903,0.001484986617666449,0.34382742924314025,0.5050104744684419,0.043827925131126065,0.18071567737993158,0.012003031053240248,0.007876059743079072,0.0015034239821276629,0.001092036266792003
baseline_oracle_kmeans,10000,1.0,1.0,10,0.5727298756492404,0.046954431496240304,0.008572667101773955,0.01680242751947695,0.9047427784059142,0.1624515995167161,0.029659468519366915,0.05813255829795915,0.6708636892573457,0.04473677852127942,0.008167780915405782,0.016008850594195333,0.061382265361837794,0.03926679368574732,0.00716910288752841,0.014051441659555684,0.014800815414007093,0.009907033173715142,0.0018087685157319267,0.003545186290834576,0.00921799820192118,0.006663661520758862,0.0012166125768329362,0.002384560650592555,0.005582817212085899,0.006069366649459048,0.0011081096745594236,0.0021718949621364705,0.3771965973443926,1.3777284950978232,0.0503102772919378,0.4930138102567126,0.014800815414007093,0.00921799820192118,0.0018087685157319267,0.0012166125768329362
baseline_oracle_kmeans,10000,2.0,0.2,3,0.32865130428781103,0.00464352522026152,0.0008477878364937932,0.0016616641595278347,0.8524398845160907,0.21339074199461494,0.03895964098440518,0.07636089632943414,0.1911785138656837,0.04654369062073342,0.008497676420839108,0.01665544578484465,0.0019199616661090997,0.0014582927839467779,0.0002662466177382193,0.0005218433707669098,0.020080368692169726,0.010265391121320173,0.0018741954262534368,0.003673423035456736,0.01470250642880207,0.009263754936095365,0.0016913225152330868,0.0033149921298568498,0.0053778622633675974,0.0031731043093482228,0.0005793269358489575,0.0011354807942639566,0.26781690843479056,0.5745299382034335,0.028305160743655133,0.20559289798249883,0.020080368692169726,0.01470250642880207,0.0018741954262534368,0.0016913225152330868
baseline_oracle_kmeans,10000,2.0,0.2,5,0.37509622905302464,0.016935842615798783,0.0030920476770100974,0.0060604134469397905,0.8514314040231328,0.19827308847283553,0.03619954770092985,0.07095111349382249,0.2962116569718289,0.08668061504777061,0.01582564272002857,0.031018259731255996,0.002586372713162104,0.002278109129408004,0.00041592391954507307,0.0008152108823083432,0.022200848719178993,0.009015964487391153,0.001646082375803212,0.0032263214565742956,0.014004796311566946,0.008671153093090814,0.0015831287162221773,0.0031029322837954677,0.008196052407612007,0.004084786002440691,0.0007457764787060396,0.0014617218982638377,0.36917743601989395,0.24479239088876228,0.03617787014107899,0.0875978320716595,0.022200848719178993,0.014004796311566946,0.001646082375803212,0.0015831287162221773
baseline_oracle_kmeans,10000,2.0,0.2,10,0.5583729934363736,0.05159584750023174,0.009420069849824486,0.01846333690565599,0.9482328300272181,0.11966272952325126,0.021847325417508043,0.04282075781831576,0.6025678334603062,0.05183961722031302,0.009464575907999566,0.018550568779679148,0.005217854480907394,0.0031757097376484975,0.0005798026197996317,0.0011364131348072782,0.01893925452556503,0.008559696330371342,0.001562779588512859,0.0030630479934852036,0.007961044407761178,0.00444432073602715,0.0008114182399700109,0.0015903797503412215,0.010978210117803812,0.00854187078090819,0.0015595251033325614,0.0030566692025318204,0.579653761080458,2.546328352759505,0.047488108392206387,0.9111918987126172,0.01893925452556503,0.007961044407761178,0.001562779588512859,0.0008114182399700109
baseline_oracle_kmeans,10000,2.0,0.5,3,0.32585802523627394,0.01757130923764934,0.003208067478119816,0.006287812257114839,0.8001923828013141,0.28418277729677843,0.05188443919330418,0.1016935008188762,0.18483270064179413,0.04591835105984005,0.00838350555963855,0.016431670896891556,0.00886756626384863,0.007312747518172787,0.0013351189243477183,0.0026168330917215278,0.020847524096500394,0.008022058192257759,0.0014646207431728963,0.0028706566566188765,0.015017002544284532,0.006432025103201768,0.001174321746487701,0.002301670623115894,0.005830521552215807,0.0029472347646588397,0.0005380889876223587,0.0010546544157398231,0.27967453234384854,0.14205297070486536,0.01931215586546045,0.05083300272490786,0.020847524096500394,0.015017002544284532,0.0014646207431728963,0.001174321746487701
baseline_oracle_kmeans,10000,2.0,0.5,5,0.378214719444427,0.015553471101721181,0.0028396623233058063,0.005565738153679381,0.8693053691931092,0.21645968207432398,0.039519950220834626,0.07745910243283587,0.31043519268335756,0.07783954370492804,0.014211491317699446,0.027854522982690914,0.019306827703824605,0.013187707888251295,0.0024077350307280176,0.004719160660226915,0.023784177538304165,0.008595847221473161,0.0015693798080229852,0.003075984423725051,0.014964798552152846,0.008044605400236118,0.001468737281312399,0.002878725071372302,0.00881937898615128,0.004828659215705864,0.000881588524982435,0.0017279135089655726,0.37080865932605,0.20942334501614215,0.03553417244294162,0.07494118155390507,0.023784177538304165,0.014964798552152846,0.0015693798080229852,0.001468737281312399
baseline_oracle_kmeans,10000,2.0,0.5,10,0.5644235646535308,0.04873734750125832,0.008898181539802407,0.017440435818012717,0.9620404319170629,0.07812275064826635,0.014263197594802272,0.027955867285812452,0.6061975926288125,0.056165339462209106,0.010254341124462335,0.020098508603946175,0.029268546402384403,0.01985033459379228,0.00362415867701506,0.007103351006949517,0.020486144327834667,0.011300943466932483,0.002063260552643186,0.004043990683180644,0.009503395645157292,0.005183710199561525,0.0009464116692898178,0.0018549668718080429,0.01098274868267734,0.010094891638323927,0.001843066621960099,0.003612410579041794,0.5361061850840834,1.0587452640656778,0.04874691993650366,0.3788671270032832,0.020486144327834667,0.009503395645157292,0.002063260552643186,0.0009464116692898178
baseline_oracle_kmeans,10000,2.0,1.0,3,0.3238633897195525,0.020809689316662983,0.003799312084470194,0.00744665168556158,0.7809838006814365,0.26872496344473185,0.04906224141447693,0.09616199317237478,0.16865290854601656,0.049284746190632826,0.008998122409842135,0.017636319923290584,0.01852350214104469,0.015584110570013176,0.002845256299283636,0.005576702346595927,0.02568375180368888,0.010562517685129374,0.001928443066730869,0.003779748410792503,0.01953650691017312,0.009224290279827855,0.0016841172877457857,0.00330086988398174,0.006147244893515694,0.0029545048351160385,0.0005394163148170453,0.0010572559770414087,0.2393437275247634,0.17012244125382947,0.018390889082199432,0.0608775337602123,0.02568375180368888,0.01953650691017312,0.001928443066730869,0.0016841172877457857
baseline_oracle_kmeans,10000,2.0,1.0,5,0.38411958936561824,0.015319391337645063,0.002796925400959147,0.005481973785879928,0.9015863997203335,0.1712779101917766,0.031270925004793344,0.061291013009394955,0.2914256750128452,0.08246874981355302,0.015056664854044317,0.02951106311392686,0.03755898574084079,0.03126387281488361,0.005707976125228096,0.011187633205447068,0.022287856585228066,0.010395255323546588,0.0018979052772440433,0.003719894343398325,0.013193063220956262,0.007473067557420106,0.0013643892249863418,0.00267420288097323,0.009094793364271745,0.005446579177903411,0.0009944047589918804,0.0019490333276240854,0.40806047586916216,0.8810133460869276,0.03091948090471648,0.31526657696841176,0.022287856585228066,0.013193063220956262,0.0018979052772440433,0.0013643892249863418
baseline_oracle_kmeans,10000,2.0,1.0,10,0.5775759395101433,0.04618657563218863,0.008432476442556047,0.016527653827409852,0.8953320085523665,0.17653365262040588,0.03223048789965909,0.06317175628333183,0.585565922604271,0.053222519789388724,0.009717058218637768,0.019045434108530025,0.0784845386574951,0.053795258876853685,0.009821625591227597,0.01925038615880609,0.0221917889499798,0.01149031402557553,0.0020978347282085696,0.004111756067288796,0.009094640747740143,0.008515167347999007,0.0015546497458101662,0.0030471135017879256,0.013097148202239598,0.006169406759371406,0.0011263744161775218,0.0022076938557079426,0.5901799188772285,0.47576587269289294,0.0423181073314706,0.1702506310358187,0.0221917889499798,0.009094640747740143,0.0020978347282085696,0.0015546497458101662
baseline_random,500,0.5,0.2,3,6.118973137699453e-07,0.003284478624336158,0.0005996610107308167,0.0011753355810324006,0.8449877110404646,0.19581792008376583,0.035751297331207486,0.07007254276916668,0.007669430816275504,0.008421838628420993,0.0015376103308181823,0.003013716248403637,0.00906037630092774,0.011045900334435026,0.002016696260374641,0.003952724670334296,0.040271184992797325,0.0266365921357944,0.004863154122613102,0.009531782080321679,0.03983999104603713,0.025206916426801496,0.004602132244035566,0.00902017919830971,0.00043119394676016854,0.003968156356815649,0.0007244829161118165,0.0014199865155791603,0.010707257480437105,2.046404556202232,0.017479666562416483,0.7322964656460298,0.040271184992797325,0.03983999104603713,0.004863154122613102,0.004602132244035566
baseline_random,500,0.5,0.2,5,-0.0015899181061213566,0.004798373294342514,0.0008760590975472569,0.0017170758311926236,0.8916907572057534,0.1854278514477964,0.03385433900922502,0.06635450445808104,0.017507028159217293,0.01263450217945697,0.002306733948845589,0.004521198539737354,0.01416815074633087,0.012063656288897565,0.002202512225139418,0.004316923961273259,0.04190328653753425,0.027913380581012285,0.005096262733482362,0.00998867495762543,0.041420866845892836,0.028422231601873738,0.00518916579432748,0.010170764956881859,0.00048241969164143145,0.0045154776654143655,0.0008244096584194043,0.0016158429305020323,0.011512693430604681,0.16685623425432247,0.019769669537062086,0.05970873659615296,0.04190328653753425,0.041420866845892836,0.005096262733482362,0.00518916579432748
baseline_random,500,0.5,0.2,10,0.0018001940377223664,0.004135107632444532,0.0007549639093338839,0.0014797292622944125,0.9771937124426796,0.06424999747601277,0.011730390979087395,0.022991566319011295,0.03368402386892596,0.013115584345084886,0.002394567133554871,0.004693351581767547,0.034917347722285705,0.012448659051360724,0.0022728037910403768,0.004454695430439138,0.045226008147074274,0.027634726552097387,0.0050453877010235675,0.009888959894006191,0.04435245049648357,0.027939820916876287,0.005101090056275939,0.00999813651030084,0.0008735576505907299,0.006950163502843378,0.0012689204429521463,0.0024870840681862068,0.01931538259467669,3.3079867054611753,0.027964051161443522,1.1837478398254118,0.045226008147074274,0.04435245049648357,0.0050453877010235675,0.005101090056275939
baseline_random,500,0.5,0.5,3,0.0004795792480298249,0.0061671531045644126,0.0011259629569859817,0.002206887395692524,0.7903546134158671,0.2579226074150587,0.047090010057258956,0.09229641971222755,0.008015925800187364,0.01126081094647637,0.002055933390395403,0.00402962944517499,0.011415535476364811,0.01290381328780125,0.002355903205187882,0.004617570282168249,0.02987465577786515,0.027752988962827078,0.005066979364377431,0.009931279554179764,0.030188204941427533,0.02677250487301283,0.00488796827995537,0.009580417828712525,-0.00031354916356236655,0.004929344252845612,0.000899971013663997,0.001763943186781434,-0.010495490421506215,19.64377602540244,0.0306783234703062,7.029434972545499,0.02987465577786515,0.030188204941427533,0.005066979364377431,0.00488796827995537
baseline_random,500,0.5,0.5,5,-1.629512067143989e-05,0.004297836335755116,0.0007846739698528079,0.0015379609809115036,0.9099892812191892,0.13142607917820487,0.023995009403454278,0.04703021843077038,0.017232705770187186,0.016679219026261155,0.0030451948340841956,0.005968581874805023,0.01777553393646385,0.01230352800776347,0.0022463066089162165,0.004402760953475784,0.035114820406411,0.027193748602235383,0.0049648765108563,0.009731157961278348,0.035333150909143574,0.027318098515390563,0.0049875795950092665,0.009775656006218162,-0.00021833050273255066,0.006140064757230549,0.0011210173240258844,0.0021971939550907336,-0.006217616955053851,2.168890776331172,0.03201770558002418,0.7761275966014968,0.035114820406411,0.035333150909143574,0.0049648765108563,0.0049875795950092665
baseline_random,500,0.5,0.5,10,-0.0030385638791228732,0.004595864375074685,0.0008390861964875961,0.0016446089451156883,0.9883436479679719,0.04271236698223862,0.007798175626870317,0.01528442422866582,0.03532096485097756,0.017033163996066684,0.0031098160487768533,0.006095239455602633,0.031046733265005077,0.01650069214842858,0.0030126004347142384,0.0059046968520399075,0.03338501162144772,0.027261395635978437,0.004977227112966095,0.009755365141413546,0.03338172730437594,0.027802387176838854,0.005075998203082337,0.009948956478041381,3.2843170717594856e-06,0.00713413717292282,0.0013025092859819875,0.0025529182005246953,9.83769935148926e-05,1.924842626297752,0.039013998943467444,0.6887960876995668,0.03338501162144772,0.03338172730437594,0.004977227112966095,0.005075998203082337
baseline_random,500,0.5,1.0,3,0.0017231932550563485,0.004867949430768617,0.0008887619040088015,0.0017419733318572508,0.8421881328614236,0.2323428518094382,0.0424198070037031,0.08314282172725806,0.010466270638604652,0.008870347941944717,0.0016194965535742158,0.003174213245005463,0.00815685336975692,0.006806714675908223,0.0012427303901654666,0.0024357515647243145,0.04056356159594553,0.026885061022619908,0.004908518127330611,0.009620695529567997,0.03876855342627958,0.02713588204916656,0.004954311572042678,0.00971045068120365,0.0017950081696659298,0.00427266041612428,0.0007800774968235593,0.0015289518937741762,0.0442517397152169,0.2174039326209241,0.019856642693503703,0.07779699815138473,0.04056356159594553,0.03876855342627958,0.004908518127330611,0.004954311572042678
baseline_random,500,0.5,1.0,5,-0.0005143685015646833,0.003778015392666384,0.000689768084388372,0.0013519454454012092,0.9310268166114661,0.1423767600987487,0.02599432105686204,0.0509488692714496,0.01585323548566632,0.008626419402021206,0.0015749614989957468,0.0030869245380316635,0.016410814722457506,0.008239529612398568,0.001504325410647498,0.002948477804869096,0.03710117914255122,0.0319668229702479,0.005836316677526357,0.01143918068795166,0.035977255717945834,0.0330096215586157,0.006026704780787553,0.011812341370343604,0.0011239234246053725,0.004656151585390444,0.0008500930848272626,0.0016661824462614347,0.03029346911824593,0.8216607276101336,0.024114497107657906,0.2940275152170763,0.03710117914255122,0.035977255717945834,0.005836316677526357,0.006026704780787553
baseline_random,500,0.5,1.0,10,0.0014010399220565032,0.005689285247799555,0.001038716622100395,0.002035884579316774,0.9902059981874054,0.0378852651419468,0.006916871438436141,0.013557068019334836,0.03767902298061976,0.017671227560493125,0.003226309984563024,0.006323567569743527,0.03976781756444289,0.019455933257119914,0.003552151174079845,0.006962216301196496,0.04586376068858808,0.028533358825211175,0.005209454756652423,0.010210531323038749,0.04765831650095539,0.028965247400702072,0.005288306461694135,0.010365080664920505,-0.0017945558123673101,0.007776274090239741,0.0014197469108557566,0.002782703945277283,-0.039127969129095774,0.3200860560731254,0.031624477665048244,0.11454132412602132,0.04586376068858808,0.04765831650095539,0.005209454756652423,0.005288306461694135
baseline_random,500,1.0,0.2,3,0.0006963240389352166,0.003839010415378344,0.0007009042009999989,0.0013737722339599977,0.8457465972467976,0.24115009283105576,0.04402778186267803,0.08629445245084894,0.007147924428813149,0.00787297942063317,0.001437402807818247,0.002817309503323764,0.0095826793512944,0.011027707179153785,0.0020133746598613974,0.003946214333328339,0.036538318027975906,0.03252232139716026,0.005937736350552536,0.01163796324708297,0.03720785410568574,0.032513374857606865,0.005936102943377533,0.011634761769019964,-0.0006695360777098555,0.005202404523112527,0.0009498247701918792,0.0018616565495760832,-0.018324217255901054,0.7647545775231799,0.026405912962826458,0.27366391093565556,0.036538318027975906,0.03720785410568574,0.005937736350552536,0.005936102943377533
baseline_random,500,1.0,0.2,5,0.0015328751344466437,0.005019769819804248,0.0009164803879301432,0.0017963015603430807,0.948731173735989,0.11517747341322178,0.0210284334349577,0.04121572953251709,0.011203222819684795,0.006058140393191539,0.0011060600499614075,0.0021678776979243584,0.014119559984706442,0.009628322265524555,0.0017578830985856815,0.0034454508732279358,0.036951965094270754,0.03504971229374553,0.006399172685783522,0.012542378464135702,0.03723710570101519,0.033238750317583804,0.006068537777407551,0.0118943340437188,-0.00028514060674444974,0.006574130789094906,0.0012002665763921725,0.002352522489728658,-0.007716520786296366,3.263508403665425,0.03298925515942538,1.1678314839395492,0.036951965094270754,0.03723710570101519,0.006399172685783522,0.006068537777407551
baseline_random,500,1.0,0.2,10,-0.0019355904680184112,0.006104219094207531,0.0011144728312837391,0.0021843667493161288,0.9694529790153595,0.057608225356629836,0.010517774841889085,0.020614838690102607,0.031517082733880666,0.014812198681095201,0.002704325114628037,0.0053004772246709525,0.038084945392229466,0.014054540589607142,0.002565996305433263,0.0050293527586491955,0.03578984661825766,0.03112163305934359,0.005682006817666999,0.011136733362627318,0.03490827171914188,0.030496640010431897,0.005567899220609378,0.010913082472394382,0.0008815748991157732,0.007034218017052037,0.0012842666274495533,0.0025171625898011245,0.024631983157649362,1.5375260783573086,0.03530607786373462,0.5501966410342523,0.03578984661825766,0.03490827171914188,0.005682006817666999,0.005567899220609378
baseline_random,500,1.0,0.5,3,0.0006922147379756739,0.0041211219850795745,0.0007524104911528505,0.0014747245626595868,0.9377382950271921,0.12128253877104501,0.02214306077213208,0.043400399113378875,0.007199766510797648,0.006066295925948983,0.0011075490397146489,0.0021707961178407116,0.0067433073281223934,0.0064647620683393765,0.0011802986712444103,0.002313385395639044,0.045633788830895756,0.026118190990683462,0.004768507455608511,0.00934627461299268,0.04688775207945016,0.028144780377968814,0.005138510363014098,0.010071480311507631,-0.0012539632485543998,0.004537666567404556,0.0008284607791348372,0.0016237831271042808,-0.027478832695684963,0.1672689270261162,0.017277717983090666,0.05985641680790105,0.045633788830895756,0.04688775207945016,0.004768507455608511,0.005138510363014098
baseline_random,500,1.0,0.5,5,-0.001955494584219282,0.004299328532479011,0.0007849464064547789,0.0015384949566513667,0.9062739220184529,0.18987613776086568,0.03466648126119486,0.06794630327194193,0.015518840952720594,0.010921169632520865,0.001993923654024028,0.003908090361887094,0.016124377215813505,0.012047019881215726,0.0021994748465516867,0.004310970699241306,0.03770802412618398,0.03361408326731567,0.006137063885121917,0.012028645214838957,0.03840492689914879,0.034780954711042276,0.006350104488934477,0.012446204798311574,-0.0006969027729648266,0.006217738843789361,0.001135198607139841,0.0022249892699940884,-0.018481551052177414,1.1044658250214439,0.029958778980265024,0.39522801962042836,0.03770802412618398,0.03840492689914879,0.006137063885121917,0.006350104488934477
baseline_random,500,1.0,0.5,10,-0.00012968077913131328,0.00495050976597684,0.000903835289991712,0.0017715171683837555,0.9845805863080757,0.05769057101121647,0.010532809032732293,0.020644305704155295,0.035579367743492483,0.016847902793200913,0.0030759921354968117,0.006028944585573751,0.038137161333445815,0.01870442850424755,0.0034149458056729988,0.006693293779119078,0.03670704874781039,0.027260013142030796,0.004976974705259182,0.009754870422307996,0.03753422191166613,0.02860683117161055,0.00522286891047768,0.010236823064536252,-0.0008271731638557501,0.009393828191601422,0.0017150705339560202,0.0033615382465537994,-0.022534450250650595,0.3685679969052536,0.04690032082563959,0.1318903638412744,0.03670704874781039,0.03753422191166613,0.004976974705259182,0.00522286891047768
baseline_random,500,1.0,1.0,3,0.0017652306725233402,0.0040664178389643365,0.0007424229262140591,0.0014551489353795558,0.8627966950034439,0.1904207079587771,0.03476590572170858,0.06814117521454882,0.006763926943751664,0.007486233904125208,0.0013667930600164478,0.0026789143976322376,0.005704529751399689,0.006301270885979937,0.001150449401733925,0.002254880827398493,0.041046113749506986,0.031174950059473048,0.005691741125556803,0.011155812606091334,0.040725225495080425,0.03072197883683266,0.005609040273376524,0.010993718935817987,0.0003208882544265491,0.00368595161896349,0.0006729596158596634,0.0013190008470849402,0.007817749967386711,6.56265465545422,0.01623391428616964,2.3484158080469326,0.041046113749506986,0.040725225495080425,0.005691741125556803,0.005609040273376524
baseline_random,500,1.0,1.0,5,0.0004220244414174567,0.005045440833550602,0.0009211672523644442,0.0018054878146343107,0.9004107764670142,0.16635656649390795,0.030372414685940496,0.05952993278444337,0.019992798172937518,0.012991901729664709,0.002371985880742582,0.004649092326255461,0.01961328865947046,0.01354799861575394,0.0024735148169657325,0.004848089041252835,0.04325879252512575,0.035678976336887214,0.006514060056135389,0.012767557710025362,0.0428298255854345,0.03693822827581806,0.006743966953646903,0.01321817522914793,0.00042896693969123663,0.004949984527023466,0.0009037393949174309,0.0017713292140381645,0.009916294807398862,0.24657018588149632,0.021225152377051266,0.0882340078394844,0.04325879252512575,0.0428298255854345,0.006514060056135389,0.006743966953646903
baseline_random,500,1.0,1.0,10,0.0005387160136269434,0.00529045007347331,0.0009658996148653985,0.0018931632451361811,0.9813155822734771,0.0731227576830204,0.013350327949991489,0.02616664278198332,0.03349532481420733,0.012376446726426758,0.0022596196846083015,0.004428854581832271,0.043267216147569794,0.018181806645865196,0.003319528545379237,0.006506275948943305,0.040967333685280376,0.030726083992689834,0.005609789768864874,0.010995187946975153,0.04105828132886345,0.031103720827268384,0.00567873650647938,0.011130323552699585,-9.094764358306998e-05,0.0078103626392564416,0.0014259705999387791,0.002794902375880007,-0.0022200039739406208,1.30651644830947,0.034832669422572536,0.46753090658721097,0.040967333685280376,0.04105828132886345,0.005609789768864874,0.00567873650647938
baseline_random,500,2.0,0.2,3,-0.0011401885314137432,0.00424780497878101,0.0007755395355870376,0.0015200574897505936,0.8026847200775111,0.2544556464544822,0.046457032482559786,0.09105578366581718,0.007286301225346795,0.006179414762570135,0.0011282016192133643,0.002211275173658194,0.008781471469993772,0.009291574686064789,0.001696401683433889,0.0033249472995304226,0.04421723873580085,0.033460741932723845,0.006109067715803953,0.011973772722975748,0.04478459902547572,0.03525126221966639,0.006435970499413637,0.012614502178850729,-0.0005673602896748499,0.004267912177446666,0.0007792105910128435,0.0015272527583851732,-0.012831201266656711,0.22428269964287903,0.01705168500452896,0.08025853331700633,0.04421723873580085,0.04478459902547572,0.006109067715803953,0.006435970499413637
baseline_random,500,2.0,0.2,5,-0.0007671609991213334,0.005914098186887153,0.001079761661419499,0.002116332856382218,0.8950748875253929,0.16637278020531945,0.030375374891100815,0.0595357347865576,0.015369142207399183,0.012610413822536025,0.002302336036692643,0.0045125786319175805,0.015384742455480672,0.010296455156412237,0.001879866917169122,0.003684539157651479,0.03656130551980303,0.02395351356410209,0.0043732932368548945,0.008571654744235593,0.03741143537811201,0.025496205388497836,0.004654948940688344,0.009123699923749154,-0.0008501298583089788,0.007731341478000052,0.001411543375758653,0.00276662501648696,-0.023252174566045447,0.3892422495995849,0.0385837595497138,0.13928855015396926,0.03656130551980303,0.03741143537811201,0.0043732932368548945,0.004654948940688344
baseline_random,500,2.0,0.2,10,-2.0273082892933264e-05,0.004532424321561658,0.0008275036803681229,0.001621907213521521,0.9767429016353254,0.06647809093762094,0.012137183328804917,0.023788879324457637,0.03578146937697498,0.013539661713239403,0.002471992713776755,0.00484510571900244,0.0357976603110525,0.012308960217686292,0.0022472983902201604,0.004404704844831514,0.041062548343675925,0.029146148800901137,0.005321334387551901,0.010429815399601725,0.037265720114259236,0.029476523478942234,0.0053816522754157724,0.010548038459814914,0.0037968282294166783,0.010358019712933642,0.0018911070159523136,0.0037065697512665345,0.09246450555476649,1.4769590457081783,0.045867919087651456,0.5285230067525063,0.041062548343675925,0.037265720114259236,0.005321334387551901,0.0053816522754157724
baseline_random,500,2.0,0.5,3,0.00020355047721772659,0.005528968191563676,0.0010094468660826565,0.0019785158575220067,0.8649062403437707,0.21394646728976813,0.03906110207771572,0.07655976007232282,0.00849142736368476,0.007336083533704156,0.0013393794783839923,0.0026251837776326246,0.007895581286340225,0.007994060041556032,0.0014595090036036414,0.002860637647063137,0.04043424260453034,0.029479802037839894,0.005382250855637225,0.010549211677048961,0.04096026856924575,0.02984134881577775,0.0054482599642605165,0.010678589529950612,-0.0005260259647154002,0.003515336319976556,0.0006418096665561195,0.0012579469464499941,-0.013009418028680386,0.25460888583612085,0.0158914296477304,0.09111061967428463,0.04043424260453034,0.04096026856924575,0.005382250855637225,0.0054482599642605165
baseline_random,500,2.0,0.5,5,0.0001470441419145134,0.005479838484176306,0.001000477049756093,0.0019609350175219423,0.8936482708144879,0.1790496646561203,0.03268984674863085,0.06407209962731647,0.017882352785464527,0.012658543290906167,0.002311123235194996,0.004529801540982192,0.01457409824650164,0.0090883222951326,0.0016592930436404162,0.0032522143655352156,0.04378887831545932,0.036020753763319924,0.0065764597915031415,0.012889861191346157,0.045865801178929,0.03630643723289814,0.0066286182183679185,0.01299209170800112,-0.002076922863469664,0.007946024629096413,0.0014507389772825754,0.002843448395473848,-0.0474303737242896,1.6109135617385149,0.03440033198088003,0.5764580146907148,0.04378887831545932,0.045865801178929,0.0065764597915031415,0.0066286182183679185
baseline_random,500,2.0,0.5,10,-0.0003567339086651101,0.004575207967570327,0.0008353148697052109,0.0016372171446222133,0.9731705187902162,0.07012538130924517,0.012803084398908246,0.02509404542186016,0.033275990774970794,0.014047472119234695,0.0025647057852099145,0.005026823339011432,0.038080918507976916,0.015597716519235751,0.002847740394385461,0.005581571172995504,0.044544823132014,0.036611166142523334,0.006684253850943143,0.013101137547848559,0.042735948873647754,0.03539566560025574,0.006462334829056568,0.012666176264950873,0.0018088742583662369,0.010435462556783912,0.001905246080117028,0.0037342823170293748,0.040607956911298704,0.6689214768334365,0.04162369094015852,0.23937047628007713,0.044544823132014,0.042735948873647754,0.006684253850943143,0.006462334829056568
baseline_random,500,2.0,1.0,3,0.0007647093623371117,0.003567155118027288,0.0006512704414211829,0.0012764900651855186,0.952258983262455,0.13884778166669706,0.025350020692800745,0.04968604055788946,0.006435170208872851,0.00490277395978887,0.0008951199640417634,0.0017544351295218563,0.0087886554852869,0.008318505491460567,0.0015187443674678502,0.0029767389602369863,0.05494479816872863,0.02759113683047474,0.005037429343087535,0.00987336151245157,0.054423778079034056,0.027697062985037126,0.005056768724515401,0.009911266700050186,0.0005210200896945479,0.004695365731796811,0.0008572525756806216,0.0016802150483340183,0.009482609947798704,0.6325953798523062,0.015571939082275374,0.22637134942152268,0.05494479816872863,0.054423778079034056,0.005037429343087535,0.005056768724515401
baseline_random,500,2.0,1.0,5,0.0006272629567961843,0.005100072138064187,0.0009311415183071189,0.001825037375881953,0.9427892343429296,0.13239821380730343,0.02417249609188401,0.04737809234009266,0.013616440931855385,0.009123587834704353,0.001665731620815763,0.0032648339767988956,0.01597792847368772,0.008685827123338381,0.001585807815347546,0.0031081833180811903,0.032508022736252355,0.03151740595678928,0.005754264732193727,0.011278358875099705,0.032241451462745256,0.032920828539480786,0.006010493467611159,0.011780567196517872,0.0002665712735070895,0.005198050119142391,0.0009490297684322346,0.0018600983461271798,0.008200168791251183,0.39472767740760073,0.029509015402440466,0.14125148528533996,0.032508022736252355,0.032241451462745256,0.005754264732193727,0.006010493467611159
baseline_random,500,2.0,1.0,10,-0.0002147329231668832,0.005362285838332394,0.0009790149711483842,0.001918869343450833,0.9798532341427555,0.05092970863948281,0.00929845008967016,0.018224962175753513,0.0380756417594029,0.014960704881257399,0.0027314385132141085,0.0053536194858996525,0.036566021192427474,0.020591060289761286,0.003759396067883706,0.0073684162930520635,0.050843742680236864,0.04337654696009058,0.007919437745574583,0.015522097981326182,0.05233943085291184,0.04297463304284694,0.007846058639358049,0.015378274933141775,-0.0014956881726749633,0.006740079310200929,0.0012305644925236362,0.002411906405346327,-0.0294173499791619,0.33515503359535104,0.025242243207196542,0.11993368847889602,0.050843742680236864,0.05233943085291184,0.007919437745574583,0.007846058639358049
baseline_random,2000,0.5,0.2,3,-0.00021447576380537425,0.0009094091044022965,0.00016603462682723616,0.00032542786858138286,0.8864911311419157,0.22632954021298635,0.041321931534808405,0.08099098580822447,0.0019036455417476388,0.0014749419492892646,0.000269286325545457,0.0005278011980690957,0.001987662809645453,0.0015458520097452995,0.00028223267210073216,0.000553176037317435,0.017024814023822395,0.013725217802707171,0.0025058704657380695,0.004911506112846616,0.01745603435059867,0.013460285448249017,0.0024575006568215074,0.004816701287370154,-0.0004312203267762566,0.0012118920856753947,0.00022126021086213237,0.0004336700132897794,-0.02532893024105176,1.0000842701059627,0.014424351359517766,0.3578755599068418,0.017024814023822395,0.01745603435059867,0.0025058704657380695,0.0024575006568215074
baseline_random,2000,0.5,0.2,5,-5.2134178728185544e-05,0.0011363948825031417,0.00020747637046013452,0.0004066536861018637,0.884418840226161,0.19300028447911508,0.035236869804708505,0.06906426481722867,0.0038866108107948973,0.0031109743600952937,0.0005679836109481306,0.001113247877458336,0.00400401365893682,0.0030984623562751033,0.0005656992420374942,0.0011087705143934888,0.016278791850077457,0.013007157411379608,0.002374771174411038,0.004654551501845634,0.01620023795078326,0.013292998733780178,0.0024269584211263377,0.004756838505407622,7.855389929421449e-05,0.0014563103956579588,0.00026588468481037917,0.0005211339822283432,0.004825536195662061,0.8086701331369917,0.016448240924885466,0.2893788906865597,0.016278791850077457,0.01620023795078326,0.002374771174411038,0.0024269584211263377
baseline_random,2000,0.5,0.2,10,-0.00012094509656265533,0.0015225330970034354,0.0002779752405923276,0.0005448314715609621,0.9177109873019836,0.14985610615749895,0.027359856574117,0.053625318885269314,0.009124426260920433,0.005348739681349576,0.0009765417925660522,0.0019140219134294624,0.009263836156368768,0.003104482984593313,0.0005667984533509069,0.0011109249685677775,0.014987472470945954,0.01479643547783599,0.0027014471606268344,0.005294836434828596,0.0153836032431862,0.015241688396726035,0.0027827388497838664,0.005454168145576378,-0.0003961307722402335,0.001736854344187704,0.0003171047678041491,0.0006215253448961322,-0.02643079231726153,2.5036383147887884,0.020729951039570566,0.8959154648181057,0.014987472470945954,0.0153836032431862,0.0027014471606268344,0.0027827388497838664
baseline_random,2000,0.5,0.5,3,6.344724892990676e-05,0.0009879246543392946,0.0001803695394323752,0.00035352429728745537,0.9121913334893281,0.16606963078458634,0.0303200276324241,0.05942725415955123,0.002430337247449787,0.0023476366513133593,0.00042861785025007234,0.0008400909864901418,0.0021635520471228295,0.0018621974612944288,0.0003399891853599374,0.0006663788033054773,0.019339888315244875,0.01175487816270884,0.0021461373101468377,0.004206429127887802,0.019334337547191507,0.01158517954141197,0.0021151547225262304,0.004145703256151411,5.550768053356848e-06,0.0009433208486574389,0.0001722260359248654,0.00033756303041273617,0.0002870113809805286,141.15287948276375,0.008898312030139115,50.510909217685,0.019339888315244875,0.019334337547191507,0.0021461373101468377,0.0021151547225262304
baseline_random,2000,0.5,0.5,5,0.00027140276052351636,0.0010350052543796821,0.00018896524165337483,0.00037037187364061464,0.8892587281632036,0.1836269369102291,0.03352553850377016,0.0657100554673895,0.0039794227455836,0.0023984102126441893,0.0004378877918719949,0.0008582600720691099,0.004129085574622224,0.0032292799719515148,0.0005895831617124983,0.0011555829969564966,0.019003471535438136,0.013397609488439289,0.0024460576444878157,0.004794272983196119,0.018634839358218903,0.013240528787966617,0.0024173787634886174,0.0047380623764376895,0.0003686321772192346,0.0013928597870357718,0.0002543002416004447,0.0004984284735368716,0.01939814925561356,0.17637839927150306,0.013203809786506114,0.06311619958593459,0.019003471535438136,0.018634839358218903,0.0024460576444878157,0.0024173787634886174
baseline_random,2000,0.5,0.5,10,0.00019696915634576066,0.0018818724980528834,0.000343581339177387,0.0006734194247876785,0.9109037668893755,0.15294756819517796,0.027924277738686224,0.054731584367825,0.009728825196479924,0.004064298373441999,0.0007420359665219128,0.0014543904943829491,0.008514701042713816,0.004748549404175708,0.0008669625413649172,0.0016992465810752376,0.01934911102588383,0.013451411537309834,0.0024558805097566134,0.004813525799122962,0.019263733491819,0.01323228329025353,0.002415873348456846,0.004735111762975418,8.537753406483665e-05,0.0018772754811791535,0.00034274204256439574,0.0006717744034262156,0.004412478379529516,10.058297253262731,0.01761825695797237,3.5993154465267767,0.01934911102588383,0.019263733491819,0.0024558805097566134,0.002415873348456846
baseline_random,2000,0.5,1.0,3,0.00021002766926304527,0.001189798569906813,0.00021722650520844962,0.00042576395020856126,0.8983701716807023,0.1801208211588961,0.03288541227502707,0.06445540805905306,0.0018945356982413104,0.001706933017806831,0.0003116419060010562,0.0006108181357620702,0.002328092270028095,0.002731668440401948,0.0004987321414777011,0.000977514997296294,0.014985901003068536,0.01112851357652721,0.0020317793057888153,0.003982287439346078,0.014843132478816108,0.011142005469412214,0.002034242577147669,0.003987115451209431,0.0001427685242524256,0.000884814308770602,0.00016154425203899995,0.0003166267339964399,0.009526856224607028,0.14223303512589122,0.010825394570482254,0.0508974379504385,0.014985901003068536,0.014843132478816108,0.0020317793057888153,0.002034242577147669
baseline_random,2000,0.5,1.0,5,-0.00014814623336763486,0.0015794127481168299,0.0002883599965849376,0.0005651855933064777,0.8844590626203159,0.1554257207468051,0.028376724423174616,0.055618379869422245,0.0030447244373868866,0.0026548046385963227,0.00048469879544285203,0.00095000963906799,0.003295402853720233,0.0012960383919266745,0.000236623154216987,0.0004637813822652945,0.020315864748955286,0.012772133806248852,0.002331861931052271,0.004570449384862451,0.02048468553833001,0.012811364826919362,0.0023390245027106677,0.004584488025312908,-0.00016882078937471357,0.001238501721205121,0.00022611844340433967,0.00044319214907250577,-0.008309800811378443,0.1033894101807751,0.011186850362874727,0.03699742527993433,0.020315864748955286,0.02048468553833001,0.002331861931052271,0.0023390245027106677
baseline_random,2000,0.5,1.0,10,0.00028863552622659873,0.0014789786484606365,0.00027002332261013125,0.0005292457123158573,0.9146097445447257,0.1304234258282863,0.023811950784418105,0.04667142353745948,0.010202093355956288,0.005422074566064348,0.0009899308494361594,0.0019402644648948723,0.008436230181845096,0.004220760469361346,0.000770601906298434,0.0015103797363449306,0.020466875169262547,0.012432877582623054,0.0022699225022343155,0.004449048104379258,0.020103927507823565,0.012529044139937608,0.0022874800331405803,0.004483460864955538,0.0003629476614389867,0.0022571177876630883,0.0004120914424164097,0.000807699227136163,0.017733418435270543,0.388239505383585,0.020136206003534923,0.13892972274464874,0.020466875169262547,0.020103927507823565,0.0022699225022343155,0.0022874800331405803
baseline_random,2000,1.0,0.2,3,4.003231730031178e-05,0.0008628603675191882,0.00015753602908915242,0.00030877061701473877,0.8926404192962927,0.21543711107007554,0.03933325515227544,0.07709318009845986,0.002064006886347947,0.002159140642750819,0.00039420334495360895,0.0007726385561090736,0.0023444394530075245,0.0022703917079500394,0.00041451491760563925,0.0008124492385070529,0.017406065804692283,0.010786851285251631,0.0019694005911286374,0.003860025158612129,0.017209123095447934,0.010729105549387741,0.0019588577104178414,0.003839361112418969,0.00019694270924434015,0.0009287473079743636,0.00016956528359991888,0.000332347955855841,0.01131460213089952,0.09705587157261189,0.009691224758282341,0.03473099759644737,0.017406065804692283,0.017209123095447934,0.0019694005911286374,0.0019588577104178414
baseline_random,2000,1.0,0.2,5,-0.00014723704548649997,0.0013863648307736115,0.00025311443024884645,0.000496104283287739,0.8387364599536542,0.2293800586318317,0.04187887745150393,0.08208259980494771,0.0041131415189670836,0.0029439608443671767,0.0005374912542906195,0.0010534828584096141,0.0036071933761772567,0.003059913674465994,0.0005586612478411815,0.0010949760457687157,0.016530715023453997,0.011901762310539564,0.0021729545638491084,0.004258990945144253,0.01658146152568511,0.012312881560746298,0.0022480143262367212,0.004406108079423973,-5.07465022311162e-05,0.0012702587943150948,0.0002319164651718975,0.0004545562717369191,-0.003069831048391647,0.22852616645368115,0.013923507358847243,0.08177703841328288,0.016530715023453997,0.01658146152568511,0.0021729545638491084,0.0022480143262367212
baseline_random,2000,1.0,0.2,10,-0.0004928519180971287,0.0014387805088363606,0.0002626841799961452,0.0005148609927924446,0.9334767696141468,0.11876767569457658,0.021683911693459214,0.04250046691918006,0.007736041121021674,0.0036473637147479364,0.0006659144606644276,0.0013051923429022781,0.00905504260505625,0.0046941962224372755,0.0008570390534614781,0.001679796544784497,0.020461359756366142,0.015186346514940833,0.0027726348507743533,0.005434364307517732,0.020687382100609605,0.015232895528534246,0.0027811334990325955,0.005451021658103887,-0.0002260223442434622,0.0018173261214304596,0.00033179683701694515,0.0006503218005532125,-0.011046301269061143,0.5815893451087581,0.016335582089616746,0.20811907430020612,0.020461359756366142,0.020687382100609605,0.0027726348507743533,0.0027811334990325955
baseline_random,2000,1.0,0.5,3,8.669353278753708e-05,0.0013680078740202818,0.00024976292381519795,0.0004895353306777879,0.8214255426007361,0.25407926779731177,0.046388315455661196,0.09092109829309594,0.0019622415885880077,0.0022251899902218574,0.00040626225079307045,0.000796274011554418,0.0015626401898183894,0.0018126705828461918,0.00033094685585029877,0.0006486558374665856,0.015610018225446292,0.01637538522430602,0.0029897226250630675,0.005859856345123612,0.015794994217953603,0.01647602611033784,0.0030080970528920453,0.0058958702236684086,-0.00018497599250730349,0.0006793750485042992,0.00012403634635732368,0.0002431112388603544,-0.011849825531002667,2.5347129492945877,0.007979831678801678,0.9070353799643415,0.015610018225446292,0.015794994217953603,0.0029897226250630675,0.0030080970528920453
baseline_random,2000,1.0,0.5,5,0.00019828840836992397,0.0013427065764373114,0.00024514356000841667,0.00048048137761649666,0.8509955070427818,0.20325844047971703,0.0371097442846874,0.0727350987979873,0.00391533548453196,0.002582847141052161,0.0004715612139139987,0.0009242599792714375,0.0037109610227918726,0.002523821688086026,0.00046078468989516123,0.000903137992194516,0.017171048056879183,0.013973293506722037,0.002551162685424042,0.005000278863431122,0.0171992161594259,0.013721319491123192,0.002505158734674493,0.0049101111199620065,-2.8168102546705304e-05,0.001349383344621056,0.00024636256552357325,0.0004828706284262036,-0.0016404416581567993,0.511781710799229,0.014406374553834728,0.18313873318190435,0.017171048056879183,0.0171992161594259,0.002551162685424042,0.002505158734674493
baseline_random,2000,1.0,0.5,10,7.444793869035464e-05,0.0011085176824046103,0.00020238671334878421,0.00039667795816361704,0.9551408589643068,0.09127491685128927,0.016664443631286514,0.03266230951732157,0.010160798978712693,0.004193429307340624,0.0007656119416445745,0.001500599405623366,0.009677700019314938,0.003163422708271627,0.0005775593254148182,0.0011320162778130436,0.02015929504251296,0.014707116051534408,0.0026851397390905687,0.005262873888617514,0.020960749777269985,0.014878354009595415,0.0027164033698676144,0.0053241506049405245,-0.000801454734757009,0.0020848054330930166,0.0003806316545714575,0.0007460380429600567,-0.03975608934076691,0.255102652343717,0.019549769542836392,0.09128731174979392,0.02015929504251296,0.020960749777269985,0.0026851397390905687,0.0027164033698676144
baseline_random,2000,1.0,1.0,3,0.00011783730284499129,0.0010028755783533824,0.00018309919221172908,0.000358874416734989,0.9095107410339168,0.18591289957144666,0.03394289627549129,0.06652807669996293,0.002042488310822746,0.0017866432844704098,0.0003261949430398543,0.0006393420883581144,0.0020354768857352512,0.002580597852366903,0.0004711505518635798,0.0009234550816526163,0.021454977186582687,0.01578489135692317,0.0028819136879850503,0.005648550828450698,0.02153977704114016,0.015790416130596487,0.002882922369040379,0.005650527843319143,-8.479985455746685e-05,0.0009315872300690682,0.00017008378006419454,0.0003333642089258213,-0.003952456058098575,1.6217805876540372,0.007957711698193821,0.5803467299723056,0.021454977186582687,0.02153977704114016,0.0028819136879850503,0.002882922369040379
baseline_random,2000,1.0,1.0,5,0.0002645225109185011,0.001281790929551065,0.0002340219353735445,0.0004586829933321472,0.7973233112841576,0.2565727096131166,0.04684355356510885,0.09181336498761335,0.005465301007067996,0.003706782288703865,0.0006767627584279113,0.0013264550065187062,0.0041964055528792,0.0024639224914108546,0.000449848642830018,0.0008817033399468352,0.02238898279314211,0.013826104807173277,0.002524289828439806,0.00494760806374202,0.022172214206426843,0.013835645096396095,0.002526031638977293,0.004951022012395495,0.00021676858671528006,0.001605722608135108,0.000293163497857209,0.0005746004558001296,0.009681931006783495,0.1993503125629269,0.013082693022868238,0.07133659318379477,0.02238898279314211,0.022172214206426843,0.002524289828439806,0.002526031638977293
baseline_random,2000,1.0,1.0,10,-0.0001899576758855463,0.0011099145054157449,0.00020264173717279778,0.00039717780485868363,0.9012088570473007,0.16578443221526232,0.03026795773582844,0.059325197162223745,0.008734947614291057,0.00372904110093623,0.0006808266429488908,0.001334420220179826,0.00846532563096374,0.0038925321703930033,0.0007106758918462636,0.0013929247480186768,0.021327609839565602,0.010785955672620534,0.001969237075381691,0.003859704667748114,0.021496620905815885,0.01100142940285965,0.00200857701624894,0.003936810951847922,-0.00016901106625027477,0.001612028212981503,0.00029431473852823716,0.0005768568875153448,-0.007924519790152296,0.1747211626393454,0.013774980050486831,0.06252316507338425,0.021327609839565602,0.021496620905815885,0.001969237075381691,0.00200857701624894
baseline_random,2000,2.0,0.2,3,-0.00020787599527543149,0.0010158255126360039,0.00018546351591999617,0.0003635084912031925,0.8457156660594458,0.23403956668213205,0.04272958334017941,0.08374998334675164,0.0020610620349193203,0.0018600551394383272,0.00033959805269126296,0.0006656121832748754,0.0022755900898366664,0.002347682156291826,0.00042862615828446733,0.000840107270237556,0.026129619580546888,0.01763264243952542,0.003219265337516998,0.006309760061533316,0.02618772323701358,0.017530292948926593,0.0032005789626002846,0.0062731347666965575,-5.810365646670717e-05,0.0008598260719370526,0.00015698204504366114,0.0003076848082855758,-0.002223670202605943,0.15136711614669074,0.006053092190350061,0.05416602686565736,0.026129619580546888,0.02618772323701358,0.003219265337516998,0.0032005789626002846
baseline_random,2000,2.0,0.2,5,3.446806126533416e-05,0.0013875592146462632,0.00025333249391197034,0.0004965316880674619,0.8649042942921354,0.2048790211667397,0.037405620484200576,0.07331501614903313,0.0034575069724518564,0.00260926898020607,0.0004763851596857884,0.0009337149129841453,0.0036171846589441235,0.0022283425782891712,0.00040683783199273356,0.0007974021507057578,0.025933724755286276,0.016676895777246934,0.003044770668786932,0.005967750510822387,0.02593976812911392,0.016644838861867763,0.0030389179035611967,0.005956279090979945,-6.0433738276401295e-06,0.0011963665106789032,0.00021842564164752682,0.00042811425762915255,-0.00023303146326525415,2.3167236275039005,0.008424213453878183,0.829028902988867,0.025933724755286276,0.02593976812911392,0.003044770668786932,0.0030389179035611967
baseline_random,2000,2.0,0.2,10,-0.0003424187057066117,0.0014678779528202244,0.0002679966221413803,0.0005252733793971053,0.8953048454498086,0.1394317935972085,0.02545664619553183,0.049895026543242384,0.00822222616181913,0.004209190792741513,0.000768489582009193,0.0015062395807380184,0.009860737331121971,0.006324319153951881,0.001154657420493811,0.0022631285441678693,0.02191849860339772,0.016128709172574106,0.0029446859457531067,0.0057715844536760895,0.022174433138082685,0.016090160868328717,0.002937648020490183,0.0057577901201607586,-0.00025593453468495195,0.0021239365243102895,0.0003877759816912884,0.0007600409241149252,-0.011676645344918413,2.7773712388682323,0.01789186647369638,0.9938695336882106,0.02191849860339772,0.022174433138082685,0.0029446859457531067,0.002937648020490183
baseline_random,2000,2.0,0.5,3,0.00023078803803529654,0.0009261949650692364,0.0001690992916720434,0.00033143461167720506,0.900487203756541,0.19352252656354926,0.035332217728082885,0.06925114674704246,0.0021670362493801817,0.001990455725955292,0.0003634058336070115,0.0007122754338697426,0.0015271708677096563,0.0013131771586988436,0.00023975225060663267,0.00046991441118900005,0.02582731268230656,0.021708117517258454,0.0039633418817251655,0.007768150088181324,0.02618387144154803,0.021623490669895815,0.003947891203968145,0.007737866759777563,-0.0003565587592414343,0.0009034087534708325,0.00016493911764119948,0.000323280670576751,-0.01380549202417547,0.18035583348578774,0.006954488476751721,0.0645395061401702,0.02582731268230656,0.02618387144154803,0.0039633418817251655,0.003947891203968145
baseline_random,2000,2.0,0.5,5,-0.0002033397033348187,0.0014399665178272097,0.0002629007146220426,0.0005152854006592035,0.8960729184317292,0.21139810144620694,0.03859583625861767,0.07564783906689063,0.003137495226489317,0.0019436148713862424,0.00035485390272024906,0.0006955136493316882,0.0039832045472148565,0.0030805818224236437,0.0005624347181272678,0.001102372047529445,0.023945378198340084,0.019758785973706738,0.0036074442622386193,0.007070590753987693,0.02406464822429585,0.01954511638332067,0.0035684337107361737,0.0069941300730429,-0.00011927002595576528,0.0013500225781248882,0.0002464792730600939,0.000483099375197784,-0.004980920533718569,0.1405618685196903,0.010463107666129247,0.05029941866069565,0.023945378198340084,0.02406464822429585,0.0036074442622386193,0.0035684337107361737
baseline_random,2000,2.0,0.5,10,1.071266433175953e-05,0.0014862269725132713,0.0002713466794727097,0.000531839491766511,0.9202438542284754,0.13580023816838874,0.024793617919800184,0.04859549112280836,0.008826247977879663,0.005263491365194398,0.0009609776506502112,0.001883516195274414,0.009200824015329916,0.00492622297265509,0.0008994011484744493,0.0017628262510099206,0.021418787679879574,0.01656919436845632,0.003025107171763697,0.005929210056656846,0.021195961017728242,0.016874155545130266,0.0030807852103062433,0.006038339012200237,0.00022282666215131132,0.0022604245195039503,0.00041269516629002996,0.0008088825259284587,0.010403327465664747,1.1097655328423015,0.01942313402080491,0.3971244957079196,0.021418787679879574,0.021195961017728242,0.003025107171763697,0.0030807852103062433
baseline_random,2000,2.0,1.0,3,0.00010759813302656862,0.0012581125216580425,0.00022969886933060557,0.00045020978388798694,0.8395962755669628,0.24602672778831167,0.0449181295196138,0.08803953385844304,0.0018851876781242473,0.0019857082744183874,0.00036253907150786977,0.0007105765801554248,0.0023181788741976407,0.002214245483364807,0.00040426406636427827,0.0007923575700739853,0.025785480374833903,0.017392659824856768,0.0031754507070293012,0.00622388338577743,0.02559662276654012,0.017272201177771836,0.0031534580676109776,0.006180777812517516,0.0001888576082937784,0.0008671778486644287,0.00015832428969410293,0.00031031560780044173,0.007324184213302609,0.2302968432842212,0.006058419325233826,0.08241066697948005,0.025785480374833903,0.02559662276654012,0.0031754507070293012,0.0031534580676109776
baseline_random,2000,2.0,1.0,5,4.789998320391977e-05,0.0008918280538991293,0.0001628247808454954,0.000319136570457171,0.8604258836039438,0.21723947885939726,0.03966232098398618,0.0777381491286129,0.003765665761731203,0.002027064723187393,0.00037008969147090016,0.0007253757952829643,0.003542571317522667,0.0020011420802200446,0.0003653568860364437,0.0007160994966314297,0.02351277979033497,0.017064122199702474,0.0031154682176005736,0.006106317706497124,0.023661862710277055,0.017543028941632934,0.003202904226099446,0.006277692283154914,-0.00014908291994207,0.0012908072625585072,0.00023566808503159602,0.0004619094466619282,-0.0063405059406616004,0.13828792942888296,0.009770717788292945,0.04948570000753604,0.02351277979033497,0.023661862710277055,0.0031154682176005736,0.003202904226099446
baseline_random,2000,2.0,1.0,10,-0.00021536441420543648,0.0014641811968752448,0.00026732168993449473,0.0005239505122716097,0.9328114797947218,0.11389711774483531,0.020794673541222743,0.040757560140796574,0.00928870370726124,0.003831974149672677,0.0006996195605174677,0.0013712543386142366,0.009678039278519613,0.0038746662682893423,0.0007074140393154789,0.0013865315170583385,0.028381783303350974,0.016183986533299482,0.002954778164882653,0.00579136520317,0.028609847602545584,0.016097961061441162,0.002939072134397044,0.005760581383418206,-0.00022806429919458975,0.0019400593252596504,0.00035420475178098756,0.0006942413134907356,-0.00803558736098453,0.20943355208831116,0.012594654101067781,0.07494483410777146,0.028381783303350974,0.028609847602545584,0.002954778164882653,0.002939072134397044
baseline_random,10000,0.5,0.2,3,-3.673001290316524e-05,0.00019025664386134074,3.473595185269437e-05,6.808246563128097e-05,0.867449278587189,0.22180302363527443,0.040495506455963774,0.079371192653689,0.0005223614902687193,0.0006200622682294433,0.00011320736378902834,0.00022188643302649554,0.00028837154003001533,0.00033527230467357723,6.1212068058821e-05,0.00011997565339528916,0.010255256733505745,0.007609492948531512,0.0013892969796957357,0.0027230220802036418,0.010270319610532899,0.007644465766861277,0.0013956821135286499,0.002735536942516154,-1.5062877027151023e-05,0.00015780643276443862,2.8811380981501788e-05,5.6470306723743504e-05,-0.0014687957033723276,0.06707056200112896,0.0027741143963058916,0.024000892371677216,0.010255256733505745,0.010270319610532899,0.0013892969796957357,0.0013956821135286499
baseline_random,10000,0.5,0.2,5,-5.563093757325553e-05,0.00023103554427576347,4.2181126395106405e-05,8.267500773440855e-05,0.8954628499544445,0.1839255409310011,0.03358005588974968,0.06581690954390937,0.0007438404144127288,0.0004687738152497231,8.558599766001087e-05,0.0001677485554136213,0.00110333284927084,0.0007929360001438454,0.0001447696446455679,0.0002837485035053131,0.009109418373779156,0.00657316901077546,0.0012000909804985459,0.00235217832177715,0.009091482028479862,0.0065150074092125065,0.0011894721734463268,0.0023313654599548005,1.793634529928017e-05,0.0002000634552840142,3.6526422463826904e-05,7.159178802910073e-05,0.0019689890795797638,0.08867003523254756,0.00393847462701147,0.03173016460147417,0.009109418373779156,0.009091482028479862,0.0012000909804985459,0.0011894721734463268
baseline_random,10000,0.5,0.2,10,4.8306807910720727e-05,0.0003997216585920883,7.29788563780885e-05,0.00014303855850105346,0.8974944432921342,0.17266299634234483,0.031523805981044754,0.06178665972284772,0.0018910312986544933,0.0007713167471130372,0.00014082252712510607,0.0002760121531652079,0.0019464898612936465,0.0008241338907534307,0.00015046557412338408,0.00029491252528183277,0.009253194422862801,0.006567697538844706,0.001199092030965469,0.0023502203806923193,0.009316911021244463,0.006660661595429857,0.0012160648679084272,0.0023834871411005172,-6.371659838165665e-05,0.00048093881518899057,8.780701261960612e-05,0.000172101744734428,-0.006885902907673769,0.2638217197061664,0.009389771921727545,0.09440738993467673,0.009253194422862801,0.009316911021244463,0.001199092030965469,0.0012160648679084272
baseline_random,10000,0.5,0.5,3,-4.689043095001316e-05,0.00017887925067233007,3.265873355428544e-05,6.401111776639946e-05,0.9425779158553579,0.12877092524669684,0.023510246836142452,0.046080083798839204,0.0004202863598703184,0.00036475035030127757,6.6593998239307e-05,0.00013052423654904172,0.00044348792383180506,0.00040505809263751053,7.395315147919392e-05,0.0001449481768992201,0.010220933331633956,0.007570562896995538,0.0013821893572320385,0.0027090911401747952,0.010209289165620488,0.007611911929668728,0.0013897386232074134,0.0027238877014865302,1.1644166013494586e-05,0.00017946590563349183,3.276584160618565e-05,6.422104954812387e-05,0.001139246841326047,0.0397122513904402,0.0032430105308007,0.014210846651961862,0.010220933331633956,0.010209289165620488,0.0013821893572320385,0.0013897386232074134
baseline_random,10000,0.5,0.5,5,-2.4261743254187977e-05,0.00024034717300183567,4.388118942856735e-05,8.600713127999201e-05,0.8447691980665741,0.22399093633121628,0.040894962835103535,0.08015412715680292,0.0008537946288238466,0.0005154885627900949,9.41149046586844e-05,0.00018446521313102143,0.0009074613032361233,0.0005116418675606402,9.34125974090111e-05,0.00018308869092166177,0.009503654266966543,0.005684687424356907,0.0010378771782287401,0.0020342392693283307,0.009489995675121328,0.005656100158754297,0.001032657881486093,0.0020240094477127425,1.3658591845227634e-05,0.00021728161163880956,3.9670013341884344e-05,7.775322615009331e-05,0.0014371936795607443,0.0416361143865122,0.004153487074588401,0.014899292183487293,0.009503654266966543,0.009489995675121328,0.0010378771782287401,0.001032657881486093
baseline_random,10000,0.5,0.5,10,-4.5356736262963227e-07,0.00022111836944845208,4.0370506275226116e-05,7.912619229944319e-05,0.888488429729776,0.15621912076314812,0.02852157878519996,0.05590229441899192,0.001780907508054377,0.0007761828763827683,0.00014171095671469534,0.00027775347516080284,0.0016525091096994732,0.0007609218325921709,0.0001389246840696339,0.00027229238077648244,0.009324784234366756,0.006764392626169407,0.0012350034763915316,0.002420606813727402,0.009322226528581484,0.00684689691993635,0.0012500666306539275,0.002450130596081698,2.557705785262094e-06,0.0004801499993775588,8.766299521506014e-05,0.0001718194706215179,0.00027429114937005394,0.17678231588722004,0.009406134746815228,0.06326073929056376,0.009324784234366756,0.009322226528581484,0.0012350034763915316,0.0012500666306539275
baseline_random,10000,0.5,1.0,3,-8.577315303535649e-05,0.00019362122769815744,3.535023800737497e-05,6.928646649445494e-05,0.9159804892033431,0.17327885882939842,0.031636246573204914,0.06200704328348163,0.0004664905287459653,0.0005244971875410257,9.575964698807912e-05,0.00018768890809663506,0.00044902402782199424,0.0004642405755902067,8.475834511997947e-05,0.00016612635643515976,0.00846999645790432,0.007508070187713322,0.001370779801714211,0.0026867284113598535,0.00852072183224247,0.00757079607826323,0.0013822319301121395,0.0027091745830197934,-5.072537433814524e-05,0.0002009880840696503,3.669523581156407e-05,7.192266219066558e-05,-0.005988830643584464,6.528712411317294,0.004146012391629831,2.336269731973053,0.00846999645790432,0.00852072183224247,0.001370779801714211,0.0013822319301121395
baseline_random,10000,0.5,1.0,5,3.2509886181478354e-05,0.00025768370855538145,4.704639329245646e-05,9.221093085321466e-05,0.90251980520357,0.15881304829388038,0.02899516299223854,0.05683051946478754,0.0009440978679083052,0.0006867676433642028,0.00012538604334507897,0.0002457566449563548,0.0005916572474244969,0.0004045133589337075,7.385369716672517e-05,0.00014475324644678135,0.011058635804473705,0.006132137908220421,0.0011195700860216228,0.002194357368602381,0.011058812093094355,0.006084730358134552,0.0011109146911622608,0.002177392794678031,-1.7628862063280354e-07,0.0003314532943323611,6.0514815355077804e-05,0.00011860903809595249,-1.5941262897722908e-05,0.13419512880126763,0.0054724510465412445,0.048021110112486776,0.011058635804473705,0.011058812093094355,0.0011195700860216228,0.0011109146911622608
baseline_random,10000,0.5,1.0,10,5.847568580384487e-05,0.0002519353349309707,4.599688865810396e-05,9.015390176988377e-05,0.858687358307126,0.17526901970016096,0.03199959857386517,0.06271921320477573,0.0020765154603240234,0.0008082060837880254,0.00014755756773453726,0.000289212832759693,0.00187180121776188,0.0008541248314492009,0.00015594114570334174,0.0003056446455785498,0.009306711828975519,0.0071149341573621865,0.001299003311050427,0.0025460464896588366,0.009324519492427607,0.007179460723163367,0.0013107841962663096,0.0025691370246819665,-1.780766345209146e-05,0.0004127560731110265,7.535860399672025e-05,0.0001477028638335717,-0.0019134216014560224,0.18535434639814813,0.00806738737852041,0.06632820101387621,0.009306711828975519,0.009324519492427607,0.001299003311050427,0.0013107841962663096
baseline_random,10000,1.0,0.2,3,2.4631925131193012e-05,0.00022326271010957846,4.0762007525584275e-05,7.989353475014518e-05,0.7849950228975986,0.2763704590392426,0.05045811154795024,0.09889789863398248,0.00039959283792830795,0.00035416441162305445,6.466127910383059e-05,0.00012673610704350797,0.00043983586488914416,0.0004529074044870945,8.268920063289938e-05,0.0001620708332404828,0.010733418626707408,0.008681840074223422,0.001585079883101498,0.003106756570878936,0.010739135390997889,0.008656074694936773,0.0015803757899555066,0.003097536548312793,-5.716764290487162e-06,0.0002474470693720059,4.517744722786444e-05,8.85477965666143e-05,-0.0005326135585783653,0.03807711187081595,0.004219067133012855,0.013625719489578506,0.010733418626707408,0.010739135390997889,0.001585079883101498,0.0015803757899555066
baseline_random,10000,1.0,0.2,5,6.062967723847949e-05,0.00039102587921038573,7.139123153727288e-05,0.00013992681381305486,0.8944855642668943,0.14966060022181793,0.027324162237084115,0.053555357984684866,0.0007352661999204434,0.00048275722371235696,8.813900707527525e-05,0.0001727524538675395,0.0007770271706758475,0.0005020031180635527,9.165281056711231e-05,0.00017963950871154014,0.009835881840933048,0.007095147609892496,0.0012953907982556617,0.0025389659645810967,0.009814841995966654,0.007160599540778169,0.0013073406312484456,0.0025623876372469533,2.103984496639713e-05,0.00023445656657881985,4.280571675681049e-05,8.389920484334856e-05,0.0021390908620755322,0.06025496962146116,0.004434682759600095,0.021561963961462358,0.009835881840933048,0.009814841995966654,0.0012953907982556617,0.0013073406312484456
baseline_random,10000,1.0,0.2,10,4.912899541167007e-05,0.00024523304947518033,4.47732243477789e-05,8.775551972164665e-05,0.9342482455869707,0.15130592541865978,0.02762455614533142,0.05414413004484958,0.0018075710354602964,0.0008870237351571802,0.00016194763626269196,0.00031741736707487626,0.00159499687666064,0.0008022278220434833,0.00014646609146381863,0.0002870735392690845,0.011291188608547015,0.010693416725184072,0.001952341852395446,0.003826590030695074,0.011266694843149834,0.010717460457947098,0.0019567316173290912,0.0038351939699650187,2.449376539717498e-05,0.00034236832538160774,6.250761826225835e-05,0.00012251493179402638,0.002169281396879774,0.25999653849306875,0.005568939712133986,0.09303856641719714,0.011291188608547015,0.011266694843149834,0.001952341852395446,0.0019567316173290912
baseline_random,10000,1.0,0.5,3,3.274000578885626e-05,0.00021932366408469072,4.004283940462358e-05,7.848396523306222e-05,0.911281683767406,0.20328891995466392,0.03711530905001051,0.07274600573802059,0.0003055178255528255,0.0003891681183015173,7.105205235186003e-05,0.00013926202260964565,0.00042010783059038696,0.00036583425393461145,6.679189106268659e-05,0.0001309121064828657,0.012265905721932303,0.01187825550379146,0.0021686628277454915,0.004250579142381163,0.012228373983768363,0.01184374344185446,0.0021623618161358544,0.0042382291596262745,3.753173816392598e-05,0.00015000016807161063,2.7386158560795778e-05,5.367687077915972e-05,0.0030598423805614505,0.15775968669802257,0.0021696509199036463,0.05645357885871037,0.012265905721932303,0.012228373983768363,0.0021686628277454915,0.0021623618161358544
baseline_random,10000,1.0,0.5,5,-1.458422927852322e-05,0.0002603203315214524,4.752777258384088e-05,9.315443426432812e-05,0.8170569526171179,0.24182902651350358,0.04415173762698693,0.08653740574889439,0.0007136079843578135,0.00046564828047848634,8.501535569385315e-05,0.00016663009715995217,0.0006943879542051764,0.0004909512577406058,8.963502616668753e-05,0.00017568465128670754,0.011343499425622223,0.007667634951583119,0.0013999122085657022,0.0027438279287887763,0.011359132637070692,0.007664018522508003,0.0013992519419716825,0.0027425338062644976,-1.5633211448466972e-05,0.00040685034432565983,7.428037037196929e-05,0.0001455895259290598,-0.001378164785124092,0.2288696111571931,0.006556503848525295,0.08189993852204405,0.011343499425622223,0.011359132637070692,0.0013999122085657022,0.0013992519419716825
baseline_random,10000,1.0,0.5,10,4.252708417758073e-05,0.00022906696246977225,4.1821714174627854e-05,8.197055978227059e-05,0.8611380124954195,0.16647953704103027,0.030394865933463047,0.05957393722958757,0.001990229517327913,0.0011729852672331103,0.00021415683016159996,0.0004197473871167359,0.00194507279600295,0.0010371943297374227,0.0001893649103045459,0.00037115522419690997,0.010702024170193197,0.008932088438063748,0.0016307687743862002,0.0031963067977969525,0.010753897082600142,0.008860787795497713,0.00161775111762019,0.0031707921905355725,-5.187291240695297e-05,0.000387253727424968,7.070253399620399e-05,0.0001385769666325598,-0.004847018805229197,0.8330787188176784,0.006796472858014755,0.29811339089631134,0.010702024170193197,0.010753897082600142,0.0016307687743862002,0.00161775111762019
baseline_random,10000,1.0,1.0,3,-4.732967335624144e-06,0.0001951488461906474,3.5629141709907894e-05,6.983311775141948e-05,0.8689433072184564,0.23767873486544022,0.043394001508363735,0.08505224295639292,0.00040551193333827386,0.0003179699008663691,5.805309577073061e-05,0.00011378406771063199,0.0003524287118740364,0.00042600227254303526,7.777701807342802e-05,0.0001524429554239189,0.01097007368853224,0.006941572780764219,0.0012673519988628085,0.002484009917771105,0.010950706019719684,0.006894298756479998,0.0012587209823679702,0.0024670931254412217,1.936766881254669e-05,0.00015660290089016958,2.859164712943058e-05,5.6039628373683934e-05,0.0017655003386899404,0.017038237920809364,0.0025500420363806227,0.006097055136253243,0.01097007368853224,0.010950706019719684,0.0012673519988628085,0.0012587209823679702
baseline_random,10000,1.0,1.0,5,9.579476536134173e-05,0.00025193599390023615,4.599700896888109e-05,9.015413757900693e-05,0.867484775503283,0.19573485447877692,0.035736131696005737,0.07004281812417124,0.0010264708812706001,0.0006473502773105221,0.00011818944983006589,0.00023165132166692913,0.0008064769763342134,0.0005184122340871215,9.464869156538835e-05,0.00018551143546816117,0.012003031053240248,0.008234592285055646,0.0015034239821276629,0.002946711004970219,0.011982713630009228,0.008219829536331253,0.0015007286852986193,0.002941428223185294,2.031742323101582e-05,0.0001979836035338623,3.61466952238853e-05,7.084752263881518e-05,0.0016926910495275171,0.059724054462705366,0.0030005638454864434,0.021371978411862,0.012003031053240248,0.011982713630009228,0.0015034239821276629,0.0015007286852986193
baseline_random,10000,1.0,1.0,10,-5.433983913762018e-07,0.0002593118950504742,4.734365811618565e-05,9.279356990772387e-05,0.875882802657493,0.18175928818872158,0.03318455405901504,0.06504172595566948,0.00189802012573156,0.0009311767226660392,0.00017000883200930726,0.00033321731073824223,0.001712416160615657,0.0008377067046338947,0.00015294361956710053,0.00029976949435151705,0.014800815414007093,0.009907033173715142,0.0018087685157319267,0.003545186290834576,0.014810822396726053,0.009992887882201503,0.0018244433692339301,0.003575909003698503,-1.0006982718957385e-05,0.0004240656439770328,7.742343968972522e-05,0.00015174994179186142,-0.0006761102303518562,0.11556029252232307,0.005216625836365442,0.04135271959136298,0.014800815414007093,0.014810822396726053,0.0018087685157319267,0.0018244433692339301
baseline_random,10000,2.0,0.2,3,-1.7426741038372242e-05,0.00016265103630803946,2.9695880529168333e-05,5.8203925837169935e-05,0.8285206690083768,0.2067060237263988,0.037739183989048894,0.07396880061853583,0.00047287172343435325,0.0004955366877454729,9.047220731652977e-05,0.00017732552634039834,0.0003129326556828541,0.00020879417768878002,3.812042699862889e-05,7.471603691731263e-05,0.020080368692169726,0.010265391121320173,0.0018741954262534368,0.003673423035456736,0.02011315885047207,0.010314347333274392,0.0018831335667925466,0.0036909417909133913,-3.279015830235883e-05,0.00023902432752634514,4.3639671992894076e-05,8.553375710607238e-05,-0.0016329460282833441,0.016621360983557185,0.0021489425994621596,0.005947877640125276,0.020080368692169726,0.02011315885047207,0.0018741954262534368,0.0018831335667925466
baseline_random,10000,2.0,0.2,5,2.4017175380033576e-05,0.00025286240327717757,4.616614740662613e-05,9.048564891698721e-05,0.8625649599181725,0.20456975923170978,0.037349157238202715,0.07320434818687732,0.0008507454234156066,0.0007310373863075963,0.00013346855562009624,0.00026159836901538865,0.0006558171664349429,0.0005919609229746397,0.00010807678355826277,0.00021183049577419504,0.022200848719178993,0.009015964487391153,0.001646082375803212,0.0032263214565742956,0.022275093741007404,0.009056360424529734,0.0016534576311373326,0.003240776957029172,-7.424502182838877e-05,0.0002824688674291989,5.157152349463618e-05,0.00010108018604948691,-0.0033442425002550014,0.01519906276650247,0.002304457253615425,0.0054389147596981815,0.022200848719178993,0.022275093741007404,0.001646082375803212,0.0016534576311373326
baseline_random,10000,2.0,0.2,10,3.6075594614236534e-05,0.00031512377764296917,5.753346714043212e-05,0.00011276559559524694,0.8919601717515369,0.15977170123377066,0.02917018827223739,0.05717356901358528,0.0017734945553630433,0.0009036999385013695,0.00016499228051107713,0.00032338486980171114,0.00170983372543886,0.0007721720148649003,0.00014097867693857344,0.0002763182067996039,0.01893925452556503,0.008559696330371342,0.001562779588512859,0.0030630479934852036,0.018979337840361824,0.008644042506376962,0.0015781790229253852,0.003093230884933755,-4.0083314796786195e-05,0.0003437709090916778,6.27636938411899e-05,0.0001230168399287322,-0.0021164146003047613,0.02590565036918988,0.0032788102145778707,0.009270217928377589,0.01893925452556503,0.018979337840361824,0.001562779588512859,0.0015781790229253852
baseline_random,10000,2.0,0.5,3,3.558175925646357e-05,0.00020598733594384984,3.760797015228042e-05,7.371162149846962e-05,0.8787437853785487,0.22680305725471683,0.04140838352318137,0.08116043170543549,0.0003673965198546251,0.0003884459009956417,7.092019411524381e-05,0.00013900358046587788,0.0002932719525323198,0.00031471571476650474,5.7458965392992114e-05,0.00011261957217026454,0.020847524096500394,0.008022058192257759,0.0014646207431728963,0.0028706566566188765,0.02084981080367759,0.008002080473691388,0.0014609733274707994,0.0028635077218427665,-2.286707177198061e-06,0.0001617786556688776,2.9536606344235092e-05,5.7891748434700776e-05,-0.00010968723032100947,0.011030096915506687,0.00141784072608555,0.0039470694894995625,0.020847524096500394,0.02084981080367759,0.0014646207431728963,0.0014609733274707994
baseline_random,10000,2.0,0.5,5,2.9509522787740197e-05,0.0002906689020639693,5.3068638141898645e-05,0.00010401453075812134,0.8906653577488448,0.19150379834998896,0.034963650068069854,0.06852875413341691,0.00087615086758933,0.000551765685089127,0.0001007381707268689,0.00019744681462466305,0.0007807983700679734,0.00045034692166635013,8.222172256655734e-05,0.00016115457623045237,0.023784177538304165,0.008595847221473161,0.0015693798080229852,0.003075984423725051,0.02380561080119203,0.00859654779591118,0.0015695077148306234,0.003076235121068022,-2.1433262887850462e-05,0.0002614748428631029,4.773855655208005e-05,9.35675708420769e-05,-0.0009011563613392504,0.01338776543825792,0.0020087812615391864,0.004790750335079641,0.023784177538304165,0.02380561080119203,0.0015693798080229852,0.0015695077148306234
baseline_random,10000,2.0,0.5,10,-9.96935958345326e-05,0.0003164744253622407,5.778006054812809e-05,0.00011324891867433105,0.8940648666380588,0.17249321807789422,0.03149280885264019,0.061725905351174774,0.00184070373449395,0.0009282674803237303,0.00016947767945726334,0.00033217625173623613,0.001932537215083917,0.0008789161392789373,0.0001604673985461421,0.0003145161011504385,0.020486144327834667,0.011300943466932483,0.002063260552643186,0.004043990683180644,0.0205479926668155,0.011278493741407866,0.0020591618122833086,0.004035957152075285,-6.184833898083922e-05,0.0003791584670876365,6.922454843099288e-05,0.00013568011492474605,-0.0030190326686705404,0.04308978427916093,0.003415659683998166,0.015419481273848913,0.020486144327834667,0.0205479926668155,0.002063260552643186,0.0020591618122833086
baseline_random,10000,2.0,1.0,3,-1.1735325113825047e-05,0.00020740931768079796,3.786758731017604e-05,7.422047112794504e-05,0.8956212762204409,0.1984495173133867,0.0362317590528513,0.07101424774358855,0.0005382575822192658,0.0004624107014365299,8.442425733619131e-05,0.00016547154437893498,0.00041536831849212715,0.0003471495925889855,6.338055422990521e-05,0.0001242258862906142,0.02568375180368888,0.010562517685129374,0.001928443066730869,0.003779748410792503,0.025688857131903484,0.010566594731533041,0.0019291874301586305,0.0037812073631109154,-5.105328214600178e-06,0.00016975055452325786,3.099206928713298e-05,6.0744455802780644e-05,-0.0001987765749189574,0.009354094900461908,0.0012065336732613964,0.0033473198709243254,0.02568375180368888,0.025688857131903484,0.001928443066730869,0.0019291874301586305
baseline_random,10000,2.0,1.0,5,3.7248634891004676e-06,0.00021766530051386487,3.9740065025861536e-05,7.789052745068861e-05,0.8249201227629914,0.22602811483415938,0.04126689904167905,0.08088312212169094,0.0008029631286521919,0.0006428874760992904,0.00011737465753238156,0.00023005432876346786,0.00065489131861314,0.00038807016136366046,7.085159375784887e-05,0.00013886912376538378,0.022287856585228066,0.010395255323546588,0.0018979052772440433,0.003719894343398325,0.022275359527437345,0.010388958850731881,0.0018967557038462657,0.0037176411795386806,1.2497057790709722e-05,0.00021906264745684236,3.999518450630476e-05,7.839056163235732e-05,0.000560711513147627,0.05972506984485074,0.0017932429426124354,0.021372341761696265,0.022287856585228066,0.022275359527437345,0.0018979052772440433,0.0018967557038462657
baseline_random,10000,2.0,1.0,10,1.618873666654766e-05,0.00022944803151475493,4.1891287545262506e-05,8.21069235887145e-05,0.920993660515834,0.12799785972488512,0.023369105027900523,0.04580344585468502,0.0017244683298207498,0.0007962778808883565,0.00014537978580165487,0.0002849443801712435,0.0019556923133634873,0.0009365300226663033,0.00017098620639838626,0.00033513296454083704,0.0221917889499798,0.01149031402557553,0.0020978347282085696,0.004111756067288796,0.022205014083583056,0.011487404278208407,0.002097303483452032,0.0041107148275659824,-1.3225133603261758e-05,0.00036503656045716555,6.664625282549597e-05,0.0001306266555379721,-0.0005959471601439947,0.03739634930823818,0.003005065933729882,0.013382111735183647,0.0221917889499798,0.022205014083583056,0.0020978347282085696,0.002097303483452032
