sim_id,n,n_strata,z_effect_scale,zx_influence_scale,x_effect_scale,noise_level,n_z_vars,nonlinear,n_studies,study_effect_scale,actual_event_rate,actual_treatment_prevalence,true_ate_riskdiff,method,error,ARI,NMI,V_measure,eta2_Z1_age,eta2_Z2_sex,eta2_Z3_bmi,eta2_mean,weighted_entropy_Z2,entropy_reduction_Z2,C1_heterogeneity,W_true,W_est,crude_effect,stratified_effect,re_effect,re_tau2,re_I2,true_ate,bias_crude,bias_stratified,bias_re,bias_reduction,bias_reduction_relative,bias_reduction_re,bias_reduction_relative_re,study_crude_effect,study_stratified_effect,study_re_effect,study_re_tau2,study_re_I2,study_true_ate,study_bias_crude,study_bias_stratified,study_bias_re,study_bias_reduction,study_bias_reduction_relative,study_bias_reduction_re,study_bias_reduction_relative_re
0,2000,5,1.0,1.0,1.0,1.0,3,True,10,0.6,0.146,0.5235,0.009239281157109584,1A_predicted_prob,,0.022168623012972646,0.07208310524359089,0.07208310524359089,0.18081902725867058,0.011729339336294676,0.02882874746661046,0.07379237135385856,0.9885819607664827,0.011418039233517252,0.8756022279994757,0.23131719092603265,0.00835604932884515,-0.00016078786051651472,-0.00024078529462177867,-0.001963595472409055,0.0003070167224291045,0.1357938343532727,0.009239281157109584,0.009400069017626099,0.009480066451731363,0.011202876629518639,-7.999743410526394e-05,-0.008510302845145201,-0.0018028076118925401,-0.19178663566321585,-0.00016078786051651472,0.00817536941928948,0.014177737863262619,0.001071813488557889,0.1943656067507285,0.009239281157109584,0.009400069017626099,0.0010639117378201043,0.004938456706153034,0.008336157279805995,0.8868187312428069,0.004461612311473065,0.47463612268240596
0,2000,5,1.0,1.0,1.0,1.0,3,True,10,0.6,0.146,0.5235,0.009239281157109584,1B_residual,,0.023924745681487336,0.07761917790898111,0.07761917790898111,0.2042164078666754,0.014601581362233489,0.0320017842986649,0.08360659117585793,0.9864983889844969,0.013501611015503068,1.0,0.2679793236185366,0.010549894846179297,-0.00016078786051651472,-0.006046272806566279,0.002240230322999054,0.0,0.0,0.009239281157109584,0.009400069017626099,0.015285553963675863,0.00699905083411053,-0.005885484946049764,-0.6261108226986285,0.0024010181835155686,0.25542559091996153,-0.00016078786051651472,0.00817536941928948,0.014177737863262619,0.001071813488557889,0.1943656067507285,0.009239281157109584,0.009400069017626099,0.0010639117378201043,0.004938456706153034,0.008336157279805995,0.8868187312428069,0.004461612311473065,0.47463612268240596
0,2000,5,1.0,1.0,1.0,1.0,3,True,10,0.6,0.146,0.5235,0.009239281157109584,1C_cv_decision,,0.022168623012972646,0.07208310524359089,0.07208310524359089,0.18081902725867058,0.011729339336294676,0.02882874746661046,0.07379237135385856,0.9885819607664827,0.011418039233517252,0.8756022279994757,0.23131719092603265,0.00835604932884515,-0.00016078786051651472,-0.00024078529462177867,-0.001963595472409055,0.0003070167224291045,0.1357938343532727,0.009239281157109584,0.009400069017626099,0.009480066451731363,0.011202876629518639,-7.999743410526394e-05,-0.008510302845145201,-0.0018028076118925401,-0.19178663566321585,-0.00016078786051651472,0.00817536941928948,0.014177737863262619,0.001071813488557889,0.1943656067507285,0.009239281157109584,0.009400069017626099,0.0010639117378201043,0.004938456706153034,0.008336157279805995,0.8868187312428069,0.004461612311473065,0.47463612268240596
0,2000,5,1.0,1.0,1.0,1.0,3,True,10,0.6,0.146,0.5235,0.009239281157109584,PS_propensity_score,,0.007187621330958853,0.03351178199917216,0.033511781999172166,0.06559621591424229,0.016804551174505866,0.0024874509634866724,0.028296072684078275,0.9848123338780684,0.015187666121931565,1.0,0.060293244856235995,0.14626321506404294,-0.00016078786051651472,-0.002983048776217228,-0.013356177640739812,0.0,0.0,0.009239281157109584,0.009400069017626099,0.012222329933326812,0.022595458797849396,-0.0028222609157007132,-0.30023831850688354,-0.013195389780223298,-1.4037545634484792,-0.00016078786051651472,0.00817536941928948,0.014177737863262619,0.001071813488557889,0.1943656067507285,0.009239281157109584,0.009400069017626099,0.0010639117378201043,0.004938456706153034,0.008336157279805995,0.8868187312428069,0.004461612311473065,0.47463612268240596
0,2000,5,1.0,1.0,1.0,1.0,3,True,10,0.6,0.146,0.5235,0.009239281157109584,GMM,,0.017608454683926522,0.05775191392027402,0.057751913920274026,0.1589351859961168,0.00828367378397435,0.0073657392895020496,0.058194866356531066,0.9910437669542079,0.008956233045792072,1.0,0.11173472797656436,0.1472889897342493,-0.00016078786051651472,-0.004097188741915186,0.0027283304184774915,0.00022115132443336906,0.08421072935257595,0.009239281157109584,0.009400069017626099,0.013336469899024771,0.006510950738632093,-0.003936400881398672,-0.41876297652895045,0.0028891182789940063,0.3073507517419938,-0.00016078786051651472,0.00817536941928948,0.014177737863262619,0.001071813488557889,0.1943656067507285,0.009239281157109584,0.009400069017626099,0.0010639117378201043,0.004938456706153034,0.008336157279805995,0.8868187312428069,0.004461612311473065,0.47463612268240596
0,2000,5,1.0,1.0,1.0,1.0,3,True,10,0.6,0.146,0.5235,0.009239281157109584,Prognostic_score,,0.019104879100201116,0.06398094491600892,0.06398094491600892,0.16783104379178307,0.010664598943929989,0.030921494867309104,0.06980571253434072,0.9893528059028537,0.010647194097146317,1.0,0.21710426205615763,0.03395003434532662,-0.00016078786051651472,-0.004479980213940321,-0.008469703200445725,0.0,0.0,0.009239281157109584,0.009400069017626099,0.013719261371049906,0.01770898435755531,-0.004319192353423807,-0.45948517455828,-0.00830891533992921,-0.8839206738109195,-0.00016078786051651472,0.00817536941928948,0.014177737863262619,0.001071813488557889,0.1943656067507285,0.009239281157109584,0.009400069017626099,0.0010639117378201043,0.004938456706153034,0.008336157279805995,0.8868187312428069,0.004461612311473065,0.47463612268240596
0,2000,5,1.0,1.0,1.0,1.0,3,True,10,0.6,0.146,0.5235,0.009239281157109584,2A_PCA_cum60,,0.009287085558092035,0.044188639292449865,0.04418863929244988,0.13544309160184798,0.004473953753570537,0.011546008131675048,0.050487684495697856,0.9938144635933761,0.006185536406623893,1.0,0.1367670264161125,0.0023142861016239857,-0.00016078786051651472,0.0022031937524451973,0.003770518105826446,0.0,0.0,0.009239281157109584,0.009400069017626099,0.007036087404664387,0.005468763051283138,0.002363981612961712,0.2514855591516405,0.003931305966342961,0.4182209682685687,-0.00016078786051651472,0.00817536941928948,0.014177737863262619,0.001071813488557889,0.1943656067507285,0.009239281157109584,0.009400069017626099,0.0010639117378201043,0.004938456706153034,0.008336157279805995,0.8868187312428069,0.004461612311473065,0.47463612268240596
0,2000,5,1.0,1.0,1.0,1.0,3,True,10,0.6,0.146,0.5235,0.009239281157109584,2B_clustering,,0.03227504660424856,0.09187087779847541,0.09187087779847544,0.19425995132299656,0.028970778085679237,0.023498029558983696,0.0822429196558865,0.9759910136450238,0.02400898635497617,1.0,0.15448812467515483,0.02898150451421222,-0.00016078786051651472,-0.0008407438772229825,-0.008458412528962877,0.0,0.0,0.009239281157109584,0.009400069017626099,0.010080025034332567,0.017697693686072463,-0.0006799560167064685,-0.07233521535123644,-0.008297624668446364,-0.8827195473658185,-0.00016078786051651472,0.00817536941928948,0.014177737863262619,0.001071813488557889,0.1943656067507285,0.009239281157109584,0.009400069017626099,0.0010639117378201043,0.004938456706153034,0.008336157279805995,0.8868187312428069,0.004461612311473065,0.47463612268240596
0,2000,5,1.0,1.0,1.0,1.0,3,True,10,0.6,0.146,0.5235,0.009239281157109584,baseline_random,,0.0006672266765318804,0.01852710596836451,0.01852710596836451,0.008744072854827409,0.007026508910044369,0.0023657558222974903,0.006045445862389756,0.991973902824578,0.00802609717542202,1.0,0.0032253620194095944,0.003352255808574345,-0.00016078786051651472,0.0004960343183919294,0.0017159223237195969,0.0,0.0,0.009239281157109584,0.009400069017626099,0.008743246838717654,0.007523358833389987,0.000656822178908445,0.06987418684658975,0.0018767101842361118,0.19964855371988088,-0.00016078786051651472,0.00817536941928948,0.014177737863262619,0.001071813488557889,0.1943656067507285,0.009239281157109584,0.009400069017626099,0.0010639117378201043,0.004938456706153034,0.008336157279805995,0.8868187312428069,0.004461612311473065,0.47463612268240596
0,2000,5,1.0,1.0,1.0,1.0,3,True,10,0.6,0.146,0.5235,0.009239281157109584,baseline_oracle_kmeans,,0.41115310502990843,0.6706978444223125,0.6706978444223125,0.251484010554035,0.9999999999999999,0.7264144335605929,0.6592994813715426,0.0,1.0,0.5807616885510121,0.3039684241888362,0.019166284838940117,-0.00016078786051651472,0.00023109948796600833,0.003815981982186497,0.0012114014694212657,0.40386694807250184,0.009239281157109584,0.009400069017626099,0.009008181669143576,0.005423299174923088,0.00039188734848252284,0.041689837356267634,0.003976769842703011,0.42305751534868075,-0.00016078786051651472,0.00817536941928948,0.014177737863262619,0.001071813488557889,0.1943656067507285,0.009239281157109584,0.009400069017626099,0.0010639117378201043,0.004938456706153034,0.008336157279805995,0.8868187312428069,0.004461612311473065,0.47463612268240596
0,2000,5,1.0,1.0,1.0,1.0,3,True,10,0.6,0.146,0.5235,0.009239281157109584,baseline_oracle_quantile,,0.09094381064862166,0.30018312244090556,0.3001831224409056,0.9037074987010738,0.005357343535525057,0.0006444062498002442,0.30323641616213304,0.9931726523142612,0.006827347685738783,1.0,0.45950872032810797,0.022072378911057955,-0.00016078786051651472,-0.011777224807487118,-0.011613117033059938,0.0,0.0,0.009239281157109584,0.009400069017626099,0.021016505964596702,0.02085239819016952,-0.011616436946970603,-1.2357820910876915,-0.011452329172543421,-1.2183239453954138,-0.00016078786051651472,0.00817536941928948,0.014177737863262619,0.001071813488557889,0.1943656067507285,0.009239281157109584,0.009400069017626099,0.0010639117378201043,0.004938456706153034,0.008336157279805995,0.8868187312428069,0.004461612311473065,0.47463612268240596
1,2000,5,1.0,1.0,1.0,1.0,3,True,10,0.6,0.147,0.478,0.008709742422990331,1A_predicted_prob,,0.026178764497245433,0.08246704579461098,0.08246704579461095,0.11971491349883877,0.015397271205273302,0.04166176408092117,0.058924649595011085,0.9870200572355201,0.01297994276447989,1.0,0.2483821980765747,0.23861524993577088,0.013064971751412413,0.003225346362488349,-0.011530973722800212,0.0,0.0,0.008709742422990331,0.004355229328422082,0.005484396060501983,0.020240716145790545,-0.001129166732079901,-0.259266882850691,-0.015885486817368462,-3.6474512865947855,0.013064971751412413,0.01069624316398901,0.006897681488034562,0.0,0.0,0.008709742422990331,0.004355229328422082,0.0019865007409986778,0.0018120609349557698,0.002368728587423404,0.5438814833389277,0.0025431683934663118,0.5839344387377444
1,2000,5,1.0,1.0,1.0,1.0,3,True,10,0.6,0.147,0.478,0.008709742422990331,1B_residual,,0.024214311290783448,0.07709916493665232,0.07709916493665232,0.13545617287039807,0.011443156838202278,0.0628406484573843,0.06991332605532821,0.9899007790631166,0.010099220936883424,1.0,0.28821239940426246,0.15053987514411227,0.013064971751412413,0.02354422777804524,0.0018807804227357328,0.0,0.0,0.008709742422990331,0.004355229328422082,0.014834485355054909,0.0068289620002545985,-0.010479256026632827,-2.4061318558463847,-0.002473732671832517,-0.5679913697515353,0.013064971751412413,0.01069624316398901,0.006897681488034562,0.0,0.0,0.008709742422990331,0.004355229328422082,0.0019865007409986778,0.0018120609349557698,0.002368728587423404,0.5438814833389277,0.0025431683934663118,0.5839344387377444
1,2000,5,1.0,1.0,1.0,1.0,3,True,10,0.6,0.147,0.478,0.008709742422990331,1C_cv_decision,,0.026178764497245433,0.08246704579461098,0.08246704579461095,0.11971491349883877,0.015397271205273302,0.04166176408092117,0.058924649595011085,0.9870200572355201,0.01297994276447989,1.0,0.2483821980765747,0.23861524993577088,0.013064971751412413,0.003225346362488349,-0.011530973722800212,0.0,0.0,0.008709742422990331,0.004355229328422082,0.005484396060501983,0.020240716145790545,-0.001129166732079901,-0.259266882850691,-0.015885486817368462,-3.6474512865947855,0.013064971751412413,0.01069624316398901,0.006897681488034562,0.0,0.0,0.008709742422990331,0.004355229328422082,0.0019865007409986778,0.0018120609349557698,0.002368728587423404,0.5438814833389277,0.0025431683934663118,0.5839344387377444
1,2000,5,1.0,1.0,1.0,1.0,3,True,10,0.6,0.147,0.478,0.008709742422990331,PS_propensity_score,,0.010355480466353956,0.043104815820209925,0.04310481582020992,0.03980868752133136,0.02164318441576546,0.004716579149376369,0.02205615036215773,0.9825188549195081,0.017481145080491922,1.0,0.051234059632162765,0.03784863659364435,0.013064971751412413,0.0041338710445140555,0.007863290119418035,0.0,0.0,0.008709742422990331,0.004355229328422082,0.004575871378476276,0.0008464523035722968,-0.00022064205005419436,-0.05066140802604613,0.003508777024849785,0.8056469040451264,0.013064971751412413,0.01069624316398901,0.006897681488034562,0.0,0.0,0.008709742422990331,0.004355229328422082,0.0019865007409986778,0.0018120609349557698,0.002368728587423404,0.5438814833389277,0.0025431683934663118,0.5839344387377444
1,2000,5,1.0,1.0,1.0,1.0,3,True,10,0.6,0.147,0.478,0.008709742422990331,GMM,,0.021404149496772877,0.07264743935622167,0.07264743935622167,0.18310800915065092,0.01590858160539348,0.01269567307875403,0.07057075461159948,0.9865923951488482,0.013407604851151778,1.0,0.059179407048980504,0.07398586881305569,0.013064971751412413,0.014193774910935875,0.019787006772694543,0.0,0.0,0.008709742422990331,0.004355229328422082,0.005484032487945543,0.011077264349704212,-0.0011288031595234616,-0.2591834033071301,-0.00672203502128213,-1.543439969375287,0.013064971751412413,0.01069624316398901,0.006897681488034562,0.0,0.0,0.008709742422990331,0.004355229328422082,0.0019865007409986778,0.0018120609349557698,0.002368728587423404,0.5438814833389277,0.0025431683934663118,0.5839344387377444
1,2000,5,1.0,1.0,1.0,1.0,3,True,10,0.6,0.147,0.478,0.008709742422990331,Prognostic_score,,0.01912064895159363,0.06882768100881541,0.06882768100881542,0.13417977698900266,0.0068465168510507286,0.027833791534739884,0.05628669512493109,0.9932462865560729,0.006753713443927056,1.0,0.23502707907288567,0.2457754476994628,0.013064971751412413,0.010326187240713039,0.003489826760318638,0.0,0.0,0.008709742422990331,0.004355229328422082,0.0016164448177227071,0.005219915662671694,0.0027387845106993745,0.6288496664977337,-0.0008646863342496123,-0.198539794129025,0.013064971751412413,0.01069624316398901,0.006897681488034562,0.0,0.0,0.008709742422990331,0.004355229328422082,0.0019865007409986778,0.0018120609349557698,0.002368728587423404,0.5438814833389277,0.0025431683934663118,0.5839344387377444
1,2000,5,1.0,1.0,1.0,1.0,3,True,10,0.6,0.147,0.478,0.008709742422990331,2A_PCA_cum60,,0.01881580946355595,0.06352850444006727,0.06352850444006727,0.03793746719560107,0.009379148945266858,0.06357571541340395,0.03696411051809063,0.9914200267130913,0.008579973286908738,0.7706663078585275,0.18140640758990234,0.10786960279948121,0.013064971751412413,0.007905919454626542,0.0043300980770157585,0.0009852856475682783,0.3249879081932275,0.008709742422990331,0.004355229328422082,0.0008038229683637894,0.004379644345974573,0.003551406360058292,0.8154349845327162,-2.4415017552491432e-05,-0.00560590860122101,0.013064971751412413,0.01069624316398901,0.006897681488034562,0.0,0.0,0.008709742422990331,0.004355229328422082,0.0019865007409986778,0.0018120609349557698,0.002368728587423404,0.5438814833389277,0.0025431683934663118,0.5839344387377444
1,2000,5,1.0,1.0,1.0,1.0,3,True,10,0.6,0.147,0.478,0.008709742422990331,2B_clustering,,0.03547943290095848,0.1113922893735832,0.1113922893735832,0.3008912971519463,0.02401151201350376,0.044500975273602195,0.12313459481301742,0.9807842514857857,0.01921574851421426,1.0,0.22139029033767377,0.11236968527244084,0.013064971751412413,0.005406854742206499,0.0017028762295456124,0.0,0.0,0.008709742422990331,0.004355229328422082,0.003302887680783832,0.007006866193444719,0.0010523416476382495,0.24162714940650842,-0.0026516368650226375,-0.6088397797374627,0.013064971751412413,0.01069624316398901,0.006897681488034562,0.0,0.0,0.008709742422990331,0.004355229328422082,0.0019865007409986778,0.0018120609349557698,0.002368728587423404,0.5438814833389277,0.0025431683934663118,0.5839344387377444
1,2000,5,1.0,1.0,1.0,1.0,3,True,10,0.6,0.147,0.478,0.008709742422990331,baseline_random,,0.00321017112315101,0.023886783547180098,0.023886783547180095,0.003946707194912258,0.003906492287499727,0.0050900031321749134,0.0043144008715289665,0.9953780035418505,0.004621996458149535,0.35242692412390975,0.002372509739724804,0.0037075573510535476,0.013064971751412413,0.01316467681770539,0.013682591086330778,0.0051876303254931155,0.6697521455617548,0.008709742422990331,0.004355229328422082,0.004454934394715058,0.004972848663340447,-9.97050662929766e-05,-0.022893183980532195,-0.0006176193349183654,-0.1418109790195896,0.013064971751412413,0.01069624316398901,0.006897681488034562,0.0,0.0,0.008709742422990331,0.004355229328422082,0.0019865007409986778,0.0018120609349557698,0.002368728587423404,0.5438814833389277,0.0025431683934663118,0.5839344387377444
1,2000,5,1.0,1.0,1.0,1.0,3,True,10,0.6,0.147,0.478,0.008709742422990331,baseline_oracle_kmeans,,0.35681138197169276,0.628634614853912,0.6286346148539119,0.35491617003539316,0.9881598733676299,0.6234283817188964,0.6555014750406398,0.02224841408172862,0.9777515859182714,1.0,0.4750025585354605,0.04967647715012791,0.013064971751412413,0.023741640304464275,0.019032697466674582,0.0,0.0,0.008709742422990331,0.004355229328422082,0.015031897881473943,0.01032295504368425,-0.010676668553051862,-2.451459555384668,-0.005967725715262169,-1.370243738100538,0.013064971751412413,0.01069624316398901,0.006897681488034562,0.0,0.0,0.008709742422990331,0.004355229328422082,0.0019865007409986778,0.0018120609349557698,0.002368728587423404,0.5438814833389277,0.0025431683934663118,0.5839344387377444
1,2000,5,1.0,1.0,1.0,1.0,3,True,10,0.6,0.147,0.478,0.008709742422990331,baseline_oracle_quantile,,0.10061629478418654,0.3218917408889308,0.3218917408889308,0.891550078178166,0.0010043659259888688,0.0080874811688058,0.30021397509098685,0.9974719621626623,0.002528037837337682,1.0,0.46527877553406116,0.06980772198861018,0.013064971751412413,0.008276118069370356,0.018245223468325487,0.0,0.0,0.008709742422990331,0.004355229328422082,0.0004336243536199758,0.009535481045335156,0.003921604974802106,0.9004359309416481,-0.005180251716913074,-1.1894325938491743,0.013064971751412413,0.01069624316398901,0.006897681488034562,0.0,0.0,0.008709742422990331,0.004355229328422082,0.0019865007409986778,0.0018120609349557698,0.002368728587423404,0.5438814833389277,0.0025431683934663118,0.5839344387377444
2,2000,5,1.0,1.0,1.0,1.0,3,True,10,0.6,0.135,0.494,0.008858549201361246,1A_predicted_prob,,0.02529722307344259,0.08757536120830793,0.08757536120830793,0.2502971726174572,0.016164839599335772,0.04130984391816198,0.10259061871165166,0.9874667613924655,0.012533238607534525,1.0,0.27512144245339953,0.04864116581095623,0.036031062088169294,0.025436525514317167,0.020628794002429094,0.0,0.0,0.008858549201361246,0.027172512886808046,0.01657797631295592,0.011770244801067848,0.010594536573852127,0.3898990357640296,0.015402268085740198,0.5668326720425563,0.036031062088169294,0.023769771186565564,0.018292113880479216,0.0,0.0,0.008858549201361246,0.027172512886808046,0.014911221985204318,0.00943356467911797,0.012261290901603729,0.45123875560130655,0.017738948207690078,0.6528269314503532
2,2000,5,1.0,1.0,1.0,1.0,3,True,10,0.6,0.135,0.494,0.008858549201361246,1B_residual,,0.028190840577480197,0.09571042992519867,0.09571042992519865,0.2602686576611872,0.013942103101546513,0.051138280258907584,0.1084496803405471,0.9890846925690298,0.010915307430970245,1.0,0.3322941408051848,0.0622906746630294,0.036031062088169294,0.014654229410839766,0.0021183336864690656,0.0,0.0,0.008858549201361246,0.027172512886808046,0.005795680209478521,0.00674021551489218,0.021376832677329524,0.7867079782565027,0.020432297371915868,0.7519472879461038,0.036031062088169294,0.023769771186565564,0.018292113880479216,0.0,0.0,0.008858549201361246,0.027172512886808046,0.014911221985204318,0.00943356467911797,0.012261290901603729,0.45123875560130655,0.017738948207690078,0.6528269314503532
2,2000,5,1.0,1.0,1.0,1.0,3,True,10,0.6,0.135,0.494,0.008858549201361246,1C_cv_decision,,0.02529722307344259,0.08757536120830793,0.08757536120830793,0.2502971726174572,0.016164839599335772,0.04130984391816198,0.10259061871165166,0.9874667613924655,0.012533238607534525,1.0,0.27512144245339953,0.04864116581095623,0.036031062088169294,0.025436525514317167,0.020628794002429094,0.0,0.0,0.008858549201361246,0.027172512886808046,0.01657797631295592,0.011770244801067848,0.010594536573852127,0.3898990357640296,0.015402268085740198,0.5668326720425563,0.036031062088169294,0.023769771186565564,0.018292113880479216,0.0,0.0,0.008858549201361246,0.027172512886808046,0.014911221985204318,0.00943356467911797,0.012261290901603729,0.45123875560130655,0.017738948207690078,0.6528269314503532
2,2000,5,1.0,1.0,1.0,1.0,3,True,10,0.6,0.135,0.494,0.008858549201361246,PS_propensity_score,,0.007125262783908477,0.04587722604675793,0.04587722604675794,0.13383795434234802,0.015404487259794045,0.004130378903302038,0.0511242735018147,0.9879998416167284,0.01200015838327162,1.0,0.06638655552864703,0.01015267246131768,0.036031062088169294,0.017881879694362224,0.01843242951992376,0.0,0.0,0.008858549201361246,0.027172512886808046,0.009023330493000978,0.009573880318562515,0.01814918239380707,0.6679243274043416,0.01759863256824553,0.6476630498458416,0.036031062088169294,0.023769771186565564,0.018292113880479216,0.0,0.0,0.008858549201361246,0.027172512886808046,0.014911221985204318,0.00943356467911797,0.012261290901603729,0.45123875560130655,0.017738948207690078,0.6528269314503532
2,2000,5,1.0,1.0,1.0,1.0,3,True,10,0.6,0.135,0.494,0.008858549201361246,GMM,,0.022642993685801867,0.0873382008585463,0.08733820085854628,0.28470384004432253,0.01939281766699918,0.021963298881923648,0.10868665219774847,0.985115870477052,0.014884129522948042,1.0,0.12406095447014232,0.10626200922377604,0.036031062088169294,0.03285815769334971,0.02571157293473329,0.0,0.0,0.008858549201361246,0.027172512886808046,0.023999608491988463,0.016853023733372045,0.003172904394819584,0.11676889833622983,0.010319489153436001,0.3797767691351799,0.036031062088169294,0.023769771186565564,0.018292113880479216,0.0,0.0,0.008858549201361246,0.027172512886808046,0.014911221985204318,0.00943356467911797,0.012261290901603729,0.45123875560130655,0.017738948207690078,0.6528269314503532
2,2000,5,1.0,1.0,1.0,1.0,3,True,10,0.6,0.135,0.494,0.008858549201361246,Prognostic_score,,0.02727300891578521,0.09118972169430017,0.09118972169430017,0.25689337462396067,0.004525363641541167,0.059916287864293184,0.10711167537659834,0.9958997806215852,0.00410021937841476,1.0,0.2847702359003149,0.04844134069197059,0.036031062088169294,0.03264446820639368,0.020821656861134366,0.0,0.0,0.008858549201361246,0.027172512886808046,0.023785919005032435,0.01196310765977312,0.003386593881775611,0.12463307666401968,0.015209405227034926,0.5597349531268021,0.036031062088169294,0.023769771186565564,0.018292113880479216,0.0,0.0,0.008858549201361246,0.027172512886808046,0.014911221985204318,0.00943356467911797,0.012261290901603729,0.45123875560130655,0.017738948207690078,0.6528269314503532
2,2000,5,1.0,1.0,1.0,1.0,3,True,10,0.6,0.135,0.494,0.008858549201361246,2A_PCA_cum60,,0.01189538728129647,0.04571606137918882,0.04571606137918883,0.017912972881662152,0.05053470714732244,0.01892386651808707,0.029123848849023887,0.9621141318830251,0.03788586811697492,1.0,0.03712191910951834,0.12209900627934844,0.036031062088169294,0.027073000229147964,0.02634322085294763,0.0,0.0,0.008858549201361246,0.027172512886808046,0.018214451027786717,0.017484671651586382,0.00895806185902133,0.3296736630998295,0.009687841235221664,0.3565309279851332,0.036031062088169294,0.023769771186565564,0.018292113880479216,0.0,0.0,0.008858549201361246,0.027172512886808046,0.014911221985204318,0.00943356467911797,0.012261290901603729,0.45123875560130655,0.017738948207690078,0.6528269314503532
2,2000,5,1.0,1.0,1.0,1.0,3,True,10,0.6,0.135,0.494,0.008858549201361246,2B_clustering,,0.03027499090213138,0.10351050644756384,0.10351050644756382,0.24689271832668816,0.033298593520844674,0.03406647553807696,0.10475259579520325,0.9750111926459335,0.0249888073540665,1.0,0.2268528319320765,0.17998678726783235,0.036031062088169294,0.018757542831775817,0.002339948641448464,0.0,0.0,0.008858549201361246,0.027172512886808046,0.009898993630414571,0.006518600559912782,0.017273519256393477,0.6356982634749095,0.020653912326895264,0.7601031385257898,0.036031062088169294,0.023769771186565564,0.018292113880479216,0.0,0.0,0.008858549201361246,0.027172512886808046,0.014911221985204318,0.00943356467911797,0.012261290901603729,0.45123875560130655,0.017738948207690078,0.6528269314503532
2,2000,5,1.0,1.0,1.0,1.0,3,True,10,0.6,0.135,0.494,0.008858549201361246,baseline_random,,-0.0004609228965339773,0.013901189871751821,0.013901189871751821,0.001947940304187121,0.0017905992678291642,0.0016848900275817829,0.0018078098665326892,0.9978731716098138,0.002126828390186186,0.6970537188933876,0.0048030544088342175,0.0007414848488455084,0.036031062088169294,0.034861969450696605,0.03325605853959648,0.0014729113964597191,0.3820062555959219,0.008858549201361246,0.027172512886808046,0.026003420249335357,0.02439750933823523,0.0011690926374726893,0.04302482594608581,0.0027750035485728172,0.10212539267651066,0.036031062088169294,0.023769771186565564,0.018292113880479216,0.0,0.0,0.008858549201361246,0.027172512886808046,0.014911221985204318,0.00943356467911797,0.012261290901603729,0.45123875560130655,0.017738948207690078,0.6528269314503532
2,2000,5,1.0,1.0,1.0,1.0,3,True,10,0.6,0.135,0.494,0.008858549201361246,baseline_oracle_kmeans,,0.35994176782421866,0.6307418308872769,0.630741830887277,0.2885966491761566,0.9731356114334839,0.6767305320691673,0.6461542642262693,0.04198022519597514,0.9580197748040249,1.0,0.3653144162639097,0.0406132978786643,0.036031062088169294,0.029892759588831412,0.018426024409153162,0.0,0.0,0.008858549201361246,0.027172512886808046,0.021034210387470165,0.009567475207791916,0.006138302499337882,0.22590117170642543,0.017605037679016132,0.6478987700678644,0.036031062088169294,0.023769771186565564,0.018292113880479216,0.0,0.0,0.008858549201361246,0.027172512886808046,0.014911221985204318,0.00943356467911797,0.012261290901603729,0.45123875560130655,0.017738948207690078,0.6528269314503532
2,2000,5,1.0,1.0,1.0,1.0,3,True,10,0.6,0.135,0.494,0.008858549201361246,baseline_oracle_quantile,,0.0900796376099388,0.2945474276724159,0.2945474276724159,0.9008815766847302,0.0017336774976332626,0.005146814874971883,0.30258735635244516,0.9979149626995862,0.0020850373004137612,0.3456471846966095,0.46596025879374847,0.08106688227272785,0.036031062088169294,0.02955537812561181,0.024097586789641027,0.002659065975151222,0.6904243850534385,0.008858549201361246,0.027172512886808046,0.020696828924250565,0.015239037588279781,0.006475683962557481,0.23831744931111443,0.011933475298528265,0.43917451978914457,0.036031062088169294,0.023769771186565564,0.018292113880479216,0.0,0.0,0.008858549201361246,0.027172512886808046,0.014911221985204318,0.00943356467911797,0.012261290901603729,0.45123875560130655,0.017738948207690078,0.6528269314503532
3,2000,5,1.0,1.0,1.0,1.0,3,True,10,0.6,0.1465,0.4965,0.008675715495549647,1A_predicted_prob,,0.027608893437802186,0.07314700342235665,0.07314700342235665,0.06677431351343119,0.029164682010676977,0.06487871319206484,0.053605902905391,0.9774948199560544,0.02250518004394564,1.0,0.16676876268245577,0.22012192254962992,0.04229752271081759,0.038381900012321946,0.022869821177086885,0.0010874004047014875,0.3851351463341383,0.008675715495549647,0.033621807215267946,0.0297061845167723,0.014194105681537238,0.003915622698495647,0.1164608039486209,0.019427701533730708,0.5778303768545917,0.04229752271081759,0.05034776229988701,0.05517337859558315,0.0,0.0,0.008675715495549647,0.033621807215267946,0.041672046804337365,0.046497663100033504,-0.008050239589069419,-0.23943506479371335,-0.012875855884765558,-0.382961445300255
3,2000,5,1.0,1.0,1.0,1.0,3,True,10,0.6,0.1465,0.4965,0.008675715495549647,1B_residual,,0.032067217262140665,0.08714319177696471,0.08714319177696468,0.11715158354059581,0.039734931657164047,0.07097530646471134,0.07595394055415707,0.9697190485693642,0.030280951430635805,1.0,0.23883962580761486,0.1486824438561397,0.04229752271081759,0.0017731163009637187,0.00046258314423675305,0.0,0.0,0.008675715495549647,0.033621807215267946,0.006902599194585928,0.008213132351312893,0.02671920802068202,0.7946987456566166,0.025408674863955052,0.7557200807580848,0.04229752271081759,0.05034776229988701,0.05517337859558315,0.0,0.0,0.008675715495549647,0.033621807215267946,0.041672046804337365,0.046497663100033504,-0.008050239589069419,-0.23943506479371335,-0.012875855884765558,-0.382961445300255
3,2000,5,1.0,1.0,1.0,1.0,3,True,10,0.6,0.1465,0.4965,0.008675715495549647,1C_cv_decision,,0.027608893437802186,0.07314700342235665,0.07314700342235665,0.06677431351343119,0.029164682010676977,0.06487871319206484,0.053605902905391,0.9774948199560544,0.02250518004394564,1.0,0.16676876268245577,0.22012192254962992,0.04229752271081759,0.038381900012321946,0.022869821177086885,0.0010874004047014875,0.3851351463341383,0.008675715495549647,0.033621807215267946,0.0297061845167723,0.014194105681537238,0.003915622698495647,0.1164608039486209,0.019427701533730708,0.5778303768545917,0.04229752271081759,0.05034776229988701,0.05517337859558315,0.0,0.0,0.008675715495549647,0.033621807215267946,0.041672046804337365,0.046497663100033504,-0.008050239589069419,-0.23943506479371335,-0.012875855884765558,-0.382961445300255
3,2000,5,1.0,1.0,1.0,1.0,3,True,10,0.6,0.1465,0.4965,0.008675715495549647,PS_propensity_score,,0.005077361231211978,0.027388933822211244,0.027388933822211244,0.0025962770231392116,0.008125928154793282,0.013617520723924543,0.008113241967285679,0.9928565026209811,0.0071434973790188705,1.0,0.006705878825431721,0.003476668999548571,0.04229752271081759,0.04328422380072559,0.042578473302682905,0.0,0.0,0.008675715495549647,0.033621807215267946,0.034608508305175936,0.033902757807133255,-0.0009867010899079903,-0.029347056914297065,-0.0002809505918653088,-0.008356201380445905,0.04229752271081759,0.05034776229988701,0.05517337859558315,0.0,0.0,0.008675715495549647,0.033621807215267946,0.041672046804337365,0.046497663100033504,-0.008050239589069419,-0.23943506479371335,-0.012875855884765558,-0.382961445300255
3,2000,5,1.0,1.0,1.0,1.0,3,True,10,0.6,0.1465,0.4965,0.008675715495549647,GMM,,0.006947679639413214,0.03390847940202172,0.03390847940202171,0.021136136712556302,0.016636609943000816,0.00611148064717413,0.014628075767577083,0.9866306830108033,0.013369316989196744,0.8692264687826176,0.018449905513181708,0.055578361727612435,0.04229752271081759,0.042364253638718145,0.03999785393815103,0.0004173526782703379,0.14502482168774733,0.008675715495549647,0.033621807215267946,0.033688538143168495,0.031322138442601385,-6.673092790054902e-05,-0.0019847513690534058,0.0022996687726665604,0.06839813094943514,0.04229752271081759,0.05034776229988701,0.05517337859558315,0.0,0.0,0.008675715495549647,0.033621807215267946,0.041672046804337365,0.046497663100033504,-0.008050239589069419,-0.23943506479371335,-0.012875855884765558,-0.382961445300255
3,2000,5,1.0,1.0,1.0,1.0,3,True,10,0.6,0.1465,0.4965,0.008675715495549647,Prognostic_score,,0.025249572889773378,0.06228838006284096,0.06228838006284095,0.052300667427011525,0.0350306420090817,0.05069595952310685,0.046009089653066694,0.9731454463033165,0.026854553696683547,1.0,0.11748601662454594,0.27640766253330995,0.04229752271081759,0.037304748078471506,0.023233615501176648,0.0012450521861258688,0.397328747084301,0.008675715495549647,0.033621807215267946,0.02862903258292186,0.014557900005627001,0.004992774632346087,0.14849810423274412,0.019063907209640945,0.5670101873936111,0.04229752271081759,0.05034776229988701,0.05517337859558315,0.0,0.0,0.008675715495549647,0.033621807215267946,0.041672046804337365,0.046497663100033504,-0.008050239589069419,-0.23943506479371335,-0.012875855884765558,-0.382961445300255
3,2000,5,1.0,1.0,1.0,1.0,3,True,10,0.6,0.1465,0.4965,0.008675715495549647,2A_PCA_cum60,,0.006274136236814845,0.038564900154430114,0.03856490015443011,0.08465584922201921,0.0067939086799401185,0.019772271243801716,0.03707400971525368,0.9938163359707379,0.00618366402926207,1.0,0.10540685320976584,0.006323377202127389,0.04229752271081759,0.043104740227345506,0.03378732020026842,0.0,0.0,0.008675715495549647,0.033621807215267946,0.03442902473179586,0.025111604704718776,-0.0008072175165279166,-0.02400874858866464,0.00851020251054917,0.25311555848445333,0.04229752271081759,0.05034776229988701,0.05517337859558315,0.0,0.0,0.008675715495549647,0.033621807215267946,0.041672046804337365,0.046497663100033504,-0.008050239589069419,-0.23943506479371335,-0.012875855884765558,-0.382961445300255
3,2000,5,1.0,1.0,1.0,1.0,3,True,10,0.6,0.1465,0.4965,0.008675715495549647,2B_clustering,,0.022637520132092873,0.081799864920744,0.08179986492074398,0.19350056928044396,0.019019463140089673,0.04947600776711278,0.08733201339588215,0.9849501857591981,0.015049814240801873,0.7236163739156984,0.12167776659477281,0.08625902281854314,0.04229752271081759,0.04083074441913042,0.02860818990436604,0.0025772834944818588,0.5650828401308106,0.008675715495549647,0.033621807215267946,0.03215502892358077,0.019932474408816393,0.0014667782916871763,0.043625801620238325,0.013689332806451553,0.4071563648796104,0.04229752271081759,0.05034776229988701,0.05517337859558315,0.0,0.0,0.008675715495549647,0.033621807215267946,0.041672046804337365,0.046497663100033504,-0.008050239589069419,-0.23943506479371335,-0.012875855884765558,-0.382961445300255
3,2000,5,1.0,1.0,1.0,1.0,3,True,10,0.6,0.1465,0.4965,0.008675715495549647,baseline_random,,-0.0012832559549270412,0.01573018000627109,0.015730180006271088,0.004987766779858305,0.0013561653391766313,0.003232669869099442,0.0031922006627114596,0.9977481447544532,0.00225185524554683,0.2894051174767843,0.006075200076521847,0.0050099396426420695,0.04229752271081759,0.04414649732436954,0.04623993963068828,0.005898545356786848,0.7140712637968386,0.008675715495549647,0.033621807215267946,0.035470781828819894,0.03756422413513863,-0.0018489746135519486,-0.05499331436033916,-0.003942416919870684,-0.11725773378655258,0.04229752271081759,0.05034776229988701,0.05517337859558315,0.0,0.0,0.008675715495549647,0.033621807215267946,0.041672046804337365,0.046497663100033504,-0.008050239589069419,-0.23943506479371335,-0.012875855884765558,-0.382961445300255
3,2000,5,1.0,1.0,1.0,1.0,3,True,10,0.6,0.1465,0.4965,0.008675715495549647,baseline_oracle_kmeans,,0.3627848673617172,0.6227804479469673,0.6227804479469673,0.31591890215274193,0.9768318586714235,0.6364083663029668,0.6430530423757107,0.037185000456020176,0.9628149995439799,1.0,0.33123533006328476,0.023900475818977807,0.04229752271081759,0.048848490910834826,0.03016443862439341,0.0008622530803565382,0.3197529341705178,0.008675715495549647,0.033621807215267946,0.040172775415285175,0.021488723128843763,-0.006550968200017229,-0.1948428339402999,0.012133084086424183,0.3608694799997082,0.04229752271081759,0.05034776229988701,0.05517337859558315,0.0,0.0,0.008675715495549647,0.033621807215267946,0.041672046804337365,0.046497663100033504,-0.008050239589069419,-0.23943506479371335,-0.012875855884765558,-0.382961445300255
3,2000,5,1.0,1.0,1.0,1.0,3,True,10,0.6,0.1465,0.4965,0.008675715495549647,baseline_oracle_quantile,,0.09159738709620344,0.3096069380659615,0.3096069380659615,0.8913600479365207,0.002604896062023744,0.003750571427322992,0.2992385051419558,0.9968450142673118,0.0031549857326882425,1.0,0.3906293664677082,0.04266452372639107,0.04229752271081759,0.04616535098382443,0.020236886876237748,0.00014240048880372963,0.10530691419264378,0.008675715495549647,0.033621807215267946,0.03748963548827479,0.011561171380688101,-0.003867828273006843,-0.11503927341688014,0.022060635834579845,0.6561406914665171,0.04229752271081759,0.05034776229988701,0.05517337859558315,0.0,0.0,0.008675715495549647,0.033621807215267946,0.041672046804337365,0.046497663100033504,-0.008050239589069419,-0.23943506479371335,-0.012875855884765558,-0.382961445300255
4,2000,5,1.0,1.0,1.0,1.0,3,True,10,0.6,0.1575,0.497,0.008200868256019124,1A_predicted_prob,,0.018857445921806448,0.06596165578600209,0.06596165578600208,0.1196433653118265,0.0008992084996370728,0.05848223297158457,0.05967493559434938,0.9987020154690761,0.0012979845309238902,0.3031572920676473,0.21909240910379257,0.042020221995005214,0.07286665386338904,0.06794753400462722,0.06739044644836625,0.003343994753346353,0.6366777806859658,0.008200868256019124,0.06466578560736992,0.0597466657486081,0.05918957819234713,0.004919119858761825,0.0760699002194013,0.005476207415022791,0.08468477361850335,0.07286665386338904,0.07066512940965138,0.07275143520246397,0.0,0.0,0.008200868256019124,0.06466578560736992,0.06246426115363225,0.06455056694644484,0.002201524453737669,0.03404465642936161,0.00011521866092507882,0.0017817561457406095
4,2000,5,1.0,1.0,1.0,1.0,3,True,10,0.6,0.1575,0.497,0.008200868256019124,1B_residual,,0.023070916608400712,0.0780354539563078,0.0780354539563078,0.13636877022931584,0.010951855137264249,0.09048434380196071,0.07926832305618027,0.9914309106728255,0.008569089327174484,0.3168582342494205,0.26403402096199924,0.0399821066973689,0.07286665386338904,0.043544292221988516,0.005357563645662787,0.00041347107727611086,0.7036336703974083,0.008200868256019124,0.06466578560736992,0.035343423965969394,0.002843304610356337,0.029322361641400528,0.4534447600998244,0.06182248099701358,0.9560307729404236,0.07286665386338904,0.07066512940965138,0.07275143520246397,0.0,0.0,0.008200868256019124,0.06466578560736992,0.06246426115363225,0.06455056694644484,0.002201524453737669,0.03404465642936161,0.00011521866092507882,0.0017817561457406095
4,2000,5,1.0,1.0,1.0,1.0,3,True,10,0.6,0.1575,0.497,0.008200868256019124,1C_cv_decision,,0.018857445921806448,0.06596165578600209,0.06596165578600208,0.1196433653118265,0.0008992084996370728,0.05848223297158457,0.05967493559434938,0.9987020154690761,0.0012979845309238902,0.3031572920676473,0.21909240910379257,0.042020221995005214,0.07286665386338904,0.06794753400462722,0.06739044644836625,0.003343994753346353,0.6366777806859658,0.008200868256019124,0.06466578560736992,0.0597466657486081,0.05918957819234713,0.004919119858761825,0.0760699002194013,0.005476207415022791,0.08468477361850335,0.07286665386338904,0.07066512940965138,0.07275143520246397,0.0,0.0,0.008200868256019124,0.06466578560736992,0.06246426115363225,0.06455056694644484,0.002201524453737669,0.03404465642936161,0.00011521866092507882,0.0017817561457406095
4,2000,5,1.0,1.0,1.0,1.0,3,True,10,0.6,0.1575,0.497,0.008200868256019124,PS_propensity_score,,0.00012924804668319818,0.014770424426308356,0.014770424426308354,0.0023895326088643615,0.0057690614715852784,0.002657364820672658,0.003605319633707433,0.9951868887194759,0.004813111280524085,1.0,0.006362121431634171,0.017177877656439522,0.07286665386338904,0.06956516527972118,0.06905329028420608,0.0,0.0,0.008200868256019124,0.06466578560736992,0.06136429702370205,0.060852422028186956,0.0033014885836678692,0.051054642770652414,0.0038133635791829656,0.05897034333328133,0.07286665386338904,0.07066512940965138,0.07275143520246397,0.0,0.0,0.008200868256019124,0.06466578560736992,0.06246426115363225,0.06455056694644484,0.002201524453737669,0.03404465642936161,0.00011521866092507882,0.0017817561457406095
4,2000,5,1.0,1.0,1.0,1.0,3,True,10,0.6,0.1575,0.497,0.008200868256019124,GMM,,0.006075301580425939,0.03664119540782352,0.03664119540782352,0.035919175902772514,0.010521508360880874,0.01224218111741394,0.019560955127022443,0.9917332708412061,0.008266729158793895,1.0,0.02878900212215152,0.022058891939978897,0.07286665386338904,0.07728776874500928,0.07444766924251117,0.0,0.0,0.008200868256019124,0.06466578560736992,0.06908690048899016,0.06624680098649205,-0.004421114881620239,-0.06836868739929702,-0.0015810153791221276,-0.02444902453859532,0.07286665386338904,0.07066512940965138,0.07275143520246397,0.0,0.0,0.008200868256019124,0.06466578560736992,0.06246426115363225,0.06455056694644484,0.002201524453737669,0.03404465642936161,0.00011521866092507882,0.0017817561457406095
4,2000,5,1.0,1.0,1.0,1.0,3,True,10,0.6,0.1575,0.497,0.008200868256019124,Prognostic_score,,0.01733705260622287,0.061097782631899925,0.06109778263189992,0.11373993964311221,0.0017488598695969053,0.04955047406217944,0.055013091191629525,0.9980882320133767,0.0019117679866232917,0.7148196762840611,0.21375875543056067,0.07679273961669053,0.07286665386338904,0.07048017407187188,0.06303052216081322,0.0008454313068216673,0.300250839098809,0.008200868256019124,0.06466578560736992,0.062279305815852753,0.05482965390479409,0.002386479791517168,0.036904829487530155,0.009836131702575829,0.1521072018253623,0.07286665386338904,0.07066512940965138,0.07275143520246397,0.0,0.0,0.008200868256019124,0.06466578560736992,0.06246426115363225,0.06455056694644484,0.002201524453737669,0.03404465642936161,0.00011521866092507882,0.0017817561457406095
4,2000,5,1.0,1.0,1.0,1.0,3,True,10,0.6,0.1575,0.497,0.008200868256019124,2A_PCA_cum60,,0.00551126935035734,0.03959122571731209,0.03959122571731209,0.10052990631165064,0.01030415542842979,0.010948493144317829,0.040594184961466086,0.9919007228594202,0.008099277140579786,0.897260547794669,0.0618403699483413,0.05178078074678871,0.07286665386338904,0.06218117078054827,0.0654969978626198,0.0,0.0,0.008200868256019124,0.06466578560736992,0.05398030252452915,0.057296129606600674,0.010685483082840772,0.1652416804725706,0.007369656000769248,0.11396530532413929,0.07286665386338904,0.07066512940965138,0.07275143520246397,0.0,0.0,0.008200868256019124,0.06466578560736992,0.06246426115363225,0.06455056694644484,0.002201524453737669,0.03404465642936161,0.00011521866092507882,0.0017817561457406095
4,2000,5,1.0,1.0,1.0,1.0,3,True,10,0.6,0.1575,0.497,0.008200868256019124,2B_clustering,,0.026003168897175216,0.09183327289026787,0.09183327289026787,0.23324387798908774,0.012973451217510616,0.05166528122906786,0.0992942034785554,0.9899555390550729,0.010044460944927058,0.5020016854829642,0.1564996125603444,0.08172668979679254,0.07286665386338904,0.06879043178437491,0.06959865784119974,0.0014161193811722905,0.37302448337253075,0.008200868256019124,0.06466578560736992,0.06058956352835579,0.06139778958518062,0.004076222079014133,0.06303522087806457,0.003267996022189301,0.05053670950557276,0.07286665386338904,0.07066512940965138,0.07275143520246397,0.0,0.0,0.008200868256019124,0.06466578560736992,0.06246426115363225,0.06455056694644484,0.002201524453737669,0.03404465642936161,0.00011521866092507882,0.0017817561457406095
4,2000,5,1.0,1.0,1.0,1.0,3,True,10,0.6,0.1575,0.497,0.008200868256019124,baseline_random,,0.0018668990954345298,0.02114714084636642,0.02114714084636642,0.0028407399758049205,0.0009704703407601298,0.003543657210407725,0.002451622508990925,0.9986498531690402,0.0013501468309597975,1.0,0.007655072608595992,0.003931350234463782,0.07286665386338904,0.07339241975447755,0.07330905517458858,0.0,0.0,0.008200868256019124,0.06466578560736992,0.06519155149845843,0.06510818691856946,-0.000525765891088506,-0.008130511152849573,-0.0004424013111995334,-0.006841350600542473,0.07286665386338904,0.07066512940965138,0.07275143520246397,0.0,0.0,0.008200868256019124,0.06466578560736992,0.06246426115363225,0.06455056694644484,0.002201524453737669,0.03404465642936161,0.00011521866092507882,0.0017817561457406095
4,2000,5,1.0,1.0,1.0,1.0,3,True,10,0.6,0.1575,0.497,0.008200868256019124,baseline_oracle_kmeans,,0.40432740323184324,0.6632590999186678,0.6632590999186678,0.26789239083548877,1.0000000000000002,0.7058030490836751,0.6578984799730547,0.0,1.0,1.0,0.4127194650984105,0.0048994608508938775,0.07286665386338904,0.07571708096759008,0.055532084468255916,0.0009029176267315506,0.3162607377027289,0.008200868256019124,0.06466578560736992,0.06751621271157096,0.04733121621223679,-0.0028504271042010393,-0.04407937021762831,0.01733456939513313,0.26806400374354256,0.07286665386338904,0.07066512940965138,0.07275143520246397,0.0,0.0,0.008200868256019124,0.06466578560736992,0.06246426115363225,0.06455056694644484,0.002201524453737669,0.03404465642936161,0.00011521866092507882,0.0017817561457406095
4,2000,5,1.0,1.0,1.0,1.0,3,True,10,0.6,0.1575,0.497,0.008200868256019124,baseline_oracle_quantile,,0.08718848300221804,0.29875368089116183,0.29875368089116183,0.8963955509808885,0.007377423414177262,0.006334018871687338,0.3033689977555844,0.9940094565527229,0.005990543447277119,1.0,0.42016136983526775,0.020413212437016548,0.07286665386338904,0.07460140700315288,0.05101905801340318,7.805328597380499e-05,0.04098739166191142,0.008200868256019124,0.06466578560736992,0.06640053874713375,0.04281818975738406,-0.001734753139763831,-0.02682644498122544,0.021847595849985864,0.33785402349609595,0.07286665386338904,0.07066512940965138,0.07275143520246397,0.0,0.0,0.008200868256019124,0.06466578560736992,0.06246426115363225,0.06455056694644484,0.002201524453737669,0.03404465642936161,0.00011521866092507882,0.0017817561457406095
5,2000,5,1.0,1.0,1.0,1.0,3,True,10,0.6,0.1645,0.489,0.007749873945244562,1A_predicted_prob,,0.01129198488944267,0.0528877232437781,0.052887723243778106,0.14515580673728554,0.003916274450424431,0.021840660056123742,0.05697091374794457,0.9968838857336171,0.003116114266382919,0.977374614347264,0.21800078040879367,0.07965904933763479,0.03301197779725387,0.02352042055131995,0.01317198506920403,0.0006990058903950645,0.2525116670509714,0.007749873945244562,0.02526210385200931,0.015770546606075388,0.005422111123959468,0.009491557245933924,0.3757231504366165,0.019839992728049843,0.7853658129297809,0.03301197779725387,0.026918226971737465,0.022408958175575304,0.0,0.0,0.007749873945244562,0.02526210385200931,0.019168353026492904,0.014659084230330742,0.006093750825516407,0.24122103452724575,0.01060301962167857,0.4197203718183282
5,2000,5,1.0,1.0,1.0,1.0,3,True,10,0.6,0.1645,0.489,0.007749873945244562,1B_residual,,0.01271582966005095,0.06284280461818882,0.06284280461818884,0.16392952046685813,0.011982296667974348,0.032242683464031606,0.0693848335329547,0.991030400378488,0.008969599621512003,1.0,0.2115292812153512,0.07532604718492686,0.03301197779725387,0.006322931733473609,-0.00041669263869873916,0.0,0.0,0.007749873945244562,0.02526210385200931,0.0014269422117709537,0.008166566583943302,0.023835161640238356,0.9435145140669883,0.017095537268066008,0.6767265849358883,0.03301197779725387,0.026918226971737465,0.022408958175575304,0.0,0.0,0.007749873945244562,0.02526210385200931,0.019168353026492904,0.014659084230330742,0.006093750825516407,0.24122103452724575,0.01060301962167857,0.4197203718183282
5,2000,5,1.0,1.0,1.0,1.0,3,True,10,0.6,0.1645,0.489,0.007749873945244562,1C_cv_decision,,0.01129198488944267,0.0528877232437781,0.052887723243778106,0.14515580673728554,0.003916274450424431,0.021840660056123742,0.05697091374794457,0.9968838857336171,0.003116114266382919,0.977374614347264,0.21800078040879367,0.07965904933763479,0.03301197779725387,0.02352042055131995,0.01317198506920403,0.0006990058903950645,0.2525116670509714,0.007749873945244562,0.02526210385200931,0.015770546606075388,0.005422111123959468,0.009491557245933924,0.3757231504366165,0.019839992728049843,0.7853658129297809,0.03301197779725387,0.026918226971737465,0.022408958175575304,0.0,0.0,0.007749873945244562,0.02526210385200931,0.019168353026492904,0.014659084230330742,0.006093750825516407,0.24122103452724575,0.01060301962167857,0.4197203718183282
5,2000,5,1.0,1.0,1.0,1.0,3,True,10,0.6,0.1645,0.489,0.007749873945244562,PS_propensity_score,,0.0016329078688102638,0.033813608453461076,0.033813608453461076,0.0751386481778632,0.0015946254845370475,0.003303547614170873,0.026678940425523708,0.9985607330939474,0.001439266906052561,0.7912640469110597,0.01578601950732539,0.07179516595053548,0.03301197779725387,0.021297720057537783,0.01938327234415469,0.0006674416957130625,0.20146778754200462,0.007749873945244562,0.02526210385200931,0.01354784611229322,0.011633398398910129,0.011714257739716091,0.4637087159620855,0.013628705453099183,0.539492099824266,0.03301197779725387,0.026918226971737465,0.022408958175575304,0.0,0.0,0.007749873945244562,0.02526210385200931,0.019168353026492904,0.014659084230330742,0.006093750825516407,0.24122103452724575,0.01060301962167857,0.4197203718183282
5,2000,5,1.0,1.0,1.0,1.0,3,True,10,0.6,0.1645,0.489,0.007749873945244562,GMM,,0.01380521452135605,0.05961364475106166,0.059613644751061665,0.19021276303362633,0.0030793315974213323,0.010907681384872631,0.06806659200530676,0.9974827388220429,0.002517261177957142,1.0,0.06378405451059355,0.09042307302487851,0.03301197779725387,0.02785119385249853,0.02098005931100587,0.0,0.0,0.007749873945244562,0.02526210385200931,0.020101319907253966,0.013230185365761307,0.0051607839447553455,0.2042895546225404,0.012031918486248004,0.4762833118228592,0.03301197779725387,0.026918226971737465,0.022408958175575304,0.0,0.0,0.007749873945244562,0.02526210385200931,0.019168353026492904,0.014659084230330742,0.006093750825516407,0.24122103452724575,0.01060301962167857,0.4197203718183282
5,2000,5,1.0,1.0,1.0,1.0,3,True,10,0.6,0.1645,0.489,0.007749873945244562,Prognostic_score,,0.011926370722397127,0.04968986707994156,0.04968986707994156,0.08093760419982338,0.002523564077587847,0.03702835197212145,0.040163173416510885,0.9978899551997972,0.002110044800202826,1.0,0.19205455638000823,0.010396903414614855,0.03301197779725387,0.028424705554900214,0.025877473305980402,0.0,0.0,0.007749873945244562,0.02526210385200931,0.02067483160965565,0.018127599360735838,0.004587272242353661,0.18158710253219057,0.007134504491273473,0.2824192526904684,0.03301197779725387,0.026918226971737465,0.022408958175575304,0.0,0.0,0.007749873945244562,0.02526210385200931,0.019168353026492904,0.014659084230330742,0.006093750825516407,0.24122103452724575,0.01060301962167857,0.4197203718183282
5,2000,5,1.0,1.0,1.0,1.0,3,True,10,0.6,0.1645,0.489,0.007749873945244562,2A_PCA_cum60,,0.007995945129495922,0.03650627904377983,0.03650627904377982,0.020287201534752768,0.005376624453614727,0.03451764975314049,0.020060491913835996,0.9958280867517986,0.004171913248201431,0.4194793534331731,0.01793896938569728,0.20209127528542414,0.03301197779725387,0.03676814183252192,0.030158752306805533,0.005354705367253847,0.6825895104782601,0.007749873945244562,0.02526210385200931,0.029018267887277356,0.02240887836156097,-0.0037561640352680448,-0.1486876966887809,0.0028532254904483426,0.11294488800945224,0.03301197779725387,0.026918226971737465,0.022408958175575304,0.0,0.0,0.007749873945244562,0.02526210385200931,0.019168353026492904,0.014659084230330742,0.006093750825516407,0.24122103452724575,0.01060301962167857,0.4197203718183282
5,2000,5,1.0,1.0,1.0,1.0,3,True,10,0.6,0.1645,0.489,0.007749873945244562,2B_clustering,,0.028137192832651377,0.089978624879749,0.08997862487974899,0.24706863537050483,0.009701804819758806,0.05227545010094013,0.1030152967637346,0.9926977400468913,0.007302259953108736,0.4514681614763808,0.13360595266296904,0.1981681341299084,0.03301197779725387,0.02426698096676272,0.014601497632466836,0.0038886551613053874,0.6382302871097252,0.007749873945244562,0.02526210385200931,0.01651710702151816,0.006851623687222273,0.008744996830491153,0.3461705676503103,0.018410480164787038,0.7287785796717281,0.03301197779725387,0.026918226971737465,0.022408958175575304,0.0,0.0,0.007749873945244562,0.02526210385200931,0.019168353026492904,0.014659084230330742,0.006093750825516407,0.24122103452724575,0.01060301962167857,0.4197203718183282
5,2000,5,1.0,1.0,1.0,1.0,3,True,10,0.6,0.1645,0.489,0.007749873945244562,baseline_random,,0.0008230581605183129,0.017576803115428214,0.017576803115428218,0.006628453015181217,0.002474849032483053,0.008909422294148085,0.006004241447270784,0.997924934535349,0.0020750654646509714,1.0,0.004492048499311507,0.008104531492978184,0.03301197779725387,0.034923060522743556,0.03738246926501181,0.0,0.0,0.007749873945244562,0.02526210385200931,0.027173186577498995,0.029632595319767252,-0.0019110827254896837,-0.0756501808671679,-0.004370491467757941,-0.17300583883912424,0.03301197779725387,0.026918226971737465,0.022408958175575304,0.0,0.0,0.007749873945244562,0.02526210385200931,0.019168353026492904,0.014659084230330742,0.006093750825516407,0.24122103452724575,0.01060301962167857,0.4197203718183282
5,2000,5,1.0,1.0,1.0,1.0,3,True,10,0.6,0.1645,0.489,0.007749873945244562,baseline_oracle_kmeans,,0.3657230966455791,0.63312642359338,0.63312642359338,0.29176837770482733,0.9805669394194462,0.6647882119543188,0.6457078430261974,0.03271390307155278,0.9672860969284472,0.9418110805284041,0.3651899318587465,0.01532688032924534,0.03301197779725387,0.02225526897285685,0.0003603361942941635,0.0008172340063587667,0.311184346572008,0.007749873945244562,0.02526210385200931,0.014505395027612287,0.007389537750950399,0.010756708824397025,0.42580415659012705,0.01787256610105891,0.7074852595714174,0.03301197779725387,0.026918226971737465,0.022408958175575304,0.0,0.0,0.007749873945244562,0.02526210385200931,0.019168353026492904,0.014659084230330742,0.006093750825516407,0.24122103452724575,0.01060301962167857,0.4197203718183282
5,2000,5,1.0,1.0,1.0,1.0,3,True,10,0.6,0.1645,0.489,0.007749873945244562,baseline_oracle_quantile,,0.08928616121103118,0.29840071155501413,0.2984007115550141,0.9067510973691685,0.005539940572433561,0.004899140816496234,0.3057300595860328,0.9957001792479737,0.004299820752026284,1.0,0.3799953281222186,0.03252581435904944,0.03301197779725387,0.013792173829145991,-0.0047295445410077816,0.0,0.0,0.007749873945244562,0.02526210385200931,0.006042299883901429,0.012479418486252343,0.019219803968107883,0.7608156502206433,0.012782685365756968,0.5060024074257874,0.03301197779725387,0.026918226971737465,0.022408958175575304,0.0,0.0,0.007749873945244562,0.02526210385200931,0.019168353026492904,0.014659084230330742,0.006093750825516407,0.24122103452724575,0.01060301962167857,0.4197203718183282
6,2000,5,1.0,1.0,1.0,1.0,3,True,10,0.6,0.154,0.486,0.009049372945761639,1A_predicted_prob,,0.023552167879404704,0.07094339794650556,0.07094339794650556,0.19811599445621378,0.00847737150429933,0.03217513020102411,0.07958949872051241,0.9926064577864787,0.007393542213521287,0.9257924312398337,0.28401426514177697,0.12416383648947316,0.003668132052753903,-0.002249846209412319,0.012050030293493556,0.00014090247300368257,0.07588805087221474,0.009049372945761639,0.005381240893007736,0.011299219155173958,0.0030006573477319165,-0.005917978262166222,-1.0997423047639274,0.0023805835452758196,0.4423856119076729,0.003668132052753903,0.005347360820018791,0.003988441519337509,0.0,0.0,0.009049372945761639,0.005381240893007736,0.0037020121257428477,0.00506093142642413,0.0016792287672648884,0.3120523315443545,0.00032030946658360634,0.05952334655744729
6,2000,5,1.0,1.0,1.0,1.0,3,True,10,0.6,0.154,0.486,0.009049372945761639,1B_residual,,0.03132964122289755,0.09215489203455271,0.09215489203455271,0.21906759723050465,0.00846306653646126,0.06435062972639731,0.09729376449778775,0.992615898233266,0.007384101766733986,0.6962706830816963,0.34815980728315343,0.1034380196637229,0.003668132052753903,-0.017401833708389512,0.0029138272112599925,2.8321598000773617e-05,0.1178061575010709,0.009049372945761639,0.005381240893007736,0.02645120665415115,0.006135545734501646,-0.021069965761143415,-3.915447418182162,-0.0007543048414939101,-0.14017303006710535,0.003668132052753903,0.005347360820018791,0.003988441519337509,0.0,0.0,0.009049372945761639,0.005381240893007736,0.0037020121257428477,0.00506093142642413,0.0016792287672648884,0.3120523315443545,0.00032030946658360634,0.05952334655744729
6,2000,5,1.0,1.0,1.0,1.0,3,True,10,0.6,0.154,0.486,0.009049372945761639,1C_cv_decision,,0.023552167879404704,0.07094339794650556,0.07094339794650556,0.19811599445621378,0.00847737150429933,0.03217513020102411,0.07958949872051241,0.9926064577864787,0.007393542213521287,0.9257924312398337,0.28401426514177697,0.12416383648947316,0.003668132052753903,-0.002249846209412319,0.012050030293493556,0.00014090247300368257,0.07588805087221474,0.009049372945761639,0.005381240893007736,0.011299219155173958,0.0030006573477319165,-0.005917978262166222,-1.0997423047639274,0.0023805835452758196,0.4423856119076729,0.003668132052753903,0.005347360820018791,0.003988441519337509,0.0,0.0,0.009049372945761639,0.005381240893007736,0.0037020121257428477,0.00506093142642413,0.0016792287672648884,0.3120523315443545,0.00032030946658360634,0.05952334655744729
6,2000,5,1.0,1.0,1.0,1.0,3,True,10,0.6,0.154,0.486,0.009049372945761639,PS_propensity_score,,0.008225694938644671,0.034078948423802505,0.034078948423802505,0.029072099798470537,0.03555466013740272,0.009953471188097363,0.02486007704132354,0.9727783326071671,0.027221667392832938,1.0,0.037772635228967344,0.028441775554859383,0.003668132052753903,-0.004422997048948976,-0.0017255933043784334,0.0,0.0,0.009049372945761639,0.005381240893007736,0.013472369994710614,0.010774966250140072,-0.008091129101702878,-1.503580542587549,-0.005393725357132336,-1.0023199972595211,0.003668132052753903,0.005347360820018791,0.003988441519337509,0.0,0.0,0.009049372945761639,0.005381240893007736,0.0037020121257428477,0.00506093142642413,0.0016792287672648884,0.3120523315443545,0.00032030946658360634,0.05952334655744729
6,2000,5,1.0,1.0,1.0,1.0,3,True,10,0.6,0.154,0.486,0.009049372945761639,GMM,,0.003398432924929179,0.03958857485453747,0.03958857485453746,0.05864006867609256,0.009604929926457435,0.012873806399568937,0.027039601667372976,0.9917897997403575,0.008210200259642475,1.0,0.06732622773353503,0.05823528393892141,0.003668132052753903,0.006184119682970384,0.010968723566251023,0.0,0.0,0.009049372945761639,0.005381240893007736,0.002865253262791255,0.001919350620489384,0.0025159876302164813,0.46754785378326014,0.003461890272518352,0.6433256457663241,0.003668132052753903,0.005347360820018791,0.003988441519337509,0.0,0.0,0.009049372945761639,0.005381240893007736,0.0037020121257428477,0.00506093142642413,0.0016792287672648884,0.3120523315443545,0.00032030946658360634,0.05952334655744729
6,2000,5,1.0,1.0,1.0,1.0,3,True,10,0.6,0.154,0.486,0.009049372945761639,Prognostic_score,,0.022103199714899845,0.07514854910123131,0.07514854910123131,0.2118971507069635,0.01667771963607875,0.03132289892892358,0.08663258975732195,0.9866308798593355,0.013369120140664492,0.5121376685704656,0.2597854428625963,0.10996918680239476,0.003668132052753903,-0.0014125426238456521,6.381093196166832e-05,0.0023361398198546526,0.5833462535888844,0.009049372945761639,0.005381240893007736,0.01046191556960729,0.00898556201379997,-0.0050806746765995545,-0.9441455563160663,-0.0036043211207922345,-0.6697936763016146,0.003668132052753903,0.005347360820018791,0.003988441519337509,0.0,0.0,0.009049372945761639,0.005381240893007736,0.0037020121257428477,0.00506093142642413,0.0016792287672648884,0.3120523315443545,0.00032030946658360634,0.05952334655744729
6,2000,5,1.0,1.0,1.0,1.0,3,True,10,0.6,0.154,0.486,0.009049372945761639,2A_PCA_cum60,,0.021226198937986673,0.058546381639254,0.05854638163925399,0.10124324879478316,0.07297672637754309,0.011274981212824938,0.06183165212838373,0.9441649722427954,0.055835027757204614,1.0,0.0885640695820098,0.057444679952595945,0.003668132052753903,-0.010945139983976887,-0.008056597550315427,0.0,0.0,0.009049372945761639,0.005381240893007736,0.019994512929738528,0.017105970496077066,-0.014613272036730792,-2.715595218143635,-0.01172472960306933,-2.1788152279717083,0.003668132052753903,0.005347360820018791,0.003988441519337509,0.0,0.0,0.009049372945761639,0.005381240893007736,0.0037020121257428477,0.00506093142642413,0.0016792287672648884,0.3120523315443545,0.00032030946658360634,0.05952334655744729
6,2000,5,1.0,1.0,1.0,1.0,3,True,10,0.6,0.154,0.486,0.009049372945761639,2B_clustering,,0.026836717362220937,0.0950773786685403,0.09507737866854028,0.21869558252568888,0.012703833792802677,0.0674678198850424,0.09962241206784465,0.9895254597175077,0.010474540282492284,0.5983096164752438,0.20377266079772616,0.07514508988164548,0.003668132052753903,-0.00042073792002671325,0.00578548059212405,0.0018607689724552047,0.48664506628638965,0.009049372945761639,0.005381240893007736,0.009470110865788353,0.003263892353637589,-0.004088869972780617,-0.7598377500798381,0.0021173485393701473,0.3934684548542293,0.003668132052753903,0.005347360820018791,0.003988441519337509,0.0,0.0,0.009049372945761639,0.005381240893007736,0.0037020121257428477,0.00506093142642413,0.0016792287672648884,0.3120523315443545,0.00032030946658360634,0.05952334655744729
6,2000,5,1.0,1.0,1.0,1.0,3,True,10,0.6,0.154,0.486,0.009049372945761639,baseline_random,,-0.000503854206783182,0.01642572620359596,0.01642572620359596,0.002348718226474666,0.0019196748935793588,0.006329931075432207,0.0035327747318287437,0.9973423355709745,0.002657664429025486,1.0,0.004244297315518231,0.0010743343006718309,0.003668132052753903,0.004375629066185412,0.009106714705305706,0.0,0.0,0.009049372945761639,0.005381240893007736,0.004673743879576227,5.7341759544067214e-05,0.000707497013431509,0.1314746965427277,0.005323899133463669,0.9893441381487724,0.003668132052753903,0.005347360820018791,0.003988441519337509,0.0,0.0,0.009049372945761639,0.005381240893007736,0.0037020121257428477,0.00506093142642413,0.0016792287672648884,0.3120523315443545,0.00032030946658360634,0.05952334655744729
6,2000,5,1.0,1.0,1.0,1.0,3,True,10,0.6,0.154,0.486,0.009049372945761639,baseline_oracle_kmeans,,0.390051678577513,0.6625859283573501,0.6625859283573501,0.26559951201259496,0.9960155703361293,0.6854435366888207,0.6490195396791817,0.008906217484526162,0.9910937825154739,0.593688052409624,0.2682047547458267,0.015835767946039914,0.003668132052753903,0.003839280740578776,-0.0032194533212802834,0.0011595028471886775,0.4049573356292133,0.009049372945761639,0.005381240893007736,0.005210092205182863,0.012268826267041923,0.00017114868782487289,0.031804688031576434,-0.006887585374034187,-1.2799251159679104,0.003668132052753903,0.005347360820018791,0.003988441519337509,0.0,0.0,0.009049372945761639,0.005381240893007736,0.0037020121257428477,0.00506093142642413,0.0016792287672648884,0.3120523315443545,0.00032030946658360634,0.05952334655744729
6,2000,5,1.0,1.0,1.0,1.0,3,True,10,0.6,0.154,0.486,0.009049372945761639,baseline_oracle_quantile,,0.08496280994285374,0.2898697812424929,0.28986978124249296,0.9039867416269074,0.003336996278204562,0.00584573128397391,0.30438982306302864,0.9963179619450482,0.0036820380549518195,0.5192830397955206,0.43670079956092545,0.025467237950218546,0.003668132052753903,-0.0030112409587592127,-0.02329006905847768,0.0006685015460949063,0.3168539570570556,0.009049372945761639,0.005381240893007736,0.012060613904520852,0.03233944200423932,-0.006679373011513116,-1.241232857683837,-0.026958201111231584,-5.009662575459216,0.003668132052753903,0.005347360820018791,0.003988441519337509,0.0,0.0,0.009049372945761639,0.005381240893007736,0.0037020121257428477,0.00506093142642413,0.0016792287672648884,0.3120523315443545,0.00032030946658360634,0.05952334655744729
7,2000,5,1.0,1.0,1.0,1.0,3,True,10,0.6,0.1475,0.502,0.008506124149554258,1A_predicted_prob,,0.025864029808450976,0.07871382462868452,0.07871382462868452,0.15250967366354265,0.00580555684652909,0.06726626618377915,0.07519383223128363,0.9957563229063029,0.004243677093697107,0.7004986408796006,0.2653920806929885,0.07388129644253849,0.03887038934426229,0.03159696540874125,0.02879682616821667,0.0009735769193710449,0.3625200743240098,0.008506124149554258,0.030364265194708032,0.02309084125918699,0.020290702018662413,0.007273423935521044,0.23953894121530317,0.01007356317604562,0.33175718600301474,0.03887038934426229,0.033222746113289715,0.018607964056939708,0.005029484208010152,0.5346532651832426,0.008506124149554258,0.030364265194708032,0.024716621963735457,0.01010183990738545,0.005647643230972575,0.18599637418385018,0.020262425287322583,0.6673115636881598
7,2000,5,1.0,1.0,1.0,1.0,3,True,10,0.6,0.1475,0.502,0.008506124149554258,1B_residual,,0.02360377897690551,0.07143596996773811,0.0714359699677381,0.14165404768211448,0.006331307744511654,0.07560781898670028,0.07453105813777548,0.9953759125352686,0.004624087464731419,0.858527175442295,0.29284091118284694,0.05933154737646529,0.03887038934426229,0.020977859323027086,0.00605530146719961,0.000327339781493871,0.4148694026391474,0.008506124149554258,0.030364265194708032,0.012471735173472828,0.0024508226823546485,0.017892530021235205,0.5892627371846813,0.027913442512353386,0.919285954504778,0.03887038934426229,0.033222746113289715,0.018607964056939708,0.005029484208010152,0.5346532651832426,0.008506124149554258,0.030364265194708032,0.024716621963735457,0.01010183990738545,0.005647643230972575,0.18599637418385018,0.020262425287322583,0.6673115636881598
7,2000,5,1.0,1.0,1.0,1.0,3,True,10,0.6,0.1475,0.502,0.008506124149554258,1C_cv_decision,,0.025864029808450976,0.07871382462868452,0.07871382462868452,0.15250967366354265,0.00580555684652909,0.06726626618377915,0.07519383223128363,0.9957563229063029,0.004243677093697107,0.7004986408796006,0.2653920806929885,0.07388129644253849,0.03887038934426229,0.03159696540874125,0.02879682616821667,0.0009735769193710449,0.3625200743240098,0.008506124149554258,0.030364265194708032,0.02309084125918699,0.020290702018662413,0.007273423935521044,0.23953894121530317,0.01007356317604562,0.33175718600301474,0.03887038934426229,0.033222746113289715,0.018607964056939708,0.005029484208010152,0.5346532651832426,0.008506124149554258,0.030364265194708032,0.024716621963735457,0.01010183990738545,0.005647643230972575,0.18599637418385018,0.020262425287322583,0.6673115636881598
7,2000,5,1.0,1.0,1.0,1.0,3,True,10,0.6,0.1475,0.502,0.008506124149554258,PS_propensity_score,,0.0008443900544983904,0.01717030556048339,0.01717030556048339,0.0021637372821349805,0.004102175095395079,0.006276687829651113,0.0041808667357270575,0.9969924448076707,0.0030075551923293142,1.0,0.003336790457399874,0.005048094640697998,0.03887038934426229,0.04139003972253006,0.043938968831063505,0.0,0.0,0.008506124149554258,0.030364265194708032,0.032883915572975805,0.03543284468150924,-0.002519650378267773,-0.08298077895548439,-0.005068579486801211,-0.16692580750100205,0.03887038934426229,0.033222746113289715,0.018607964056939708,0.005029484208010152,0.5346532651832426,0.008506124149554258,0.030364265194708032,0.024716621963735457,0.01010183990738545,0.005647643230972575,0.18599637418385018,0.020262425287322583,0.6673115636881598
7,2000,5,1.0,1.0,1.0,1.0,3,True,10,0.6,0.1475,0.502,0.008506124149554258,GMM,,0.014155248736692232,0.04279395827063429,0.0427939582706343,0.06291775291521239,0.0065420986654989395,0.029640187019381425,0.03303334620003092,0.9952064870315223,0.004793512968477742,1.0,0.07060579476137474,0.18971676565422524,0.03887038934426229,0.04344759339724251,0.03325379804771445,0.0,0.0,0.008506124149554258,0.030364265194708032,0.03494146924768825,0.024747673898160193,-0.004577204052980215,-0.15074311937500617,0.005616591296547839,0.18497372686386349,0.03887038934426229,0.033222746113289715,0.018607964056939708,0.005029484208010152,0.5346532651832426,0.008506124149554258,0.030364265194708032,0.024716621963735457,0.01010183990738545,0.005647643230972575,0.18599637418385018,0.020262425287322583,0.6673115636881598
7,2000,5,1.0,1.0,1.0,1.0,3,True,10,0.6,0.1475,0.502,0.008506124149554258,Prognostic_score,,0.02047290691191955,0.06631238457125908,0.0663123845712591,0.14110535256097362,0.014004434011951051,0.0493565564873516,0.06815544768675875,0.9897856017571903,0.010214398242809675,1.0,0.20875866695394563,0.05813102221674338,0.03887038934426229,0.031311428752456925,0.0302023884697522,0.0,0.0,0.008506124149554258,0.030364265194708032,0.022805304602902667,0.02169626432019794,0.007558960591805365,0.24894264831815394,0.008668000874510091,0.28546717066681315,0.03887038934426229,0.033222746113289715,0.018607964056939708,0.005029484208010152,0.5346532651832426,0.008506124149554258,0.030364265194708032,0.024716621963735457,0.01010183990738545,0.005647643230972575,0.18599637418385018,0.020262425287322583,0.6673115636881598
7,2000,5,1.0,1.0,1.0,1.0,3,True,10,0.6,0.1475,0.502,0.008506124149554258,2A_PCA_cum60,,0.0066352577787223916,0.04878232108652974,0.048782321086529745,0.1582599082267742,0.013782650742007057,0.001637802133418224,0.05789345370073315,0.9899369917915033,0.010063008208496704,1.0,0.092439849556891,0.08223957476065524,0.03887038934426229,0.031786590469689215,0.02281543260453773,0.0004946937488268926,0.19576615092730978,0.008506124149554258,0.030364265194708032,0.023280466320134956,0.01430930845498347,0.007083798874573076,0.23329393381163266,0.01605495673972456,0.5287451099762712,0.03887038934426229,0.033222746113289715,0.018607964056939708,0.005029484208010152,0.5346532651832426,0.008506124149554258,0.030364265194708032,0.024716621963735457,0.01010183990738545,0.005647643230972575,0.18599637418385018,0.020262425287322583,0.6673115636881598
7,2000,5,1.0,1.0,1.0,1.0,3,True,10,0.6,0.1475,0.502,0.008506124149554258,2B_clustering,,0.027032086683672726,0.08980593232783177,0.08980593232783177,0.22650936866102042,0.030133435218423984,0.0564875499835027,0.10437678462098236,0.9780574714409548,0.021942528559045216,0.3524056175760514,0.16092755642020817,0.13222046376358543,0.03887038934426229,0.03476748329205694,0.031148866134602746,0.004687770812581221,0.7126400702774782,0.008506124149554258,0.030364265194708032,0.026261359142502685,0.022642741985048488,0.004102906052205348,0.13512285003097702,0.007721523209659544,0.2542963961138527,0.03887038934426229,0.033222746113289715,0.018607964056939708,0.005029484208010152,0.5346532651832426,0.008506124149554258,0.030364265194708032,0.024716621963735457,0.01010183990738545,0.005647643230972575,0.18599637418385018,0.020262425287322583,0.6673115636881598
7,2000,5,1.0,1.0,1.0,1.0,3,True,10,0.6,0.1475,0.502,0.008506124149554258,baseline_random,,-0.0006959341490501313,0.013208361710424018,0.013208361710424018,0.004116226693614844,0.004387939548045373,9.798836833977169e-05,0.0028673848699999963,0.9967843202000305,0.0032156797999695064,0.388962007105668,0.006108060598095322,0.004071710980250831,0.03887038934426229,0.03863515059957934,0.03733951366069762,0.004862029373848072,0.66496706584394,0.008506124149554258,0.030364265194708032,0.03012902645002508,0.02883338951114336,0.00023523874468295292,0.0077472233618862685,0.0015308756835646711,0.05041701729806647,0.03887038934426229,0.033222746113289715,0.018607964056939708,0.005029484208010152,0.5346532651832426,0.008506124149554258,0.030364265194708032,0.024716621963735457,0.01010183990738545,0.005647643230972575,0.18599637418385018,0.020262425287322583,0.6673115636881598
7,2000,5,1.0,1.0,1.0,1.0,3,True,10,0.6,0.1475,0.502,0.008506124149554258,baseline_oracle_kmeans,,0.42906978666042334,0.6669231971694889,0.6669231971694888,0.28708543578197165,0.9733137283202232,0.6895625959703925,0.6499872533575292,0.040740534124794,0.959259465875206,1.0,0.41745774958701887,0.004237637073038147,0.03887038934426229,0.03421677287468711,0.033500495859071805,0.0,0.0,0.008506124149554258,0.030364265194708032,0.02571064872513285,0.024994371709517547,0.004653616469575184,0.1532596438522158,0.005369893485190486,0.17684911690622318,0.03887038934426229,0.033222746113289715,0.018607964056939708,0.005029484208010152,0.5346532651832426,0.008506124149554258,0.030364265194708032,0.024716621963735457,0.01010183990738545,0.005647643230972575,0.18599637418385018,0.020262425287322583,0.6673115636881598
7,2000,5,1.0,1.0,1.0,1.0,3,True,10,0.6,0.1475,0.502,0.008506124149554258,baseline_oracle_quantile,,0.09308231247042437,0.3024165238454698,0.3024165238454698,0.8897086185188494,0.0019706573951629603,0.005442994013992624,0.2990407566426683,0.9985312907241493,0.0014687092758507436,1.0,0.4304609995526828,0.022845205699209226,0.03887038934426229,0.02636180036941086,0.022018685397343935,0.0,0.0,0.008506124149554258,0.030364265194708032,0.017855676219856603,0.013512561247789677,0.01250858897485143,0.41195098562870747,0.016851703946918355,0.5549847440357396,0.03887038934426229,0.033222746113289715,0.018607964056939708,0.005029484208010152,0.5346532651832426,0.008506124149554258,0.030364265194708032,0.024716621963735457,0.01010183990738545,0.005647643230972575,0.18599637418385018,0.020262425287322583,0.6673115636881598
8,2000,5,1.0,1.0,1.0,1.0,3,True,10,0.6,0.152,0.4865,0.008651131929045328,1A_predicted_prob,,0.018013318800748263,0.061676709118522084,0.061676709118522084,0.15086631636425027,0.016749012521656687,0.025561619742021695,0.06439231620930956,0.9872848264192708,0.012715173580729155,1.0,0.23236545789046992,0.00770665850046226,0.013612251025923311,0.014956705683761385,0.018267064586243442,0.0,0.0,0.008651131929045328,0.004961119096877983,0.006305573754716057,0.009615932657198114,-0.001344454657838074,-0.27099826300967766,-0.004654813560320131,-0.9382587818239219,0.013612251025923311,0.019962244731700725,0.016567011532343173,0.0,0.0,0.008651131929045328,0.004961119096877983,0.011311112802655397,0.007915879603297845,-0.006349993705777414,-1.2799518781505257,-0.0029547605064198616,-0.5955834658916541
8,2000,5,1.0,1.0,1.0,1.0,3,True,10,0.6,0.152,0.4865,0.008651131929045328,1B_residual,,0.017375677371356864,0.06493173912378114,0.06493173912378114,0.17254797821624207,0.015568637201471816,0.04045302441496325,0.07618987994422571,0.988204885046678,0.011795114953321972,1.0,0.2649768694829766,0.007895890936816308,0.013612251025923311,0.017293473843903354,-0.002995547541668073,7.342412392373168e-06,0.026839015780086708,0.008651131929045328,0.004961119096877983,0.008642341914858026,0.0116466794707134,-0.0036812228179800427,-0.742014603176252,-0.006685560373835418,-1.3475911872469704,0.013612251025923311,0.019962244731700725,0.016567011532343173,0.0,0.0,0.008651131929045328,0.004961119096877983,0.011311112802655397,0.007915879603297845,-0.006349993705777414,-1.2799518781505257,-0.0029547605064198616,-0.5955834658916541
8,2000,5,1.0,1.0,1.0,1.0,3,True,10,0.6,0.152,0.4865,0.008651131929045328,1C_cv_decision,,0.018013318800748263,0.061676709118522084,0.061676709118522084,0.15086631636425027,0.016749012521656687,0.025561619742021695,0.06439231620930956,0.9872848264192708,0.012715173580729155,1.0,0.23236545789046992,0.00770665850046226,0.013612251025923311,0.014956705683761385,0.018267064586243442,0.0,0.0,0.008651131929045328,0.004961119096877983,0.006305573754716057,0.009615932657198114,-0.001344454657838074,-0.27099826300967766,-0.004654813560320131,-0.9382587818239219,0.013612251025923311,0.019962244731700725,0.016567011532343173,0.0,0.0,0.008651131929045328,0.004961119096877983,0.011311112802655397,0.007915879603297845,-0.006349993705777414,-1.2799518781505257,-0.0029547605064198616,-0.5955834658916541
8,2000,5,1.0,1.0,1.0,1.0,3,True,10,0.6,0.152,0.4865,0.008651131929045328,PS_propensity_score,,0.0030925333527385417,0.024984249738451453,0.024984249738451453,0.022111955429122556,0.012608017300214347,0.009372503008590466,0.014697491912642456,0.990346400492472,0.009653599507527977,0.9715743989211295,0.00472608716236822,0.1407234774201207,0.013612251025923311,0.015874699989568468,0.019345395484273404,0.0,0.0,0.008651131929045328,0.004961119096877983,0.00722356806052314,0.010694263555228076,-0.002262448963645157,-0.4560360111227544,-0.005733144458350093,-1.155615163916936,0.013612251025923311,0.019962244731700725,0.016567011532343173,0.0,0.0,0.008651131929045328,0.004961119096877983,0.011311112802655397,0.007915879603297845,-0.006349993705777414,-1.2799518781505257,-0.0029547605064198616,-0.5955834658916541
8,2000,5,1.0,1.0,1.0,1.0,3,True,10,0.6,0.152,0.4865,0.008651131929045328,GMM,,0.01738964000068775,0.04860886240210928,0.04860886240210927,0.14324613467500988,0.003281987444485055,0.005849390565432452,0.05079250422830913,0.9971439855905306,0.002856014409469365,1.0,0.06564383664133755,0.22757290854679746,0.013612251025923311,0.019967632430803735,0.010340289923435398,0.0,0.0,0.008651131929045328,0.004961119096877983,0.011316500501758408,0.0016891579943900704,-0.0063553814048804246,-1.2810378627837915,0.0032719611024879126,0.6595207731551834,0.013612251025923311,0.019962244731700725,0.016567011532343173,0.0,0.0,0.008651131929045328,0.004961119096877983,0.011311112802655397,0.007915879603297845,-0.006349993705777414,-1.2799518781505257,-0.0029547605064198616,-0.5955834658916541
8,2000,5,1.0,1.0,1.0,1.0,3,True,10,0.6,0.152,0.4865,0.008651131929045328,Prognostic_score,,0.019899408795085668,0.059450488506357556,0.059450488506357556,0.13778011700578327,0.021143912205337904,0.02756200000667427,0.062162009739265146,0.9840955253620148,0.015904474637985166,1.0,0.21139314159888922,0.007879724108160846,0.013612251025923311,0.02674746486345693,0.023168666447917253,0.0,0.0,0.008651131929045328,0.004961119096877983,0.018096332934411603,0.014517534518871925,-0.01313521383753362,-2.647631226148062,-0.009556415421993942,-1.926262045998405,0.013612251025923311,0.019962244731700725,0.016567011532343173,0.0,0.0,0.008651131929045328,0.004961119096877983,0.011311112802655397,0.007915879603297845,-0.006349993705777414,-1.2799518781505257,-0.0029547605064198616,-0.5955834658916541
8,2000,5,1.0,1.0,1.0,1.0,3,True,10,0.6,0.152,0.4865,0.008651131929045328,2A_PCA_cum60,,0.012867422447975854,0.04248585890427216,0.04248585890427215,0.01810307308087741,0.043174237457529734,0.007703122903794288,0.022993477814067142,0.9679249432755769,0.03207505672442312,1.0,0.035649402293102095,0.0026936229193573746,0.013612251025923311,0.005220784794227841,0.009872516618052435,0.0,0.0,0.008651131929045328,0.004961119096877983,0.0034303471348174873,0.0012213846890071073,0.0015307719620604957,0.3085537621993001,0.0037397344078708757,0.7538086336657951,0.013612251025923311,0.019962244731700725,0.016567011532343173,0.0,0.0,0.008651131929045328,0.004961119096877983,0.011311112802655397,0.007915879603297845,-0.006349993705777414,-1.2799518781505257,-0.0029547605064198616,-0.5955834658916541
8,2000,5,1.0,1.0,1.0,1.0,3,True,10,0.6,0.152,0.4865,0.008651131929045328,2B_clustering,,0.030901309561068,0.10103953229480661,0.10103953229480661,0.2247763704833001,0.021519970631539893,0.03154195192168919,0.09261276434550973,0.9838616555279551,0.016138344472044874,1.0,0.14344775255239162,0.11755739761295647,0.013612251025923311,0.015753355093299868,0.015773172807274083,0.0,0.0,0.008651131929045328,0.004961119096877983,0.00710222316425454,0.007122040878228755,-0.002141104067376557,-0.4315768328811027,-0.002160921781350772,-0.4355714384503757,0.013612251025923311,0.019962244731700725,0.016567011532343173,0.0,0.0,0.008651131929045328,0.004961119096877983,0.011311112802655397,0.007915879603297845,-0.006349993705777414,-1.2799518781505257,-0.0029547605064198616,-0.5955834658916541
8,2000,5,1.0,1.0,1.0,1.0,3,True,10,0.6,0.152,0.4865,0.008651131929045328,baseline_random,,-9.355804938582808e-05,0.01568203759613738,0.015682037596137375,0.006936417247013883,0.0033139294393221925,0.004643244260970593,0.004964530315768889,0.9971184098967736,0.002881590103226417,0.7837008725720155,0.0027099845969148495,0.010281417534507953,0.013612251025923311,0.012645663261764924,0.011098601528244231,0.0008661046310881468,0.2455850186946022,0.008651131929045328,0.004961119096877983,0.003994531332719596,0.002447469599198903,0.0009665877641583873,0.1948326063703365,0.00251364949767908,0.5066698558518605,0.013612251025923311,0.019962244731700725,0.016567011532343173,0.0,0.0,0.008651131929045328,0.004961119096877983,0.011311112802655397,0.007915879603297845,-0.006349993705777414,-1.2799518781505257,-0.0029547605064198616,-0.5955834658916541
8,2000,5,1.0,1.0,1.0,1.0,3,True,10,0.6,0.152,0.4865,0.008651131929045328,baseline_oracle_kmeans,,0.3638699097834108,0.6291334819638982,0.6291334819638983,0.32930601999837866,0.9960204311987734,0.6331255352888474,0.6528173288286665,0.008873145572392528,0.9911268544276075,1.0,0.3798610735295873,0.021130506683799566,0.013612251025923311,0.010923659577162969,0.007586467108288198,0.0,0.0,0.008651131929045328,0.004961119096877983,0.002272527648117641,0.0010646648207571297,0.002688591448760342,0.541932454403738,0.0038964542761208533,0.7853982539086555,0.013612251025923311,0.019962244731700725,0.016567011532343173,0.0,0.0,0.008651131929045328,0.004961119096877983,0.011311112802655397,0.007915879603297845,-0.006349993705777414,-1.2799518781505257,-0.0029547605064198616,-0.5955834658916541
8,2000,5,1.0,1.0,1.0,1.0,3,True,10,0.6,0.152,0.4865,0.008651131929045328,baseline_oracle_quantile,,0.09484845901085416,0.3086068273110468,0.3086068273110468,0.8962218285020478,0.0042654814366600785,0.0003043590921717631,0.3002638896769599,0.9964331952553828,0.0035668047446172357,0.8478394220464749,0.45814541983617774,0.031063208128117914,0.013612251025923311,0.013969642298949479,0.008144205658663315,0.00037813402152053917,0.1890782330694083,0.008651131929045328,0.004961119096877983,0.005318510369904151,0.0005069262703820132,-0.00035739127302616795,-0.07203843851502634,0.00445419282649597,0.8978201771650633,0.013612251025923311,0.019962244731700725,0.016567011532343173,0.0,0.0,0.008651131929045328,0.004961119096877983,0.011311112802655397,0.007915879603297845,-0.006349993705777414,-1.2799518781505257,-0.0029547605064198616,-0.5955834658916541
9,2000,5,1.0,1.0,1.0,1.0,3,True,10,0.6,0.1575,0.494,0.008840188713449092,1A_predicted_prob,,0.02175342975730877,0.07176212553664585,0.07176212553664585,0.2023316192450965,0.022698708065347326,0.04078043672959726,0.08860358801334701,0.9829491086238231,0.01705089137617688,0.5370530893189109,0.30597060304861834,0.08173437735281874,-0.00025285058938268046,-0.004716326176918886,0.002262230832478538,0.001673239598287006,0.49253756909473845,0.008840188713449092,0.009093039302831772,0.013556514890367978,0.006577957880970554,-0.004463475587536205,-0.49086729297938714,0.0025150814218612184,0.27659414394898374,-0.00025285058938268046,0.005966575977268674,0.008159915872524003,0.008409797887356001,0.6504726573081806,0.008840188713449092,0.009093039302831772,0.002873612736180418,0.0006802728409250891,0.006219426566651354,0.6839766506578816,0.008412766461906683,0.9251875178068089
9,2000,5,1.0,1.0,1.0,1.0,3,True,10,0.6,0.1575,0.494,0.008840188713449092,1B_residual,,0.028380846960756642,0.08529954378372141,0.08529954378372141,0.22372818035553121,0.03376188836505338,0.06075662975596018,0.10608223282551493,0.9748067523027718,0.025193247697228194,1.0,0.3365322614275188,0.06639166139283181,-0.00025285058938268046,-0.008091806835795,0.002439575979641436,0.0,0.0,0.008840188713449092,0.009093039302831772,0.016931995549244093,0.006400612733807656,-0.00783895624641232,-0.8620831809196181,0.0026924265690241164,0.29609754003654587,-0.00025285058938268046,0.005966575977268674,0.008159915872524003,0.008409797887356001,0.6504726573081806,0.008840188713449092,0.009093039302831772,0.002873612736180418,0.0006802728409250891,0.006219426566651354,0.6839766506578816,0.008412766461906683,0.9251875178068089
9,2000,5,1.0,1.0,1.0,1.0,3,True,10,0.6,0.1575,0.494,0.008840188713449092,1C_cv_decision,,0.02175342975730877,0.07176212553664585,0.07176212553664585,0.2023316192450965,0.022698708065347326,0.04078043672959726,0.08860358801334701,0.9829491086238231,0.01705089137617688,0.5370530893189109,0.30597060304861834,0.08173437735281874,-0.00025285058938268046,-0.004716326176918886,0.002262230832478538,0.001673239598287006,0.49253756909473845,0.008840188713449092,0.009093039302831772,0.013556514890367978,0.006577957880970554,-0.004463475587536205,-0.49086729297938714,0.0025150814218612184,0.27659414394898374,-0.00025285058938268046,0.005966575977268674,0.008159915872524003,0.008409797887356001,0.6504726573081806,0.008840188713449092,0.009093039302831772,0.002873612736180418,0.0006802728409250891,0.006219426566651354,0.6839766506578816,0.008412766461906683,0.9251875178068089
9,2000,5,1.0,1.0,1.0,1.0,3,True,10,0.6,0.1575,0.494,0.008840188713449092,PS_propensity_score,,0.005398985713942217,0.04662361929676953,0.04662361929676953,0.12495065030355804,0.021970086477428097,0.003987128518295442,0.05030262176642719,0.9835084617994148,0.016491538200585243,1.0,0.051254760459813364,0.013873159113461653,-0.00025285058938268046,-0.006430822463880303,-0.003241058290321143,0.0,0.0,0.008840188713449092,0.009093039302831772,0.015271011177329395,0.012081247003770236,-0.006177971874497623,-0.6794177027887327,-0.002988207700938463,-0.3286258424075952,-0.00025285058938268046,0.005966575977268674,0.008159915872524003,0.008409797887356001,0.6504726573081806,0.008840188713449092,0.009093039302831772,0.002873612736180418,0.0006802728409250891,0.006219426566651354,0.6839766506578816,0.008412766461906683,0.9251875178068089
9,2000,5,1.0,1.0,1.0,1.0,3,True,10,0.6,0.1575,0.494,0.008840188713449092,GMM,,0.016060987700513275,0.04977237826570291,0.0497723782657029,0.07231636999100366,0.01598184007347852,0.019574536335645012,0.035957582133375736,0.9878563873514645,0.012143612648535473,0.6093135465664933,0.05933758327176297,0.28937915098743505,-0.00025285058938268046,0.003899635022437763,0.007855520565857666,0.001834423005433655,0.4136166744922451,0.008840188713449092,0.009093039302831772,0.004940553691011329,0.0009846681475914262,0.004152485611820443,0.4566664097148758,0.008108371155240346,0.8917118781962398,-0.00025285058938268046,0.005966575977268674,0.008159915872524003,0.008409797887356001,0.6504726573081806,0.008840188713449092,0.009093039302831772,0.002873612736180418,0.0006802728409250891,0.006219426566651354,0.6839766506578816,0.008412766461906683,0.9251875178068089
9,2000,5,1.0,1.0,1.0,1.0,3,True,10,0.6,0.1575,0.494,0.008840188713449092,Prognostic_score,,0.02025929403934551,0.07042465350586449,0.0704246535058645,0.20122286500579006,0.018820470727117792,0.038914246577024615,0.08631919410331083,0.9857950582675499,0.014204941732450127,0.6284854269115616,0.2727652744440918,0.09588667295640485,-0.00025285058938268046,-0.0029605161990686763,0.00023484552378225126,0.0012535805142880093,0.41164252624926706,0.008840188713449092,0.009093039302831772,0.011800704912517768,0.008605343189666841,-0.002707665609685996,-0.2977734418065001,0.00048769611316493156,0.05363400475054059,-0.00025285058938268046,0.005966575977268674,0.008159915872524003,0.008409797887356001,0.6504726573081806,0.008840188713449092,0.009093039302831772,0.002873612736180418,0.0006802728409250891,0.006219426566651354,0.6839766506578816,0.008412766461906683,0.9251875178068089
9,2000,5,1.0,1.0,1.0,1.0,3,True,10,0.6,0.1575,0.494,0.008840188713449092,2A_PCA_cum60,,0.014092619961326613,0.04163768000329717,0.041637680003297164,0.004069272232245271,0.04921373428156277,0.024882030082481046,0.026055012198763026,0.9632755330294208,0.036724466970579184,0.8523197857026824,0.03049788569062173,0.009216690974268915,-0.00025285058938268046,-0.00036535599613941785,-0.005026544201977443,0.0004191008333588636,0.15302388924208665,0.008840188713449092,0.009093039302831772,0.009205544709588509,0.013866732915426536,-0.00011250540675673652,-0.012372695532251843,-0.004773693612594764,-0.5249832815644084,-0.00025285058938268046,0.005966575977268674,0.008159915872524003,0.008409797887356001,0.6504726573081806,0.008840188713449092,0.009093039302831772,0.002873612736180418,0.0006802728409250891,0.006219426566651354,0.6839766506578816,0.008412766461906683,0.9251875178068089
9,2000,5,1.0,1.0,1.0,1.0,3,True,10,0.6,0.1575,0.494,0.008840188713449092,2B_clustering,,0.02906968807360818,0.08799088298713392,0.08799088298713391,0.20988422758446054,0.033086074908784666,0.044659656086443913,0.09587665285989637,0.9752195064081137,0.024780493591886277,0.6406208130208868,0.16461500543914076,0.32202270662219623,-0.00025285058938268046,-0.008454887712096567,-0.0036698795989373034,0.0012602824154247024,0.3711911836199122,0.008840188713449092,0.009093039302831772,0.01729507642554566,0.012510068312386395,-0.008202037122713888,-0.902012720890758,-0.003417029009554623,-0.3757851358335693,-0.00025285058938268046,0.005966575977268674,0.008159915872524003,0.008409797887356001,0.6504726573081806,0.008840188713449092,0.009093039302831772,0.002873612736180418,0.0006802728409250891,0.006219426566651354,0.6839766506578816,0.008412766461906683,0.9251875178068089
9,2000,5,1.0,1.0,1.0,1.0,3,True,10,0.6,0.1575,0.494,0.008840188713449092,baseline_random,,0.001398359082800823,0.018663004910073316,0.018663004910073316,0.0007300665088723536,0.003291435732500767,0.009453591704415528,0.00449169798192955,0.9970583463034767,0.0029416536965233275,1.0,0.005109257487546537,0.001624105665319453,-0.00025285058938268046,0.0012678111850710897,0.0008897416097139426,0.0,0.0,0.008840188713449092,0.009093039302831772,0.007572377528378003,0.00795044710373515,0.0015206617744537698,0.16723360845698776,0.0011425921990966224,0.12565569784140207,-0.00025285058938268046,0.005966575977268674,0.008159915872524003,0.008409797887356001,0.6504726573081806,0.008840188713449092,0.009093039302831772,0.002873612736180418,0.0006802728409250891,0.006219426566651354,0.6839766506578816,0.008412766461906683,0.9251875178068089
9,2000,5,1.0,1.0,1.0,1.0,3,True,10,0.6,0.1575,0.494,0.008840188713449092,baseline_oracle_kmeans,,0.34357064108435126,0.6227364981407455,0.6227364981407456,0.36268663354461406,0.9625512853690196,0.6258566660421819,0.6503648616519385,0.05349318381646773,0.9465068161835323,0.8992232484665029,0.48774975312890756,0.02478144204640187,-0.00025285058938268046,-0.008422018531913152,-0.005246196677619022,0.0003788402753628715,0.16877389424217018,0.008840188713449092,0.009093039302831772,0.017262207245362246,0.014086385391068115,-0.008169167942530474,-0.8983979580937713,-0.004993346088236343,-0.5491393935448299,-0.00025285058938268046,0.005966575977268674,0.008159915872524003,0.008409797887356001,0.6504726573081806,0.008840188713449092,0.009093039302831772,0.002873612736180418,0.0006802728409250891,0.006219426566651354,0.6839766506578816,0.008412766461906683,0.9251875178068089
9,2000,5,1.0,1.0,1.0,1.0,3,True,10,0.6,0.1575,0.494,0.008840188713449092,baseline_oracle_quantile,,0.09334661649232708,0.30034721370940043,0.30034721370940043,0.9083031161646373,0.0024915634236020033,0.0026885706247159686,0.30449441673765176,0.9976364620501453,0.002363537949854666,1.0,0.48054178132806624,0.07446951905613142,-0.00025285058938268046,-0.014368997172126917,-0.006999787087385876,0.0,0.0,0.008840188713449092,0.009093039302831772,0.02320918588557601,0.015839975800834967,-0.014116146582744236,-1.5524123576974045,-0.0067469364980031945,-0.7419891494257647,-0.00025285058938268046,0.005966575977268674,0.008159915872524003,0.008409797887356001,0.6504726573081806,0.008840188713449092,0.009093039302831772,0.002873612736180418,0.0006802728409250891,0.006219426566651354,0.6839766506578816,0.008412766461906683,0.9251875178068089
10,2000,5,1.0,1.0,1.0,1.0,3,True,10,0.6,0.141,0.5025,0.009076362576493049,1A_predicted_prob,,0.024274790014408305,0.07606767480537822,0.07606767480537821,0.15794892073487488,0.012702646470533978,0.05082063444161294,0.07382406721567393,0.987076095377516,0.01292390462248405,1.0,0.2587201687366758,0.05277209437861574,0.014593623709025588,0.011177381955975214,0.006050278276201932,0.0,0.0,0.009076362576493049,0.0055172611325325395,0.0021010193794821653,0.0030260843002911167,0.003416241753050374,0.6191916008663245,0.002491176832241423,0.4515241842645791,0.014593623709025588,0.01812143893266372,0.018579550209212932,0.0014816945898547533,0.24582673813519076,0.009076362576493049,0.0055172611325325395,0.009045076356170672,0.009503187632719883,-0.0035278152236381324,-0.6394142200078883,-0.003985926500187344,-0.7224465916039975
10,2000,5,1.0,1.0,1.0,1.0,3,True,10,0.6,0.141,0.5025,0.009076362576493049,1B_residual,,0.02421548088530106,0.07451530186068114,0.07451530186068114,0.14836083913629125,0.020906885482842665,0.06602891491071072,0.07843221317661488,0.9811124210177972,0.018887578982202835,1.0,0.25709230131521765,0.042838766460327915,0.014593623709025588,0.011337154471544706,0.0004922025894579608,0.0,0.0,0.009076362576493049,0.0055172611325325395,0.0022607918950516576,0.008584159987035088,0.003256469237480882,0.5902329360992369,-0.0030668988545025488,-0.5558734272007853,0.014593623709025588,0.01812143893266372,0.018579550209212932,0.0014816945898547533,0.24582673813519076,0.009076362576493049,0.0055172611325325395,0.009045076356170672,0.009503187632719883,-0.0035278152236381324,-0.6394142200078883,-0.003985926500187344,-0.7224465916039975
10,2000,5,1.0,1.0,1.0,1.0,3,True,10,0.6,0.141,0.5025,0.009076362576493049,1C_cv_decision,,0.024274790014408305,0.07606767480537822,0.07606767480537821,0.15794892073487488,0.012702646470533978,0.05082063444161294,0.07382406721567393,0.987076095377516,0.01292390462248405,1.0,0.2587201687366758,0.05277209437861574,0.014593623709025588,0.011177381955975214,0.006050278276201932,0.0,0.0,0.009076362576493049,0.0055172611325325395,0.0021010193794821653,0.0030260843002911167,0.003416241753050374,0.6191916008663245,0.002491176832241423,0.4515241842645791,0.014593623709025588,0.01812143893266372,0.018579550209212932,0.0014816945898547533,0.24582673813519076,0.009076362576493049,0.0055172611325325395,0.009045076356170672,0.009503187632719883,-0.0035278152236381324,-0.6394142200078883,-0.003985926500187344,-0.7224465916039975
10,2000,5,1.0,1.0,1.0,1.0,3,True,10,0.6,0.141,0.5025,0.009076362576493049,PS_propensity_score,,0.013012016107235697,0.05102981680187107,0.05102981680187107,0.036410608649657734,0.015385545072795647,0.02618536936726055,0.02599384102990464,0.9851475585695311,0.014852441430468932,0.8267366685139029,0.11521879099747723,0.0019489901590099556,0.014593623709025588,0.007412922545491097,0.01437720901736649,0.00033203617551836126,0.14468434660291085,0.009076362576493049,0.0055172611325325395,0.0016634400310019514,0.005300846440873442,0.003853821101530588,0.6985025738235454,0.0002164146916590979,0.03922502242698067,0.014593623709025588,0.01812143893266372,0.018579550209212932,0.0014816945898547533,0.24582673813519076,0.009076362576493049,0.0055172611325325395,0.009045076356170672,0.009503187632719883,-0.0035278152236381324,-0.6394142200078883,-0.003985926500187344,-0.7224465916039975
10,2000,5,1.0,1.0,1.0,1.0,3,True,10,0.6,0.141,0.5025,0.009076362576493049,GMM,,0.009678110402244469,0.045534104907301386,0.045534104907301386,0.09841328035364803,0.0024222905842099804,0.015281024022062339,0.038705531653306785,0.9945106453496388,0.005489354650361156,0.7174778991815938,0.07416846946952282,0.08176347687517616,0.014593623709025588,0.014017579670203697,0.00559604548457509,0.0011398286465367732,0.32306815959930374,0.009076362576493049,0.0055172611325325395,0.004941217093710648,0.0034803170919179586,0.0005760440388218914,0.10440760822888129,0.002036944040614581,0.3691947855438158,0.014593623709025588,0.01812143893266372,0.018579550209212932,0.0014816945898547533,0.24582673813519076,0.009076362576493049,0.0055172611325325395,0.009045076356170672,0.009503187632719883,-0.0035278152236381324,-0.6394142200078883,-0.003985926500187344,-0.7224465916039975
10,2000,5,1.0,1.0,1.0,1.0,3,True,10,0.6,0.141,0.5025,0.009076362576493049,Prognostic_score,,0.019779809679681022,0.06315204211884828,0.06315204211884828,0.11577113703041937,0.022053520263804513,0.025118572894614638,0.054314410062946177,0.9802693922606375,0.019730607739362527,1.0,0.18908043713024114,0.060235939351039436,0.014593623709025588,0.014220835204467592,0.004032942204080675,0.0,0.0,0.009076362576493049,0.0055172611325325395,0.005144472627974543,0.005043420372412373,0.0003727885045579967,0.06756767454051593,0.00047384076012016614,0.08588333028613837,0.014593623709025588,0.01812143893266372,0.018579550209212932,0.0014816945898547533,0.24582673813519076,0.009076362576493049,0.0055172611325325395,0.009045076356170672,0.009503187632719883,-0.0035278152236381324,-0.6394142200078883,-0.003985926500187344,-0.7224465916039975
10,2000,5,1.0,1.0,1.0,1.0,3,True,10,0.6,0.141,0.5025,0.009076362576493049,2A_PCA_cum60,,0.010017353176744653,0.045468711438638856,0.04546871143863885,0.08370987659625694,0.001884026794181907,0.02362821514767701,0.03640737284603862,0.9948966765266309,0.005103323473369059,1.0,0.11442607927676696,0.0014440510152958774,0.014593623709025588,0.015680219163093197,0.020259762327455355,0.0,0.0,0.009076362576493049,0.0055172611325325395,0.006603856586600149,0.011183399750962306,-0.0010865954540676091,-0.19694472093417814,-0.005666138618429767,-1.026983947709013,0.014593623709025588,0.01812143893266372,0.018579550209212932,0.0014816945898547533,0.24582673813519076,0.009076362576493049,0.0055172611325325395,0.009045076356170672,0.009503187632719883,-0.0035278152236381324,-0.6394142200078883,-0.003985926500187344,-0.7224465916039975
10,2000,5,1.0,1.0,1.0,1.0,3,True,10,0.6,0.141,0.5025,0.009076362576493049,2B_clustering,,0.028159370862960074,0.0820082548218082,0.0820082548218082,0.14234052797887192,0.0037906160646000667,0.055129015730103946,0.06708671992452532,0.9935241440265941,0.006475855973405942,1.0,0.12889513123906393,0.12439050927778994,0.014593623709025588,0.010348582325929955,0.0073468859949371345,0.0,0.0,0.009076362576493049,0.0055172611325325395,0.0012722197494369064,0.0017294765815559143,0.004245041383095633,0.7694109959858053,0.003787784550976625,0.6865334918882029,0.014593623709025588,0.01812143893266372,0.018579550209212932,0.0014816945898547533,0.24582673813519076,0.009076362576493049,0.0055172611325325395,0.009045076356170672,0.009503187632719883,-0.0035278152236381324,-0.6394142200078883,-0.003985926500187344,-0.7224465916039975
10,2000,5,1.0,1.0,1.0,1.0,3,True,10,0.6,0.141,0.5025,0.009076362576493049,baseline_random,,-0.0015843020416708433,0.01207377471805391,0.01207377471805391,0.003724667121469403,0.004168756524369832,0.0016312715937463272,0.0031748984131951875,0.9932394577052504,0.00676054229474965,1.0,0.0019209507928995562,0.011083967321303345,0.014593623709025588,0.012242322331182621,0.011046814458403283,0.0,0.0,0.009076362576493049,0.0055172611325325395,0.0031659597546895724,0.001970451881910234,0.002351301377842967,0.4261718489231032,0.0035468092506223056,0.6428568750731298,0.014593623709025588,0.01812143893266372,0.018579550209212932,0.0014816945898547533,0.24582673813519076,0.009076362576493049,0.0055172611325325395,0.009045076356170672,0.009503187632719883,-0.0035278152236381324,-0.6394142200078883,-0.003985926500187344,-0.7224465916039975
10,2000,5,1.0,1.0,1.0,1.0,3,True,10,0.6,0.141,0.5025,0.009076362576493049,baseline_oracle_kmeans,,0.3684030298306296,0.6337852564278212,0.6337852564278212,0.35400015534105117,0.9768148732379304,0.6574596881849551,0.6627582389213122,0.03657625414960331,0.9634237458503967,1.0,0.40832983953100455,0.04220713865183612,0.014593623709025588,0.007273855196295951,-0.008668725625593558,8.272574604083433e-05,0.04841372228066303,0.009076362576493049,0.0055172611325325395,0.0018025073801970978,0.017745088202086607,0.0037147537523354417,0.6732967070257723,-0.012227827069554068,-2.21628572145202,0.014593623709025588,0.01812143893266372,0.018579550209212932,0.0014816945898547533,0.24582673813519076,0.009076362576493049,0.0055172611325325395,0.009045076356170672,0.009503187632719883,-0.0035278152236381324,-0.6394142200078883,-0.003985926500187344,-0.7224465916039975
10,2000,5,1.0,1.0,1.0,1.0,3,True,10,0.6,0.141,0.5025,0.009076362576493049,baseline_oracle_quantile,,0.10389600475971796,0.33567358971887057,0.33567358971887057,0.9072303029160057,0.004491539951284681,0.004769819606879014,0.30549722082472314,0.9930192778881562,0.006980722111843751,1.0,0.42447558176722355,0.07605462454501,0.014593623709025588,0.011957581625857219,-0.011548069227963075,0.0,0.0,0.009076362576493049,0.0055172611325325395,0.00288121904936417,0.020624431804456125,0.0026360420831683697,0.47778091698885583,-0.015107170671923586,-2.738164880912402,0.014593623709025588,0.01812143893266372,0.018579550209212932,0.0014816945898547533,0.24582673813519076,0.009076362576493049,0.0055172611325325395,0.009045076356170672,0.009503187632719883,-0.0035278152236381324,-0.6394142200078883,-0.003985926500187344,-0.7224465916039975
11,2000,5,1.0,1.0,1.0,1.0,3,True,10,0.6,0.158,0.506,0.008922590959027393,1A_predicted_prob,,0.02097963252851521,0.06858447542669868,0.06858447542669868,0.13445575183482805,0.005833218107391224,0.0484323983386132,0.0629071227602775,0.9953716225094684,0.004628377490531577,1.0,0.23512416443752227,0.02475486906955804,-0.00743259207644037,-0.020138639384119205,-0.016735543348089087,0.0,0.0,0.008922590959027393,0.016355183035467763,0.0290612303431466,0.02565813430711648,-0.012706047307678835,-0.7768820000439352,-0.009302951271648718,-0.5688075304002644,-0.00743259207644037,-0.024722325501484163,-0.017906983239822514,0.001378485830034733,0.20670053277554262,0.008922590959027393,0.016355183035467763,0.033644916460511556,0.026829574198849907,-0.017289733425043793,-1.057140931260101,-0.010474391163382144,-0.6404325247028686
11,2000,5,1.0,1.0,1.0,1.0,3,True,10,0.6,0.158,0.506,0.008922590959027393,1B_residual,,0.024377847638806804,0.08580091330185663,0.08580091330185664,0.1768432994404588,0.008749282304439119,0.06955465582924222,0.08504907919138005,0.9932450101841022,0.006754989815897838,0.9199911695903923,0.3081185614607127,0.02214033244888436,-0.00743259207644037,-0.0013973630536130688,0.0013098510579561064,0.0,0.0,0.008922590959027393,0.016355183035467763,0.010319954012640463,0.007612739901071287,0.0060352290228273,0.3690101792037016,0.008742443134396476,0.5345365512227934,-0.00743259207644037,-0.024722325501484163,-0.017906983239822514,0.001378485830034733,0.20670053277554262,0.008922590959027393,0.016355183035467763,0.033644916460511556,0.026829574198849907,-0.017289733425043793,-1.057140931260101,-0.010474391163382144,-0.6404325247028686
11,2000,5,1.0,1.0,1.0,1.0,3,True,10,0.6,0.158,0.506,0.008922590959027393,1C_cv_decision,,0.02097963252851521,0.06858447542669868,0.06858447542669868,0.13445575183482805,0.005833218107391224,0.0484323983386132,0.0629071227602775,0.9953716225094684,0.004628377490531577,1.0,0.23512416443752227,0.02475486906955804,-0.00743259207644037,-0.020138639384119205,-0.016735543348089087,0.0,0.0,0.008922590959027393,0.016355183035467763,0.0290612303431466,0.02565813430711648,-0.012706047307678835,-0.7768820000439352,-0.009302951271648718,-0.5688075304002644,-0.00743259207644037,-0.024722325501484163,-0.017906983239822514,0.001378485830034733,0.20670053277554262,0.008922590959027393,0.016355183035467763,0.033644916460511556,0.026829574198849907,-0.017289733425043793,-1.057140931260101,-0.010474391163382144,-0.6404325247028686
11,2000,5,1.0,1.0,1.0,1.0,3,True,10,0.6,0.158,0.506,0.008922590959027393,PS_propensity_score,,0.0006526755577160424,0.024201766618550103,0.0242017666185501,0.028497186972665577,0.01836316955888518,0.002701719162816018,0.016520691898122258,0.9862607752966396,0.01373922470336042,0.2846839856220573,0.01710736631304044,0.19579466682559987,-0.00743259207644037,-0.024240067649574083,-0.015534789075085402,0.007042033470610533,0.7219829032190914,0.008922590959027393,0.016355183035467763,0.03316265860860147,0.024457380034112797,-0.01680747557313371,-1.0276543855660378,-0.008102196998645034,-0.4953901757671957,-0.00743259207644037,-0.024722325501484163,-0.017906983239822514,0.001378485830034733,0.20670053277554262,0.008922590959027393,0.016355183035467763,0.033644916460511556,0.026829574198849907,-0.017289733425043793,-1.057140931260101,-0.010474391163382144,-0.6404325247028686
11,2000,5,1.0,1.0,1.0,1.0,3,True,10,0.6,0.158,0.506,0.008922590959027393,GMM,,0.010163374105712655,0.03947366250583816,0.039473662505838156,0.11228540222306611,0.0034729535022899453,0.012185081883506291,0.042647812536287445,0.997076294877756,0.002923705122244047,0.7557166882438358,0.06651340204772793,0.07895590667450703,-0.00743259207644037,-0.01351453748899776,-0.01897711664374379,0.0007107973123427759,0.20615297276453087,0.008922590959027393,0.016355183035467763,0.022437128448025152,0.027899707602771183,-0.006081945412557389,-0.3718665452638539,-0.01154452456730342,-0.7058633671214822,-0.00743259207644037,-0.024722325501484163,-0.017906983239822514,0.001378485830034733,0.20670053277554262,0.008922590959027393,0.016355183035467763,0.033644916460511556,0.026829574198849907,-0.017289733425043793,-1.057140931260101,-0.010474391163382144,-0.6404325247028686
11,2000,5,1.0,1.0,1.0,1.0,3,True,10,0.6,0.158,0.506,0.008922590959027393,Prognostic_score,,0.01682330412479274,0.05612284064730613,0.05612284064730614,0.0699495402962944,0.0006469741345105205,0.045165972978974116,0.03858749580325968,0.999117772492019,0.0008822275079809483,1.0,0.18368444663430028,0.013406368190739593,-0.00743259207644037,-0.01141954703082842,-0.016959357816526546,0.0,0.0,0.008922590959027393,0.016355183035467763,0.02034213798985581,0.02588194877555394,-0.003986954954388049,-0.2437731785539763,-0.009526765740086176,-0.582492150618338,-0.00743259207644037,-0.024722325501484163,-0.017906983239822514,0.001378485830034733,0.20670053277554262,0.008922590959027393,0.016355183035467763,0.033644916460511556,0.026829574198849907,-0.017289733425043793,-1.057140931260101,-0.010474391163382144,-0.6404325247028686
11,2000,5,1.0,1.0,1.0,1.0,3,True,10,0.6,0.158,0.506,0.008922590959027393,2A_PCA_cum60,,0.015930166654633898,0.0562342187737742,0.05623421877377421,0.09774276787802803,0.023533798511228363,0.032132938886368846,0.05113650175854175,0.9825332206065014,0.01746677939349861,1.0,0.1455825769880219,0.02067542896108676,-0.00743259207644037,-0.00902042278810575,-0.005134812985710695,0.0,0.0,0.008922590959027393,0.016355183035467763,0.01794301374713314,0.01405740394473809,-0.0015878307116653778,-0.0970842520210271,0.0022977790907296736,0.1404924106166664,-0.00743259207644037,-0.024722325501484163,-0.017906983239822514,0.001378485830034733,0.20670053277554262,0.008922590959027393,0.016355183035467763,0.033644916460511556,0.026829574198849907,-0.017289733425043793,-1.057140931260101,-0.010474391163382144,-0.6404325247028686
11,2000,5,1.0,1.0,1.0,1.0,3,True,10,0.6,0.158,0.506,0.008922590959027393,2B_clustering,,0.025076932799612945,0.08999235382530618,0.0899923538253062,0.21615253595894923,0.013508098512884011,0.0375313580025817,0.08906399749147165,0.9897433022163761,0.010256697783623925,1.0,0.13420660121404515,0.2359515048709684,-0.00743259207644037,-0.012482938026351403,-0.01592946043910999,0.0,0.0,0.008922590959027393,0.016355183035467763,0.021405528985378796,0.024852051398137384,-0.005050345949911033,-0.30879177193913887,-0.008496868362669621,-0.5195214473750223,-0.00743259207644037,-0.024722325501484163,-0.017906983239822514,0.001378485830034733,0.20670053277554262,0.008922590959027393,0.016355183035467763,0.033644916460511556,0.026829574198849907,-0.017289733425043793,-1.057140931260101,-0.010474391163382144,-0.6404325247028686
11,2000,5,1.0,1.0,1.0,1.0,3,True,10,0.6,0.158,0.506,0.008922590959027393,baseline_random,,-0.0005235845493718052,0.019450283439105487,0.019450283439105483,0.0030572240995941874,0.0010404894855853162,0.003645799048188488,0.00258117087778933,0.9988329699835109,0.0011670300164891012,1.0,0.009084062276309535,0.006479577191687902,-0.00743259207644037,-0.007702711296575724,-0.009295845238228203,0.0,0.0,0.008922590959027393,0.016355183035467763,0.016625302255603117,0.0182184361972556,-0.0002701192201353536,-0.01651581761876808,-0.0018632531617878353,-0.11392432342378522,-0.00743259207644037,-0.024722325501484163,-0.017906983239822514,0.001378485830034733,0.20670053277554262,0.008922590959027393,0.016355183035467763,0.033644916460511556,0.026829574198849907,-0.017289733425043793,-1.057140931260101,-0.010474391163382144,-0.6404325247028686
11,2000,5,1.0,1.0,1.0,1.0,3,True,10,0.6,0.158,0.506,0.008922590959027393,baseline_oracle_kmeans,,0.36237607796245846,0.6290443399659494,0.6290443399659494,0.3375787025201502,0.9767956230429176,0.6534272384390587,0.6559338546673755,0.03785323789893099,0.962146762101069,0.9218871450963411,0.4075266910974472,0.020252251604073512,-0.00743259207644037,-0.02635312263595656,-0.02611072908271992,0.0,0.0,0.008922590959027393,0.016355183035467763,0.03527571359498395,0.035033320041747314,-0.018920530559516188,-1.156852266250107,-0.01867813700627955,-1.1420316706804345,-0.00743259207644037,-0.024722325501484163,-0.017906983239822514,0.001378485830034733,0.20670053277554262,0.008922590959027393,0.016355183035467763,0.033644916460511556,0.026829574198849907,-0.017289733425043793,-1.057140931260101,-0.010474391163382144,-0.6404325247028686
11,2000,5,1.0,1.0,1.0,1.0,3,True,10,0.6,0.158,0.506,0.008922590959027393,baseline_oracle_quantile,,0.09989661943240731,0.3187940163274704,0.31879401632747045,0.8952378702256504,0.002221732002567896,0.0004573106998269257,0.29930563764268175,0.9979807129379588,0.0020192870620412418,1.0,0.44040970000093893,0.10896296530477123,-0.00743259207644037,-0.019705618165368862,-0.011870357365331945,0.0,0.0,0.008922590959027393,0.016355183035467763,0.028628209124396255,0.020792948324359337,-0.012273026088928492,-0.7504059148902995,-0.004437765288891574,-0.27133693822122673,-0.00743259207644037,-0.024722325501484163,-0.017906983239822514,0.001378485830034733,0.20670053277554262,0.008922590959027393,0.016355183035467763,0.033644916460511556,0.026829574198849907,-0.017289733425043793,-1.057140931260101,-0.010474391163382144,-0.6404325247028686
12,2000,5,1.0,1.0,1.0,1.0,3,True,10,0.6,0.152,0.499,0.008165576119661861,1A_predicted_prob,,0.02024386095930572,0.06998939384233843,0.06998939384233843,0.18517923226388977,0.0201439683544475,0.027068765219163453,0.07746398861250024,0.9853347902537136,0.014665209746286378,0.8427547105219924,0.2435925887540985,0.047797930507691766,0.010704171266740253,0.010405386324954531,0.013934908329752946,0.00028902205172646686,0.11561823357600338,0.008165576119661861,0.0025385951470783923,0.00223981020529267,0.005769332210091085,0.0002987849417857222,0.11769696405887586,-0.003230737063012693,-1.272647616431029,0.010704171266740253,0.015074198690202212,0.011363173553712759,0.0,0.0,0.008165576119661861,0.0025385951470783923,0.006908622570540351,0.0031975974340508976,-0.0043700274234619585,-1.7214353491896168,-0.0006590022869725053,-0.2595932981794813
12,2000,5,1.0,1.0,1.0,1.0,3,True,10,0.6,0.152,0.499,0.008165576119661861,1B_residual,,0.022896400343278406,0.07766147562889285,0.07766147562889286,0.18566044590031025,0.017816990905782096,0.06287555051702079,0.08878432910770438,0.9870207657382738,0.012979234261726202,1.0,0.26897756698092423,0.02635128795229158,0.010704171266740253,-0.0037841309505667986,-0.0005187917120001631,0.0,0.0,0.008165576119661861,0.0025385951470783923,0.01194970707022866,0.008684367831662024,-0.009411111923150268,-3.7072126029947263,-0.006145772684583632,-2.4209345439175887,0.010704171266740253,0.015074198690202212,0.011363173553712759,0.0,0.0,0.008165576119661861,0.0025385951470783923,0.006908622570540351,0.0031975974340508976,-0.0043700274234619585,-1.7214353491896168,-0.0006590022869725053,-0.2595932981794813
12,2000,5,1.0,1.0,1.0,1.0,3,True,10,0.6,0.152,0.499,0.008165576119661861,1C_cv_decision,,0.02024386095930572,0.06998939384233843,0.06998939384233843,0.18517923226388977,0.0201439683544475,0.027068765219163453,0.07746398861250024,0.9853347902537136,0.014665209746286378,0.8427547105219924,0.2435925887540985,0.047797930507691766,0.010704171266740253,0.010405386324954531,0.013934908329752946,0.00028902205172646686,0.11561823357600338,0.008165576119661861,0.0025385951470783923,0.00223981020529267,0.005769332210091085,0.0002987849417857222,0.11769696405887586,-0.003230737063012693,-1.272647616431029,0.010704171266740253,0.015074198690202212,0.011363173553712759,0.0,0.0,0.008165576119661861,0.0025385951470783923,0.006908622570540351,0.0031975974340508976,-0.0043700274234619585,-1.7214353491896168,-0.0006590022869725053,-0.2595932981794813
12,2000,5,1.0,1.0,1.0,1.0,3,True,10,0.6,0.152,0.499,0.008165576119661861,PS_propensity_score,,0.00039418874388909373,0.021944049577515386,0.021944049577515386,0.010611310154030818,0.006752957258321546,0.0012371276014220818,0.006200465004591482,0.995074542281013,0.004925457718987003,0.4283113408113026,0.0043136135038341905,0.06135568570310135,0.010704171266740253,0.012798723401316152,0.013031285227541631,0.0038275562411355323,0.5909574789729006,0.008165576119661861,0.0025385951470783923,0.004633147281654291,0.00486570910787977,-0.0020945521345758986,-0.8250831712912032,-0.002327113960801378,-0.916693614371554,0.010704171266740253,0.015074198690202212,0.011363173553712759,0.0,0.0,0.008165576119661861,0.0025385951470783923,0.006908622570540351,0.0031975974340508976,-0.0043700274234619585,-1.7214353491896168,-0.0006590022869725053,-0.2595932981794813
12,2000,5,1.0,1.0,1.0,1.0,3,True,10,0.6,0.152,0.499,0.008165576119661861,GMM,,0.015231290708844167,0.055600104827927536,0.055600104827927536,0.14713165790719498,0.004759742318559546,0.029203317917666387,0.06036490604780698,0.9965143536912352,0.0034856463087648004,1.0,0.09331639466822395,0.07075004407003083,0.010704171266740253,0.007730246058693263,0.0037049219591597637,0.0,0.0,0.008165576119661861,0.0025385951470783923,0.0004353300609685985,0.004460654160502097,0.0021032650861097938,0.828515365488818,-0.0019220590134237051,-0.7571349120539195,0.010704171266740253,0.015074198690202212,0.011363173553712759,0.0,0.0,0.008165576119661861,0.0025385951470783923,0.006908622570540351,0.0031975974340508976,-0.0043700274234619585,-1.7214353491896168,-0.0006590022869725053,-0.2595932981794813
12,2000,5,1.0,1.0,1.0,1.0,3,True,10,0.6,0.152,0.499,0.008165576119661861,Prognostic_score,,0.021866443397641402,0.06976425748613324,0.06976425748613324,0.14135606405553505,0.015571121407734204,0.036362626886736346,0.06442993745000186,0.9886475207796056,0.011352479220394396,1.0,0.22045388694894685,0.027395883303425905,0.010704171266740253,0.011358138947421275,0.019840149516124124,0.0,0.0,0.008165576119661861,0.0025385951470783923,0.0031925628277594143,0.011674573396462263,-0.000653967680681022,-0.25761007281277504,-0.00913597824938387,-3.598832314754185,0.010704171266740253,0.015074198690202212,0.011363173553712759,0.0,0.0,0.008165576119661861,0.0025385951470783923,0.006908622570540351,0.0031975974340508976,-0.0043700274234619585,-1.7214353491896168,-0.0006590022869725053,-0.2595932981794813
12,2000,5,1.0,1.0,1.0,1.0,3,True,10,0.6,0.152,0.499,0.008165576119661861,2A_PCA_cum60,,0.00860096972693612,0.044952894267166456,0.04495289426716645,0.1324218399458061,0.00849894657650856,0.0023875110891001822,0.047769432537138286,0.9938039869958905,0.006196013004109546,1.0,0.0806337622377552,0.007475938580823516,0.010704171266740253,0.012700432660777555,0.01060600341990846,0.0,0.0,0.008165576119661861,0.0025385951470783923,0.004534856541115694,0.0024404273002465986,-0.001996261394037302,-0.7863646144343854,9.816784683179362e-05,0.03867014673244473,0.010704171266740253,0.015074198690202212,0.011363173553712759,0.0,0.0,0.008165576119661861,0.0025385951470783923,0.006908622570540351,0.0031975974340508976,-0.0043700274234619585,-1.7214353491896168,-0.0006590022869725053,-0.2595932981794813
12,2000,5,1.0,1.0,1.0,1.0,3,True,10,0.6,0.152,0.499,0.008165576119661861,2B_clustering,,0.02061773201816084,0.07914235058197414,0.07914235058197414,0.21403113050508976,0.02051293002440793,0.04219527822107383,0.09224644625019052,0.9850511675137268,0.014948832486273211,1.0,0.08622238204729205,0.13059278839799904,0.010704171266740253,0.009390613063116213,0.0032797512368469496,0.0,0.0,0.008165576119661861,0.0025385951470783923,0.0012250369434543516,0.004885824882814912,0.0013135582036240406,0.5174350881178447,-0.0023472297357365196,-0.9246175934898047,0.010704171266740253,0.015074198690202212,0.011363173553712759,0.0,0.0,0.008165576119661861,0.0025385951470783923,0.006908622570540351,0.0031975974340508976,-0.0043700274234619585,-1.7214353491896168,-0.0006590022869725053,-0.2595932981794813
12,2000,5,1.0,1.0,1.0,1.0,3,True,10,0.6,0.152,0.499,0.008165576119661861,baseline_random,,-0.000623447202770197,0.016915678707686566,0.016915678707686566,0.0032753788386200326,0.0011155469003713058,0.001911347769459176,0.002100757836150171,0.999148953763811,0.0008510462361890347,1.0,0.00026720060226226305,0.002059035818131494,0.010704171266740253,0.011334549160144924,0.009827571892413794,0.0,0.0,0.008165576119661861,0.0025385951470783923,0.0031689730404830634,0.001661995772751933,-0.0006303778934046711,-0.24831761540636266,0.0008765993743264592,0.3453088513681736,0.010704171266740253,0.015074198690202212,0.011363173553712759,0.0,0.0,0.008165576119661861,0.0025385951470783923,0.006908622570540351,0.0031975974340508976,-0.0043700274234619585,-1.7214353491896168,-0.0006590022869725053,-0.2595932981794813
12,2000,5,1.0,1.0,1.0,1.0,3,True,10,0.6,0.152,0.499,0.008165576119661861,baseline_oracle_kmeans,,0.3692798325785489,0.6298125322350365,0.6298125322350364,0.32270838647432215,0.9920988732098729,0.6665656997590215,0.6604576531477389,0.015529227486240854,0.9844707725137591,1.0,0.5030814641004415,0.012829163217163764,0.010704171266740253,0.008061801695838056,0.009807246735758446,0.0,0.0,0.008165576119661861,0.0025385951470783923,0.0001037744238238051,0.0016416706160965848,0.002434820723254587,0.9591213179686267,0.0008969245309818075,0.3533153098531904,0.010704171266740253,0.015074198690202212,0.011363173553712759,0.0,0.0,0.008165576119661861,0.0025385951470783923,0.006908622570540351,0.0031975974340508976,-0.0043700274234619585,-1.7214353491896168,-0.0006590022869725053,-0.2595932981794813
12,2000,5,1.0,1.0,1.0,1.0,3,True,10,0.6,0.152,0.499,0.008165576119661861,baseline_oracle_quantile,,0.09317133081133983,0.3047044495133713,0.30470444951337133,0.9076678299799663,0.005720454808109562,0.0014935932668213659,0.3049606260182991,0.9958219388689101,0.004178061131089872,0.39806459253154347,0.40943498712514215,0.006508237445076781,0.010704171266740253,0.008225616132416576,0.013063756864358672,0.0029293603277628305,0.6133564523514059,0.008165576119661861,0.0025385951470783923,6.004001275471474e-05,0.004898180744696811,0.0024785551343236775,0.9763491185966328,-0.002359585597618419,-0.9294847980521861,0.010704171266740253,0.015074198690202212,0.011363173553712759,0.0,0.0,0.008165576119661861,0.0025385951470783923,0.006908622570540351,0.0031975974340508976,-0.0043700274234619585,-1.7214353491896168,-0.0006590022869725053,-0.2595932981794813
13,2000,5,1.0,1.0,1.0,1.0,3,True,10,0.6,0.16,0.4915,0.008145766828040012,1A_predicted_prob,,0.015565593750547724,0.06933917229181591,0.06933917229181591,0.15802110835115005,0.008297549252845858,0.041335153197645705,0.06921793693388055,0.9933547657526298,0.00664523424737018,0.7923271855876801,0.22709248507239332,0.4148033199096244,0.032722848360655726,0.020594762426424485,0.004510881548447533,0.0009523269830954796,0.34792386001082964,0.008145766828040012,0.024577081532615716,0.012448995598384473,0.0036348852795924794,0.012128085934231243,0.49347136347887044,0.020942196253023238,0.8521026479580701,0.032722848360655726,0.032674869309111634,0.025423683654201768,0.0,0.0,0.008145766828040012,0.024577081532615716,0.024529102481071624,0.017277916826161754,4.797905154409199e-05,0.001952186693949809,0.007299164706453962,0.29699070236502234
13,2000,5,1.0,1.0,1.0,1.0,3,True,10,0.6,0.16,0.4915,0.008145766828040012,1B_residual,,0.02194539394095652,0.08266708707220706,0.08266708707220706,0.21218744968067185,0.015832655412309975,0.05415288325400831,0.09405766278233003,0.9878276354211702,0.012172364578829753,1.0,0.29465583095411607,0.27662931674350777,0.032722848360655726,0.019863133689565465,0.0022991555364021226,0.0,0.0,0.008145766828040012,0.024577081532615716,0.011717366861525453,0.005846611291637889,0.012859714671090263,0.5232401029399855,0.018730470240977827,0.7621112464521478,0.032722848360655726,0.032674869309111634,0.025423683654201768,0.0,0.0,0.008145766828040012,0.024577081532615716,0.024529102481071624,0.017277916826161754,4.797905154409199e-05,0.001952186693949809,0.007299164706453962,0.29699070236502234
13,2000,5,1.0,1.0,1.0,1.0,3,True,10,0.6,0.16,0.4915,0.008145766828040012,1C_cv_decision,,0.015565593750547724,0.06933917229181591,0.06933917229181591,0.15802110835115005,0.008297549252845858,0.041335153197645705,0.06921793693388055,0.9933547657526298,0.00664523424737018,0.7923271855876801,0.22709248507239332,0.4148033199096244,0.032722848360655726,0.020594762426424485,0.004510881548447533,0.0009523269830954796,0.34792386001082964,0.008145766828040012,0.024577081532615716,0.012448995598384473,0.0036348852795924794,0.012128085934231243,0.49347136347887044,0.020942196253023238,0.8521026479580701,0.032722848360655726,0.032674869309111634,0.025423683654201768,0.0,0.0,0.008145766828040012,0.024577081532615716,0.024529102481071624,0.017277916826161754,4.797905154409199e-05,0.001952186693949809,0.007299164706453962,0.29699070236502234
13,2000,5,1.0,1.0,1.0,1.0,3,True,10,0.6,0.16,0.4915,0.008145766828040012,PS_propensity_score,,0.005194737840973118,0.028732978154096946,0.028732978154096946,0.003441878658339866,0.0041232756459694065,0.036402369086328976,0.014655841130212748,0.9963735709623807,0.0036264290376193387,1.0,0.014765772765473084,0.08373462635002782,0.032722848360655726,0.02711828921019649,0.026213484697106812,0.0,0.0,0.008145766828040012,0.024577081532615716,0.01897252238215648,0.0180677178690668,0.005604559150459237,0.22804006012762534,0.006509363663548914,0.26485502987449827,0.032722848360655726,0.032674869309111634,0.025423683654201768,0.0,0.0,0.008145766828040012,0.024577081532615716,0.024529102481071624,0.017277916826161754,4.797905154409199e-05,0.001952186693949809,0.007299164706453962,0.29699070236502234
13,2000,5,1.0,1.0,1.0,1.0,3,True,10,0.6,0.16,0.4915,0.008145766828040012,GMM,,0.01478744009459309,0.053474234151123706,0.0534742341511237,0.1513491531845156,0.00797224406270852,0.024927643193446022,0.06141634681355671,0.9935875911602099,0.006412408839790107,1.0,0.06952739853075396,0.1100255758565295,0.032722848360655726,0.029189581285083067,0.024801634531097606,0.0,0.0,0.008145766828040012,0.024577081532615716,0.021043814457043057,0.016655867703057596,0.003533267075572659,0.14376267869249393,0.00792121382955812,0.32230083214095406,0.032722848360655726,0.032674869309111634,0.025423683654201768,0.0,0.0,0.008145766828040012,0.024577081532615716,0.024529102481071624,0.017277916826161754,4.797905154409199e-05,0.001952186693949809,0.007299164706453962,0.29699070236502234
13,2000,5,1.0,1.0,1.0,1.0,3,True,10,0.6,0.16,0.4915,0.008145766828040012,Prognostic_score,,0.015187443886572123,0.06583607238169048,0.06583607238169048,0.12400525656718084,0.015602070755372576,0.04957264641054967,0.06305999124436769,0.9880604490357994,0.01193955096420063,0.8241065317105457,0.18158773692799957,0.43986315462461534,0.032722848360655726,0.0233009101480623,0.006091040292998258,0.0009441342971724728,0.3459377491699828,0.008145766828040012,0.024577081532615716,0.015155143320022288,0.0020547265350417537,0.009421938212593428,0.3833627764179314,0.022522354997573962,0.9163966424445079,0.032722848360655726,0.032674869309111634,0.025423683654201768,0.0,0.0,0.008145766828040012,0.024577081532615716,0.024529102481071624,0.017277916826161754,4.797905154409199e-05,0.001952186693949809,0.007299164706453962,0.29699070236502234
13,2000,5,1.0,1.0,1.0,1.0,3,True,10,0.6,0.16,0.4915,0.008145766828040012,2A_PCA_cum60,,0.010149347701013734,0.03760845047562664,0.03760845047562663,0.0116680865054988,0.03422784135425513,0.011782340104817667,0.019226089321523865,0.9742245528909421,0.02577544710905788,1.0,0.011557625261473192,0.057225909134072994,0.032722848360655726,0.03150374238100888,0.029678077179506004,0.0,0.0,0.008145766828040012,0.024577081532615716,0.023357975552968868,0.021532310351465994,0.0012191059796468479,0.04960336637322049,0.003044771181149722,0.12388660456324208,0.032722848360655726,0.032674869309111634,0.025423683654201768,0.0,0.0,0.008145766828040012,0.024577081532615716,0.024529102481071624,0.017277916826161754,4.797905154409199e-05,0.001952186693949809,0.007299164706453962,0.29699070236502234
13,2000,5,1.0,1.0,1.0,1.0,3,True,10,0.6,0.16,0.4915,0.008145766828040012,2B_clustering,,0.029127949475494533,0.09551488263215457,0.09551488263215456,0.2700559880012385,0.025769928206877617,0.021178506902886918,0.105668141037001,0.9806865087035157,0.019313491296484298,0.6361899474180353,0.13056891069824617,0.30712934822239846,0.032722848360655726,0.03836551002637513,0.026261497850608738,0.002779656876995204,0.5739631539839481,0.008145766828040012,0.024577081532615716,0.03021974319833512,0.018115731022568728,-0.005642661665719403,-0.22959038721628322,0.006461350510046988,0.2629014556293948,0.032722848360655726,0.032674869309111634,0.025423683654201768,0.0,0.0,0.008145766828040012,0.024577081532615716,0.024529102481071624,0.017277916826161754,4.797905154409199e-05,0.001952186693949809,0.007299164706453962,0.29699070236502234
13,2000,5,1.0,1.0,1.0,1.0,3,True,10,0.6,0.16,0.4915,0.008145766828040012,baseline_random,,-4.8683196943533884e-05,0.020347975469732393,0.02034797546973239,0.004458413258476103,0.0056110459260954645,0.0005349620001730226,0.0035348070615815303,0.9952860271260273,0.004713972873972683,1.0,0.002707704710714798,0.004226967814171312,0.032722848360655726,0.03430255824994942,0.033087457162734465,0.0,0.0,0.008145766828040012,0.024577081532615716,0.02615679142190941,0.024941690334694455,-0.0015797098892936928,-0.06427573132299269,-0.00036460880207873914,-0.014835317268849568,0.032722848360655726,0.032674869309111634,0.025423683654201768,0.0,0.0,0.008145766828040012,0.024577081532615716,0.024529102481071624,0.017277916826161754,4.797905154409199e-05,0.001952186693949809,0.007299164706453962,0.29699070236502234
13,2000,5,1.0,1.0,1.0,1.0,3,True,10,0.6,0.16,0.4915,0.008145766828040012,baseline_oracle_kmeans,,0.3544926359176833,0.624035201960283,0.6240352019602828,0.3729613438152122,0.9843281413164898,0.607439724461191,0.6549097365309643,0.027896193593008257,0.9721038064069918,0.9693105322020106,0.4136863498250376,0.06797491916302079,0.032722848360655726,0.0180733037756491,0.027779571374559133,0.0,0.0,0.008145766828040012,0.024577081532615716,0.009927536947609087,0.01963380454651912,0.014649544585006629,0.5960652637118664,0.004943276986096597,0.20113360406671887,0.032722848360655726,0.032674869309111634,0.025423683654201768,0.0,0.0,0.008145766828040012,0.024577081532615716,0.024529102481071624,0.017277916826161754,4.797905154409199e-05,0.001952186693949809,0.007299164706453962,0.29699070236502234
13,2000,5,1.0,1.0,1.0,1.0,3,True,10,0.6,0.16,0.4915,0.008145766828040012,baseline_oracle_quantile,,0.0938933466485689,0.30479106330668276,0.30479106330668276,0.892282632605295,0.0016952659536290306,0.0015108697840314738,0.29849625611431846,0.9981269624660596,0.0018730375339404137,1.0,0.457765850696227,0.12565965218982567,0.032722848360655726,0.02211247285815898,0.02881275056526453,0.0,0.0,0.008145766828040012,0.024577081532615716,0.013966706030118967,0.020666983737224517,0.010610375502496749,0.43171828552612923,0.003910097795391199,0.15909528518275007,0.032722848360655726,0.032674869309111634,0.025423683654201768,0.0,0.0,0.008145766828040012,0.024577081532615716,0.024529102481071624,0.017277916826161754,4.797905154409199e-05,0.001952186693949809,0.007299164706453962,0.29699070236502234
14,2000,5,1.0,1.0,1.0,1.0,3,True,10,0.6,0.1575,0.5055,0.008254662555764847,1A_predicted_prob,,0.014004825558491953,0.06290816902968491,0.06290816902968491,0.13695197668354717,0.01272115700871209,0.05925334657538214,0.0696421600892138,0.9907392723836778,0.00926072761632224,0.5241749941187239,0.21262986178995702,0.5914516057992404,0.05968228772081724,0.057098237043852015,0.0456589822708925,0.004554429911332016,0.6844442231016452,0.008254662555764847,0.05142762516505239,0.04884357448808717,0.03740431971512765,0.0025840506769652244,0.05024635434111424,0.014023305449924743,0.27268040095023227,0.05968228772081724,0.06931206347653877,0.06510278112707683,0.0,0.0,0.008254662555764847,0.05142762516505239,0.06105740092077393,0.05684811857131199,-0.009629775755721534,-0.1872490849969375,-0.005420493406259594,-0.10540042222177282
14,2000,5,1.0,1.0,1.0,1.0,3,True,10,0.6,0.1575,0.5055,0.008254662555764847,1B_residual,,0.01750891815132117,0.07145612171508743,0.07145612171508742,0.15624721582729975,0.01734259229221826,0.0777805345615579,0.08379011422702531,0.9874133707284927,0.012586629271507332,1.0,0.28010131437527175,0.3901411564798095,0.05968228772081724,0.032270769408352426,0.002079210825499544,0.00013359283791592003,0.3694227997597794,0.008254662555764847,0.05142762516505239,0.02401610685258758,0.006175451730265303,0.027411518312464814,0.533011552147119,0.04525217343478709,0.8799195624832813,0.05968228772081724,0.06931206347653877,0.06510278112707683,0.0,0.0,0.008254662555764847,0.05142762516505239,0.06105740092077393,0.05684811857131199,-0.009629775755721534,-0.1872490849969375,-0.005420493406259594,-0.10540042222177282
14,2000,5,1.0,1.0,1.0,1.0,3,True,10,0.6,0.1575,0.5055,0.008254662555764847,1C_cv_decision,,0.014004825558491953,0.06290816902968491,0.06290816902968491,0.13695197668354717,0.01272115700871209,0.05925334657538214,0.0696421600892138,0.9907392723836778,0.00926072761632224,0.5241749941187239,0.21262986178995702,0.5914516057992404,0.05968228772081724,0.057098237043852015,0.0456589822708925,0.004554429911332016,0.6844442231016452,0.008254662555764847,0.05142762516505239,0.04884357448808717,0.03740431971512765,0.0025840506769652244,0.05024635434111424,0.014023305449924743,0.27268040095023227,0.05968228772081724,0.06931206347653877,0.06510278112707683,0.0,0.0,0.008254662555764847,0.05142762516505239,0.06105740092077393,0.05684811857131199,-0.009629775755721534,-0.1872490849969375,-0.005420493406259594,-0.10540042222177282
14,2000,5,1.0,1.0,1.0,1.0,3,True,10,0.6,0.1575,0.5055,0.008254662555764847,PS_propensity_score,,0.0019143380986586963,0.018934701132839165,0.018934701132839165,0.0027142390851771394,0.022271744101724597,0.004084316515128676,0.009690099900676805,0.983792500331991,0.01620749966800905,1.0,0.003763836362889683,0.04296651606956681,0.05968228772081724,0.05666491820297316,0.05565742427991765,0.0,0.0,0.008254662555764847,0.05142762516505239,0.048410255647208314,0.0474027617241528,0.003017369517844079,0.05867215350038235,0.004024863440899591,0.07826267357246519,0.05968228772081724,0.06931206347653877,0.06510278112707683,0.0,0.0,0.008254662555764847,0.05142762516505239,0.06105740092077393,0.05684811857131199,-0.009629775755721534,-0.1872490849969375,-0.005420493406259594,-0.10540042222177282
14,2000,5,1.0,1.0,1.0,1.0,3,True,10,0.6,0.1575,0.5055,0.008254662555764847,GMM,,0.011034723641499645,0.04339641424278307,0.043396414242783066,0.057246633013811964,0.011305541388846735,0.019439782691804283,0.029330652364820995,0.9917852514146861,0.008214748585313902,1.0,0.035553818556973926,0.05710904060875621,0.05968228772081724,0.06160447396773821,0.05483573518233855,0.0,0.0,0.008254662555764847,0.05142762516505239,0.05334981141197336,0.046581072626573704,-0.0019221862469209691,-0.037376531402177005,0.004846552538478689,0.09424025556156068,0.05968228772081724,0.06931206347653877,0.06510278112707683,0.0,0.0,0.008254662555764847,0.05142762516505239,0.06105740092077393,0.05684811857131199,-0.009629775755721534,-0.1872490849969375,-0.005420493406259594,-0.10540042222177282
14,2000,5,1.0,1.0,1.0,1.0,3,True,10,0.6,0.1575,0.5055,0.008254662555764847,Prognostic_score,,0.01187591733223158,0.056832876790277036,0.05683287679027703,0.1378661557381819,0.011053785737440909,0.04892447672804372,0.06594813940122217,0.9919547362851459,0.008045263714854145,1.0,0.2005939695910829,0.5069417479587247,0.05968228772081724,0.056010071758167086,0.04047926311142489,0.0011718400955762014,0.3525315831231863,0.008254662555764847,0.05142762516505239,0.04775540920240224,0.032224600555660045,0.0036722159626501535,0.07140551310437737,0.019203024609392348,0.37339901556336597,0.05968228772081724,0.06931206347653877,0.06510278112707683,0.0,0.0,0.008254662555764847,0.05142762516505239,0.06105740092077393,0.05684811857131199,-0.009629775755721534,-0.1872490849969375,-0.005420493406259594,-0.10540042222177282
14,2000,5,1.0,1.0,1.0,1.0,3,True,10,0.6,0.1575,0.5055,0.008254662555764847,2A_PCA_cum60,,0.01304103881807787,0.047824046016046326,0.047824046016046326,0.004007453471437426,0.03766561133208418,0.02855811240878461,0.023410392404102073,0.9725307800440098,0.027469219955990165,1.0,0.030221518694586114,0.15504436357224172,0.05968228772081724,0.05461008437001222,0.045902261044305184,0.0011310837311930872,0.31904535879600565,0.008254662555764847,0.05142762516505239,0.04635542181424737,0.03764759848854034,0.005072203350805021,0.09862799097812192,0.013780026676512055,0.26794989331679786,0.05968228772081724,0.06931206347653877,0.06510278112707683,0.0,0.0,0.008254662555764847,0.05142762516505239,0.06105740092077393,0.05684811857131199,-0.009629775755721534,-0.1872490849969375,-0.005420493406259594,-0.10540042222177282
14,2000,5,1.0,1.0,1.0,1.0,3,True,10,0.6,0.1575,0.5055,0.008254662555764847,2B_clustering,,0.01753103029457017,0.06952168665526326,0.06952168665526327,0.1737988924401751,0.011716357476735502,0.05285427295035453,0.07945650762242171,0.9914820640258586,0.00851793597414141,0.7961364618399505,0.1254341095094692,0.4680190651605425,0.05968228772081724,0.05747424506882359,0.04746723947675534,0.0024837439653568427,0.5181067258120409,0.008254662555764847,0.05142762516505239,0.049219582513058746,0.03921257692099049,0.002208042651993647,0.042934952662253556,0.012215048244061902,0.23751919721859194,0.05968228772081724,0.06931206347653877,0.06510278112707683,0.0,0.0,0.008254662555764847,0.05142762516505239,0.06105740092077393,0.05684811857131199,-0.009629775755721534,-0.1872490849969375,-0.005420493406259594,-0.10540042222177282
14,2000,5,1.0,1.0,1.0,1.0,3,True,10,0.6,0.1575,0.5055,0.008254662555764847,baseline_random,,0.0006274082625289002,0.018020579122917987,0.018020579122917983,0.001262027851046625,0.007424060973036093,0.0030598513010107694,0.0039153133750311625,0.9946002865105945,0.005399713489405489,0.8882616894335377,0.002287086106185998,0.0030338597091328356,0.05968228772081724,0.06117339634445043,0.06288000500908447,0.0,0.0,0.008254662555764847,0.05142762516505239,0.052918733788685585,0.054625342453319625,-0.0014911086236331916,-0.028994312275700374,-0.0031977172882672322,-0.06217898022715307,0.05968228772081724,0.06931206347653877,0.06510278112707683,0.0,0.0,0.008254662555764847,0.05142762516505239,0.06105740092077393,0.05684811857131199,-0.009629775755721534,-0.1872490849969375,-0.005420493406259594,-0.10540042222177282
14,2000,5,1.0,1.0,1.0,1.0,3,True,10,0.6,0.1575,0.5055,0.008254662555764847,baseline_oracle_kmeans,,0.37296275399239737,0.6281762064135036,0.6281762064135036,0.31698102058082345,0.976888056858936,0.6380186726088429,0.6439625833495342,0.037023179320471514,0.9629768206795285,1.0,0.33260450125528407,0.08853726603972178,0.05968228772081724,0.060506356592324145,0.04350054329772873,0.000171712763737774,0.09409760746598729,0.008254662555764847,0.05142762516505239,0.0522516940365593,0.035245880741963886,-0.0008240688715069056,-0.01602385622245106,0.016181744423088507,0.31465081988823396,0.05968228772081724,0.06931206347653877,0.06510278112707683,0.0,0.0,0.008254662555764847,0.05142762516505239,0.06105740092077393,0.05684811857131199,-0.009629775755721534,-0.1872490849969375,-0.005420493406259594,-0.10540042222177282
14,2000,5,1.0,1.0,1.0,1.0,3,True,10,0.6,0.1575,0.5055,0.008254662555764847,baseline_oracle_quantile,,0.0826298853069479,0.2839460346446073,0.2839460346446073,0.8993834493166617,0.0029646652926131217,0.005225149279605656,0.3025244212962935,0.9978325776341731,0.0021674223658268987,0.9136417594555598,0.39144356699111316,0.15109804064418908,0.05968228772081724,0.05705693672430098,0.03856524722249261,0.002700091546410555,0.6102865091378298,0.008254662555764847,0.05142762516505239,0.048802274168536136,0.030310584666727765,0.002625350996516257,0.051049430886423885,0.021117040498324628,0.41061667597038287,0.05968228772081724,0.06931206347653877,0.06510278112707683,0.0,0.0,0.008254662555764847,0.05142762516505239,0.06105740092077393,0.05684811857131199,-0.009629775755721534,-0.1872490849969375,-0.005420493406259594,-0.10540042222177282
15,2000,5,1.0,1.0,1.0,1.0,3,True,10,0.6,0.16,0.4985,0.008880042988858304,1A_predicted_prob,,0.027414012681430233,0.07885579672707949,0.0788557967270795,0.14021562268950488,0.010601537250363618,0.0481128102931345,0.06630999007766766,0.9862220342843475,0.013777965715652485,1.0,0.2917647760210419,0.10343222213732284,0.02268836301380822,0.019300131142126344,0.013480534182647505,0.00018460524280750128,0.08796579082512461,0.008880042988858304,0.013808320024949918,0.01042008815326804,0.004600491193789202,0.003388231871681878,0.24537611132706683,0.009207828831160716,0.6668319400566698,0.02268836301380822,0.02083964656253289,0.016229783552340424,0.0019689921069879104,0.2743725352982682,0.008880042988858304,0.013808320024949918,0.011959603573674588,0.007349740563482121,0.0018487164512753299,0.13388424138019173,0.006458579461467797,0.46773100926093447
15,2000,5,1.0,1.0,1.0,1.0,3,True,10,0.6,0.16,0.4985,0.008880042988858304,1B_residual,,0.023699175816270648,0.07684111638773448,0.07684111638773448,0.17614985624320914,0.014896348270857706,0.04511296440405297,0.0787197229727066,0.9831457858832127,0.016854214116787336,1.0,0.28833757207396815,0.06899442654188814,0.02268836301380822,0.012625543702073954,-0.0009448506879129011,0.0,0.0,0.008880042988858304,0.013808320024949918,0.0037455007132156503,0.009824893676771205,0.010062819311734267,0.7287504412956829,0.003983426348178713,0.28848015841037555,0.02268836301380822,0.02083964656253289,0.016229783552340424,0.0019689921069879104,0.2743725352982682,0.008880042988858304,0.013808320024949918,0.011959603573674588,0.007349740563482121,0.0018487164512753299,0.13388424138019173,0.006458579461467797,0.46773100926093447
15,2000,5,1.0,1.0,1.0,1.0,3,True,10,0.6,0.16,0.4985,0.008880042988858304,1C_cv_decision,,0.027414012681430233,0.07885579672707949,0.0788557967270795,0.14021562268950488,0.010601537250363618,0.0481128102931345,0.06630999007766766,0.9862220342843475,0.013777965715652485,1.0,0.2917647760210419,0.10343222213732284,0.02268836301380822,0.019300131142126344,0.013480534182647505,0.00018460524280750128,0.08796579082512461,0.008880042988858304,0.013808320024949918,0.01042008815326804,0.004600491193789202,0.003388231871681878,0.24537611132706683,0.009207828831160716,0.6668319400566698,0.02268836301380822,0.02083964656253289,0.016229783552340424,0.0019689921069879104,0.2743725352982682,0.008880042988858304,0.013808320024949918,0.011959603573674588,0.007349740563482121,0.0018487164512753299,0.13388424138019173,0.006458579461467797,0.46773100926093447
15,2000,5,1.0,1.0,1.0,1.0,3,True,10,0.6,0.16,0.4985,0.008880042988858304,PS_propensity_score,,0.003504725758186751,0.02679187212910127,0.026791872129101266,0.016691948954383362,0.0046620456516453124,0.02352558619115916,0.014959860265729277,0.9905300115882613,0.009469988411738739,0.529076462116527,0.05152247780663988,0.11494603906952916,0.02268836301380822,0.016874667118742078,0.014491186071578907,0.0031092243153244855,0.5471010510944432,0.008880042988858304,0.013808320024949918,0.007994624129883774,0.005611143082720604,0.005813695895066143,0.42102847301927515,0.008197176942229314,0.5936404231230181,0.02268836301380822,0.02083964656253289,0.016229783552340424,0.0019689921069879104,0.2743725352982682,0.008880042988858304,0.013808320024949918,0.011959603573674588,0.007349740563482121,0.0018487164512753299,0.13388424138019173,0.006458579461467797,0.46773100926093447
15,2000,5,1.0,1.0,1.0,1.0,3,True,10,0.6,0.16,0.4985,0.008880042988858304,GMM,,0.01715545451204347,0.06618971727198744,0.06618971727198743,0.14692712710287137,0.00993189555400798,0.0330172100441714,0.06329207756701692,0.9866787300327449,0.013321269967255134,1.0,0.07260626468908604,0.02922472347331817,0.02268836301380822,0.026956827877899263,0.02160234721812225,0.0,0.0,0.008880042988858304,0.013808320024949918,0.018076784889040957,0.012722304229263947,-0.00426846486409104,-0.3091226779491245,0.0010860157956859712,0.07864937904999858,0.02268836301380822,0.02083964656253289,0.016229783552340424,0.0019689921069879104,0.2743725352982682,0.008880042988858304,0.013808320024949918,0.011959603573674588,0.007349740563482121,0.0018487164512753299,0.13388424138019173,0.006458579461467797,0.46773100926093447
15,2000,5,1.0,1.0,1.0,1.0,3,True,10,0.6,0.16,0.4985,0.008880042988858304,Prognostic_score,,0.022390123721330278,0.06930751723243934,0.06930751723243934,0.13197526084980632,0.011846621882405841,0.032275610388630874,0.05869916437361435,0.9853061361069971,0.014693863893002868,1.0,0.23800427523448808,0.09841300178061452,0.02268836301380822,0.020910596935901544,0.013275386360662573,0.0,0.0,0.008880042988858304,0.013808320024949918,0.01203055394704324,0.004395343371804269,0.0017777660779066777,0.12874600781952295,0.009412976653145649,0.6816887670721399,0.02268836301380822,0.02083964656253289,0.016229783552340424,0.0019689921069879104,0.2743725352982682,0.008880042988858304,0.013808320024949918,0.011959603573674588,0.007349740563482121,0.0018487164512753299,0.13388424138019173,0.006458579461467797,0.46773100926093447
15,2000,5,1.0,1.0,1.0,1.0,3,True,10,0.6,0.16,0.4985,0.008880042988858304,2A_PCA_cum60,,0.010802676641189642,0.05482508658767513,0.05482508658767514,0.17324513496621283,0.013899050707266561,0.010413906591071654,0.06585269742151702,0.9836930168512293,0.01630698314877066,1.0,0.1596368643013748,0.13218393689336372,0.02268836301380822,0.014714671535397765,0.00678850773360595,0.0,0.0,0.008880042988858304,0.013808320024949918,0.005834628546539461,0.0020915352552523534,0.007973691478410457,0.5774555821419975,0.011716784769697564,0.8485307950950435,0.02268836301380822,0.02083964656253289,0.016229783552340424,0.0019689921069879104,0.2743725352982682,0.008880042988858304,0.013808320024949918,0.011959603573674588,0.007349740563482121,0.0018487164512753299,0.13388424138019173,0.006458579461467797,0.46773100926093447
15,2000,5,1.0,1.0,1.0,1.0,3,True,10,0.6,0.16,0.4985,0.008880042988858304,2B_clustering,,0.02636126827116181,0.08019300273713671,0.08019300273713671,0.22764285926587957,0.016088892547142887,0.03756861406318644,0.09376678862540296,0.9822374224009127,0.01776257759908728,0.8133145056326352,0.20434891659258858,0.05331145236646373,0.02268836301380822,0.012419331912153294,0.012772553438237133,0.0006464724874596245,0.21587102921949888,0.008880042988858304,0.013808320024949918,0.0035392889232949906,0.0038925104493788294,0.010269031101654927,0.7436843209818476,0.009915809575571088,0.7181039806185294,0.02268836301380822,0.02083964656253289,0.016229783552340424,0.0019689921069879104,0.2743725352982682,0.008880042988858304,0.013808320024949918,0.011959603573674588,0.007349740563482121,0.0018487164512753299,0.13388424138019173,0.006458579461467797,0.46773100926093447
15,2000,5,1.0,1.0,1.0,1.0,3,True,10,0.6,0.16,0.4985,0.008880042988858304,baseline_random,,0.0005868207548219294,0.014639740478723401,0.014639740478723401,0.004731158856047769,0.004895706432823923,0.0017954583504238286,0.003807441213098507,0.9903480962912529,0.009651903708747134,1.0,0.002164028479126001,0.003197018319282874,0.02268836301380822,0.021353743797409796,0.01933719953247427,0.0,0.0,0.008880042988858304,0.013808320024949918,0.012473700808551492,0.010457156543615965,0.0013346192163984257,0.09665326513195915,0.0033511634813339526,0.24269161456852217,0.02268836301380822,0.02083964656253289,0.016229783552340424,0.0019689921069879104,0.2743725352982682,0.008880042988858304,0.013808320024949918,0.011959603573674588,0.007349740563482121,0.0018487164512753299,0.13388424138019173,0.006458579461467797,0.46773100926093447
15,2000,5,1.0,1.0,1.0,1.0,3,True,10,0.6,0.16,0.4985,0.008880042988858304,baseline_oracle_kmeans,,0.3523198805701098,0.6221737256999836,0.6221737256999837,0.3769905607633998,0.9765476129859503,0.6276597291572777,0.660399300968876,0.03856516918942453,0.9614348308105755,1.0,0.5013767455471034,0.003902394660876829,0.02268836301380822,0.013899600927908016,0.025747936408471436,0.0,0.0,0.008880042988858304,0.013808320024949918,0.005019557939049712,0.01686789341961313,0.008788762085900206,0.6364830819404537,-0.003059573394663213,-0.22157462958092977,0.02268836301380822,0.02083964656253289,0.016229783552340424,0.0019689921069879104,0.2743725352982682,0.008880042988858304,0.013808320024949918,0.011959603573674588,0.007349740563482121,0.0018487164512753299,0.13388424138019173,0.006458579461467797,0.46773100926093447
15,2000,5,1.0,1.0,1.0,1.0,3,True,10,0.6,0.16,0.4985,0.008880042988858304,baseline_oracle_quantile,,0.10341474608513335,0.3260185029284432,0.3260185029284432,0.9025625520924464,0.006971973590830012,0.0061491501585516474,0.305227891947276,0.9888318773494024,0.011168122650597634,1.0,0.4458243928255403,0.005728093622132002,0.02268836301380822,0.009608167719126969,0.014125536300613025,0.0,0.0,0.008880042988858304,0.013808320024949918,0.0007281247302686651,0.005245493311754721,0.013080195294681253,0.947269129846858,0.008562826713195196,0.6201208182981879,0.02268836301380822,0.02083964656253289,0.016229783552340424,0.0019689921069879104,0.2743725352982682,0.008880042988858304,0.013808320024949918,0.011959603573674588,0.007349740563482121,0.0018487164512753299,0.13388424138019173,0.006458579461467797,0.46773100926093447
16,2000,5,1.0,1.0,1.0,1.0,3,True,10,0.6,0.1545,0.484,0.009093454458998167,1A_predicted_prob,,0.022955654982939062,0.07494137167269005,0.07494137167269006,0.2174993814330744,0.003122929342698847,0.030978015601648156,0.08386677545914047,0.9953204403399604,0.004679559660039634,1.0,0.26079018351707306,0.03386598337416935,-0.008744139906238485,-0.008381554098391503,-0.006429217949317132,0.0,0.0,0.009093454458998167,0.01783759436523665,0.01747500855738967,0.0155226724083153,0.00036258580784698236,0.02032705758538933,0.0023149219569213522,0.12977769925258864,-0.008744139906238485,-0.010171903001165557,-0.006449553688462773,1.7934407586813944e-05,0.0035019137259535687,0.009093454458998167,0.01783759436523665,0.019265357460163723,0.01554300814746094,-0.0014277630949270717,-0.08004235692844386,0.002294586217775712,0.12863764983060644
16,2000,5,1.0,1.0,1.0,1.0,3,True,10,0.6,0.1545,0.484,0.009093454458998167,1B_residual,,0.021977430466130158,0.07969360078707197,0.07969360078707197,0.1857938941211784,0.00731270468710073,0.05644360621305621,0.08318340167377845,0.9922885977733986,0.007711402226601383,1.0,0.2805217904286811,0.012081332982968762,-0.008744139906238485,-0.020181079242310315,-0.002745901755919966,0.0,0.0,0.009093454458998167,0.01783759436523665,0.029274533701308482,0.011839356214918132,-0.01143693933607183,-0.6411705021368277,0.005998238150318519,0.33626945581901846,-0.008744139906238485,-0.010171903001165557,-0.006449553688462773,1.7934407586813944e-05,0.0035019137259535687,0.009093454458998167,0.01783759436523665,0.019265357460163723,0.01554300814746094,-0.0014277630949270717,-0.08004235692844386,0.002294586217775712,0.12863764983060644
16,2000,5,1.0,1.0,1.0,1.0,3,True,10,0.6,0.1545,0.484,0.009093454458998167,1C_cv_decision,,0.022955654982939062,0.07494137167269005,0.07494137167269006,0.2174993814330744,0.003122929342698847,0.030978015601648156,0.08386677545914047,0.9953204403399604,0.004679559660039634,1.0,0.26079018351707306,0.03386598337416935,-0.008744139906238485,-0.008381554098391503,-0.006429217949317132,0.0,0.0,0.009093454458998167,0.01783759436523665,0.01747500855738967,0.0155226724083153,0.00036258580784698236,0.02032705758538933,0.0023149219569213522,0.12977769925258864,-0.008744139906238485,-0.010171903001165557,-0.006449553688462773,1.7934407586813944e-05,0.0035019137259535687,0.009093454458998167,0.01783759436523665,0.019265357460163723,0.01554300814746094,-0.0014277630949270717,-0.08004235692844386,0.002294586217775712,0.12863764983060644
16,2000,5,1.0,1.0,1.0,1.0,3,True,10,0.6,0.1545,0.484,0.009093454458998167,PS_propensity_score,,0.00923215763435808,0.03683289868242903,0.03683289868242903,0.000922713910976113,0.051954263964199325,0.0037895869550479003,0.01888885494340778,0.9595784857748881,0.040421514225111865,1.0,0.004612442176940124,0.020514957647419285,-0.008744139906238485,0.0004449094087702011,-0.0049816327735073395,0.0,0.0,0.009093454458998167,0.01783759436523665,0.008648545050227965,0.014075087232505506,0.009189049315008687,0.5151507051263062,0.0037625071327311455,0.2109313092164392,-0.008744139906238485,-0.010171903001165557,-0.006449553688462773,1.7934407586813944e-05,0.0035019137259535687,0.009093454458998167,0.01783759436523665,0.019265357460163723,0.01554300814746094,-0.0014277630949270717,-0.08004235692844386,0.002294586217775712,0.12863764983060644
16,2000,5,1.0,1.0,1.0,1.0,3,True,10,0.6,0.1545,0.484,0.009093454458998167,GMM,,0.010536451755345325,0.03862385779764822,0.03862385779764822,0.008319763129469327,0.004651225268251563,0.009100855220105642,0.007357281205942178,0.9941955575568795,0.0058044424431205055,1.0,0.015432827655762371,0.03407663551445972,-0.008744139906238485,-0.009833234174794963,-0.008332176585149986,0.0,0.0,0.009093454458998167,0.01783759436523665,0.01892668863379313,0.017425631044148154,-0.001089094268556478,-0.06105611812089373,0.00041196332108849737,0.023095228686855096,-0.008744139906238485,-0.010171903001165557,-0.006449553688462773,1.7934407586813944e-05,0.0035019137259535687,0.009093454458998167,0.01783759436523665,0.019265357460163723,0.01554300814746094,-0.0014277630949270717,-0.08004235692844386,0.002294586217775712,0.12863764983060644
16,2000,5,1.0,1.0,1.0,1.0,3,True,10,0.6,0.1545,0.484,0.009093454458998167,Prognostic_score,,0.02524029244425891,0.07777710248041703,0.07777710248041703,0.218150167816784,0.00960231409169234,0.02268213135386428,0.0834782044207802,0.9906339822168512,0.009366017783148828,1.0,0.23176874118600754,0.08778816133845269,-0.008744139906238485,-0.01099198655343818,-0.0005099255865683454,0.0,0.0,0.009093454458998167,0.01783759436523665,0.020085441012436346,0.009603380045566512,-0.0022478466471996944,-0.12601736541225983,0.00823421431967014,0.46162134596566695,-0.008744139906238485,-0.010171903001165557,-0.006449553688462773,1.7934407586813944e-05,0.0035019137259535687,0.009093454458998167,0.01783759436523665,0.019265357460163723,0.01554300814746094,-0.0014277630949270717,-0.08004235692844386,0.002294586217775712,0.12863764983060644
16,2000,5,1.0,1.0,1.0,1.0,3,True,10,0.6,0.1545,0.484,0.009093454458998167,2A_PCA_cum60,,0.016011490209936936,0.05007644358359128,0.05007644358359128,0.08811705879379833,0.01943211754810808,0.023213586162527177,0.04358758750147786,0.9834841885807212,0.016515811419278825,1.0,0.15642288296126117,0.0028421549000281487,-0.008744139906238485,-5.891112997812205e-05,0.0008914155127888642,0.0,0.0,0.009093454458998167,0.01783759436523665,0.009152365588976289,0.008202038946209302,0.008685228776260363,0.48690583485780126,0.00963555541902735,0.5401824495911792,-0.008744139906238485,-0.010171903001165557,-0.006449553688462773,1.7934407586813944e-05,0.0035019137259535687,0.009093454458998167,0.01783759436523665,0.019265357460163723,0.01554300814746094,-0.0014277630949270717,-0.08004235692844386,0.002294586217775712,0.12863764983060644
16,2000,5,1.0,1.0,1.0,1.0,3,True,10,0.6,0.1545,0.484,0.009093454458998167,2B_clustering,,0.02246588802952113,0.07380854232883935,0.07380854232883934,0.12751355102894046,0.008562013703364443,0.028221544423553204,0.05476570305195271,0.991353559466311,0.008646440533689015,1.0,0.1040745144450137,0.1381633513708581,-0.008744139906238485,-0.014138688867101241,-0.015255232836611026,0.0,0.0,0.009093454458998167,0.01783759436523665,0.023232143326099408,0.02434868729560919,-0.005394548960862756,-0.3024258120464993,-0.006511092930372539,-0.3650207980433664,-0.008744139906238485,-0.010171903001165557,-0.006449553688462773,1.7934407586813944e-05,0.0035019137259535687,0.009093454458998167,0.01783759436523665,0.019265357460163723,0.01554300814746094,-0.0014277630949270717,-0.08004235692844386,0.002294586217775712,0.12863764983060644
16,2000,5,1.0,1.0,1.0,1.0,3,True,10,0.6,0.1545,0.484,0.009093454458998167,baseline_random,,0.00019025352903270296,0.019837145251869477,0.019837145251869477,0.005801876913807365,0.004377590869704672,0.013386818331715927,0.007855428705075988,0.9944113909170075,0.005588609082992524,1.0,0.006602461637380652,0.010909376294733653,-0.008744139906238485,-0.008014920707690519,-0.009095859641933128,0.0,0.0,0.009093454458998167,0.01783759436523665,0.017108375166688686,0.018189314100931296,0.000729219198547966,0.04088102821584105,-0.00035171973569464443,-0.019717890680376993,-0.008744139906238485,-0.010171903001165557,-0.006449553688462773,1.7934407586813944e-05,0.0035019137259535687,0.009093454458998167,0.01783759436523665,0.019265357460163723,0.01554300814746094,-0.0014277630949270717,-0.08004235692844386,0.002294586217775712,0.12863764983060644
16,2000,5,1.0,1.0,1.0,1.0,3,True,10,0.6,0.1545,0.484,0.009093454458998167,baseline_oracle_kmeans,,0.3621541986150635,0.6301624184223125,0.6301624184223125,0.38664924242439647,0.9555666552605547,0.6420092406612854,0.6614083794487455,0.060918131649543246,0.9390818683504567,1.0,0.1818332216046583,0.05417888942042348,-0.008744139906238485,-0.009362182946204962,-0.009571567539977403,0.0,0.0,0.009093454458998167,0.01783759436523665,0.01845563740520313,0.01866502199897557,-0.0006180430399664767,-0.03464834031493447,-0.0008274276337389176,-0.0463867277614225,-0.008744139906238485,-0.010171903001165557,-0.006449553688462773,1.7934407586813944e-05,0.0035019137259535687,0.009093454458998167,0.01783759436523665,0.019265357460163723,0.01554300814746094,-0.0014277630949270717,-0.08004235692844386,0.002294586217775712,0.12863764983060644
16,2000,5,1.0,1.0,1.0,1.0,3,True,10,0.6,0.1545,0.484,0.009093454458998167,baseline_oracle_quantile,,0.08984102583562392,0.2952005726607626,0.2952005726607626,0.9034715268891202,0.0021658406915824675,0.012407981319418044,0.30601511630004025,0.9960104840144102,0.003989515985589831,1.0,0.4124746943470693,0.02732773084619533,-0.008744139906238485,-0.009366801521530306,0.0009177093723848361,0.0,0.0,0.009093454458998167,0.01783759436523665,0.018460255980528473,0.008175745086613331,-0.000622661615291821,-0.03490726398091626,0.00966184927862332,0.5416565194157075,-0.008744139906238485,-0.010171903001165557,-0.006449553688462773,1.7934407586813944e-05,0.0035019137259535687,0.009093454458998167,0.01783759436523665,0.019265357460163723,0.01554300814746094,-0.0014277630949270717,-0.08004235692844386,0.002294586217775712,0.12863764983060644
17,2000,5,1.0,1.0,1.0,1.0,3,True,10,0.6,0.154,0.5035,0.009318543606719342,1A_predicted_prob,,0.027971838224500438,0.083856228096062,0.08385622809606198,0.13318447460473046,0.021289573437523402,0.06792615870695869,0.07413340224973752,0.9824661236168273,0.01753387638317272,0.5721674707290094,0.282694681374141,0.21655083159287358,0.004483909616563614,-0.004799010011186707,-0.014463758237617069,0.0012455504551419359,0.37475469750283225,0.009318543606719342,0.004834633990155728,0.014117553617906049,0.023782301844336412,-0.009282919627750321,-1.9200873626942978,-0.018947667854180686,-3.9191524927764725,0.004483909616563614,0.009569234142805782,0.0129314401209152,0.0,0.0,0.009318543606719342,0.004834633990155728,0.00025069053608644046,0.0036128965141958586,0.004583943454069287,0.9481469462637925,0.0012217374759598693,0.25270526754405165
17,2000,5,1.0,1.0,1.0,1.0,3,True,10,0.6,0.154,0.5035,0.009318543606719342,1B_residual,,0.028993373976105376,0.09306899119428531,0.09306899119428531,0.14322641700691663,0.023236642992355273,0.09661543821382901,0.0876928327377003,0.9810295615761336,0.018970438423866365,1.0,0.31070768085973277,0.11869663528143681,0.004483909616563614,-0.00011346006781128579,-0.0022440370397226427,0.0,0.0,0.009318543606719342,0.004834633990155728,0.009432003674530627,0.011562580646441984,-0.004597369684374899,-0.9509240396969147,-0.0067279466562862565,-1.3916144779492488,0.004483909616563614,0.009569234142805782,0.0129314401209152,0.0,0.0,0.009318543606719342,0.004834633990155728,0.00025069053608644046,0.0036128965141958586,0.004583943454069287,0.9481469462637925,0.0012217374759598693,0.25270526754405165
17,2000,5,1.0,1.0,1.0,1.0,3,True,10,0.6,0.154,0.5035,0.009318543606719342,1C_cv_decision,,0.027971838224500438,0.083856228096062,0.08385622809606198,0.13318447460473046,0.021289573437523402,0.06792615870695869,0.07413340224973752,0.9824661236168273,0.01753387638317272,0.5721674707290094,0.282694681374141,0.21655083159287358,0.004483909616563614,-0.004799010011186707,-0.014463758237617069,0.0012455504551419359,0.37475469750283225,0.009318543606719342,0.004834633990155728,0.014117553617906049,0.023782301844336412,-0.009282919627750321,-1.9200873626942978,-0.018947667854180686,-3.9191524927764725,0.004483909616563614,0.009569234142805782,0.0129314401209152,0.0,0.0,0.009318543606719342,0.004834633990155728,0.00025069053608644046,0.0036128965141958586,0.004583943454069287,0.9481469462637925,0.0012217374759598693,0.25270526754405165
17,2000,5,1.0,1.0,1.0,1.0,3,True,10,0.6,0.154,0.5035,0.009318543606719342,PS_propensity_score,,0.0017925260466388991,0.02002501582401825,0.020025015824018253,0.004032221567776694,0.003870191131904668,0.006093261637044244,0.004665224778908535,0.9950974847081883,0.004902515291811738,0.4831581176526457,0.0031328031570789783,0.008704345168791594,0.004483909616563614,0.0022049029125295917,0.003639554013658087,0.002944001145505073,0.5189889794084662,0.009318543606719342,0.004834633990155728,0.00711364069418975,0.005678989593061255,-0.002279006704034022,-0.4713917762284654,-0.0008443556029055273,-0.17464726484461957,0.004483909616563614,0.009569234142805782,0.0129314401209152,0.0,0.0,0.009318543606719342,0.004834633990155728,0.00025069053608644046,0.0036128965141958586,0.004583943454069287,0.9481469462637925,0.0012217374759598693,0.25270526754405165
17,2000,5,1.0,1.0,1.0,1.0,3,True,10,0.6,0.154,0.5035,0.009318543606719342,GMM,,0.0170745792477351,0.04777985354156946,0.04777985354156946,0.10438377860178974,0.008072875672525065,0.024185662640633813,0.04554743897164954,0.9919905651256755,0.008009434874324484,1.0,0.09957954075965836,0.26663606039267373,0.004483909616563614,0.005368226143548019,0.000324395688589046,0.0,0.0,0.009318543606719342,0.004834633990155728,0.0039503174631713225,0.008994147918130295,0.0008843165269844053,0.18291281796823688,-0.004159513927974567,-0.8603575651112703,0.004483909616563614,0.009569234142805782,0.0129314401209152,0.0,0.0,0.009318543606719342,0.004834633990155728,0.00025069053608644046,0.0036128965141958586,0.004583943454069287,0.9481469462637925,0.0012217374759598693,0.25270526754405165
17,2000,5,1.0,1.0,1.0,1.0,3,True,10,0.6,0.154,0.5035,0.009318543606719342,Prognostic_score,,0.02366395859964153,0.0680153763273712,0.06801537632737119,0.07887133182049949,0.03200863143621592,0.0413550379317497,0.05074500039615504,0.9745172631557912,0.025482736844208764,1.0,0.20906991175217415,0.14818128756041116,0.004483909616563614,-0.0018463772662354657,-0.013388351984119492,0.0,0.0,0.009318543606719342,0.004834633990155728,0.011164920872954807,0.022706895590838834,-0.00633028688279908,-1.3093621762658345,-0.017872261600683108,-3.6967145056015758,0.004483909616563614,0.009569234142805782,0.0129314401209152,0.0,0.0,0.009318543606719342,0.004834633990155728,0.00025069053608644046,0.0036128965141958586,0.004583943454069287,0.9481469462637925,0.0012217374759598693,0.25270526754405165
17,2000,5,1.0,1.0,1.0,1.0,3,True,10,0.6,0.154,0.5035,0.009318543606719342,2A_PCA_cum60,,0.014453798908097792,0.05480692761463378,0.05480692761463377,0.02188806866593921,0.011333018161618478,0.045517197259623714,0.02624609469572713,0.9896624417123182,0.010337558287681792,1.0,0.1439720310394651,0.027987748112713207,0.004483909616563614,-0.002286116759343193,-0.0007576891470685978,0.0,0.0,0.009318543606719342,0.004834633990155728,0.011604660366062534,0.01007623275378794,-0.006770026375906806,-1.4003182846295954,-0.005241598763632211,-1.0841769561677563,0.004483909616563614,0.009569234142805782,0.0129314401209152,0.0,0.0,0.009318543606719342,0.004834633990155728,0.00025069053608644046,0.0036128965141958586,0.004583943454069287,0.9481469462637925,0.0012217374759598693,0.25270526754405165
17,2000,5,1.0,1.0,1.0,1.0,3,True,10,0.6,0.154,0.5035,0.009318543606719342,2B_clustering,,0.027640768649270002,0.08582483764217101,0.085824837642171,0.2303342578501699,0.023011335843624116,0.03461683647772626,0.09598747672384007,0.9812057024823021,0.0187942975176979,0.8096426588349109,0.15984200251121317,0.22185063946894545,0.004483909616563614,0.00029943098722006074,-0.006556454097121725,0.0005662114146145273,0.19575433099034537,0.009318543606719342,0.004834633990155728,0.009019112619499281,0.015874997703841067,-0.004184478629343553,-0.8655212861747095,-0.01104036371368534,-2.283598662518343,0.004483909616563614,0.009569234142805782,0.0129314401209152,0.0,0.0,0.009318543606719342,0.004834633990155728,0.00025069053608644046,0.0036128965141958586,0.004583943454069287,0.9481469462637925,0.0012217374759598693,0.25270526754405165
17,2000,5,1.0,1.0,1.0,1.0,3,True,10,0.6,0.154,0.5035,0.009318543606719342,baseline_random,,0.0004487083845245537,0.018229598794225515,0.018229598794225515,0.0006252887252835134,0.006124772107920258,0.005653726790039594,0.004134595874414455,0.9934720633611592,0.00652793663884077,0.49080216944622757,0.002947274467645866,0.0034069164544006103,0.004483909616563614,0.005161940779918699,0.004937187382726054,0.0027427833078425595,0.5036894289215199,0.009318543606719342,0.004834633990155728,0.004156602826800642,0.004381356223993288,0.0006780311633550855,0.14024456964802112,0.0004532777661624401,0.09375637681888704,0.004483909616563614,0.009569234142805782,0.0129314401209152,0.0,0.0,0.009318543606719342,0.004834633990155728,0.00025069053608644046,0.0036128965141958586,0.004583943454069287,0.9481469462637925,0.0012217374759598693,0.25270526754405165
17,2000,5,1.0,1.0,1.0,1.0,3,True,10,0.6,0.154,0.5035,0.009318543606719342,baseline_oracle_kmeans,,0.3846218002967366,0.6597955338158653,0.6597955338158652,0.24814377889793507,0.9960089807445521,0.6958236605101252,0.6466588067175375,0.009038883191563244,0.9909611168084368,1.0,0.40441921492687594,0.06827898687284684,0.004483909616563614,-0.006595329389039534,-0.003301189377952224,0.0,0.0,0.009318543606719342,0.004834633990155728,0.015913872995758874,0.012619732984671566,-0.011079239005603146,-2.291639662518956,-0.0077850989945158384,-1.6102768090341155,0.004483909616563614,0.009569234142805782,0.0129314401209152,0.0,0.0,0.009318543606719342,0.004834633990155728,0.00025069053608644046,0.0036128965141958586,0.004583943454069287,0.9481469462637925,0.0012217374759598693,0.25270526754405165
17,2000,5,1.0,1.0,1.0,1.0,3,True,10,0.6,0.154,0.5035,0.009318543606719342,baseline_oracle_quantile,,0.07810169085159273,0.2715073015045277,0.2715073015045277,0.8939155255294929,0.0025308347264907725,0.0023962211441159406,0.29961419380003323,0.9960689071453342,0.003931092854665752,1.0,0.47456687251783447,0.07774681406629647,0.004483909616563614,0.004253109256431339,0.002727626412575075,0.0,0.0,0.009318543606719342,0.004834633990155728,0.005065434350288002,0.006590917194144267,-0.00023080036013227445,-0.04773895202868084,-0.0017562832039885387,-0.36327118196841357,0.004483909616563614,0.009569234142805782,0.0129314401209152,0.0,0.0,0.009318543606719342,0.004834633990155728,0.00025069053608644046,0.0036128965141958586,0.004583943454069287,0.9481469462637925,0.0012217374759598693,0.25270526754405165
18,2000,5,1.0,1.0,1.0,1.0,3,True,10,0.6,0.142,0.524,0.008532688427837802,1A_predicted_prob,,0.023264529192062015,0.07562741669045926,0.07562741669045926,0.1597895537891194,0.02067698628051699,0.0469675473080697,0.07581136245923537,0.9816992604783451,0.018300739521654896,0.8197180968683635,0.2539606500359606,0.037968057578530834,0.019208010558789457,-0.0054562435787978494,0.009544433938804737,0.0003588008114444519,0.17860822976950969,0.008532688427837802,0.010675322130951655,0.013988932006635651,0.001011745510966935,-0.003313609875683996,-0.31039905260344614,0.00966357661998472,0.9052257628803991,0.019208010558789457,0.015909649727038108,0.014362963817707138,0.000782689961262911,0.1342164976510588,0.008532688427837802,0.010675322130951655,0.0073769612992003065,0.005830275389869336,0.0032983608317513485,0.30897061384107527,0.004845046741082319,0.453854851558508
18,2000,5,1.0,1.0,1.0,1.0,3,True,10,0.6,0.142,0.524,0.008532688427837802,1B_residual,,0.027148645429983163,0.08632281221969082,0.08632281221969083,0.18444304386644952,0.0274474551484645,0.05608991682745166,0.08932680528078857,0.9766379795841074,0.023362020415892637,1.0,0.2824040637505919,0.024986314409044974,0.019208010558789457,-0.028376059398472174,-0.0022711169401549726,0.0,0.0,0.008532688427837802,0.010675322130951655,0.03690874782630998,0.010803805367992775,-0.026233425695358324,-2.457389610688941,-0.0001284832370411198,-0.01203553723860007,0.019208010558789457,0.015909649727038108,0.014362963817707138,0.000782689961262911,0.1342164976510588,0.008532688427837802,0.010675322130951655,0.0073769612992003065,0.005830275389869336,0.0032983608317513485,0.30897061384107527,0.004845046741082319,0.453854851558508
18,2000,5,1.0,1.0,1.0,1.0,3,True,10,0.6,0.142,0.524,0.008532688427837802,1C_cv_decision,,0.023264529192062015,0.07562741669045926,0.07562741669045926,0.1597895537891194,0.02067698628051699,0.0469675473080697,0.07581136245923537,0.9816992604783451,0.018300739521654896,0.8197180968683635,0.2539606500359606,0.037968057578530834,0.019208010558789457,-0.0054562435787978494,0.009544433938804737,0.0003588008114444519,0.17860822976950969,0.008532688427837802,0.010675322130951655,0.013988932006635651,0.001011745510966935,-0.003313609875683996,-0.31039905260344614,0.00966357661998472,0.9052257628803991,0.019208010558789457,0.015909649727038108,0.014362963817707138,0.000782689961262911,0.1342164976510588,0.008532688427837802,0.010675322130951655,0.0073769612992003065,0.005830275389869336,0.0032983608317513485,0.30897061384107527,0.004845046741082319,0.453854851558508
18,2000,5,1.0,1.0,1.0,1.0,3,True,10,0.6,0.142,0.524,0.008532688427837802,PS_propensity_score,,0.014560080999148805,0.04871174677009599,0.048711746770095994,0.0791518440195341,0.009506182917839922,0.040745180493769545,0.043134402477047855,0.9897845585908457,0.010215441409154313,1.0,0.13991611466921594,0.007994648152479078,0.019208010558789457,-0.0005958009514026742,0.0062167869410709505,0.0,0.0,0.008532688427837802,0.010675322130951655,0.009128489379240476,0.002315901486766851,0.0015468327517111791,0.144897993028833,0.008359420644184804,0.7830602713100143,0.019208010558789457,0.015909649727038108,0.014362963817707138,0.000782689961262911,0.1342164976510588,0.008532688427837802,0.010675322130951655,0.0073769612992003065,0.005830275389869336,0.0032983608317513485,0.30897061384107527,0.004845046741082319,0.453854851558508
18,2000,5,1.0,1.0,1.0,1.0,3,True,10,0.6,0.142,0.524,0.008532688427837802,GMM,,0.00922102102269116,0.048175329605978263,0.04817532960597826,0.12625273200973683,0.01407843011617173,0.007075665883404287,0.04913560933643762,0.986465155018415,0.01353484498158497,0.40775928641799086,0.06921674178756576,0.11633239823746622,0.019208010558789457,0.021036753895841406,0.00988487415730649,0.004394952552929923,0.638617503317753,0.008532688427837802,0.010675322130951655,0.012504065468003605,0.0013521857294686891,-0.0018287433370519496,-0.17130568189129902,0.009323136401482966,0.8733353698481652,0.019208010558789457,0.015909649727038108,0.014362963817707138,0.000782689961262911,0.1342164976510588,0.008532688427837802,0.010675322130951655,0.0073769612992003065,0.005830275389869336,0.0032983608317513485,0.30897061384107527,0.004845046741082319,0.453854851558508
18,2000,5,1.0,1.0,1.0,1.0,3,True,10,0.6,0.142,0.524,0.008532688427837802,Prognostic_score,,0.01761051343273959,0.05549956806977896,0.055499568069778966,0.06935588562049891,0.04863042928811117,0.026261888946812053,0.048082734618474045,0.9612210179915411,0.03877898200845886,0.369165757014954,0.12748289913850752,0.1753394219461346,0.019208010558789457,0.004108302020590683,0.016149718500856072,0.0027500475620673447,0.5886317614457567,0.008532688427837802,0.010675322130951655,0.004424386407247119,0.007617030073018271,0.006250935723704536,0.585550079615939,0.0030582920579333844,0.286482414340105,0.019208010558789457,0.015909649727038108,0.014362963817707138,0.000782689961262911,0.1342164976510588,0.008532688427837802,0.010675322130951655,0.0073769612992003065,0.005830275389869336,0.0032983608317513485,0.30897061384107527,0.004845046741082319,0.453854851558508
18,2000,5,1.0,1.0,1.0,1.0,3,True,10,0.6,0.142,0.524,0.008532688427837802,2A_PCA_cum60,,0.007587142059679152,0.04423109996434711,0.04423109996434711,0.10698165069063484,0.03508488224506998,0.002660321226781983,0.04824228472082893,0.9708775684380428,0.02912243156195715,0.564916961574295,0.07489436171819808,0.23974382745688172,0.019208010558789457,0.013685035771624993,0.021290271752054918,0.0013378599980423114,0.37800130328860987,0.008532688427837802,0.010675322130951655,0.005152347343787191,0.012757583324217116,0.005522974787164464,0.51735907539046,-0.002082261193265461,-0.19505371057874,0.019208010558789457,0.015909649727038108,0.014362963817707138,0.000782689961262911,0.1342164976510588,0.008532688427837802,0.010675322130951655,0.0073769612992003065,0.005830275389869336,0.0032983608317513485,0.30897061384107527,0.004845046741082319,0.453854851558508
18,2000,5,1.0,1.0,1.0,1.0,3,True,10,0.6,0.142,0.524,0.008532688427837802,2B_clustering,,0.028064196176641024,0.09321649870629725,0.09321649870629724,0.24648907894809174,0.01058009553855549,0.06365496573117786,0.10690804673927502,0.9889934695895274,0.011006530410472615,0.5434102878994439,0.20791380136958748,0.1711202863528738,0.019208010558789457,0.0016314011452896945,0.012324350161160697,0.001402689175109628,0.41909341972370684,0.008532688427837802,0.010675322130951655,0.006901287282548107,0.0037916617333228955,0.003774034848403548,0.3535288960940338,0.0068836603976287596,0.6448199232949154,0.019208010558789457,0.015909649727038108,0.014362963817707138,0.000782689961262911,0.1342164976510588,0.008532688427837802,0.010675322130951655,0.0073769612992003065,0.005830275389869336,0.0032983608317513485,0.30897061384107527,0.004845046741082319,0.453854851558508
18,2000,5,1.0,1.0,1.0,1.0,3,True,10,0.6,0.142,0.524,0.008532688427837802,baseline_random,,0.0002866669840719843,0.017576318483916782,0.01757631848391678,0.0008380000246414444,0.000867407571662802,0.002632413164657513,0.0014459402536539199,0.9960367485389121,0.003963251461087891,1.0,0.0017439282350845131,0.0023063221213394103,0.019208010558789457,0.019386330237894656,0.01806248621378572,0.0,0.0,0.008532688427837802,0.010675322130951655,0.010853641810056854,0.00952979778594792,-0.00017831967910519886,-0.01670391552758721,0.0011455243450037358,0.10730583404902061,0.019208010558789457,0.015909649727038108,0.014362963817707138,0.000782689961262911,0.1342164976510588,0.008532688427837802,0.010675322130951655,0.0073769612992003065,0.005830275389869336,0.0032983608317513485,0.30897061384107527,0.004845046741082319,0.453854851558508
18,2000,5,1.0,1.0,1.0,1.0,3,True,10,0.6,0.142,0.524,0.008532688427837802,baseline_oracle_kmeans,,0.3490706582233345,0.6232800124880573,0.6232800124880573,0.3472066477258219,0.969226688163286,0.6525055106390986,0.6563129488427356,0.04766623986868611,0.9523337601313139,1.0,0.34232318370789194,0.01444955377701218,0.019208010558789457,-0.0014396691107860225,-0.0021853431502086166,0.0,0.0,0.008532688427837802,0.010675322130951655,0.009972357538623824,0.01071803157804642,0.0007029645923278312,0.06584949697111997,-4.270944709476414e-05,-0.00400076424588014,0.019208010558789457,0.015909649727038108,0.014362963817707138,0.000782689961262911,0.1342164976510588,0.008532688427837802,0.010675322130951655,0.0073769612992003065,0.005830275389869336,0.0032983608317513485,0.30897061384107527,0.004845046741082319,0.453854851558508
18,2000,5,1.0,1.0,1.0,1.0,3,True,10,0.6,0.142,0.524,0.008532688427837802,baseline_oracle_quantile,,0.11041376862357709,0.3447757092448336,0.3447757092448336,0.9068996892808361,0.006037030765716105,0.002821821148762703,0.30525284706510497,0.9922999982703086,0.00770000172969143,0.5701548784093586,0.44026353452209066,0.007696023580385014,0.019208010558789457,0.0067537119259592875,0.009306680088304537,0.0013555237525331551,0.4815673823800267,0.008532688427837802,0.010675322130951655,0.0017789765018785143,0.000773991660466735,0.00889634562907314,0.8333561760426309,0.00990133047048492,0.9274971142816711,0.019208010558789457,0.015909649727038108,0.014362963817707138,0.000782689961262911,0.1342164976510588,0.008532688427837802,0.010675322130951655,0.0073769612992003065,0.005830275389869336,0.0032983608317513485,0.30897061384107527,0.004845046741082319,0.453854851558508
19,2000,5,1.0,1.0,1.0,1.0,3,True,10,0.6,0.157,0.4985,0.008286218736917391,1A_predicted_prob,,0.019971397599319228,0.07481645142285215,0.07481645142285216,0.12994879186346756,0.007355099934017439,0.05293818121533707,0.06341402433760736,0.9946813514508264,0.005318648549173632,1.0,0.22770135777814005,0.041049379773407946,0.0033040528648458356,0.0012441150532863654,-0.00416813186513949,0.0,0.0,0.008286218736917391,0.004982165872071556,0.007042103683631026,0.012454350602056881,-0.00205993781155947,-0.4134623102588433,-0.007472184729985325,-1.4997864225822002,0.0033040528648458356,0.002900832777193448,0.0036466253485526066,0.0,0.0,0.008286218736917391,0.004982165872071556,0.005385385959723944,0.004639593388364785,-0.0004032200876523881,-0.08093269032103323,0.000342572483706771,0.06875975077970087
19,2000,5,1.0,1.0,1.0,1.0,3,True,10,0.6,0.157,0.4985,0.008286218736917391,1B_residual,,0.0212293306901241,0.07900874718754418,0.07900874718754418,0.1562614990704205,0.005865015404283573,0.06539381815859384,0.07584011087776597,0.9957576560460509,0.004242343953949068,1.0,0.26242376538640955,0.020885684317628384,0.0033040528648458356,-0.005014886381545789,-0.0013492454874359085,0.0,0.0,0.008286218736917391,0.004982165872071556,0.01330110511846318,0.0096354642243533,-0.008318939246391625,-1.6697435332342034,-0.004653298352281744,-0.933991053643288,0.0033040528648458356,0.002900832777193448,0.0036466253485526066,0.0,0.0,0.008286218736917391,0.004982165872071556,0.005385385959723944,0.004639593388364785,-0.0004032200876523881,-0.08093269032103323,0.000342572483706771,0.06875975077970087
19,2000,5,1.0,1.0,1.0,1.0,3,True,10,0.6,0.157,0.4985,0.008286218736917391,1C_cv_decision,,0.019971397599319228,0.07481645142285215,0.07481645142285216,0.12994879186346756,0.007355099934017439,0.05293818121533707,0.06341402433760736,0.9946813514508264,0.005318648549173632,1.0,0.22770135777814005,0.041049379773407946,0.0033040528648458356,0.0012441150532863654,-0.00416813186513949,0.0,0.0,0.008286218736917391,0.004982165872071556,0.007042103683631026,0.012454350602056881,-0.00205993781155947,-0.4134623102588433,-0.007472184729985325,-1.4997864225822002,0.0033040528648458356,0.002900832777193448,0.0036466253485526066,0.0,0.0,0.008286218736917391,0.004982165872071556,0.005385385959723944,0.004639593388364785,-0.0004032200876523881,-0.08093269032103323,0.000342572483706771,0.06875975077970087
19,2000,5,1.0,1.0,1.0,1.0,3,True,10,0.6,0.157,0.4985,0.008286218736917391,PS_propensity_score,,0.0036163530212443133,0.022810191142373724,0.022810191142373724,0.008808682553014747,0.016213983619498547,0.008083103846485454,0.011035256672999582,0.9882075925921159,0.01179240740788412,1.0,0.0010140336943217365,0.1950581259406422,0.0033040528648458356,0.006063983321242853,0.004836581200545084,0.0,0.0,0.008286218736917391,0.004982165872071556,0.0022222354156745385,0.003449637536372307,0.0027599304563970172,0.5539619770325821,0.0015325283356992488,0.30760283279409006,0.0033040528648458356,0.002900832777193448,0.0036466253485526066,0.0,0.0,0.008286218736917391,0.004982165872071556,0.005385385959723944,0.004639593388364785,-0.0004032200876523881,-0.08093269032103323,0.000342572483706771,0.06875975077970087
19,2000,5,1.0,1.0,1.0,1.0,3,True,10,0.6,0.157,0.4985,0.008286218736917391,GMM,,0.008140740420813173,0.039964192456631395,0.0399641924566314,0.045391925966045216,0.009741868485988313,0.0013268559606465777,0.018820216804226703,0.9929429108263867,0.007057089173613251,1.0,0.035836535721935237,0.07617568241175965,0.0033040528648458356,0.0038111822855113556,0.00779136803375319,0.0,0.0,0.008286218736917391,0.004982165872071556,0.004475036451406036,0.0004948507031642011,0.00050712942066552,0.10178894755558565,0.004487315168907355,0.9006755865078324,0.0033040528648458356,0.002900832777193448,0.0036466253485526066,0.0,0.0,0.008286218736917391,0.004982165872071556,0.005385385959723944,0.004639593388364785,-0.0004032200876523881,-0.08093269032103323,0.000342572483706771,0.06875975077970087
19,2000,5,1.0,1.0,1.0,1.0,3,True,10,0.6,0.157,0.4985,0.008286218736917391,Prognostic_score,,0.016069936951868206,0.06786416096689113,0.06786416096689113,0.1250038847298663,0.00402191433419433,0.04143090919663987,0.056818902753566825,0.9970935634910055,0.00290643650899447,1.0,0.21437721317067193,0.052143906266403195,0.0033040528648458356,-0.0018819818099999148,-0.0009477711855438555,0.0,0.0,0.008286218736917391,0.004982165872071556,0.010168200546917305,0.009233989922461248,-0.0051860346748457496,-1.0409197140378281,-0.004251824050389692,-0.8534087703149491,0.0033040528648458356,0.002900832777193448,0.0036466253485526066,0.0,0.0,0.008286218736917391,0.004982165872071556,0.005385385959723944,0.004639593388364785,-0.0004032200876523881,-0.08093269032103323,0.000342572483706771,0.06875975077970087
19,2000,5,1.0,1.0,1.0,1.0,3,True,10,0.6,0.157,0.4985,0.008286218736917391,2A_PCA_cum60,,0.018597171537284275,0.05936726476294036,0.05936726476294036,0.02207565376791543,0.022792064496597365,0.03957732844637013,0.028148348903627645,0.983454630161755,0.01654536983824495,1.0,0.010716217898904867,0.03439901039555093,0.0033040528648458356,0.00849987801345519,0.004682291990486689,0.0,0.0,0.008286218736917391,0.004982165872071556,0.00021365927653779933,0.0036039267464307023,0.0047685065955337565,0.9571151820264545,0.0013782391256408535,0.27663453225570545,0.0033040528648458356,0.002900832777193448,0.0036466253485526066,0.0,0.0,0.008286218736917391,0.004982165872071556,0.005385385959723944,0.004639593388364785,-0.0004032200876523881,-0.08093269032103323,0.000342572483706771,0.06875975077970087
19,2000,5,1.0,1.0,1.0,1.0,3,True,10,0.6,0.157,0.4985,0.008286218736917391,2B_clustering,,0.02787805487659747,0.09752221923205905,0.09752221923205905,0.2620382092816248,0.016699923554291063,0.05424085803689496,0.1109929969576036,0.987901191701995,0.012098808298005026,1.0,0.14763032244178476,0.141259183408187,0.0033040528648458356,-0.0009143474068300253,-0.0003542384624453277,0.0,0.0,0.008286218736917391,0.004982165872071556,0.009200566143747417,0.00864045719936272,-0.004218400271675861,-0.8467000858648399,-0.003658291327291164,-0.734277304535039,0.0033040528648458356,0.002900832777193448,0.0036466253485526066,0.0,0.0,0.008286218736917391,0.004982165872071556,0.005385385959723944,0.004639593388364785,-0.0004032200876523881,-0.08093269032103323,0.000342572483706771,0.06875975077970087
19,2000,5,1.0,1.0,1.0,1.0,3,True,10,0.6,0.157,0.4985,0.008286218736917391,baseline_random,,-0.0018051133317677935,0.015717174262598728,0.015717174262598728,0.0068151225787152535,0.0029256672281298165,0.0007524986100292321,0.0034977628056247676,0.9978849228642349,0.0021150771357650866,0.6505819577973422,0.002444068809322464,0.005900723508090233,0.0033040528648458356,0.0010732354566965023,0.0036533415965503053,0.001613667486118459,0.37397252824834404,0.008286218736917391,0.004982165872071556,0.007212983280220889,0.0046328771403670865,-0.0022308174081493333,-0.44776056547105125,0.00034928873170446927,0.07010780866660249,0.0033040528648458356,0.002900832777193448,0.0036466253485526066,0.0,0.0,0.008286218736917391,0.004982165872071556,0.005385385959723944,0.004639593388364785,-0.0004032200876523881,-0.08093269032103323,0.000342572483706771,0.06875975077970087
19,2000,5,1.0,1.0,1.0,1.0,3,True,10,0.6,0.157,0.4985,0.008286218736917391,baseline_oracle_kmeans,,0.3703946329815638,0.6309628889985605,0.6309628889985603,0.3751619676924653,0.9660248640994565,0.6505794392313252,0.6639220903410824,0.04998005453091027,0.9500199454690897,1.0,0.4829526087140348,0.06139531625228878,0.0033040528648458356,-0.009189950730743019,-0.0027441267082478006,0.0,0.0,0.008286218736917391,0.004982165872071556,0.01747616946766041,0.011030345445165192,-0.012494003595588854,-2.507745409607151,-0.006048179573093636,-1.2139659193199117,0.0033040528648458356,0.002900832777193448,0.0036466253485526066,0.0,0.0,0.008286218736917391,0.004982165872071556,0.005385385959723944,0.004639593388364785,-0.0004032200876523881,-0.08093269032103323,0.000342572483706771,0.06875975077970087
19,2000,5,1.0,1.0,1.0,1.0,3,True,10,0.6,0.157,0.4985,0.008286218736917391,baseline_oracle_quantile,,0.0943545492900658,0.3070014698118394,0.3070014698118394,0.8897931477441129,0.007884885322233932,0.010421805591853668,0.30269994621940016,0.9942955174123684,0.005704482587631565,1.0,0.47430312682539233,0.0499651945427102,0.0033040528648458356,-0.009375179800551865,0.007278951312900613,0.0,0.0,0.008286218736917391,0.004982165872071556,0.01766139853746926,0.0010072674240167783,-0.012679232665397703,-2.5449238325189985,0.0039748984480547775,0.7978253936378954,0.0033040528648458356,0.002900832777193448,0.0036466253485526066,0.0,0.0,0.008286218736917391,0.004982165872071556,0.005385385959723944,0.004639593388364785,-0.0004032200876523881,-0.08093269032103323,0.000342572483706771,0.06875975077970087
20,2000,5,1.0,1.0,1.0,1.0,3,True,10,0.6,0.1525,0.49,0.008607531468779331,1A_predicted_prob,,0.014827901892409052,0.05001214219620856,0.05001214219620856,0.0547081702309173,0.014383631276413986,0.027500999223904966,0.03219760024374541,0.987649815544299,0.012350184455701019,1.0,0.14554843084277924,0.015173868863400108,0.009176441397636459,0.008774977191666275,0.0036340237193318433,0.0,0.0,0.008607531468779331,0.0005689099288571278,0.00016744572288694345,0.004973507749447488,0.0004014642059701843,0.7056727007325712,-0.00440459782059036,-7.742170767591755,0.009176441397636459,0.008515398508674894,0.004167485561740652,0.0,0.0,0.008607531468779331,0.0005689099288571278,9.21329601044369e-05,0.0044400459070386795,0.00047677696875269085,0.838053520546704,-0.0038711359781815518,-6.8044795526037
20,2000,5,1.0,1.0,1.0,1.0,3,True,10,0.6,0.1525,0.49,0.008607531468779331,1B_residual,,0.018410482762989608,0.06088093062493459,0.06088093062493459,0.08433974744902253,0.017416489940229096,0.05174336535152878,0.0511665342469268,0.9854488963386073,0.014551103661392673,1.0,0.20531792533739113,0.008533092797494146,0.009176441397636459,0.015615826156965404,0.001363490076194142,0.0,0.0,0.008607531468779331,0.0005689099288571278,0.007008294688186072,0.00724404139258519,-0.006439384759328945,-11.318812403687348,-0.006675131463728062,-11.733195581834202,0.009176441397636459,0.008515398508674894,0.004167485561740652,0.0,0.0,0.008607531468779331,0.0005689099288571278,9.21329601044369e-05,0.0044400459070386795,0.00047677696875269085,0.838053520546704,-0.0038711359781815518,-6.8044795526037
20,2000,5,1.0,1.0,1.0,1.0,3,True,10,0.6,0.1525,0.49,0.008607531468779331,1C_cv_decision,,0.014827901892409052,0.05001214219620856,0.05001214219620856,0.0547081702309173,0.014383631276413986,0.027500999223904966,0.03219760024374541,0.987649815544299,0.012350184455701019,1.0,0.14554843084277924,0.015173868863400108,0.009176441397636459,0.008774977191666275,0.0036340237193318433,0.0,0.0,0.008607531468779331,0.0005689099288571278,0.00016744572288694345,0.004973507749447488,0.0004014642059701843,0.7056727007325712,-0.00440459782059036,-7.742170767591755,0.009176441397636459,0.008515398508674894,0.004167485561740652,0.0,0.0,0.008607531468779331,0.0005689099288571278,9.21329601044369e-05,0.0044400459070386795,0.00047677696875269085,0.838053520546704,-0.0038711359781815518,-6.8044795526037
20,2000,5,1.0,1.0,1.0,1.0,3,True,10,0.6,0.1525,0.49,0.008607531468779331,PS_propensity_score,,-0.0004424001954554248,0.013195970905228274,0.013195970905228276,0.004748004727222481,0.003470216629211593,0.005302369832342355,0.0045068637295921435,0.995545164637558,0.004454835362441956,0.9171576326752189,0.004398547680263931,0.01808080577076865,0.009176441397636459,0.009166447458202727,0.008575431423421221,0.00027782600270104285,0.09121964507812463,0.008607531468779331,0.0005689099288571278,0.0005589159894233958,3.210004535810981e-05,9.993939433732002e-06,0.017566821963906687,0.0005368098834990179,0.9435762258138208,0.009176441397636459,0.008515398508674894,0.004167485561740652,0.0,0.0,0.008607531468779331,0.0005689099288571278,9.21329601044369e-05,0.0044400459070386795,0.00047677696875269085,0.838053520546704,-0.0038711359781815518,-6.8044795526037
20,2000,5,1.0,1.0,1.0,1.0,3,True,10,0.6,0.1525,0.49,0.008607531468779331,GMM,,0.01225925627876214,0.0438376088388762,0.0438376088388762,0.10919031232458089,0.008183652347288496,0.01071168720561258,0.04269521729249399,0.9921300161112729,0.007869983888727061,1.0,0.03991261222731379,0.10077136556413213,0.009176441397636459,0.013493714982757593,0.009058880230988303,0.0,0.0,0.008607531468779331,0.0005689099288571278,0.0048861835139782615,0.000451348762208972,-0.004317273585121134,-7.5886768118004575,0.00011756116664815575,0.20664284570375158,0.009176441397636459,0.008515398508674894,0.004167485561740652,0.0,0.0,0.008607531468779331,0.0005689099288571278,9.21329601044369e-05,0.0044400459070386795,0.00047677696875269085,0.838053520546704,-0.0038711359781815518,-6.8044795526037
20,2000,5,1.0,1.0,1.0,1.0,3,True,10,0.6,0.1525,0.49,0.008607531468779331,Prognostic_score,,0.014895602226940467,0.052395243149001874,0.05239524314900187,0.08681418258844019,0.008099820622359895,0.027268741431622303,0.04072758154747413,0.9921754294006568,0.007824570599343161,1.0,0.14431570377772096,0.002668281700727082,0.009176441397636459,0.009955333213986364,0.006291870858557664,0.0,0.0,0.008607531468779331,0.0005689099288571278,0.0013478017452070324,0.0023156606102216672,-0.0007788918163499046,-1.3690951358760874,-0.0017467506813645395,-3.070346627406474,0.009176441397636459,0.008515398508674894,0.004167485561740652,0.0,0.0,0.008607531468779331,0.0005689099288571278,9.21329601044369e-05,0.0044400459070386795,0.00047677696875269085,0.838053520546704,-0.0038711359781815518,-6.8044795526037
20,2000,5,1.0,1.0,1.0,1.0,3,True,10,0.6,0.1525,0.49,0.008607531468779331,2A_PCA_cum60,,0.0109243813816406,0.03940936214759865,0.03940936214759866,0.016619596451442363,0.053608465758976764,0.004138526375755842,0.024788862862058326,0.958604544499254,0.04139545550074597,0.5207643395739759,0.013605235370474533,0.13947602340186926,0.009176441397636459,0.007864436249078243,0.0019503891687021626,0.002842596786424137,0.5227417582160688,0.008607531468779331,0.0005689099288571278,0.0007430952197010881,0.006657142300077168,-0.00017418529084396034,-0.3061737579336641,-0.006088232371220041,-10.70157517456335,0.009176441397636459,0.008515398508674894,0.004167485561740652,0.0,0.0,0.008607531468779331,0.0005689099288571278,9.21329601044369e-05,0.0044400459070386795,0.00047677696875269085,0.838053520546704,-0.0038711359781815518,-6.8044795526037
20,2000,5,1.0,1.0,1.0,1.0,3,True,10,0.6,0.1525,0.49,0.008607531468779331,2B_clustering,,0.027830925944936916,0.07884840735698434,0.07884840735698434,0.14471803192825547,0.04275208756829747,0.0414376214194761,0.07630258030534302,0.9669758981341583,0.033024101865841704,0.8367395369453122,0.09227271926562775,0.1614795047312536,0.009176441397636459,0.012272400819023529,0.0060829209102917494,0.0006682058834671425,0.20930805245996725,0.008607531468779331,0.0005689099288571278,0.0036648693502441976,0.0025246105584875818,-0.00309595942138707,-5.441914904889221,-0.001955700629630454,-3.437627874695777,0.009176441397636459,0.008515398508674894,0.004167485561740652,0.0,0.0,0.008607531468779331,0.0005689099288571278,9.21329601044369e-05,0.0044400459070386795,0.00047677696875269085,0.838053520546704,-0.0038711359781815518,-6.8044795526037
20,2000,5,1.0,1.0,1.0,1.0,3,True,10,0.6,0.1525,0.49,0.008607531468779331,baseline_random,,0.0012173448340475825,0.01753250724768763,0.01753250724768763,0.006687333410055435,0.001652766971693051,0.006878443387210455,0.005072847922986314,0.9968556752777868,0.0031443247222131543,1.0,0.006412619573733291,0.006879667479977369,0.009176441397636459,0.008800776686490909,0.008561185777973733,0.0,0.0,0.008607531468779331,0.0005689099288571278,0.0001932452177115778,4.634569080559821e-05,0.00037566471114554995,0.6603237034379337,0.0005225642380515295,0.9185359782721648,0.009176441397636459,0.008515398508674894,0.004167485561740652,0.0,0.0,0.008607531468779331,0.0005689099288571278,9.21329601044369e-05,0.0044400459070386795,0.00047677696875269085,0.838053520546704,-0.0038711359781815518,-6.8044795526037
20,2000,5,1.0,1.0,1.0,1.0,3,True,10,0.6,0.1525,0.49,0.008607531468779331,baseline_oracle_kmeans,,0.385892264414284,0.6581909253086762,0.6581909253086762,0.2444700161481805,0.996014222457525,0.720794784784247,0.6537596744633175,0.008760105291765468,0.9912398947082345,1.0,0.387027770473908,0.03212344931406219,0.009176441397636459,0.01280590429887112,0.0011677701821800849,2.6458599639103592e-05,0.013218395405461008,0.008607531468779331,0.0005689099288571278,0.004198372830091789,0.0074397612865992465,-0.0036294629012346615,-6.379679307980826,-0.006870851357742119,-12.077221734457755,0.009176441397636459,0.008515398508674894,0.004167485561740652,0.0,0.0,0.008607531468779331,0.0005689099288571278,9.21329601044369e-05,0.0044400459070386795,0.00047677696875269085,0.838053520546704,-0.0038711359781815518,-6.8044795526037
20,2000,5,1.0,1.0,1.0,1.0,3,True,10,0.6,0.1525,0.49,0.008607531468779331,baseline_oracle_quantile,,0.10201834774352041,0.32634506115938205,0.32634506115938205,0.8981906986917919,0.002902605730478493,0.00026905800778348504,0.300454120810018,0.9959480276641374,0.00405197233586263,1.0,0.3915830500788464,0.047152657606339465,0.009176441397636459,0.0074973623274046585,0.014683050530657552,0.0,0.0,0.008607531468779331,0.0005689099288571278,0.0011101691413746726,0.006075519061878221,-0.0005412592125175449,-0.9513970227323509,-0.005506609133021093,-9.679228386966658,0.009176441397636459,0.008515398508674894,0.004167485561740652,0.0,0.0,0.008607531468779331,0.0005689099288571278,9.21329601044369e-05,0.0044400459070386795,0.00047677696875269085,0.838053520546704,-0.0038711359781815518,-6.8044795526037
21,2000,5,1.0,1.0,1.0,1.0,3,True,10,0.6,0.1505,0.5125,0.008840758378175221,1A_predicted_prob,,0.025325243430482966,0.08215672636238293,0.08215672636238293,0.20676254457705306,0.020437959645225698,0.04894484483037886,0.09204844968421921,0.9844113848062002,0.015588615193799837,1.0,0.25160450649074406,0.09041057337319769,0.03883105198894671,0.016742036250207322,0.011910419725274263,0.0,0.0,0.008840758378175221,0.029990293610771487,0.007901277872032101,0.003069661347099042,0.022089015738739386,0.7365388290431998,0.026920632263672445,0.8976448384621175,0.03883105198894671,0.03520832654310698,0.038531774817712396,0.00017513562390277757,0.03378465866664541,0.008840758378175221,0.029990293610771487,0.02636756816493176,0.029691016439537175,0.0036227254458397265,0.12079659815462984,0.000299277171234312,0.009979134419905167
21,2000,5,1.0,1.0,1.0,1.0,3,True,10,0.6,0.1505,0.5125,0.008840758378175221,1B_residual,,0.026724612770415233,0.08709098881049719,0.08709098881049718,0.22378451835003388,0.02050008944210608,0.07383946073178528,0.10604135617464173,0.9843948343862107,0.015605165613789329,1.0,0.31784504404371816,0.05434924640029448,0.03883105198894671,-0.008161380319436034,-0.00031179307296615736,0.0,0.0,0.008840758378175221,0.029990293610771487,0.017002138697611253,0.009152551451141378,0.012988154913160233,0.4330786180931331,0.020837742159630107,0.6948162105403966,0.03883105198894671,0.03520832654310698,0.038531774817712396,0.00017513562390277757,0.03378465866664541,0.008840758378175221,0.029990293610771487,0.02636756816493176,0.029691016439537175,0.0036227254458397265,0.12079659815462984,0.000299277171234312,0.009979134419905167
21,2000,5,1.0,1.0,1.0,1.0,3,True,10,0.6,0.1505,0.5125,0.008840758378175221,1C_cv_decision,,0.025325243430482966,0.08215672636238293,0.08215672636238293,0.20676254457705306,0.020437959645225698,0.04894484483037886,0.09204844968421921,0.9844113848062002,0.015588615193799837,1.0,0.25160450649074406,0.09041057337319769,0.03883105198894671,0.016742036250207322,0.011910419725274263,0.0,0.0,0.008840758378175221,0.029990293610771487,0.007901277872032101,0.003069661347099042,0.022089015738739386,0.7365388290431998,0.026920632263672445,0.8976448384621175,0.03883105198894671,0.03520832654310698,0.038531774817712396,0.00017513562390277757,0.03378465866664541,0.008840758378175221,0.029990293610771487,0.02636756816493176,0.029691016439537175,0.0036227254458397265,0.12079659815462984,0.000299277171234312,0.009979134419905167
21,2000,5,1.0,1.0,1.0,1.0,3,True,10,0.6,0.1505,0.5125,0.008840758378175221,PS_propensity_score,,0.01729732300971118,0.06171105643469094,0.06171105643469095,0.03629935312531405,0.015658811119034527,0.08517008065617541,0.04570941496684133,0.9878846069742896,0.012115393025710408,1.0,0.13861701770967438,0.003473854538974752,0.03883105198894671,0.02419859431135709,0.008183003395259653,0.0,0.0,0.008840758378175221,0.029990293610771487,0.015357835933181869,0.0006577549829155684,0.014632457677589618,0.4879064495832125,0.02933253862785592,0.978067737800362,0.03883105198894671,0.03520832654310698,0.038531774817712396,0.00017513562390277757,0.03378465866664541,0.008840758378175221,0.029990293610771487,0.02636756816493176,0.029691016439537175,0.0036227254458397265,0.12079659815462984,0.000299277171234312,0.009979134419905167
21,2000,5,1.0,1.0,1.0,1.0,3,True,10,0.6,0.1505,0.5125,0.008840758378175221,GMM,,0.010143004274669661,0.03667706483396224,0.03667706483396225,0.08355375508950351,0.014031228571604276,0.010641146272647119,0.03607537664458497,0.9890824319488639,0.010917568051136084,0.8137402309747365,0.06776759911769459,0.163227912232923,0.03883105198894671,0.02877399957193628,0.032168005232352644,0.00032539368347705424,0.11424268645170135,0.008840758378175221,0.029990293610771487,0.01993324119376106,0.023327246854177423,0.010057052417010427,0.3353435797440235,0.006663046756594064,0.22217344194992894,0.03883105198894671,0.03520832654310698,0.038531774817712396,0.00017513562390277757,0.03378465866664541,0.008840758378175221,0.029990293610771487,0.02636756816493176,0.029691016439537175,0.0036227254458397265,0.12079659815462984,0.000299277171234312,0.009979134419905167
21,2000,5,1.0,1.0,1.0,1.0,3,True,10,0.6,0.1505,0.5125,0.008840758378175221,Prognostic_score,,0.022232861659806886,0.07698903323493236,0.07698903323493235,0.18604983838248548,0.021359275713089456,0.05042198351260832,0.08594369920272775,0.9837242513464826,0.01627574865351744,1.0,0.24847766224672907,0.062474073229514704,0.03883105198894671,0.01648753284767817,0.013162031320316105,0.0,0.0,0.008840758378175221,0.029990293610771487,0.007646774469502949,0.004321272942140884,0.022343519141268538,0.7450250214703971,0.025669020668630603,0.8559109491149219,0.03883105198894671,0.03520832654310698,0.038531774817712396,0.00017513562390277757,0.03378465866664541,0.008840758378175221,0.029990293610771487,0.02636756816493176,0.029691016439537175,0.0036227254458397265,0.12079659815462984,0.000299277171234312,0.009979134419905167
21,2000,5,1.0,1.0,1.0,1.0,3,True,10,0.6,0.1505,0.5125,0.008840758378175221,2A_PCA_cum60,,0.01716593093084572,0.05265874856158789,0.052658748561587886,0.02526504970534182,0.07933597471228096,0.011188903419719265,0.03859664261244735,0.9406066680692537,0.05939333193074625,1.0,0.05534619513180772,0.13488113130166934,0.03883105198894671,0.0277450276950298,0.02813635993618105,0.0,0.0,0.008840758378175221,0.029990293610771487,0.01890426931685458,0.019295601558005828,0.011086024293916908,0.3696537432342839,0.010694692052765659,0.35660511335989364,0.03883105198894671,0.03520832654310698,0.038531774817712396,0.00017513562390277757,0.03378465866664541,0.008840758378175221,0.029990293610771487,0.02636756816493176,0.029691016439537175,0.0036227254458397265,0.12079659815462984,0.000299277171234312,0.009979134419905167
21,2000,5,1.0,1.0,1.0,1.0,3,True,10,0.6,0.1505,0.5125,0.008840758378175221,2B_clustering,,0.03256832307422387,0.09545925201159147,0.09545925201159147,0.21871329860174013,0.0526187953065911,0.04565395821726684,0.10566201737519935,0.9607152093620788,0.03928479063792123,0.8425217585830551,0.1509124725337445,0.1249808452504606,0.03883105198894671,0.021800742748810373,0.03331792318391204,0.0,0.0,0.008840758378175221,0.029990293610771487,0.012959984370635152,0.024477164805736817,0.017030309240136335,0.5678607039052006,0.00551312880503467,0.18383043782720898,0.03883105198894671,0.03520832654310698,0.038531774817712396,0.00017513562390277757,0.03378465866664541,0.008840758378175221,0.029990293610771487,0.02636756816493176,0.029691016439537175,0.0036227254458397265,0.12079659815462984,0.000299277171234312,0.009979134419905167
21,2000,5,1.0,1.0,1.0,1.0,3,True,10,0.6,0.1505,0.5125,0.008840758378175221,baseline_random,,0.0003185777908019975,0.017774415970099055,0.017774415970099055,0.001155886731282331,0.0034665548923755547,0.003135541580314627,0.002585994401324171,0.9967596673471465,0.003240332652853506,1.0,0.004127472164591306,0.007747002954776705,0.03883105198894671,0.04013073220319578,0.037852589644144966,0.0,0.0,0.008840758378175221,0.029990293610771487,0.031289973825020564,0.029011831265969745,-0.0012996802142490778,-0.043336695236030565,0.000978462344801742,0.03262596750471003,0.03883105198894671,0.03520832654310698,0.038531774817712396,0.00017513562390277757,0.03378465866664541,0.008840758378175221,0.029990293610771487,0.02636756816493176,0.029691016439537175,0.0036227254458397265,0.12079659815462984,0.000299277171234312,0.009979134419905167
21,2000,5,1.0,1.0,1.0,1.0,3,True,10,0.6,0.1505,0.5125,0.008840758378175221,baseline_oracle_kmeans,,0.3676397037672538,0.6308661791418926,0.6308661791418925,0.3340968377272888,0.9881753916009998,0.650387660934152,0.657553296754147,0.022294094458515788,0.9777059055414842,1.0,0.41811044780565965,0.02914716017808161,0.03883105198894671,0.030051545795286013,0.022379942648685383,0.0,0.0,0.008840758378175221,0.029990293610771487,0.021210787417110792,0.013539184270510162,0.008779506193660695,0.2927449229942649,0.016451109340261325,0.5485477919546826,0.03883105198894671,0.03520832654310698,0.038531774817712396,0.00017513562390277757,0.03378465866664541,0.008840758378175221,0.029990293610771487,0.02636756816493176,0.029691016439537175,0.0036227254458397265,0.12079659815462984,0.000299277171234312,0.009979134419905167
21,2000,5,1.0,1.0,1.0,1.0,3,True,10,0.6,0.1505,0.5125,0.008840758378175221,baseline_oracle_quantile,,0.09252648794062095,0.3151300199752639,0.3151300199752639,0.8972859166311296,0.0023657296189126017,0.0013908205442477145,0.30034748893142993,0.997551501746903,0.002448498253097009,0.44983915874621583,0.40636787969970456,0.05443336204390237,0.03883105198894671,0.036025324318318744,0.03345339082656031,0.0015938828793356354,0.527549646457591,0.008840758378175221,0.029990293610771487,0.027184565940143523,0.024612632448385092,0.002805727670627964,0.09355452490869387,0.005377661162386395,0.17931338826422571,0.03883105198894671,0.03520832654310698,0.038531774817712396,0.00017513562390277757,0.03378465866664541,0.008840758378175221,0.029990293610771487,0.02636756816493176,0.029691016439537175,0.0036227254458397265,0.12079659815462984,0.000299277171234312,0.009979134419905167
22,2000,5,1.0,1.0,1.0,1.0,3,True,10,0.6,0.1335,0.4945,0.008817347239955368,1A_predicted_prob,,0.022629123074619475,0.07217219788621909,0.07217219788621909,0.1775463267097771,0.00572956884081452,0.059340950344713365,0.08087228196510167,0.9955139119659434,0.00448608803405659,1.0,0.262843927586239,0.09137110041854979,0.03839338216175783,0.0380301002058539,0.02770759423792466,0.00044823769562219096,0.20413858335997984,0.008817347239955368,0.029576034921802465,0.029212752965898533,0.018890246997969293,0.0003632819559039324,0.012282983735461217,0.010685787923833172,0.36129886754887375,0.03839338216175783,0.033998143363099476,0.03642913669782683,0.0,0.0,0.008817347239955368,0.029576034921802465,0.025180796123144108,0.027611789457871464,0.004395238798658357,0.14860811499172033,0.001964245463931001,0.06641341441218762
22,2000,5,1.0,1.0,1.0,1.0,3,True,10,0.6,0.1335,0.4945,0.008817347239955368,1B_residual,,0.024615936874425634,0.08133878448727876,0.08133878448727877,0.20684386239786032,0.012128102505011982,0.07627354049012675,0.09841516846433301,0.9908780289108319,0.009121971089168124,1.0,0.2999768091912438,0.0682137689207899,0.03839338216175783,0.021933268952197018,0.00208921178447562,0.0,0.0,0.008817347239955368,0.029576034921802465,0.01311592171224165,0.006728135455479747,0.016460113209560815,0.5565354941282873,0.022847899466322718,0.7725139467386823,0.03839338216175783,0.033998143363099476,0.03642913669782683,0.0,0.0,0.008817347239955368,0.029576034921802465,0.025180796123144108,0.027611789457871464,0.004395238798658357,0.14860811499172033,0.001964245463931001,0.06641341441218762
22,2000,5,1.0,1.0,1.0,1.0,3,True,10,0.6,0.1335,0.4945,0.008817347239955368,1C_cv_decision,,0.022629123074619475,0.07217219788621909,0.07217219788621909,0.1775463267097771,0.00572956884081452,0.059340950344713365,0.08087228196510167,0.9955139119659434,0.00448608803405659,1.0,0.262843927586239,0.09137110041854979,0.03839338216175783,0.0380301002058539,0.02770759423792466,0.00044823769562219096,0.20413858335997984,0.008817347239955368,0.029576034921802465,0.029212752965898533,0.018890246997969293,0.0003632819559039324,0.012282983735461217,0.010685787923833172,0.36129886754887375,0.03839338216175783,0.033998143363099476,0.03642913669782683,0.0,0.0,0.008817347239955368,0.029576034921802465,0.025180796123144108,0.027611789457871464,0.004395238798658357,0.14860811499172033,0.001964245463931001,0.06641341441218762
22,2000,5,1.0,1.0,1.0,1.0,3,True,10,0.6,0.1335,0.4945,0.008817347239955368,PS_propensity_score,,0.00011102672355450931,0.0180450063764942,0.0180450063764942,0.03173843094564766,0.0020336229787169488,0.000659602640371243,0.011477218854911951,0.9981835766225531,0.0018164233774469185,1.0,0.014324563190703965,0.007712242328781316,0.03839338216175783,0.03800951346932764,0.03673181112569589,0.0,0.0,0.008817347239955368,0.029576034921802465,0.029192166229372273,0.02791446388574052,0.00038386869243019206,0.0129790451439864,0.0016615710360619457,0.056179641404098146,0.03839338216175783,0.033998143363099476,0.03642913669782683,0.0,0.0,0.008817347239955368,0.029576034921802465,0.025180796123144108,0.027611789457871464,0.004395238798658357,0.14860811499172033,0.001964245463931001,0.06641341441218762
22,2000,5,1.0,1.0,1.0,1.0,3,True,10,0.6,0.1335,0.4945,0.008817347239955368,GMM,,0.010738547037649801,0.04437679228333344,0.04437679228333344,0.09521834138241389,0.008820635299791543,0.015651873055211568,0.039896949912472335,0.9932711959561544,0.006728804043845571,0.6944623783513524,0.06860791863881566,0.13015894703085107,0.03839338216175783,0.03759801288553454,0.035729436451825164,0.0005973931882249779,0.21130352317929588,0.008817347239955368,0.029576034921802465,0.028780665645579174,0.026912089211869796,0.0007953692762232914,0.02689235654225486,0.002663945709932669,0.09007109022477178,0.03839338216175783,0.033998143363099476,0.03642913669782683,0.0,0.0,0.008817347239955368,0.029576034921802465,0.025180796123144108,0.027611789457871464,0.004395238798658357,0.14860811499172033,0.001964245463931001,0.06641341441218762
22,2000,5,1.0,1.0,1.0,1.0,3,True,10,0.6,0.1335,0.4945,0.008817347239955368,Prognostic_score,,0.023339344926809044,0.07704374601746374,0.07704374601746372,0.22513809848794608,0.0024513152545221867,0.05064256993096137,0.09274399455780989,0.9978819524825183,0.0021180475174816804,1.0,0.2690260478924875,0.04129260886675057,0.03839338216175783,0.03792348654029928,0.03734453481057479,0.0,0.0,0.008817347239955368,0.029576034921802465,0.02910613930034391,0.028527187570619426,0.0004698956214585562,0.0158877152634197,0.0010488473511830396,0.03546274387206194,0.03839338216175783,0.033998143363099476,0.03642913669782683,0.0,0.0,0.008817347239955368,0.029576034921802465,0.025180796123144108,0.027611789457871464,0.004395238798658357,0.14860811499172033,0.001964245463931001,0.06641341441218762
22,2000,5,1.0,1.0,1.0,1.0,3,True,10,0.6,0.1335,0.4945,0.008817347239955368,2A_PCA_cum60,,0.014720862061522165,0.04781611033221293,0.047816110332212926,0.014914832421498481,0.02260592562088639,0.054883580759694406,0.03080144626735976,0.9831979910068896,0.01680200899311035,1.0,0.10355229434958291,0.0063042291484273205,0.03839338216175783,0.03516217001404786,0.034993074086192816,0.0,0.0,0.008817347239955368,0.029576034921802465,0.026344822774092492,0.026175726846237448,0.0032312121477099734,0.10925102557706379,0.0034003080755650172,0.11496835476950373,0.03839338216175783,0.033998143363099476,0.03642913669782683,0.0,0.0,0.008817347239955368,0.029576034921802465,0.025180796123144108,0.027611789457871464,0.004395238798658357,0.14860811499172033,0.001964245463931001,0.06641341441218762
22,2000,5,1.0,1.0,1.0,1.0,3,True,10,0.6,0.1335,0.4945,0.008817347239955368,2B_clustering,,0.028272504687758684,0.09137372195555384,0.09137372195555384,0.24672985957706955,0.030049622074590974,0.0579392163039444,0.11157289931853498,0.977764142317789,0.022235857682211035,1.0,0.16408749164107517,0.17861319291504651,0.03839338216175783,0.032361036770133814,0.03189554932236809,0.0,0.0,0.008817347239955368,0.029576034921802465,0.023543689530178446,0.023078202082412725,0.006032345391624019,0.20396058523643334,0.00649783283938974,0.2196992550411061,0.03839338216175783,0.033998143363099476,0.03642913669782683,0.0,0.0,0.008817347239955368,0.029576034921802465,0.025180796123144108,0.027611789457871464,0.004395238798658357,0.14860811499172033,0.001964245463931001,0.06641341441218762
22,2000,5,1.0,1.0,1.0,1.0,3,True,10,0.6,0.1335,0.4945,0.008817347239955368,baseline_random,,0.004095106618457025,0.022785825486111005,0.022785825486111005,0.008798317712196984,0.010576640899060158,0.002792311185535755,0.0073890899322642985,0.9919982253488833,0.008001774651116733,1.0,0.0022230358986933263,0.0006820656334763919,0.03839338216175783,0.03746148909205267,0.03718155335917153,0.0,0.0,0.008817347239955368,0.029576034921802465,0.028644141852097304,0.028364206119216164,0.0009318930697051614,0.031508384141722856,0.001211828802586301,0.04097333553298521,0.03839338216175783,0.033998143363099476,0.03642913669782683,0.0,0.0,0.008817347239955368,0.029576034921802465,0.025180796123144108,0.027611789457871464,0.004395238798658357,0.14860811499172033,0.001964245463931001,0.06641341441218762
22,2000,5,1.0,1.0,1.0,1.0,3,True,10,0.6,0.1335,0.4945,0.008817347239955368,baseline_oracle_kmeans,,0.36339906261112503,0.6294612470086738,0.6294612470086738,0.32326304356809293,0.9881153658494933,0.6307768168591383,0.6473850754255749,0.024491556994751487,0.9755084430052485,1.0,0.2687331138286313,0.010066596600301514,0.03839338216175783,0.037444695212101906,0.038940486335841136,0.0,0.0,0.008817347239955368,0.029576034921802465,0.028627347972146538,0.030123139095885768,0.0009486869496559275,0.03207620467598882,-0.000547104174083303,-0.018498225861912188,0.03839338216175783,0.033998143363099476,0.03642913669782683,0.0,0.0,0.008817347239955368,0.029576034921802465,0.025180796123144108,0.027611789457871464,0.004395238798658357,0.14860811499172033,0.001964245463931001,0.06641341441218762
22,2000,5,1.0,1.0,1.0,1.0,3,True,10,0.6,0.1335,0.4945,0.008817347239955368,baseline_oracle_quantile,,0.09912317865398113,0.3210292303205268,0.3210292303205268,0.9026261859700497,0.003902637593861381,0.0022391184859427145,0.3029226473499513,0.9968335794316661,0.0031664205683339386,0.9841218892162757,0.43815614685899873,0.011460633437165635,0.03839338216175783,0.04250685310340277,0.03365355708737171,0.0,0.0,0.008817347239955368,0.029576034921802465,0.033689505863447405,0.02483620984741634,-0.00411347094164494,-0.13908121736131118,0.004739825074386125,0.16025897612435147,0.03839338216175783,0.033998143363099476,0.03642913669782683,0.0,0.0,0.008817347239955368,0.029576034921802465,0.025180796123144108,0.027611789457871464,0.004395238798658357,0.14860811499172033,0.001964245463931001,0.06641341441218762
23,2000,5,1.0,1.0,1.0,1.0,3,True,10,0.6,0.149,0.484,0.009397284879319805,1A_predicted_prob,,0.032663723486770435,0.08309535338105312,0.08309535338105313,0.1393844084567586,0.010870194139835197,0.07030108028373976,0.07351856096011118,0.9919786413546857,0.00802135864531428,0.8493807546016069,0.28461991897268335,0.14923652721280545,-0.0028846153846153744,-0.0027885471953588755,-0.007399837031506878,0.0002950661038831357,0.15105428136695975,0.009397284879319805,0.01228190026393518,0.01218583207467868,0.016797121910826683,9.606818925649886e-05,0.00782193204569459,-0.004515221646891504,-0.36763217009261107,-0.0028846153846153744,0.001723436888909002,-0.0028528450449438985,0.0,0.0,0.009397284879319805,0.01228190026393518,0.007673847990410803,0.012250129924263704,0.004608052273524376,0.3751904977648739,3.1770339671475384e-05,0.0025867609236956968
23,2000,5,1.0,1.0,1.0,1.0,3,True,10,0.6,0.149,0.484,0.009397284879319805,1B_residual,,0.02893673353328215,0.07936697594441736,0.07936697594441736,0.15744425685882976,0.01358633670351104,0.06582626873090287,0.07895228743108122,0.9900080073074888,0.009991992692511165,1.0,0.2815615886512315,0.09694655891732062,-0.0028846153846153744,-0.004171103726083088,-0.0029427625781251895,0.0,0.0,0.009397284879319805,0.01228190026393518,0.013568388605402893,0.012340047457444995,-0.001286488341467714,-0.10474668527030673,-5.814719350981552e-05,-0.0047343808580306845,-0.0028846153846153744,0.001723436888909002,-0.0028528450449438985,0.0,0.0,0.009397284879319805,0.01228190026393518,0.007673847990410803,0.012250129924263704,0.004608052273524376,0.3751904977648739,3.1770339671475384e-05,0.0025867609236956968
23,2000,5,1.0,1.0,1.0,1.0,3,True,10,0.6,0.149,0.484,0.009397284879319805,1C_cv_decision,,0.032663723486770435,0.08309535338105312,0.08309535338105313,0.1393844084567586,0.010870194139835197,0.07030108028373976,0.07351856096011118,0.9919786413546857,0.00802135864531428,0.8493807546016069,0.28461991897268335,0.14923652721280545,-0.0028846153846153744,-0.0027885471953588755,-0.007399837031506878,0.0002950661038831357,0.15105428136695975,0.009397284879319805,0.01228190026393518,0.01218583207467868,0.016797121910826683,9.606818925649886e-05,0.00782193204569459,-0.004515221646891504,-0.36763217009261107,-0.0028846153846153744,0.001723436888909002,-0.0028528450449438985,0.0,0.0,0.009397284879319805,0.01228190026393518,0.007673847990410803,0.012250129924263704,0.004608052273524376,0.3751904977648739,3.1770339671475384e-05,0.0025867609236956968
23,2000,5,1.0,1.0,1.0,1.0,3,True,10,0.6,0.149,0.484,0.009397284879319805,PS_propensity_score,,0.004012853936021695,0.02849936990802385,0.028499369908023854,0.04337703856982886,0.01662466162678148,0.017743225240081796,0.025914975145564043,0.9878045978166456,0.012195402183354354,1.0,0.016650298741806013,0.0789963537610382,-0.0028846153846153744,-0.006663699156293331,-0.00709132796144676,0.0,0.0,0.009397284879319805,0.01228190026393518,0.016060984035613138,0.016488612840766564,-0.0037790837716779584,-0.30769536394746155,-0.004206712576831384,-0.3425131686815648,-0.0028846153846153744,0.001723436888909002,-0.0028528450449438985,0.0,0.0,0.009397284879319805,0.01228190026393518,0.007673847990410803,0.012250129924263704,0.004608052273524376,0.3751904977648739,3.1770339671475384e-05,0.0025867609236956968
23,2000,5,1.0,1.0,1.0,1.0,3,True,10,0.6,0.149,0.484,0.009397284879319805,GMM,,0.013616636783914027,0.0442712109577325,0.0442712109577325,0.10448945055798683,0.007246931272384693,0.014586187386493657,0.0421075230722884,0.9946066304295804,0.005393369570419582,1.0,0.0812070192205323,0.2682897291099132,-0.0028846153846153744,0.0003850691979060362,-0.0034054344100382036,0.0,0.0,0.009397284879319805,0.01228190026393518,0.00901221568141377,0.012802719289358009,0.0032696845825214097,0.26621976341255416,-0.0005208190254228293,-0.04240541074512483,-0.0028846153846153744,0.001723436888909002,-0.0028528450449438985,0.0,0.0,0.009397284879319805,0.01228190026393518,0.007673847990410803,0.012250129924263704,0.004608052273524376,0.3751904977648739,3.1770339671475384e-05,0.0025867609236956968
23,2000,5,1.0,1.0,1.0,1.0,3,True,10,0.6,0.149,0.484,0.009397284879319805,Prognostic_score,,0.030095384238751983,0.07726317880421749,0.0772631788042175,0.14779804561146015,0.004575412664843609,0.05486541919092409,0.06907962582240927,0.9965535435429137,0.0034464564570863,1.0,0.2610444185995544,0.18442616294029357,-0.0028846153846153744,-0.0072121468062667045,-0.010457457306132165,0.0,0.0,0.009397284879319805,0.01228190026393518,0.01660943168558651,0.019854742185451968,-0.004327531421651329,-0.352350314581106,-0.0075728419215167885,-0.6165855249414323,-0.0028846153846153744,0.001723436888909002,-0.0028528450449438985,0.0,0.0,0.009397284879319805,0.01228190026393518,0.007673847990410803,0.012250129924263704,0.004608052273524376,0.3751904977648739,3.1770339671475384e-05,0.0025867609236956968
23,2000,5,1.0,1.0,1.0,1.0,3,True,10,0.6,0.149,0.484,0.009397284879319805,2A_PCA_cum60,,0.014085564828318277,0.04887449420733664,0.04887449420733664,0.02749579836581177,0.03296392052518381,0.021743709236095962,0.027401142709030515,0.975829286697004,0.024170713302996027,1.0,0.12973577776630896,0.048808491897357364,-0.0028846153846153744,-0.004998907430695796,-0.010627630466489044,0.0,0.0,0.009397284879319805,0.01228190026393518,0.014396192310015602,0.02002491534580885,-0.0021142920460804227,-0.17214698056854227,-0.007743015081873672,-0.630441130075809,-0.0028846153846153744,0.001723436888909002,-0.0028528450449438985,0.0,0.0,0.009397284879319805,0.01228190026393518,0.007673847990410803,0.012250129924263704,0.004608052273524376,0.3751904977648739,3.1770339671475384e-05,0.0025867609236956968
23,2000,5,1.0,1.0,1.0,1.0,3,True,10,0.6,0.149,0.484,0.009397284879319805,2B_clustering,,0.026184526509556456,0.08553022359002174,0.08553022359002174,0.20499282293636656,0.03181082042629316,0.049102492593467655,0.09530204531870912,0.9766625822369265,0.02333741776307352,0.5361891272704443,0.2032355941902949,0.3037667684407299,-0.0028846153846153744,-0.002830545928820499,-0.0159304309733279,0.0011485499520864878,0.3968835411284896,0.009397284879319805,0.01228190026393518,0.012227830808140303,0.025327715852647703,5.406945579487614e-05,0.0044023689032589575,-0.013045815588712524,-1.0621984634593167,-0.0028846153846153744,0.001723436888909002,-0.0028528450449438985,0.0,0.0,0.009397284879319805,0.01228190026393518,0.007673847990410803,0.012250129924263704,0.004608052273524376,0.3751904977648739,3.1770339671475384e-05,0.0025867609236956968
23,2000,5,1.0,1.0,1.0,1.0,3,True,10,0.6,0.149,0.484,0.009397284879319805,baseline_random,,0.00018268750429847552,0.018900030805130835,0.01890003080513084,0.0019605380323663066,0.0026330205063916346,0.004597994276276907,0.003063850938344949,0.9979581749429483,0.0020418250570517493,1.0,0.007172339096611857,0.0074854716001746535,-0.0028846153846153744,-0.0020634918220447836,-0.002603319698743703,0.0,0.0,0.009397284879319805,0.01228190026393518,0.011460776701364589,0.012000604578063508,0.0008211235625705908,0.0668563939557264,0.00028129568587167107,0.02290327065247988,-0.0028846153846153744,0.001723436888909002,-0.0028528450449438985,0.0,0.0,0.009397284879319805,0.01228190026393518,0.007673847990410803,0.012250129924263704,0.004608052273524376,0.3751904977648739,3.1770339671475384e-05,0.0025867609236956968
23,2000,5,1.0,1.0,1.0,1.0,3,True,10,0.6,0.149,0.484,0.009397284879319805,baseline_oracle_kmeans,,0.39500478814109513,0.667959093425075,0.667959093425075,0.2626932970854383,1.0000000000000002,0.7157037218632415,0.6594656729828934,0.0,1.0,1.0,0.3761966575394625,0.021051663078208493,-0.0028846153846153744,-0.005869085690736532,-0.007870118909542404,0.0,0.0,0.009397284879319805,0.01228190026393518,0.015266370570056337,0.01726740378886221,-0.0029844703061211574,-0.24299743866873902,-0.004985503524927029,-0.40592281469395775,-0.0028846153846153744,0.001723436888909002,-0.0028528450449438985,0.0,0.0,0.009397284879319805,0.01228190026393518,0.007673847990410803,0.012250129924263704,0.004608052273524376,0.3751904977648739,3.1770339671475384e-05,0.0025867609236956968
23,2000,5,1.0,1.0,1.0,1.0,3,True,10,0.6,0.149,0.484,0.009397284879319805,baseline_oracle_quantile,,0.08441549315834247,0.2820041418285834,0.2820041418285834,0.9015222054388945,0.002598775929909741,0.0030866361302862213,0.3024025391663635,0.9979821578625951,0.002017842137404857,1.0,0.42699092668571925,0.07490085061487073,-0.0028846153846153744,0.004988966190347494,-0.005074993473531596,0.0,0.0,0.009397284879319805,0.01228190026393518,0.004408318688972311,0.0144722783528514,0.007873581574962868,0.6410719355931438,-0.0021903780889162214,-0.17834195375678896,-0.0028846153846153744,0.001723436888909002,-0.0028528450449438985,0.0,0.0,0.009397284879319805,0.01228190026393518,0.007673847990410803,0.012250129924263704,0.004608052273524376,0.3751904977648739,3.1770339671475384e-05,0.0025867609236956968
24,2000,5,1.0,1.0,1.0,1.0,3,True,10,0.6,0.1545,0.503,0.00933665167280931,1A_predicted_prob,,0.029549749017121228,0.0897462605788781,0.08974626057887809,0.14200067342478517,0.002873789809683858,0.08603498699867435,0.07696981674438112,0.9978989788370771,0.002101021162922878,0.9164788627888045,0.278483995860929,0.05505928831682705,-0.001536885245901648,-0.01720640699374865,-0.01000792268812574,0.00039252472466681814,0.1779340527927203,0.00933665167280931,0.010873536918710958,0.02654305866655796,0.01934457436093505,-0.015669521747847002,-1.4410694390417906,-0.008471037442224091,-0.779050782238786,-0.001536885245901648,-0.00497649510151278,0.0002159521690428467,0.0025536633502519206,0.3417028628804393,0.00933665167280931,0.010873536918710958,0.01431314677432209,0.009120699503766464,-0.003439609855611132,-0.31632852137489165,0.0017528374149444938,0.16120213947388617
24,2000,5,1.0,1.0,1.0,1.0,3,True,10,0.6,0.1545,0.503,0.00933665167280931,1B_residual,,0.030557308175753327,0.09097646019913531,0.09097646019913531,0.15997301136314618,0.008041888790952896,0.08925082552594811,0.08575524189334906,0.9941490436520515,0.005850956347948522,1.0,0.32226020935670263,0.03481317601642542,-0.001536885245901648,-0.0010627287489760988,0.001356599257977466,0.0,0.0,0.00933665167280931,0.010873536918710958,0.010399380421785408,0.007980052414831844,0.0004741564969255492,0.04360646406686963,0.0028934845038791138,0.26610334112169753,-0.001536885245901648,-0.00497649510151278,0.0002159521690428467,0.0025536633502519206,0.3417028628804393,0.00933665167280931,0.010873536918710958,0.01431314677432209,0.009120699503766464,-0.003439609855611132,-0.31632852137489165,0.0017528374149444938,0.16120213947388617
24,2000,5,1.0,1.0,1.0,1.0,3,True,10,0.6,0.1545,0.503,0.00933665167280931,1C_cv_decision,,0.029549749017121228,0.0897462605788781,0.08974626057887809,0.14200067342478517,0.002873789809683858,0.08603498699867435,0.07696981674438112,0.9978989788370771,0.002101021162922878,0.9164788627888045,0.278483995860929,0.05505928831682705,-0.001536885245901648,-0.01720640699374865,-0.01000792268812574,0.00039252472466681814,0.1779340527927203,0.00933665167280931,0.010873536918710958,0.02654305866655796,0.01934457436093505,-0.015669521747847002,-1.4410694390417906,-0.008471037442224091,-0.779050782238786,-0.001536885245901648,-0.00497649510151278,0.0002159521690428467,0.0025536633502519206,0.3417028628804393,0.00933665167280931,0.010873536918710958,0.01431314677432209,0.009120699503766464,-0.003439609855611132,-0.31632852137489165,0.0017528374149444938,0.16120213947388617
24,2000,5,1.0,1.0,1.0,1.0,3,True,10,0.6,0.1545,0.503,0.00933665167280931,PS_propensity_score,,0.0035267445636037254,0.029704400112490884,0.029704400112490884,0.010466739916669326,0.001876011195631566,0.019170087858928445,0.010504279657076445,0.9986196047737724,0.001380395226227571,1.0,0.03957229032961784,0.04521484455081559,-0.001536885245901648,-0.005596862326337075,-0.006117319798968915,0.0,0.0,0.00933665167280931,0.010873536918710958,0.014933513999146384,0.015453971471778225,-0.004059977080435427,-0.37338145911374077,-0.004580434553067267,-0.4212460570382899,-0.001536885245901648,-0.00497649510151278,0.0002159521690428467,0.0025536633502519206,0.3417028628804393,0.00933665167280931,0.010873536918710958,0.01431314677432209,0.009120699503766464,-0.003439609855611132,-0.31632852137489165,0.0017528374149444938,0.16120213947388617
24,2000,5,1.0,1.0,1.0,1.0,3,True,10,0.6,0.1545,0.503,0.00933665167280931,GMM,,0.007529666241273464,0.04572009993350253,0.04572009993350253,0.09033503855775918,0.009758558248926455,0.01680774391554498,0.03896711357407687,0.9929075479165144,0.007092452083485634,1.0,0.06939739164607917,0.23624713375172013,-0.001536885245901648,-0.01216056923174012,-0.01753764202141768,0.0,0.0,0.00933665167280931,0.010873536918710958,0.02149722090454943,0.02687429369422699,-0.010623683985838472,-0.9770219262839359,-0.01600075677551603,-1.4715319306988563,-0.001536885245901648,-0.00497649510151278,0.0002159521690428467,0.0025536633502519206,0.3417028628804393,0.00933665167280931,0.010873536918710958,0.01431314677432209,0.009120699503766464,-0.003439609855611132,-0.31632852137489165,0.0017528374149444938,0.16120213947388617
24,2000,5,1.0,1.0,1.0,1.0,3,True,10,0.6,0.1545,0.503,0.00933665167280931,Prognostic_score,,0.026611632766181597,0.07957650861778158,0.07957650861778158,0.10872416197652855,0.007067625412227872,0.06910745550905711,0.06163308096593784,0.9948605133441406,0.005139486655859393,0.7248047111905971,0.25223823253318356,0.07076353061600782,-0.001536885245901648,-0.01476240103938354,-0.006494594676590152,0.0010493618924042995,0.3387944039230755,0.00933665167280931,0.010873536918710958,0.02409905271219285,0.01583124634939946,-0.013225515793481891,-1.2163030201078087,-0.004957709430688503,-0.45594266775858183,-0.001536885245901648,-0.00497649510151278,0.0002159521690428467,0.0025536633502519206,0.3417028628804393,0.00933665167280931,0.010873536918710958,0.01431314677432209,0.009120699503766464,-0.003439609855611132,-0.31632852137489165,0.0017528374149444938,0.16120213947388617
24,2000,5,1.0,1.0,1.0,1.0,3,True,10,0.6,0.1545,0.503,0.00933665167280931,2A_PCA_cum60,,0.012680474285584005,0.05424440201201165,0.05424440201201165,0.03306258702746316,0.002845200757418868,0.028257903401977563,0.0213885637289532,0.99791978649456,0.002080213505439965,0.9268670552591854,0.10550803771347173,0.010287869804625593,-0.001536885245901648,-0.004530093441121758,-0.000970732664726353,0.00030353188375284717,0.11624163282668722,0.00933665167280931,0.010873536918710958,0.013866745113931067,0.010307384337535662,-0.00299320819522011,-0.2752745695900898,0.0005661525811752957,0.052067012362929654,-0.001536885245901648,-0.00497649510151278,0.0002159521690428467,0.0025536633502519206,0.3417028628804393,0.00933665167280931,0.010873536918710958,0.01431314677432209,0.009120699503766464,-0.003439609855611132,-0.31632852137489165,0.0017528374149444938,0.16120213947388617
24,2000,5,1.0,1.0,1.0,1.0,3,True,10,0.6,0.1545,0.503,0.00933665167280931,2B_clustering,,0.023358500595954942,0.08236440285782881,0.08236440285782878,0.2063325342865753,0.015781101942824425,0.057833408179389506,0.09331568146959641,0.9885156406800089,0.011484359319991144,1.0,0.21326120827517814,0.22687075282845992,-0.001536885245901648,-0.013136260545447285,-0.017155748950195292,0.0,0.0,0.00933665167280931,0.010873536918710958,0.022472912218256594,0.026492400623004602,-0.011599375299545637,-1.0667527398178667,-0.015618863704293644,-1.4364106013579652,-0.001536885245901648,-0.00497649510151278,0.0002159521690428467,0.0025536633502519206,0.3417028628804393,0.00933665167280931,0.010873536918710958,0.01431314677432209,0.009120699503766464,-0.003439609855611132,-0.31632852137489165,0.0017528374149444938,0.16120213947388617
24,2000,5,1.0,1.0,1.0,1.0,3,True,10,0.6,0.1545,0.503,0.00933665167280931,baseline_random,,-0.0011348896483336394,0.013646846738139687,0.013646846738139687,0.00508342708783657,0.0021220105862658025,0.0031916908241083368,0.00346570949940357,0.9984425909774651,0.0015574090225348725,0.5885426609862345,0.003023209778139524,0.0012177385585000478,-0.001536885245901648,-0.001361959293168527,-0.002654897973483076,0.00197943506307426,0.4320975409003417,0.00933665167280931,0.010873536918710958,0.010698610965977837,0.011991549646292385,0.00017492595273312095,0.01608730940455194,-0.0011180127275814272,-0.10281960101294851,-0.001536885245901648,-0.00497649510151278,0.0002159521690428467,0.0025536633502519206,0.3417028628804393,0.00933665167280931,0.010873536918710958,0.01431314677432209,0.009120699503766464,-0.003439609855611132,-0.31632852137489165,0.0017528374149444938,0.16120213947388617
24,2000,5,1.0,1.0,1.0,1.0,3,True,10,0.6,0.1545,0.503,0.00933665167280931,baseline_oracle_kmeans,,0.3700168303067785,0.6353452630142946,0.6353452630142946,0.33813306575175617,0.9694701652937667,0.6337439491942861,0.6471157267466031,0.04681562267408925,0.9531843773259108,1.0,0.4886333848509853,0.02132082489801701,-0.001536885245901648,-0.018222248764968012,0.0004786528064564958,0.0,0.0,0.00933665167280931,0.010873536918710958,0.027558900437777322,0.008857998866352813,-0.016685363519066364,-1.5344927454427948,0.0020155380523581446,0.1853617702708903,-0.001536885245901648,-0.00497649510151278,0.0002159521690428467,0.0025536633502519206,0.3417028628804393,0.00933665167280931,0.010873536918710958,0.01431314677432209,0.009120699503766464,-0.003439609855611132,-0.31632852137489165,0.0017528374149444938,0.16120213947388617
24,2000,5,1.0,1.0,1.0,1.0,3,True,10,0.6,0.1545,0.503,0.00933665167280931,baseline_oracle_quantile,,0.0858368143600919,0.28264431889472746,0.2826443188947275,0.8909068405801951,0.0024027359997264666,0.0024713812284856665,0.2985936526028024,0.9982394028891842,0.0017605971108157759,1.0,0.4629630620554981,0.011611229586339422,-0.001536885245901648,-0.010334213594227707,-0.001264358761174552,0.0,0.0,0.00933665167280931,0.010873536918710958,0.019670865267037017,0.010601010433983862,-0.008797328348326059,-0.8090585808549378,0.00027252648472709563,0.02506327856009183,-0.001536885245901648,-0.00497649510151278,0.0002159521690428467,0.0025536633502519206,0.3417028628804393,0.00933665167280931,0.010873536918710958,0.01431314677432209,0.009120699503766464,-0.003439609855611132,-0.31632852137489165,0.0017528374149444938,0.16120213947388617
25,2000,5,1.0,1.0,1.0,1.0,3,True,10,0.6,0.161,0.498,0.008694314912799471,1A_predicted_prob,,0.0176840017015394,0.05877685094400241,0.05877685094400241,0.11620971873766946,0.007776149662245909,0.03080708576919994,0.0515976513897051,0.9942360265599659,0.005763973440034098,0.892931429495071,0.2181174900604681,0.04099385399928834,0.01158474142345109,0.0004742817382596728,0.009630680922011617,0.0002742958875735702,0.11785465977262814,0.008694314912799471,0.002890426510651618,0.0082200331745398,0.0009363660092121459,-0.005329606663888181,-1.843882431969071,0.001954060501439472,0.6760457303579562,0.01158474142345109,0.009148081245235723,0.010359070579347273,0.0,0.0,0.008694314912799471,0.002890426510651618,0.0004537663324362517,0.0016647556665478017,0.0024366601782153663,0.8430105969606698,0.0012256708441038162,0.42404497730250235
25,2000,5,1.0,1.0,1.0,1.0,3,True,10,0.6,0.161,0.498,0.008694314912799471,1B_residual,,0.019508715003736212,0.06745919834099977,0.06745919834099977,0.12513768547314802,0.010854946024171737,0.06731778091009162,0.06777013746913713,0.9919897376695352,0.008010262330464757,1.0,0.26312652483686905,0.03195359044176649,0.01158474142345109,0.007900760987153484,-0.0009104119686967331,0.0,0.0,0.008694314912799471,0.002890426510651618,0.0007935539256459876,0.009604726881496205,0.0020968725850056304,0.7254543844233255,-0.006714300370844587,-2.3229445018240282,0.01158474142345109,0.009148081245235723,0.010359070579347273,0.0,0.0,0.008694314912799471,0.002890426510651618,0.0004537663324362517,0.0016647556665478017,0.0024366601782153663,0.8430105969606698,0.0012256708441038162,0.42404497730250235
25,2000,5,1.0,1.0,1.0,1.0,3,True,10,0.6,0.161,0.498,0.008694314912799471,1C_cv_decision,,0.0176840017015394,0.05877685094400241,0.05877685094400241,0.11620971873766946,0.007776149662245909,0.03080708576919994,0.0515976513897051,0.9942360265599659,0.005763973440034098,0.892931429495071,0.2181174900604681,0.04099385399928834,0.01158474142345109,0.0004742817382596728,0.009630680922011617,0.0002742958875735702,0.11785465977262814,0.008694314912799471,0.002890426510651618,0.0082200331745398,0.0009363660092121459,-0.005329606663888181,-1.843882431969071,0.001954060501439472,0.6760457303579562,0.01158474142345109,0.009148081245235723,0.010359070579347273,0.0,0.0,0.008694314912799471,0.002890426510651618,0.0004537663324362517,0.0016647556665478017,0.0024366601782153663,0.8430105969606698,0.0012256708441038162,0.42404497730250235
25,2000,5,1.0,1.0,1.0,1.0,3,True,10,0.6,0.161,0.498,0.008694314912799471,PS_propensity_score,,0.01315804034307835,0.062752641319321,0.062752641319321,0.2038067172135068,0.004578589111134325,0.006477328885291453,0.07162087840331086,0.9965520432032093,0.0034479567967906632,1.0,0.14141358350297428,0.13138918256977428,0.01158474142345109,-2.2527933140906176e-05,0.0028677222890497248,0.0,0.0,0.008694314912799471,0.002890426510651618,0.008716842845940377,0.0058265926237497465,-0.0058264163352887595,-2.0157635261846707,-0.0029361661130981286,-1.0158245166510733,0.01158474142345109,0.009148081245235723,0.010359070579347273,0.0,0.0,0.008694314912799471,0.002890426510651618,0.0004537663324362517,0.0016647556665478017,0.0024366601782153663,0.8430105969606698,0.0012256708441038162,0.42404497730250235
25,2000,5,1.0,1.0,1.0,1.0,3,True,10,0.6,0.161,0.498,0.008694314912799471,GMM,,0.013959066835980085,0.04691747039424912,0.046917470394249115,0.12126457378790101,0.010930949176303847,0.0019197502911173488,0.0447050910851074,0.9919455525027864,0.008054447497213624,1.0,0.059308321603316894,0.014660775174347385,0.01158474142345109,0.009614456752308894,0.005925033648722684,0.0,0.0,0.008694314912799471,0.002890426510651618,0.0009201418395094231,0.0027692812640767875,0.001970284671142195,0.6816588015233827,0.00012114524657483045,0.041912584917275564,0.01158474142345109,0.009148081245235723,0.010359070579347273,0.0,0.0,0.008694314912799471,0.002890426510651618,0.0004537663324362517,0.0016647556665478017,0.0024366601782153663,0.8430105969606698,0.0012256708441038162,0.42404497730250235
25,2000,5,1.0,1.0,1.0,1.0,3,True,10,0.6,0.161,0.498,0.008694314912799471,Prognostic_score,,0.022068539947371072,0.06774585945493762,0.06774585945493762,0.1369223597206487,0.012123445013226512,0.02562104385509487,0.05822228286299003,0.9910775620027084,0.008922437997291643,0.6710492567934851,0.21309623316275395,0.01237258396574259,0.01158474142345109,0.005528534555016523,0.01153197210397801,0.000795202781273418,0.2760987077761875,0.008694314912799471,0.002890426510651618,0.003165780357782948,0.0028376571911785387,-0.00027535384713133024,-0.09526408857537594,5.276931947307932e-05,0.01825658575944311,0.01158474142345109,0.009148081245235723,0.010359070579347273,0.0,0.0,0.008694314912799471,0.002890426510651618,0.0004537663324362517,0.0016647556665478017,0.0024366601782153663,0.8430105969606698,0.0012256708441038162,0.42404497730250235
25,2000,5,1.0,1.0,1.0,1.0,3,True,10,0.6,0.161,0.498,0.008694314912799471,2A_PCA_cum60,,0.012890388924821212,0.03906199327089453,0.03906199327089453,0.05702052015502808,0.035342300338327866,0.009320938375281512,0.03389458628954582,0.973970445816252,0.02602955418374797,1.0,0.09372853603089226,0.00511430422401582,0.01158474142345109,0.012285339841643187,0.008855168790729374,0.0,0.0,0.008694314912799471,0.002890426510651618,0.0035910249288437154,0.00016085387792990312,-0.0007005984181920975,-0.24238582631673777,0.002729572632721715,0.9443494317059664,0.01158474142345109,0.009148081245235723,0.010359070579347273,0.0,0.0,0.008694314912799471,0.002890426510651618,0.0004537663324362517,0.0016647556665478017,0.0024366601782153663,0.8430105969606698,0.0012256708441038162,0.42404497730250235
25,2000,5,1.0,1.0,1.0,1.0,3,True,10,0.6,0.161,0.498,0.008694314912799471,2B_clustering,,0.028318693199651773,0.09178485874675238,0.09178485874675237,0.23307826799441725,0.019349837159771077,0.019814027001756506,0.09074737738531495,0.9857919581273366,0.014208041872663446,0.5386302637010651,0.15582673470861264,0.07438998355866,0.01158474142345109,-0.0012364352921983984,0.001744544704239358,0.001834555157299487,0.45063071565608764,0.008694314912799471,0.002890426510651618,0.00993075020499787,0.006949770208560113,-0.007040323694346252,-2.4357386940652854,-0.004059343697908495,-1.404409931527149,0.01158474142345109,0.009148081245235723,0.010359070579347273,0.0,0.0,0.008694314912799471,0.002890426510651618,0.0004537663324362517,0.0016647556665478017,0.0024366601782153663,0.8430105969606698,0.0012256708441038162,0.42404497730250235
25,2000,5,1.0,1.0,1.0,1.0,3,True,10,0.6,0.161,0.498,0.008694314912799471,baseline_random,,-0.0011938265030955937,0.014886268052291008,0.01488626805229101,0.000809704183498858,0.0025315273909994147,0.007459026035272875,0.003600085869923716,0.9980310769694031,0.001968923030596925,0.40725069569698735,0.004318318596945203,0.000989722023490458,0.01158474142345109,0.011787961618601895,0.010727699806031218,0.004402587177764821,0.6358571746162806,0.008694314912799471,0.002890426510651618,0.0030936467058024237,0.0020333848932317464,-0.00020322019515080572,-0.07030803045914213,0.0008570416174198715,0.2965104334123547,0.01158474142345109,0.009148081245235723,0.010359070579347273,0.0,0.0,0.008694314912799471,0.002890426510651618,0.0004537663324362517,0.0016647556665478017,0.0024366601782153663,0.8430105969606698,0.0012256708441038162,0.42404497730250235
25,2000,5,1.0,1.0,1.0,1.0,3,True,10,0.6,0.161,0.498,0.008694314912799471,baseline_oracle_kmeans,,0.38909462719631405,0.6538542512031241,0.653854251203124,0.30273871799713925,0.9625083749119231,0.686051464893022,0.6504328526006947,0.053872999392476806,0.9461270006075232,1.0,0.34486326660086497,0.014426932015608962,0.01158474142345109,0.0019183216371037488,0.004323075254492304,0.0,0.0,0.008694314912799471,0.002890426510651618,0.0067759932756957224,0.004371239658307167,-0.0038855667650441045,-1.3442883777619872,-0.0014808131476555493,-0.5123164841584971,0.01158474142345109,0.009148081245235723,0.010359070579347273,0.0,0.0,0.008694314912799471,0.002890426510651618,0.0004537663324362517,0.0016647556665478017,0.0024366601782153663,0.8430105969606698,0.0012256708441038162,0.42404497730250235
25,2000,5,1.0,1.0,1.0,1.0,3,True,10,0.6,0.161,0.498,0.008694314912799471,baseline_oracle_quantile,,0.1062622170929438,0.34062219142738126,0.34062219142738126,0.8999898061616003,0.005429368555959498,0.004257734246655812,0.3032256363214052,0.9959313484673661,0.004068651532633916,0.9028193719108155,0.4054605754042472,0.01601455170912436,0.01158474142345109,-0.0028291849979436845,0.014744244604620703,0.0,0.0,0.008694314912799471,0.002890426510651618,0.011523499910743156,0.006049929691821231,-0.008633073400091538,-2.9867818359254175,-0.0031595031811696133,-1.0930923756498947,0.01158474142345109,0.009148081245235723,0.010359070579347273,0.0,0.0,0.008694314912799471,0.002890426510651618,0.0004537663324362517,0.0016647556665478017,0.0024366601782153663,0.8430105969606698,0.0012256708441038162,0.42404497730250235
26,2000,5,1.0,1.0,1.0,1.0,3,True,10,0.6,0.1515,0.5045,0.007548763055772149,1A_predicted_prob,,0.011820357511412041,0.05631451063682562,0.05631451063682562,0.09911720678560369,0.01453775625851623,0.03294504180632209,0.048866668283480665,0.9886318278021471,0.01136817219785291,1.0,0.16919532672711513,0.10021536592361857,0.050909032712374375,0.041424260014637435,0.029288563405833506,0.0,0.0,0.007548763055772149,0.043360269656602224,0.033875496958865284,0.02173980035006136,0.00948477269773694,0.21874339742010218,0.021620469306540865,0.49862395870153076,0.050909032712374375,0.044038571912844916,0.039591451730402474,0.0,0.0,0.007548763055772149,0.043360269656602224,0.036489808857072766,0.032042688674630324,0.006870460799529458,0.1584506012979403,0.0113175809819719,0.26101269829738327
26,2000,5,1.0,1.0,1.0,1.0,3,True,10,0.6,0.1515,0.5045,0.007548763055772149,1B_residual,,0.01513769860387219,0.06615018489783492,0.06615018489783492,0.1492232110143179,0.014203845381245812,0.04901640815262245,0.07081448818272872,0.9888790604295051,0.01112093957049487,1.0,0.23187400293274207,0.08394162363289093,0.050909032712374375,0.017705799200719814,0.0043943575182089105,0.0,0.0,0.007548763055772149,0.043360269656602224,0.010157036144947664,0.0031544055375632386,0.03320323351165456,0.7657524682067767,0.04020586411903899,0.9272512472236681,0.050909032712374375,0.044038571912844916,0.039591451730402474,0.0,0.0,0.007548763055772149,0.043360269656602224,0.036489808857072766,0.032042688674630324,0.006870460799529458,0.1584506012979403,0.0113175809819719,0.26101269829738327
26,2000,5,1.0,1.0,1.0,1.0,3,True,10,0.6,0.1515,0.5045,0.007548763055772149,1C_cv_decision,,0.011820357511412041,0.05631451063682562,0.05631451063682562,0.09911720678560369,0.01453775625851623,0.03294504180632209,0.048866668283480665,0.9886318278021471,0.01136817219785291,1.0,0.16919532672711513,0.10021536592361857,0.050909032712374375,0.041424260014637435,0.029288563405833506,0.0,0.0,0.007548763055772149,0.043360269656602224,0.033875496958865284,0.02173980035006136,0.00948477269773694,0.21874339742010218,0.021620469306540865,0.49862395870153076,0.050909032712374375,0.044038571912844916,0.039591451730402474,0.0,0.0,0.007548763055772149,0.043360269656602224,0.036489808857072766,0.032042688674630324,0.006870460799529458,0.1584506012979403,0.0113175809819719,0.26101269829738327
26,2000,5,1.0,1.0,1.0,1.0,3,True,10,0.6,0.1515,0.5045,0.007548763055772149,PS_propensity_score,,0.0032239533184694794,0.027297423124462303,0.0272974231244623,0.030399452899268552,0.0013701563446050775,8.889369222722516e-05,0.010619500978700284,0.9981772224382447,0.0018227775617553066,1.0,0.03773795102715749,0.1744737203743817,0.050909032712374375,0.03632216721807677,0.02163308165678771,0.0,0.0,0.007548763055772149,0.043360269656602224,0.028773404162304617,0.01408431860101556,0.014586865494297607,0.3364108574466983,0.02927595105558666,0.6751791741020452,0.050909032712374375,0.044038571912844916,0.039591451730402474,0.0,0.0,0.007548763055772149,0.043360269656602224,0.036489808857072766,0.032042688674630324,0.006870460799529458,0.1584506012979403,0.0113175809819719,0.26101269829738327
26,2000,5,1.0,1.0,1.0,1.0,3,True,10,0.6,0.1515,0.5045,0.007548763055772149,GMM,,0.01061890495974691,0.05621384735742251,0.056213847357422506,0.11555142248031712,0.004638269119868921,0.030690415929884036,0.05029336917669003,0.99581745624652,0.004182543753480039,0.6169423292420562,0.03996949255923554,0.09927211413332437,0.050909032712374375,0.0453376015595408,0.045538981338489555,0.0011553451893180952,0.3380333139594961,0.007548763055772149,0.043360269656602224,0.03778883850376865,0.037990218282717404,0.005571431152833574,0.1284916167947595,0.00537005137388482,0.123847278082302,0.050909032712374375,0.044038571912844916,0.039591451730402474,0.0,0.0,0.007548763055772149,0.043360269656602224,0.036489808857072766,0.032042688674630324,0.006870460799529458,0.1584506012979403,0.0113175809819719,0.26101269829738327
26,2000,5,1.0,1.0,1.0,1.0,3,True,10,0.6,0.1515,0.5045,0.007548763055772149,Prognostic_score,,0.011687932473856051,0.05595517141980179,0.05595517141980179,0.11757899129453218,0.013418513550360308,0.022569255861137935,0.05118892023534347,0.9894532254049531,0.010546774595046937,1.0,0.1654393237742542,0.15603435138558275,0.050909032712374375,0.044941741878595814,0.030190239091983876,0.0,0.0,0.007548763055772149,0.043360269656602224,0.037392978822823664,0.02264147603621173,0.00596729083377856,0.13762116520578316,0.020718793620390495,0.47782898456296297,0.050909032712374375,0.044038571912844916,0.039591451730402474,0.0,0.0,0.007548763055772149,0.043360269656602224,0.036489808857072766,0.032042688674630324,0.006870460799529458,0.1584506012979403,0.0113175809819719,0.26101269829738327
26,2000,5,1.0,1.0,1.0,1.0,3,True,10,0.6,0.1515,0.5045,0.007548763055772149,2A_PCA_cum60,,0.023133012318318193,0.06845406857925887,0.06845406857925887,0.02252396577584489,0.010911455967995344,0.0677347987917898,0.03372340684521001,0.9912476492655813,0.008752350734418712,1.0,0.034785851533563616,0.05445864624786512,0.050909032712374375,0.0415530257570692,0.041292238665988,0.0,0.0,0.007548763055772149,0.043360269656602224,0.03400426270129705,0.03374347561021585,0.009356006955305175,0.21577372625681046,0.009616794046386372,0.22178815128567997,0.050909032712374375,0.044038571912844916,0.039591451730402474,0.0,0.0,0.007548763055772149,0.043360269656602224,0.036489808857072766,0.032042688674630324,0.006870460799529458,0.1584506012979403,0.0113175809819719,0.26101269829738327
26,2000,5,1.0,1.0,1.0,1.0,3,True,10,0.6,0.1515,0.5045,0.007548763055772149,2B_clustering,,0.02537598312081996,0.08529759381596179,0.08529759381596179,0.20659156334007775,0.0072401327637299446,0.03499286986496317,0.08294152198959029,0.9939349716547574,0.006065028345242585,1.0,0.07302719591089368,0.1361575526194979,0.050909032712374375,0.054670787822081165,0.05238433959073397,0.0,0.0,0.007548763055772149,0.043360269656602224,0.047122024766309015,0.04483557653496182,-0.003761755109706791,-0.08675580524518267,-0.001475306878359596,-0.03402439352991804,0.050909032712374375,0.044038571912844916,0.039591451730402474,0.0,0.0,0.007548763055772149,0.043360269656602224,0.036489808857072766,0.032042688674630324,0.006870460799529458,0.1584506012979403,0.0113175809819719,0.26101269829738327
26,2000,5,1.0,1.0,1.0,1.0,3,True,10,0.6,0.1515,0.5045,0.007548763055772149,baseline_random,,0.0007061563964069937,0.01806929566656165,0.01806929566656165,0.002500300344185997,0.0019009379299406654,0.006286027325473057,0.0035624218665332393,0.9977945207569194,0.002205479243080566,1.0,0.0026932666097619906,0.002860109015464074,0.050909032712374375,0.05031862890458897,0.0502483072594145,0.0,0.0,0.007548763055772149,0.043360269656602224,0.04276986584881682,0.04269954420364235,0.0005904038077854043,0.013616239300659139,0.0006607254529598719,0.015238038374589924,0.050909032712374375,0.044038571912844916,0.039591451730402474,0.0,0.0,0.007548763055772149,0.043360269656602224,0.036489808857072766,0.032042688674630324,0.006870460799529458,0.1584506012979403,0.0113175809819719,0.26101269829738327
26,2000,5,1.0,1.0,1.0,1.0,3,True,10,0.6,0.1515,0.5045,0.007548763055772149,baseline_oracle_kmeans,,0.4118712703833282,0.6610945856982687,0.6610945856982688,0.2543006602274048,0.9920982481251683,0.7000705363354311,0.6488231482293347,0.015304274857916501,0.9846957251420835,0.874366001224911,0.49017688302237716,0.034081605079411825,0.050909032712374375,0.04581127922706765,0.032883810349948354,0.0013941339479343986,0.447444798229014,0.007548763055772149,0.043360269656602224,0.0382625161712955,0.025335047294176204,0.005097753485306722,0.11756738428241109,0.01802522236242602,0.415708262544936,0.050909032712374375,0.044038571912844916,0.039591451730402474,0.0,0.0,0.007548763055772149,0.043360269656602224,0.036489808857072766,0.032042688674630324,0.006870460799529458,0.1584506012979403,0.0113175809819719,0.26101269829738327
26,2000,5,1.0,1.0,1.0,1.0,3,True,10,0.6,0.1515,0.5045,0.007548763055772149,baseline_oracle_quantile,,0.09088367153236117,0.29740862499673676,0.29740862499673676,0.8962953956470363,0.002707830265904043,0.0029050210009851727,0.30063608230464184,0.9972107725407434,0.0027892274592565824,1.0,0.40858955370094374,0.10595270503140941,0.050909032712374375,0.04055050814991619,0.026263041699410822,0.00024505453459650804,0.13875951158416852,0.007548763055772149,0.043360269656602224,0.03300174509414404,0.01871427864363867,0.010358524562458185,0.23889437599198493,0.024645991012963553,0.5684003168834271,0.050909032712374375,0.044038571912844916,0.039591451730402474,0.0,0.0,0.007548763055772149,0.043360269656602224,0.036489808857072766,0.032042688674630324,0.006870460799529458,0.1584506012979403,0.0113175809819719,0.26101269829738327
27,2000,5,1.0,1.0,1.0,1.0,3,True,10,0.6,0.1575,0.508,0.009183386997130397,1A_predicted_prob,,0.0237012527211057,0.07527037932484279,0.07527037932484279,0.13732259582285472,0.004846717823305901,0.042209184418946465,0.061459499355035696,0.9918654183286197,0.008134581671380259,0.931373410794411,0.2448761550886599,0.0627541847383355,0.06084685752735544,0.05638264971808462,0.05099409015810651,0.0002730127055284233,0.12133914768182108,0.009183386997130397,0.05166347053022505,0.04719926272095422,0.04181070316097611,0.004464207809270829,0.0864093674593367,0.009852767369248935,0.19071052076311257,0.06084685752735544,0.06007571605384417,0.05532224269812855,0.0004995693592007754,0.09154436876944065,0.009183386997130397,0.05166347053022505,0.05089232905671377,0.046138855700998155,0.0007711414735112748,0.014926242190023364,0.005524614829226893,0.10693464400528008
27,2000,5,1.0,1.0,1.0,1.0,3,True,10,0.6,0.1575,0.508,0.009183386997130397,1B_residual,,0.02390291903653183,0.07953980926854182,0.07953980926854183,0.12728846773677047,0.010646932185977148,0.07596851005562885,0.07130130332612548,0.9877001113400755,0.012299888659924485,0.40742914573757205,0.25552665798052976,0.04841244603059014,0.06084685752735544,0.02025644259952004,0.007800649808229085,0.0005442932535785368,0.6372474803626018,0.009183386997130397,0.05166347053022505,0.011073055602389643,0.0013827371889013123,0.040590414927835404,0.7856695361587933,0.050280733341323734,0.9732356890717909,0.06084685752735544,0.06007571605384417,0.05532224269812855,0.0004995693592007754,0.09154436876944065,0.009183386997130397,0.05166347053022505,0.05089232905671377,0.046138855700998155,0.0007711414735112748,0.014926242190023364,0.005524614829226893,0.10693464400528008
27,2000,5,1.0,1.0,1.0,1.0,3,True,10,0.6,0.1575,0.508,0.009183386997130397,1C_cv_decision,,0.0237012527211057,0.07527037932484279,0.07527037932484279,0.13732259582285472,0.004846717823305901,0.042209184418946465,0.061459499355035696,0.9918654183286197,0.008134581671380259,0.931373410794411,0.2448761550886599,0.0627541847383355,0.06084685752735544,0.05638264971808462,0.05099409015810651,0.0002730127055284233,0.12133914768182108,0.009183386997130397,0.05166347053022505,0.04719926272095422,0.04181070316097611,0.004464207809270829,0.0864093674593367,0.009852767369248935,0.19071052076311257,0.06084685752735544,0.06007571605384417,0.05532224269812855,0.0004995693592007754,0.09154436876944065,0.009183386997130397,0.05166347053022505,0.05089232905671377,0.046138855700998155,0.0007711414735112748,0.014926242190023364,0.005524614829226893,0.10693464400528008
27,2000,5,1.0,1.0,1.0,1.0,3,True,10,0.6,0.1575,0.508,0.009183386997130397,PS_propensity_score,,0.0012354099728085891,0.019303962002955064,0.01930396200295506,0.010979292948643034,0.01375879414682594,0.0038635307295901227,0.009533872608353032,0.9854432017608011,0.014556798239198865,0.7298241631102784,0.01666824447571924,0.03974456946391969,0.06084685752735544,0.058534798816050254,0.056453797228126976,0.001193109179859157,0.31626435719279034,0.009183386997130397,0.05166347053022505,0.04935141181891986,0.04727041023099658,0.002312058711305187,0.04475229185295526,0.004393060299228466,0.0850322336874052,0.06084685752735544,0.06007571605384417,0.05532224269812855,0.0004995693592007754,0.09154436876944065,0.009183386997130397,0.05166347053022505,0.05089232905671377,0.046138855700998155,0.0007711414735112748,0.014926242190023364,0.005524614829226893,0.10693464400528008
27,2000,5,1.0,1.0,1.0,1.0,3,True,10,0.6,0.1575,0.508,0.009183386997130397,GMM,,0.010497523011846194,0.04283675605132633,0.04283675605132632,0.10631580831982636,0.009183532963726197,0.009169595690251194,0.04155631232460125,0.9887470049261589,0.011252995073841143,1.0,0.06314146898919748,0.1805090920536404,0.06084685752735544,0.05512525922520079,0.0472194073353853,5.2992838726319615e-05,0.020846368239489706,0.009183386997130397,0.05166347053022505,0.04594187222807039,0.0380360203382549,0.005721598302154657,0.11074746321595463,0.013627450191970147,0.26377341769940876,0.06084685752735544,0.06007571605384417,0.05532224269812855,0.0004995693592007754,0.09154436876944065,0.009183386997130397,0.05166347053022505,0.05089232905671377,0.046138855700998155,0.0007711414735112748,0.014926242190023364,0.005524614829226893,0.10693464400528008
27,2000,5,1.0,1.0,1.0,1.0,3,True,10,0.6,0.1575,0.508,0.009183386997130397,Prognostic_score,,0.023941015656513707,0.07090167650824207,0.07090167650824207,0.11907181329631238,0.005437472504658396,0.029645821982720078,0.05138503592789695,0.9914538948222793,0.008546105177720698,0.535878365653078,0.2106161798808871,0.05075357457486618,0.06084685752735544,0.05442926500286761,0.056897975565847705,0.000672569169453184,0.248200034152378,0.009183386997130397,0.05166347053022505,0.04524587800573722,0.04771458856871731,0.006417592524487828,0.1242191525002816,0.003948881961507736,0.0764347017530983,0.06084685752735544,0.06007571605384417,0.05532224269812855,0.0004995693592007754,0.09154436876944065,0.009183386997130397,0.05166347053022505,0.05089232905671377,0.046138855700998155,0.0007711414735112748,0.014926242190023364,0.005524614829226893,0.10693464400528008
27,2000,5,1.0,1.0,1.0,1.0,3,True,10,0.6,0.1575,0.508,0.009183386997130397,2A_PCA_cum60,,0.009560529878738412,0.046883189450729015,0.04688318945072902,0.12559669965151687,0.004227975974143924,0.013423185532399877,0.04774928705268689,0.9923215921237898,0.007678407876210214,0.8500344092931857,0.1570790184724421,0.020545821374266193,0.06084685752735544,0.06421198794954638,0.0648082914183591,0.0,0.0,0.009183386997130397,0.05166347053022505,0.05502860095241599,0.05562490442122871,-0.003365130422190943,-0.06513558589181923,-0.00396143389100366,-0.07667765735339205,0.06084685752735544,0.06007571605384417,0.05532224269812855,0.0004995693592007754,0.09154436876944065,0.009183386997130397,0.05166347053022505,0.05089232905671377,0.046138855700998155,0.0007711414735112748,0.014926242190023364,0.005524614829226893,0.10693464400528008
27,2000,5,1.0,1.0,1.0,1.0,3,True,10,0.6,0.1575,0.508,0.009183386997130397,2B_clustering,,0.037480903268384075,0.10140640320845631,0.10140640320845633,0.1912375326242986,0.026832671729252567,0.0704532547438505,0.09617448636580056,0.975537859523149,0.024462140476851024,1.0,0.20119599034753144,0.15723368338705201,0.06084685752735544,0.058993652765744586,0.05355949281861,0.0,0.0,0.009183386997130397,0.05166347053022505,0.04981026576861419,0.044376105821479606,0.001853204761610855,0.035870698243678056,0.007287364708745442,0.14105449428686878,0.06084685752735544,0.06007571605384417,0.05532224269812855,0.0004995693592007754,0.09154436876944065,0.009183386997130397,0.05166347053022505,0.05089232905671377,0.046138855700998155,0.0007711414735112748,0.014926242190023364,0.005524614829226893,0.10693464400528008
27,2000,5,1.0,1.0,1.0,1.0,3,True,10,0.6,0.1575,0.508,0.009183386997130397,baseline_random,,0.0017797820587246369,0.018641633806482365,0.018641633806482365,0.004320121497647987,0.0034816668989519585,0.006900222947494892,0.004900670448031612,0.9928592282481736,0.007140771751826369,0.8170719066636032,0.004046599017983876,0.0009141419210213497,0.06084685752735544,0.0593055639084137,0.06260386585152727,6.361868461174359e-06,0.002525631140538967,0.009183386997130397,0.05166347053022505,0.0501221769112833,0.05342047885439688,0.0015412936189417442,0.029833334910012055,-0.0017570083241718326,-0.03400871652909809,0.06084685752735544,0.06007571605384417,0.05532224269812855,0.0004995693592007754,0.09154436876944065,0.009183386997130397,0.05166347053022505,0.05089232905671377,0.046138855700998155,0.0007711414735112748,0.014926242190023364,0.005524614829226893,0.10693464400528008
27,2000,5,1.0,1.0,1.0,1.0,3,True,10,0.6,0.1575,0.508,0.009183386997130397,baseline_oracle_kmeans,,0.3479208078804068,0.6272785911247494,0.6272785911247494,0.35949838818556423,0.9920404876926618,0.6340668587904661,0.6618685782228974,0.015771261189504185,0.9842287388104958,0.7733361720800456,0.2521376446580832,0.01696934071126288,0.06084685752735544,0.05930767340414117,0.04817810857943133,0.002070059785533545,0.5039740270397783,0.009183386997130397,0.05166347053022505,0.050124286407010776,0.038994721582300926,0.0015391841232142711,0.029792503434584283,0.012668748947924122,0.2452167618223099,0.06084685752735544,0.06007571605384417,0.05532224269812855,0.0004995693592007754,0.09154436876944065,0.009183386997130397,0.05166347053022505,0.05089232905671377,0.046138855700998155,0.0007711414735112748,0.014926242190023364,0.005524614829226893,0.10693464400528008
27,2000,5,1.0,1.0,1.0,1.0,3,True,10,0.6,0.1575,0.508,0.009183386997130397,baseline_oracle_quantile,,0.09337569822694097,0.29692839170262103,0.29692839170262103,0.9056093548294071,0.0052499088400161445,0.0035562078637466714,0.30480515717772333,0.9915892549624225,0.00841074503757755,1.0,0.4164769458524299,0.0071206441834560374,0.06084685752735544,0.049454984074452785,0.04511999088934163,0.0,0.0,0.009183386997130397,0.05166347053022505,0.04027159707732239,0.03593660389221123,0.011391873452902657,0.22050151366114645,0.015726866638013814,0.30440979819218716,0.06084685752735544,0.06007571605384417,0.05532224269812855,0.0004995693592007754,0.09154436876944065,0.009183386997130397,0.05166347053022505,0.05089232905671377,0.046138855700998155,0.0007711414735112748,0.014926242190023364,0.005524614829226893,0.10693464400528008
28,2000,5,1.0,1.0,1.0,1.0,3,True,10,0.6,0.151,0.5225,0.008210362091492247,1A_predicted_prob,,0.02582025933233554,0.0757801079620511,0.07578010796205109,0.14645633674396347,0.007984429953410295,0.058971306334832496,0.07113735767740208,0.9860512088925005,0.01394879110749947,0.5446885763605338,0.263880827226308,0.13003669777423865,0.015147631330203942,0.015057454515943066,0.007591088083452634,0.0016789885650701742,0.49701342628292894,0.008210362091492247,0.006937269238711696,0.006847092424450819,0.0006192740080396128,9.017681426087658e-05,0.012998892093976644,0.006317995230672083,0.9107323088191663,0.015147631330203942,0.021212365761369735,0.008798583249526362,0.003297488042343631,0.4190256267052073,0.008210362091492247,0.006937269238711696,0.013002003669877488,0.0005882211580341152,-0.006064734431165793,-0.8742250332916386,0.00634904808067758,0.9152085441989631
28,2000,5,1.0,1.0,1.0,1.0,3,True,10,0.6,0.151,0.5225,0.008210362091492247,1B_residual,,0.02876652485544075,0.08883743569250392,0.08883743569250394,0.17500697461700643,0.01276367976584131,0.07578683398286265,0.08785249612190345,0.9825133370463452,0.017486662953654752,1.0,0.2769154265781051,0.09267498263576046,0.015147631330203942,0.009519759555452263,0.0012029942188049641,0.0,0.0,0.008210362091492247,0.006937269238711696,0.0013093974639600166,0.007007367872687282,0.005627871774751679,0.8112517449008247,-7.009863397558665e-05,-0.010104643709720751,0.015147631330203942,0.021212365761369735,0.008798583249526362,0.003297488042343631,0.4190256267052073,0.008210362091492247,0.006937269238711696,0.013002003669877488,0.0005882211580341152,-0.006064734431165793,-0.8742250332916386,0.00634904808067758,0.9152085441989631
28,2000,5,1.0,1.0,1.0,1.0,3,True,10,0.6,0.151,0.5225,0.008210362091492247,1C_cv_decision,,0.02582025933233554,0.0757801079620511,0.07578010796205109,0.14645633674396347,0.007984429953410295,0.058971306334832496,0.07113735767740208,0.9860512088925005,0.01394879110749947,0.5446885763605338,0.263880827226308,0.13003669777423865,0.015147631330203942,0.015057454515943066,0.007591088083452634,0.0016789885650701742,0.49701342628292894,0.008210362091492247,0.006937269238711696,0.006847092424450819,0.0006192740080396128,9.017681426087658e-05,0.012998892093976644,0.006317995230672083,0.9107323088191663,0.015147631330203942,0.021212365761369735,0.008798583249526362,0.003297488042343631,0.4190256267052073,0.008210362091492247,0.006937269238711696,0.013002003669877488,0.0005882211580341152,-0.006064734431165793,-0.8742250332916386,0.00634904808067758,0.9152085441989631
28,2000,5,1.0,1.0,1.0,1.0,3,True,10,0.6,0.151,0.5225,0.008210362091492247,PS_propensity_score,,0.01004973088526,0.04014063088545095,0.04014063088545095,0.004705849567032366,0.010131211163036212,0.025333165906961375,0.013390075545676651,0.9844863712406293,0.015513628759370679,1.0,0.019957213182302813,0.07437627593752538,0.015147631330203942,0.01255966033904828,0.005448545166238729,0.0,0.0,0.008210362091492247,0.006937269238711696,0.004349298247556033,0.0027618169252535173,0.002587970991155663,0.3730532724193748,0.004175452313458178,0.6018870206389153,0.015147631330203942,0.021212365761369735,0.008798583249526362,0.003297488042343631,0.4190256267052073,0.008210362091492247,0.006937269238711696,0.013002003669877488,0.0005882211580341152,-0.006064734431165793,-0.8742250332916386,0.00634904808067758,0.9152085441989631
28,2000,5,1.0,1.0,1.0,1.0,3,True,10,0.6,0.151,0.5225,0.008210362091492247,GMM,,0.015941829125201396,0.06193063273251568,0.061930632732515686,0.17117429365144157,0.008918411185764407,0.017292102287870707,0.0657949357083589,0.985395676077838,0.014604323922162044,0.33004673551317476,0.08814653866678446,0.06485864146810372,0.015147631330203942,0.023617131733029123,0.03280170039345534,0.005286357497771167,0.7095558167983753,0.008210362091492247,0.006937269238711696,0.015406769641536876,0.024591338301963094,-0.00846950040282518,-1.2208694965395392,-0.0176540690632514,-2.5448153236921067,0.015147631330203942,0.021212365761369735,0.008798583249526362,0.003297488042343631,0.4190256267052073,0.008210362091492247,0.006937269238711696,0.013002003669877488,0.0005882211580341152,-0.006064734431165793,-0.8742250332916386,0.00634904808067758,0.9152085441989631
28,2000,5,1.0,1.0,1.0,1.0,3,True,10,0.6,0.151,0.5225,0.008210362091492247,Prognostic_score,,0.01914532419338121,0.06748695407321881,0.06748695407321881,0.15551045374504122,0.011086697409744595,0.038182364378462105,0.06825983851108264,0.9838902718094071,0.016109728190592865,1.0,0.2098798854809948,0.17277946798694765,0.015147631330203942,0.013529921220046991,0.005776988656527239,0.0,0.0,0.008210362091492247,0.006937269238711696,0.005319559128554745,0.0024333734349650075,0.001617710110156951,0.23319119591462945,0.004503895803746688,0.6492318012704227,0.015147631330203942,0.021212365761369735,0.008798583249526362,0.003297488042343631,0.4190256267052073,0.008210362091492247,0.006937269238711696,0.013002003669877488,0.0005882211580341152,-0.006064734431165793,-0.8742250332916386,0.00634904808067758,0.9152085441989631
28,2000,5,1.0,1.0,1.0,1.0,3,True,10,0.6,0.151,0.5225,0.008210362091492247,2A_PCA_cum60,,0.01254518774207496,0.05781432186223594,0.057814321862235944,0.15169184325051377,0.008022540634140405,0.010154847309588785,0.05662307706474765,0.98605447104368,0.013945528956319952,1.0,0.12451201651297061,0.06887576355811664,0.015147631330203942,0.017300315120548103,0.02743534267284522,0.0,0.0,0.008210362091492247,0.006937269238711696,0.009089953029055856,0.019224980581352972,-0.0021526837903441606,-0.3103070842820468,-0.012287711342641276,-1.7712605522174023,0.015147631330203942,0.021212365761369735,0.008798583249526362,0.003297488042343631,0.4190256267052073,0.008210362091492247,0.006937269238711696,0.013002003669877488,0.0005882211580341152,-0.006064734431165793,-0.8742250332916386,0.00634904808067758,0.9152085441989631
28,2000,5,1.0,1.0,1.0,1.0,3,True,10,0.6,0.151,0.5225,0.008210362091492247,2B_clustering,,0.026529753707866272,0.0887380128984254,0.08873801289842541,0.25652827958654845,0.004842856566501122,0.03205213604526373,0.09780775739943777,0.9883909049292287,0.011609095070771347,1.0,0.1713225591804607,0.12469250860930248,0.015147631330203942,0.023189000271649603,0.017678722508543476,0.0,0.0,0.008210362091492247,0.006937269238711696,0.014978638180157357,0.009468360417051229,-0.008041368941445661,-1.1591548006487642,-0.0025310911783395333,-0.3648541077540155,0.015147631330203942,0.021212365761369735,0.008798583249526362,0.003297488042343631,0.4190256267052073,0.008210362091492247,0.006937269238711696,0.013002003669877488,0.0005882211580341152,-0.006064734431165793,-0.8742250332916386,0.00634904808067758,0.9152085441989631
28,2000,5,1.0,1.0,1.0,1.0,3,True,10,0.6,0.151,0.5225,0.008210362091492247,baseline_random,,0.0018192098869517692,0.018611183178374482,0.018611183178374485,0.0054104791543430585,0.0026275431129514303,0.0011142975229237204,0.0030507732634060696,0.9899777537589332,0.010022246241066846,1.0,0.006007754354241723,0.002575622734368843,0.015147631330203942,0.014464143772882304,0.012067478209162461,0.0,0.0,0.008210362091492247,0.006937269238711696,0.006253781681390057,0.0038571161176702146,0.0006834875573216385,0.09852400617632184,0.003080153121041481,0.4440008042146407,0.015147631330203942,0.021212365761369735,0.008798583249526362,0.003297488042343631,0.4190256267052073,0.008210362091492247,0.006937269238711696,0.013002003669877488,0.0005882211580341152,-0.006064734431165793,-0.8742250332916386,0.00634904808067758,0.9152085441989631
28,2000,5,1.0,1.0,1.0,1.0,3,True,10,0.6,0.151,0.5225,0.008210362091492247,baseline_oracle_kmeans,,0.3586994969653101,0.6235662897701205,0.6235662897701204,0.3712722624644819,0.9725869642998224,0.6490361717796893,0.6642984661813313,0.044707745230855585,0.9552922547691444,1.0,0.5127574399473079,0.03460471241732932,0.015147631330203942,0.008479510015467862,0.01509700409254089,0.0,0.0,0.008210362091492247,0.006937269238711696,0.0002691479239756156,0.006886642001048644,0.00666812131473608,0.9612026123371855,5.06272376630517e-05,0.00729786259131171,0.015147631330203942,0.021212365761369735,0.008798583249526362,0.003297488042343631,0.4190256267052073,0.008210362091492247,0.006937269238711696,0.013002003669877488,0.0005882211580341152,-0.006064734431165793,-0.8742250332916386,0.00634904808067758,0.9152085441989631
28,2000,5,1.0,1.0,1.0,1.0,3,True,10,0.6,0.151,0.5225,0.008210362091492247,baseline_oracle_quantile,,0.09724345993937288,0.31609094743550376,0.31609094743550376,0.9002349797023078,0.0010707172838440718,0.0027587089903917767,0.30135480199218123,0.9911058580107331,0.008894141989266857,0.5086411227012482,0.45864368005661227,0.054559770268261865,0.015147631330203942,0.005401037639344514,0.006329091884454675,0.0028648392363480285,0.6570714777224307,0.008210362091492247,0.006937269238711696,0.0028093244521477326,0.001881270207037572,0.004127944786563963,0.5950388610447753,0.005055999031674124,0.7288168957693593,0.015147631330203942,0.021212365761369735,0.008798583249526362,0.003297488042343631,0.4190256267052073,0.008210362091492247,0.006937269238711696,0.013002003669877488,0.0005882211580341152,-0.006064734431165793,-0.8742250332916386,0.00634904808067758,0.9152085441989631
29,2000,5,1.0,1.0,1.0,1.0,3,True,10,0.6,0.146,0.5055,0.008185804057858575,1A_predicted_prob,,0.01563042252147012,0.05636451335820402,0.05636451335820401,0.12413813688160084,0.015186911803338837,0.03607846122249103,0.05846783663581023,0.9876302719309523,0.01236972806904768,0.7011945443196558,0.19269020611479637,0.42858050253677493,0.05289760243958075,0.025443973544202345,0.007511855026087507,0.001586842958083871,0.456668228837053,0.008185804057858575,0.04471179838172217,0.017258169486343768,0.0006739490317710685,0.027453628895378404,0.6140130768392718,0.0440378493499511,0.9849268189568825,0.05289760243958075,0.04062813244794658,0.03793366949855469,0.0,0.0,0.008185804057858575,0.04471179838172217,0.032442328390088,0.02974786544069611,0.012269469991634169,0.2744123572683185,0.014963932941026062,0.3346752643065952
29,2000,5,1.0,1.0,1.0,1.0,3,True,10,0.6,0.146,0.5055,0.008185804057858575,1B_residual,,0.019424520366904726,0.06472032245019466,0.06472032245019466,0.1392058788262665,0.013058482119804263,0.062110363694558746,0.07145824154687651,0.9891594867023575,0.010840513297642462,1.0,0.2531135804990752,0.2857016161538869,0.05289760243958075,0.010847166602979458,0.002767943263785605,0.0,0.0,0.008185804057858575,0.04471179838172217,0.002661362545120883,0.005417860794072971,0.042050435836601285,0.9404773987751558,0.0392939375876492,0.8788270436402811,0.05289760243958075,0.04062813244794658,0.03793366949855469,0.0,0.0,0.008185804057858575,0.04471179838172217,0.032442328390088,0.02974786544069611,0.012269469991634169,0.2744123572683185,0.014963932941026062,0.3346752643065952
29,2000,5,1.0,1.0,1.0,1.0,3,True,10,0.6,0.146,0.5055,0.008185804057858575,1C_cv_decision,,0.01563042252147012,0.05636451335820402,0.05636451335820401,0.12413813688160084,0.015186911803338837,0.03607846122249103,0.05846783663581023,0.9876302719309523,0.01236972806904768,0.7011945443196558,0.19269020611479637,0.42858050253677493,0.05289760243958075,0.025443973544202345,0.007511855026087507,0.001586842958083871,0.456668228837053,0.008185804057858575,0.04471179838172217,0.017258169486343768,0.0006739490317710685,0.027453628895378404,0.6140130768392718,0.0440378493499511,0.9849268189568825,0.05289760243958075,0.04062813244794658,0.03793366949855469,0.0,0.0,0.008185804057858575,0.04471179838172217,0.032442328390088,0.02974786544069611,0.012269469991634169,0.2744123572683185,0.014963932941026062,0.3346752643065952
29,2000,5,1.0,1.0,1.0,1.0,3,True,10,0.6,0.146,0.5055,0.008185804057858575,PS_propensity_score,,0.0030748198151072316,0.03221671261181316,0.03221671261181316,0.09612209364974571,0.0038184114734791017,0.008655455266130003,0.03619865346311827,0.9958470360948258,0.004152963905174167,0.7094336211249999,0.06172939316296644,0.039354432073401835,0.05289760243958075,0.035491175063423135,0.029607873286871228,0.0014091260589756964,0.3765448387651489,0.008185804057858575,0.04471179838172217,0.027305371005564558,0.02142206922901265,0.017406427376157614,0.3893027792698498,0.02328972915270952,0.520885537948529,0.05289760243958075,0.04062813244794658,0.03793366949855469,0.0,0.0,0.008185804057858575,0.04471179838172217,0.032442328390088,0.02974786544069611,0.012269469991634169,0.2744123572683185,0.014963932941026062,0.3346752643065952
29,2000,5,1.0,1.0,1.0,1.0,3,True,10,0.6,0.146,0.5055,0.008185804057858575,GMM,,0.01637547227982755,0.059991580175791315,0.059991580175791315,0.132576128036886,0.011030271324415917,0.022408355882765973,0.05533825174802263,0.9905932801905695,0.00940671980943053,1.0,0.039620637471435294,0.06163615577098658,0.05289760243958075,0.04542069267381443,0.03972738717374734,0.00022983944418596066,0.07977117793763515,0.008185804057858575,0.04471179838172217,0.037234888615955856,0.03154158311588876,0.007476909765766315,0.16722453661856773,0.01317021526583341,0.2945579409129132,0.05289760243958075,0.04062813244794658,0.03793366949855469,0.0,0.0,0.008185804057858575,0.04471179838172217,0.032442328390088,0.02974786544069611,0.012269469991634169,0.2744123572683185,0.014963932941026062,0.3346752643065952
29,2000,5,1.0,1.0,1.0,1.0,3,True,10,0.6,0.146,0.5055,0.008185804057858575,Prognostic_score,,0.01509396152382685,0.055644540475304094,0.055644540475304094,0.13304102478041038,0.0215800553630587,0.028115583621131056,0.06091222125486672,0.982995569470119,0.017004430529880987,0.3061697234377647,0.1601041599695341,0.3330283217763196,0.05289760243958075,0.027321609826514437,0.015146281639998949,0.00576485391985804,0.7397762566244932,0.008185804057858575,0.04471179838172217,0.01913580576865586,0.006960477582140374,0.025575992613066312,0.5720188750788779,0.037751320799581795,0.8443257074404379,0.05289760243958075,0.04062813244794658,0.03793366949855469,0.0,0.0,0.008185804057858575,0.04471179838172217,0.032442328390088,0.02974786544069611,0.012269469991634169,0.2744123572683185,0.014963932941026062,0.3346752643065952
29,2000,5,1.0,1.0,1.0,1.0,3,True,10,0.6,0.146,0.5055,0.008185804057858575,2A_PCA_cum60,,0.014300113531560712,0.05176989976079165,0.05176989976079165,0.004549657683418739,0.00449945001480111,0.05907371388258666,0.02270760719360217,0.9953524069535826,0.004647593046417375,0.6312094458939137,0.046009972606755656,0.02698571595370547,0.05289760243958075,0.05318195350019586,0.048219004339646605,0.0019524129037540028,0.4495740225057021,0.008185804057858575,0.04471179838172217,0.044996149442337284,0.04003320028178803,-0.0002843510606151123,-0.0063596426649514814,0.004678598099934143,0.10463900512323654,0.05289760243958075,0.04062813244794658,0.03793366949855469,0.0,0.0,0.008185804057858575,0.04471179838172217,0.032442328390088,0.02974786544069611,0.012269469991634169,0.2744123572683185,0.014963932941026062,0.3346752643065952
29,2000,5,1.0,1.0,1.0,1.0,3,True,10,0.6,0.146,0.5055,0.008185804057858575,2B_clustering,,0.028094351054746534,0.0905395197957716,0.09053951979577161,0.19774772226481047,0.003941530718581322,0.078009156050812,0.09323280301140126,0.9957547954636908,0.004245204536309166,0.586045187564707,0.17632308128927487,0.29792391181504574,0.05289760243958075,0.033724208448914196,0.02167501325119341,0.0027540089359676576,0.567861548696473,0.008185804057858575,0.04471179838172217,0.02553840439105562,0.013489209193334835,0.019173393990666553,0.42882180284889826,0.031222589188387335,0.6983076127206479,0.05289760243958075,0.04062813244794658,0.03793366949855469,0.0,0.0,0.008185804057858575,0.04471179838172217,0.032442328390088,0.02974786544069611,0.012269469991634169,0.2744123572683185,0.014963932941026062,0.3346752643065952
29,2000,5,1.0,1.0,1.0,1.0,3,True,10,0.6,0.146,0.5055,0.008185804057858575,baseline_random,,0.00014053628375632526,0.018225704663558415,0.018225704663558415,0.001103701467092556,0.0050648368357152,0.0053582155376211815,0.003842251280142979,0.9949344414942967,0.005065558505703338,0.6985027260314247,0.003912949091552598,0.0015812822400498305,0.05289760243958075,0.05392069093354301,0.05744716440564121,0.0004549796135983699,0.14703212538660304,0.008185804057858575,0.04471179838172217,0.04573488687568443,0.04926136034778263,-0.0010230884939622584,-0.02288184620148237,-0.004549561966060461,-0.10175305245427757,0.05289760243958075,0.04062813244794658,0.03793366949855469,0.0,0.0,0.008185804057858575,0.04471179838172217,0.032442328390088,0.02974786544069611,0.012269469991634169,0.2744123572683185,0.014963932941026062,0.3346752643065952
29,2000,5,1.0,1.0,1.0,1.0,3,True,10,0.6,0.146,0.5055,0.008185804057858575,baseline_oracle_kmeans,,0.3698691575994547,0.6260083495585997,0.6260083495585997,0.3116376171431467,0.988161696428902,0.6554883750908582,0.6517625628876357,0.022361723540548564,0.9776382764594514,1.0,0.22859536458208474,0.054789493894699115,0.05289760243958075,0.052366948182054965,0.04835007228662533,0.0,0.0,0.008185804057858575,0.04471179838172217,0.04418114412419639,0.04016426822876675,0.0005306542575257839,0.01186832730357612,0.00454753015295542,0.10170761001674256,0.05289760243958075,0.04062813244794658,0.03793366949855469,0.0,0.0,0.008185804057858575,0.04471179838172217,0.032442328390088,0.02974786544069611,0.012269469991634169,0.2744123572683185,0.014963932941026062,0.3346752643065952
29,2000,5,1.0,1.0,1.0,1.0,3,True,10,0.6,0.146,0.5055,0.008185804057858575,baseline_oracle_quantile,,0.10487823644471168,0.3322445153726864,0.33224451537268634,0.8999370355943482,0.002115682915301602,0.006356514050216581,0.30280307751995544,0.9970746883397242,0.0029253116602757645,0.8711832684241831,0.3939856709383682,0.13457581365906668,0.05289760243958075,0.04764654657459956,0.030613946872096787,0.0021916611897165963,0.5416833896237147,0.008185804057858575,0.04471179838172217,0.03946074251674098,0.02242814281423821,0.005251055864981188,0.11744228715988703,0.022283655567483962,0.4983842380313055,0.05289760243958075,0.04062813244794658,0.03793366949855469,0.0,0.0,0.008185804057858575,0.04471179838172217,0.032442328390088,0.02974786544069611,0.012269469991634169,0.2744123572683185,0.014963932941026062,0.3346752643065952
30,2000,5,1.0,1.0,1.0,1.0,3,True,10,0.6,0.158,0.508,0.008914850023073262,1A_predicted_prob,,0.02010309135989908,0.06478702089448195,0.06478702089448196,0.15522954552166324,0.003115030328051191,0.030151182917959943,0.0628319195892248,0.9937935491214402,0.006206450878559755,0.8495057382128696,0.24979722695040119,0.028394273038145568,0.03154106349893393,0.018385694231698804,0.02570818059713696,0.0,0.0,0.008914850023073262,0.02262621347586067,0.009470844208625541,0.016793330574063695,0.013155369267235128,0.5814216011561217,0.005832882901796975,0.2577931525316832,0.03154106349893393,0.025896249204422763,0.027082446055453048,0.0,0.0,0.008914850023073262,0.02262621347586067,0.0169813991813495,0.018167596032379787,0.00564481429451117,0.24948117370736733,0.004458617443480882,0.1970553954260914
30,2000,5,1.0,1.0,1.0,1.0,3,True,10,0.6,0.158,0.508,0.008914850023073262,1B_residual,,0.02360407154620976,0.07952046060179019,0.07952046060179019,0.1812323842471956,0.008002749965513199,0.042402881611343084,0.07721267194135063,0.9902357898439009,0.009764210156099074,0.44652954061549943,0.2648776971011392,0.004623194774889927,0.03154106349893393,0.006025363060236868,0.0025999936931864857,0.0,0.0,0.008914850023073262,0.02262621347586067,0.002889486962836394,0.0063148563298867765,0.019736726513024275,0.8722947184282905,0.01631135714597389,0.7209052970076528,0.03154106349893393,0.025896249204422763,0.027082446055453048,0.0,0.0,0.008914850023073262,0.02262621347586067,0.0169813991813495,0.018167596032379787,0.00564481429451117,0.24948117370736733,0.004458617443480882,0.1970553954260914
30,2000,5,1.0,1.0,1.0,1.0,3,True,10,0.6,0.158,0.508,0.008914850023073262,1C_cv_decision,,0.02010309135989908,0.06478702089448195,0.06478702089448196,0.15522954552166324,0.003115030328051191,0.030151182917959943,0.0628319195892248,0.9937935491214402,0.006206450878559755,0.8495057382128696,0.24979722695040119,0.028394273038145568,0.03154106349893393,0.018385694231698804,0.02570818059713696,0.0,0.0,0.008914850023073262,0.02262621347586067,0.009470844208625541,0.016793330574063695,0.013155369267235128,0.5814216011561217,0.005832882901796975,0.2577931525316832,0.03154106349893393,0.025896249204422763,0.027082446055453048,0.0,0.0,0.008914850023073262,0.02262621347586067,0.0169813991813495,0.018167596032379787,0.00564481429451117,0.24948117370736733,0.004458617443480882,0.1970553954260914
30,2000,5,1.0,1.0,1.0,1.0,3,True,10,0.6,0.158,0.508,0.008914850023073262,PS_propensity_score,,0.007892829878132415,0.034516196928879944,0.034516196928879944,0.06595507831005547,0.0021064402681290916,0.013092196769372327,0.027051238449185628,0.9945223506803129,0.0054776493196870835,1.0,0.09403879016671857,0.0411238939563906,0.03154106349893393,0.014586803974251102,0.01671526505660534,0.0,0.0,0.008914850023073262,0.02262621347586067,0.00567195395117784,0.007800415033532076,0.01695425952468283,0.7493193477897173,0.014825798442328593,0.6552487652494687,0.03154106349893393,0.025896249204422763,0.027082446055453048,0.0,0.0,0.008914850023073262,0.02262621347586067,0.0169813991813495,0.018167596032379787,0.00564481429451117,0.24948117370736733,0.004458617443480882,0.1970553954260914
30,2000,5,1.0,1.0,1.0,1.0,3,True,10,0.6,0.158,0.508,0.008914850023073262,GMM,,0.013484510075950015,0.052734665139959475,0.052734665139959475,0.13046657317395965,0.01819302513246177,0.004416684291546117,0.05102542753265585,0.9828751826172668,0.017124817382733193,1.0,0.06609733961965414,0.0920154331975146,0.03154106349893393,0.02911379293628323,0.02997077991858215,0.0,0.0,0.008914850023073262,0.02262621347586067,0.02019894291320997,0.02105592989550889,0.002427270562650699,0.10727692308040371,0.0015702835803517792,0.06940107685393648,0.03154106349893393,0.025896249204422763,0.027082446055453048,0.0,0.0,0.008914850023073262,0.02262621347586067,0.0169813991813495,0.018167596032379787,0.00564481429451117,0.24948117370736733,0.004458617443480882,0.1970553954260914
30,2000,5,1.0,1.0,1.0,1.0,3,True,10,0.6,0.158,0.508,0.008914850023073262,Prognostic_score,,0.021524545919635776,0.06421777152063726,0.06421777152063728,0.15104298087119108,0.0033023593811603528,0.03044913667531477,0.06159815897588874,0.9936539064721678,0.0063460935278322195,1.0,0.24291983684736607,0.021398320240112567,0.03154106349893393,0.015407399594000153,0.02561060795881609,0.0,0.0,0.008914850023073262,0.02262621347586067,0.006492549570926891,0.01669575793574283,0.01613366390493378,0.7130518733126237,0.0059304555401178405,0.262105524039402,0.03154106349893393,0.025896249204422763,0.027082446055453048,0.0,0.0,0.008914850023073262,0.02262621347586067,0.0169813991813495,0.018167596032379787,0.00564481429451117,0.24948117370736733,0.004458617443480882,0.1970553954260914
30,2000,5,1.0,1.0,1.0,1.0,3,True,10,0.6,0.158,0.508,0.008914850023073262,2A_PCA_cum60,,0.011632173886236254,0.04715199021553745,0.04715199021553744,0.08455841636254105,0.01836591632340356,0.0073357000790183835,0.03675334425498767,0.9827199928655121,0.01728000713448785,1.0,0.14520130760589556,0.01776130164816203,0.03154106349893393,0.02651221226919291,0.031019730173451752,0.0,0.0,0.008914850023073262,0.02262621347586067,0.01759736224611965,0.022104880150378488,0.005028851229741019,0.22225774697592116,0.0005213333254821817,0.023041121133166143,0.03154106349893393,0.025896249204422763,0.027082446055453048,0.0,0.0,0.008914850023073262,0.02262621347586067,0.0169813991813495,0.018167596032379787,0.00564481429451117,0.24948117370736733,0.004458617443480882,0.1970553954260914
30,2000,5,1.0,1.0,1.0,1.0,3,True,10,0.6,0.158,0.508,0.008914850023073262,2B_clustering,,0.0336828036842527,0.10355185277555398,0.103551852775554,0.23940978898507423,0.03900463869844768,0.04619174148719342,0.10820205639023844,0.9676850322229765,0.03231496777702347,1.0,0.17894148573115376,0.03691491132584657,0.03154106349893393,0.018393932510289736,0.025556901780902624,0.0,0.0,0.008914850023073262,0.02262621347586067,0.009479082487216474,0.01664205175782936,0.013147130988644196,0.5810574978738946,0.00598416171803131,0.2644791504515618,0.03154106349893393,0.025896249204422763,0.027082446055453048,0.0,0.0,0.008914850023073262,0.02262621347586067,0.0169813991813495,0.018167596032379787,0.00564481429451117,0.24948117370736733,0.004458617443480882,0.1970553954260914
30,2000,5,1.0,1.0,1.0,1.0,3,True,10,0.6,0.158,0.508,0.008914850023073262,baseline_random,,-0.0006230284672692054,0.016780419488268642,0.016780419488268642,0.0029636812416357107,0.0013594243391935963,0.005880057093616363,0.003401054224815224,0.995066835317864,0.004933164682136004,0.5849183187141683,0.0018805600401161637,0.006468273998791796,0.03154106349893393,0.033007502796634086,0.03316152078798074,0.001994478445840582,0.42340969673025275,0.008914850023073262,0.02262621347586067,0.024092652773560826,0.024246670764907483,-0.0014664392977001561,-0.06481152046340677,-0.001620457289046813,-0.07161858040346147,0.03154106349893393,0.025896249204422763,0.027082446055453048,0.0,0.0,0.008914850023073262,0.02262621347586067,0.0169813991813495,0.018167596032379787,0.00564481429451117,0.24948117370736733,0.004458617443480882,0.1970553954260914
30,2000,5,1.0,1.0,1.0,1.0,3,True,10,0.6,0.158,0.508,0.008914850023073262,baseline_oracle_kmeans,,0.3514905508377535,0.6288550963808935,0.6288550963808937,0.3553329582825421,0.9654985701702523,0.6510850737074481,0.6573055340534142,0.05241040471950141,0.9475895952804986,0.534687164317009,0.31981689871904595,0.01934886435114791,0.03154106349893393,0.024084328567400014,0.031758247926447485,0.0012057102594779823,0.3439074540113786,0.008914850023073262,0.02262621347586067,0.015169478544326752,0.022843397903374224,0.007456734931533917,0.329561768675493,-0.00021718442751355455,-0.009598796888629302,0.03154106349893393,0.025896249204422763,0.027082446055453048,0.0,0.0,0.008914850023073262,0.02262621347586067,0.0169813991813495,0.018167596032379787,0.00564481429451117,0.24948117370736733,0.004458617443480882,0.1970553954260914
30,2000,5,1.0,1.0,1.0,1.0,3,True,10,0.6,0.158,0.508,0.008914850023073262,baseline_oracle_quantile,,0.09652508563209566,0.30401372053819187,0.3040137205381918,0.9048628441105184,0.001996730047035449,0.002473040636685307,0.30311087159807976,0.9946078806511107,0.005392119348889279,0.8448270527980142,0.45857900706880217,0.027678834248530237,0.03154106349893393,0.024242958840143596,0.02436058320494119,9.591604312338016e-05,0.05409577511658819,0.008914850023073262,0.02262621347586067,0.015328108817070333,0.015445733181867928,0.007298104658790336,0.3225508619273171,0.007180480293992741,0.31735227379753195,0.03154106349893393,0.025896249204422763,0.027082446055453048,0.0,0.0,0.008914850023073262,0.02262621347586067,0.0169813991813495,0.018167596032379787,0.00564481429451117,0.24948117370736733,0.004458617443480882,0.1970553954260914
31,2000,5,1.0,1.0,1.0,1.0,3,True,10,0.6,0.1425,0.492,0.008763302793097942,1A_predicted_prob,,0.019656550127039745,0.07571719821028378,0.07571719821028379,0.18935643415899991,0.005854348782551949,0.029115809716794033,0.0747755308861153,0.9911481367598625,0.008851863240137536,1.0,0.2377407932408956,0.28582012013963864,0.0854314818374015,0.0750930275195764,0.055112680267849816,0.0,0.0,0.008763302793097942,0.07666817904430356,0.06632972472647847,0.046349377474751874,0.010338454317825096,0.1348467440690212,0.03031880156955169,0.3954548281632153,0.0854314818374015,0.08469282980584424,0.07424037964292364,0.001261624524703654,0.2062389916376053,0.008763302793097942,0.07666817904430356,0.0759295270127463,0.0654770768498257,0.0007386520315572631,0.009634401661351877,0.011191102194477859,0.14596801872666043
31,2000,5,1.0,1.0,1.0,1.0,3,True,10,0.6,0.1425,0.492,0.008763302793097942,1B_residual,,0.01886934269829525,0.08027239279328612,0.08027239279328612,0.18977579615806325,0.011868713030905946,0.03886074311193427,0.0801684174336345,0.9868183236568172,0.013181676343182791,1.0,0.25667584150947886,0.20569510921870937,0.0854314818374015,0.041244596543303445,0.008587859317004728,0.0002004430293337447,0.4828704936973006,0.008763302793097942,0.07666817904430356,0.0324812937502055,0.00017544347609321428,0.04418688529409806,0.5763393084967385,0.07649273556821035,0.9977116519750413,0.0854314818374015,0.08469282980584424,0.07424037964292364,0.001261624524703654,0.2062389916376053,0.008763302793097942,0.07666817904430356,0.0759295270127463,0.0654770768498257,0.0007386520315572631,0.009634401661351877,0.011191102194477859,0.14596801872666043
31,2000,5,1.0,1.0,1.0,1.0,3,True,10,0.6,0.1425,0.492,0.008763302793097942,1C_cv_decision,,0.019656550127039745,0.07571719821028378,0.07571719821028379,0.18935643415899991,0.005854348782551949,0.029115809716794033,0.0747755308861153,0.9911481367598625,0.008851863240137536,1.0,0.2377407932408956,0.28582012013963864,0.0854314818374015,0.0750930275195764,0.055112680267849816,0.0,0.0,0.008763302793097942,0.07666817904430356,0.06632972472647847,0.046349377474751874,0.010338454317825096,0.1348467440690212,0.03031880156955169,0.3954548281632153,0.0854314818374015,0.08469282980584424,0.07424037964292364,0.001261624524703654,0.2062389916376053,0.008763302793097942,0.07666817904430356,0.0759295270127463,0.0654770768498257,0.0007386520315572631,0.009634401661351877,0.011191102194477859,0.14596801872666043
31,2000,5,1.0,1.0,1.0,1.0,3,True,10,0.6,0.1425,0.492,0.008763302793097942,PS_propensity_score,,0.0034554988061228672,0.03200892633205899,0.03200892633205899,0.06595481880606573,0.0009578747878558202,0.01313910719222753,0.026683933595383024,0.9946884086148624,0.005311591385137593,0.7374857871567788,0.09251492032464415,0.036383170314807645,0.0854314818374015,0.0748921637977907,0.06757538330837733,0.0011900362780030871,0.3368856058916733,0.008763302793097942,0.07666817904430356,0.06612886100469276,0.058812080515279384,0.010539318039610807,0.13746665397544588,0.01785609852902418,0.23290103862654454,0.0854314818374015,0.08469282980584424,0.07424037964292364,0.001261624524703654,0.2062389916376053,0.008763302793097942,0.07666817904430356,0.0759295270127463,0.0654770768498257,0.0007386520315572631,0.009634401661351877,0.011191102194477859,0.14596801872666043
31,2000,5,1.0,1.0,1.0,1.0,3,True,10,0.6,0.1425,0.492,0.008763302793097942,GMM,,0.016819864903070903,0.045043341693062684,0.04504334169306269,0.0783840208489846,0.015738449262818182,0.009648254319213626,0.03459024147700547,0.9840296299444153,0.01597037005558466,0.764935093428156,0.03360463815244197,0.08890440028664559,0.0854314818374015,0.08186829371682655,0.08647954697931906,0.0,0.0,0.008763302793097942,0.07666817904430356,0.0731049909237286,0.07771624418622111,0.0035631881205749616,0.04647544998448361,-0.001048065141917548,-0.013670145228203534,0.0854314818374015,0.08469282980584424,0.07424037964292364,0.001261624524703654,0.2062389916376053,0.008763302793097942,0.07666817904430356,0.0759295270127463,0.0654770768498257,0.0007386520315572631,0.009634401661351877,0.011191102194477859,0.14596801872666043
31,2000,5,1.0,1.0,1.0,1.0,3,True,10,0.6,0.1425,0.492,0.008763302793097942,Prognostic_score,,0.01694401509952022,0.073692186276355,0.07369218627635502,0.22959894658954905,0.0056803399975576385,0.015857333733387744,0.08371220677349815,0.991274487033847,0.008725512966152982,0.6084456768398392,0.22739127635570433,0.16732990385651936,0.0854314818374015,0.07384714741793033,0.06726388111762406,0.0014961633994823465,0.42983991566651225,0.008763302793097942,0.07666817904430356,0.06508384462483238,0.05850057832452612,0.011584334419471182,0.1510970335264784,0.018167600719777445,0.23696403053056858,0.0854314818374015,0.08469282980584424,0.07424037964292364,0.001261624524703654,0.2062389916376053,0.008763302793097942,0.07666817904430356,0.0759295270127463,0.0654770768498257,0.0007386520315572631,0.009634401661351877,0.011191102194477859,0.14596801872666043
31,2000,5,1.0,1.0,1.0,1.0,3,True,10,0.6,0.1425,0.492,0.008763302793097942,2A_PCA_cum60,,0.00918034167799272,0.0500720396151794,0.0500720396151794,0.10666908424313946,0.03146216407451889,0.00449722939634478,0.04754282590466771,0.972578160937832,0.027421839062167996,0.9271100648374697,0.033870165388951934,0.30853597913430597,0.0854314818374015,0.08741181427271259,0.07859797631343737,0.003079652547162786,0.5724750031036477,0.008763302793097942,0.07666817904430356,0.07864851147961466,0.06983467352033942,-0.001980332435311094,-0.02582991353122832,0.00683350552396414,0.08913092249152443,0.0854314818374015,0.08469282980584424,0.07424037964292364,0.001261624524703654,0.2062389916376053,0.008763302793097942,0.07666817904430356,0.0759295270127463,0.0654770768498257,0.0007386520315572631,0.009634401661351877,0.011191102194477859,0.14596801872666043
31,2000,5,1.0,1.0,1.0,1.0,3,True,10,0.6,0.1425,0.492,0.008763302793097942,2B_clustering,,0.021844806735918126,0.07702415796578797,0.07702415796578797,0.15927688778058569,0.011643527514245048,0.019568302918196712,0.06349623940434249,0.9869033583808777,0.013096641619122273,1.0,0.1038294876946263,0.20043114635840953,0.0854314818374015,0.0801806936351843,0.07501468034088773,0.0,0.0,0.008763302793097942,0.07666817904430356,0.07141739084208637,0.06625137754778979,0.005250788202217194,0.0684871907441934,0.010416801496513778,0.13586864363237727,0.0854314818374015,0.08469282980584424,0.07424037964292364,0.001261624524703654,0.2062389916376053,0.008763302793097942,0.07666817904430356,0.0759295270127463,0.0654770768498257,0.0007386520315572631,0.009634401661351877,0.011191102194477859,0.14596801872666043
31,2000,5,1.0,1.0,1.0,1.0,3,True,10,0.6,0.1425,0.492,0.008763302793097942,baseline_random,,0.001825693375437962,0.022458830613947052,0.022458830613947055,0.00476699075744387,0.002276230415668363,0.0020321551389364677,0.0030251254373495668,0.993732898966182,0.006267101033818001,1.0,0.0025096058548418343,0.004581109322189136,0.0854314818374015,0.08514090130186593,0.08597056503333463,0.0,0.0,0.008763302793097942,0.07666817904430356,0.07637759850876799,0.07720726224023669,0.00029058053553557284,0.0037901061321367058,-0.0005390831959331266,-0.007031381241252799,0.0854314818374015,0.08469282980584424,0.07424037964292364,0.001261624524703654,0.2062389916376053,0.008763302793097942,0.07666817904430356,0.0759295270127463,0.0654770768498257,0.0007386520315572631,0.009634401661351877,0.011191102194477859,0.14596801872666043
31,2000,5,1.0,1.0,1.0,1.0,3,True,10,0.6,0.1425,0.492,0.008763302793097942,baseline_oracle_kmeans,,0.3712212465464318,0.6320064001413918,0.6320064001413918,0.3827582894536149,0.980439786384272,0.629941699115326,0.6643799249844043,0.03283900408149287,0.9671609959185071,1.0,0.4208694034004381,0.06968343330058213,0.0854314818374015,0.08196014402567063,0.06813952112260739,0.003498541876873125,0.6592747934331455,0.008763302793097942,0.07666817904430356,0.0731968412325727,0.05937621832950945,0.003471337811730868,0.04527742611083685,0.017291960714794115,0.22554286446273575,0.0854314818374015,0.08469282980584424,0.07424037964292364,0.001261624524703654,0.2062389916376053,0.008763302793097942,0.07666817904430356,0.0759295270127463,0.0654770768498257,0.0007386520315572631,0.009634401661351877,0.011191102194477859,0.14596801872666043
31,2000,5,1.0,1.0,1.0,1.0,3,True,10,0.6,0.1425,0.492,0.008763302793097942,baseline_oracle_quantile,,0.09785081585301146,0.3050055452332186,0.3050055452332186,0.8954819593424178,0.0010194169482442051,0.0043618155707715435,0.30028773062047787,0.994642960365221,0.0053570396347789595,1.0,0.41766116282937493,0.1121990769569412,0.0854314818374015,0.07537887564624007,0.05849718218858977,0.0038838895946988294,0.7228168702163235,0.008763302793097942,0.07666817904430356,0.06661557285314212,0.04973387939549183,0.01005260619116144,0.13111836379148156,0.026934299648811735,0.35131002176597215,0.0854314818374015,0.08469282980584424,0.07424037964292364,0.001261624524703654,0.2062389916376053,0.008763302793097942,0.07666817904430356,0.0759295270127463,0.0654770768498257,0.0007386520315572631,0.009634401661351877,0.011191102194477859,0.14596801872666043
32,2000,5,1.0,1.0,1.0,1.0,3,True,10,0.6,0.162,0.4975,0.00933131496007572,1A_predicted_prob,,0.02623159923763439,0.08196749372096425,0.08196749372096426,0.22618419163080045,0.006442634924079415,0.053957779600411294,0.09552820205176372,0.995272038819938,0.004727961180062024,1.0,0.331051831538279,0.07647198768450936,0.04198438144185471,0.02266924515378947,0.010302103603856926,0.0,0.0,0.00933131496007572,0.032653066481778986,0.013337930193713748,0.0009707886437812056,0.01931513628806524,0.5915259535836686,0.03168227783799778,0.9702696025709278,0.04198438144185471,0.0381132234823004,0.0348479585935719,0.0,0.0,0.00933131496007572,0.032653066481778986,0.028781908522224682,0.025516643633496178,0.003871157959554304,0.11855419342359408,0.0071364228482828085,0.21855291454066228
32,2000,5,1.0,1.0,1.0,1.0,3,True,10,0.6,0.162,0.4975,0.00933131496007572,1B_residual,,0.029616038280380175,0.09176492244113545,0.09176492244113545,0.2548404637269055,0.016061796001783476,0.0645675295469314,0.11182326309187346,0.9882349040993141,0.011765095900685862,0.8701320504902594,0.3482163396251239,0.07511190416745406,0.04198438144185471,0.01968327713594495,0.0025948725201186255,0.0,0.0,0.00933131496007572,0.032653066481778986,0.010351962175869228,0.0067364424399570955,0.022301104305909758,0.6829712094070609,0.025916624041821892,0.7936964834921046,0.04198438144185471,0.0381132234823004,0.0348479585935719,0.0,0.0,0.00933131496007572,0.032653066481778986,0.028781908522224682,0.025516643633496178,0.003871157959554304,0.11855419342359408,0.0071364228482828085,0.21855291454066228
32,2000,5,1.0,1.0,1.0,1.0,3,True,10,0.6,0.162,0.4975,0.00933131496007572,1C_cv_decision,,0.02623159923763439,0.08196749372096425,0.08196749372096426,0.22618419163080045,0.006442634924079415,0.053957779600411294,0.09552820205176372,0.995272038819938,0.004727961180062024,1.0,0.331051831538279,0.07647198768450936,0.04198438144185471,0.02266924515378947,0.010302103603856926,0.0,0.0,0.00933131496007572,0.032653066481778986,0.013337930193713748,0.0009707886437812056,0.01931513628806524,0.5915259535836686,0.03168227783799778,0.9702696025709278,0.04198438144185471,0.0381132234823004,0.0348479585935719,0.0,0.0,0.00933131496007572,0.032653066481778986,0.028781908522224682,0.025516643633496178,0.003871157959554304,0.11855419342359408,0.0071364228482828085,0.21855291454066228
32,2000,5,1.0,1.0,1.0,1.0,3,True,10,0.6,0.162,0.4975,0.00933131496007572,PS_propensity_score,,0.006919118982339698,0.046771858320517695,0.04677185832051769,0.14365353392833466,0.005988922673709048,0.023704053061547,0.05778216988786356,0.9955976094893831,0.00440239051061686,1.0,0.12256879426960621,0.018096068354096273,0.04198438144185471,0.02818383977002612,0.02320265177877908,0.0,0.0,0.00933131496007572,0.032653066481778986,0.0188525248099504,0.01387133681870336,0.013800541671828585,0.42264152065257155,0.018781729663075626,0.5751903783234624,0.04198438144185471,0.0381132234823004,0.0348479585935719,0.0,0.0,0.00933131496007572,0.032653066481778986,0.028781908522224682,0.025516643633496178,0.003871157959554304,0.11855419342359408,0.0071364228482828085,0.21855291454066228
32,2000,5,1.0,1.0,1.0,1.0,3,True,10,0.6,0.162,0.4975,0.00933131496007572,GMM,,0.005232559933984053,0.03385798858277064,0.03385798858277065,0.057638966066155095,0.005273888057802575,0.016107865253391185,0.026340239792449618,0.9961174333442149,0.0038825666557851246,1.0,0.06423714230105837,0.08245621662347968,0.04198438144185471,0.0338310687103546,0.025265992193672305,0.0,0.0,0.00933131496007572,0.032653066481778986,0.02449975375027888,0.015934677233596584,0.008153312731500106,0.24969516220015064,0.016718389248182402,0.5120005882911969,0.04198438144185471,0.0381132234823004,0.0348479585935719,0.0,0.0,0.00933131496007572,0.032653066481778986,0.028781908522224682,0.025516643633496178,0.003871157959554304,0.11855419342359408,0.0071364228482828085,0.21855291454066228
32,2000,5,1.0,1.0,1.0,1.0,3,True,10,0.6,0.162,0.4975,0.00933131496007572,Prognostic_score,,0.024203642461917994,0.07953193144001967,0.07953193144001967,0.22991494475590296,0.010918958367329338,0.04621293655676552,0.09568227989333261,0.9920185593536434,0.007981440646356641,1.0,0.30186744360594264,0.11840604437908309,0.04198438144185471,0.030198469395742056,0.01442046632264767,0.0,0.0,0.00933131496007572,0.032653066481778986,0.020867154435666335,0.00508915136257195,0.011785912046112651,0.3609434982986791,0.027563915119207034,0.8441447646146254,0.04198438144185471,0.0381132234823004,0.0348479585935719,0.0,0.0,0.00933131496007572,0.032653066481778986,0.028781908522224682,0.025516643633496178,0.003871157959554304,0.11855419342359408,0.0071364228482828085,0.21855291454066228
32,2000,5,1.0,1.0,1.0,1.0,3,True,10,0.6,0.162,0.4975,0.00933131496007572,2A_PCA_cum60,,0.010802194718977472,0.043619136363737536,0.04361913636373753,0.020790989269286828,0.009360234555491757,0.027210960486177237,0.01912072810365194,0.9931597341873137,0.006840265812686264,1.0,0.10115472237710943,0.050348767382666804,0.04198438144185471,0.03419408042670015,0.021227051524538,0.0005862027364643205,0.21496357340588973,0.00933131496007572,0.032653066481778986,0.02486276546662443,0.01189573656446228,0.007790301015154558,0.23857793017699236,0.020757329917316707,0.635693126368382,0.04198438144185471,0.0381132234823004,0.0348479585935719,0.0,0.0,0.00933131496007572,0.032653066481778986,0.028781908522224682,0.025516643633496178,0.003871157959554304,0.11855419342359408,0.0071364228482828085,0.21855291454066228
32,2000,5,1.0,1.0,1.0,1.0,3,True,10,0.6,0.162,0.4975,0.00933131496007572,2B_clustering,,0.015679902806744802,0.0710825055787317,0.07108250557873172,0.21818266434927608,0.019123171717022547,0.026575430143346467,0.0879604220698817,0.9860584149400827,0.013941585059917272,0.7399947795001409,0.1725629975918057,0.045188354876761316,0.04198438144185471,0.02610658556390414,0.031119191740754015,4.583594997540903e-05,0.02196356479748086,0.00933131496007572,0.032653066481778986,0.01677527060382842,0.021787876780678294,0.015877795877950567,0.4862574204726122,0.010865189701100692,0.33274638102255016,0.04198438144185471,0.0381132234823004,0.0348479585935719,0.0,0.0,0.00933131496007572,0.032653066481778986,0.028781908522224682,0.025516643633496178,0.003871157959554304,0.11855419342359408,0.0071364228482828085,0.21855291454066228
32,2000,5,1.0,1.0,1.0,1.0,3,True,10,0.6,0.162,0.4975,0.00933131496007572,baseline_random,,-0.00022674103976099314,0.015272618222845681,0.015272618222845683,0.0027072296979007877,0.005075654141093543,0.002702607763101538,0.0034951638673652898,0.9962618723858487,0.0037381276141512654,1.0,0.0019580857191142664,0.004723758625771124,0.04198438144185471,0.04264120548275572,0.038997175541794264,0.0,0.0,0.00933131496007572,0.032653066481778986,0.03330989052268,0.029665860581718544,-0.000656824040901012,-0.020115233013950906,0.0029872059000604426,0.09148316596015138,0.04198438144185471,0.0381132234823004,0.0348479585935719,0.0,0.0,0.00933131496007572,0.032653066481778986,0.028781908522224682,0.025516643633496178,0.003871157959554304,0.11855419342359408,0.0071364228482828085,0.21855291454066228
32,2000,5,1.0,1.0,1.0,1.0,3,True,10,0.6,0.162,0.4975,0.00933131496007572,baseline_oracle_kmeans,,0.3925490317440697,0.6624935192153435,0.6624935192153435,0.2510439431276819,0.9881104272043367,0.7096807822928259,0.6496117175416148,0.024751026936829446,0.9752489730631706,1.0,0.3148795416623479,0.07055814134329197,0.04198438144185471,0.04207258200564423,0.0267869462189251,0.0011707547166257017,0.37588018650346416,0.00933131496007572,0.032653066481778986,0.03274126704556851,0.01745563125884938,-8.820056378952557e-05,-0.002701141831158216,0.015197435222929608,0.4654213787672915,0.04198438144185471,0.0381132234823004,0.0348479585935719,0.0,0.0,0.00933131496007572,0.032653066481778986,0.028781908522224682,0.025516643633496178,0.003871157959554304,0.11855419342359408,0.0071364228482828085,0.21855291454066228
32,2000,5,1.0,1.0,1.0,1.0,3,True,10,0.6,0.162,0.4975,0.00933131496007572,baseline_oracle_quantile,,0.09679193627248607,0.30470416251324905,0.30470416251324905,0.9033688364241109,0.007954557866794562,0.005647891625293233,0.3056570953053996,0.9941749315515445,0.005825068448455539,0.6345718077203436,0.4972246195038138,0.0330519650495823,0.04198438144185471,0.021768167289962115,0.004021068211729808,0.0011543287680614068,0.4797157873785253,0.00933131496007572,0.032653066481778986,0.012436852329886394,0.005310246748345912,0.020216214151892592,0.6191214587203813,0.027342819733433076,0.8373737195154664,0.04198438144185471,0.0381132234823004,0.0348479585935719,0.0,0.0,0.00933131496007572,0.032653066481778986,0.028781908522224682,0.025516643633496178,0.003871157959554304,0.11855419342359408,0.0071364228482828085,0.21855291454066228
33,2000,5,1.0,1.0,1.0,1.0,3,True,10,0.6,0.145,0.5315,0.008623588571117172,1A_predicted_prob,,0.017608279162255033,0.06161089467345236,0.061610894673452356,0.09634823857349328,0.0015159578154135018,0.055777068282428455,0.05121375489044508,0.9940514959264768,0.005948504073523209,1.0,0.21860537898966104,0.0074957731317767395,0.00960735171261487,0.006366165118449682,0.00553998377612322,0.0,0.0,0.008623588571117172,0.0009837631414976976,0.00225742345266749,0.003083604794993953,-0.0012736603111697924,-1.29468187762224,-0.0020998416534962552,-2.1344992152271742,0.00960735171261487,0.009301697846942398,0.006243323716142911,0.0,0.0,0.008623588571117172,0.0009837631414976976,0.0006781092758252252,0.0023802648549742615,0.0003056538656724724,0.3106986354531842,-0.001396501713476564,-1.4195507582755198
33,2000,5,1.0,1.0,1.0,1.0,3,True,10,0.6,0.145,0.5315,0.008623588571117172,1B_residual,,0.017604443302527296,0.06559418927876037,0.06559418927876039,0.11524112900729497,0.006387631339614256,0.07625953992685722,0.06596276675792215,0.9905401953667786,0.00945980463322138,1.0,0.2515918330537983,0.005999758503178243,0.00960735171261487,-0.00764837396856138,-0.002401226879919533,0.0,0.0,0.008623588571117172,0.0009837631414976976,0.016271962539678553,0.011024815451036705,-0.015288199398180855,-15.540528764785641,-0.010041052309539007,-10.206778324965844,0.00960735171261487,0.009301697846942398,0.006243323716142911,0.0,0.0,0.008623588571117172,0.0009837631414976976,0.0006781092758252252,0.0023802648549742615,0.0003056538656724724,0.3106986354531842,-0.001396501713476564,-1.4195507582755198
33,2000,5,1.0,1.0,1.0,1.0,3,True,10,0.6,0.145,0.5315,0.008623588571117172,1C_cv_decision,,0.017608279162255033,0.06161089467345236,0.061610894673452356,0.09634823857349328,0.0015159578154135018,0.055777068282428455,0.05121375489044508,0.9940514959264768,0.005948504073523209,1.0,0.21860537898966104,0.0074957731317767395,0.00960735171261487,0.006366165118449682,0.00553998377612322,0.0,0.0,0.008623588571117172,0.0009837631414976976,0.00225742345266749,0.003083604794993953,-0.0012736603111697924,-1.29468187762224,-0.0020998416534962552,-2.1344992152271742,0.00960735171261487,0.009301697846942398,0.006243323716142911,0.0,0.0,0.008623588571117172,0.0009837631414976976,0.0006781092758252252,0.0023802648549742615,0.0003056538656724724,0.3106986354531842,-0.001396501713476564,-1.4195507582755198
33,2000,5,1.0,1.0,1.0,1.0,3,True,10,0.6,0.145,0.5315,0.008623588571117172,PS_propensity_score,,0.0006114805034002553,0.016980207275000936,0.016980207275000936,0.013686371811272326,0.002523396995207254,0.006224082826172218,0.007477950544217266,0.9933242949875627,0.006675705012437305,1.0,0.006639081141140091,0.005093510469496465,0.00960735171261487,0.007794363958564143,0.006869066910053349,0.0,0.0,0.008623588571117172,0.0009837631414976976,0.0008292246125530291,0.0017545216610638237,0.00015453852894466852,0.15708916346407986,-0.0007707585195661261,-0.7834797697265932,0.00960735171261487,0.009301697846942398,0.006243323716142911,0.0,0.0,0.008623588571117172,0.0009837631414976976,0.0006781092758252252,0.0023802648549742615,0.0003056538656724724,0.3106986354531842,-0.001396501713476564,-1.4195507582755198
33,2000,5,1.0,1.0,1.0,1.0,3,True,10,0.6,0.145,0.5315,0.008623588571117172,GMM,,0.008964250856047126,0.05094022995442474,0.05094022995442474,0.12078671992227571,0.014132032986536501,0.014330743133673367,0.04974983201416186,0.9848940392114359,0.015105960788564077,1.0,0.04203838509769864,0.04780126024738285,0.00960735171261487,0.007922984733972134,-0.0007495086709154665,0.0,0.0,0.008623588571117172,0.0009837631414976976,0.0007006038371450383,0.009373097242032639,0.00028315930435265924,0.2878328048777806,-0.008389334100534942,-8.527798762375745,0.00960735171261487,0.009301697846942398,0.006243323716142911,0.0,0.0,0.008623588571117172,0.0009837631414976976,0.0006781092758252252,0.0023802648549742615,0.0003056538656724724,0.3106986354531842,-0.001396501713476564,-1.4195507582755198
33,2000,5,1.0,1.0,1.0,1.0,3,True,10,0.6,0.145,0.5315,0.008623588571117172,Prognostic_score,,0.015591490075633282,0.06204154983014022,0.062041549830140215,0.14723066654652633,0.0069415644161124855,0.04027884047895724,0.06481702381386535,0.9901357828817694,0.0098642171182306,1.0,0.221467995814848,0.006124403752779117,0.00960735171261487,0.003972481050073204,0.007701324578745036,0.0,0.0,0.008623588571117172,0.0009837631414976976,0.004651107521043968,0.0009222639923721363,-0.0036673443795462706,-3.7278733313417733,6.149914912556131e-05,0.06251418307046341,0.00960735171261487,0.009301697846942398,0.006243323716142911,0.0,0.0,0.008623588571117172,0.0009837631414976976,0.0006781092758252252,0.0023802648549742615,0.0003056538656724724,0.3106986354531842,-0.001396501713476564,-1.4195507582755198
33,2000,5,1.0,1.0,1.0,1.0,3,True,10,0.6,0.145,0.5315,0.008623588571117172,2A_PCA_cum60,,0.009261438690705196,0.049667193475387485,0.04966719347538749,0.15234195880933446,0.02133159200695141,0.006669858580356875,0.060114469798880917,0.9796328340332985,0.020367165966701517,1.0,0.07593219401298912,0.004426777585706532,0.00960735171261487,0.008707402108516718,0.014110405861793173,0.0,0.0,0.008623588571117172,0.0009837631414976976,8.381353739954529e-05,0.005486817290676,0.0008999496040981523,0.914803133128218,-0.004503054149178303,-4.577376361471296,0.00960735171261487,0.009301697846942398,0.006243323716142911,0.0,0.0,0.008623588571117172,0.0009837631414976976,0.0006781092758252252,0.0023802648549742615,0.0003056538656724724,0.3106986354531842,-0.001396501713476564,-1.4195507582755198
33,2000,5,1.0,1.0,1.0,1.0,3,True,10,0.6,0.145,0.5315,0.008623588571117172,2B_clustering,,0.02451651761221111,0.08993907818732219,0.0899390781873222,0.23296040808221077,0.013635458346175319,0.05115236467767082,0.09924941036868563,0.9852876242558639,0.014712375744136086,1.0,0.1342084702545444,0.0883000375349583,0.00960735171261487,0.010770151145682142,0.013464518352243968,0.0,0.0,0.008623588571117172,0.0009837631414976976,0.0021465625745649697,0.004840929781126796,-0.001162799433067272,-1.181991257872303,-0.0038571666396290984,-3.920828578469491,0.00960735171261487,0.009301697846942398,0.006243323716142911,0.0,0.0,0.008623588571117172,0.0009837631414976976,0.0006781092758252252,0.0023802648549742615,0.0003056538656724724,0.3106986354531842,-0.001396501713476564,-1.4195507582755198
33,2000,5,1.0,1.0,1.0,1.0,3,True,10,0.6,0.145,0.5315,0.008623588571117172,baseline_random,,-0.0019057603479384947,0.01530161202955816,0.01530161202955816,0.0015501489399733102,0.002873748821338541,0.0019218177331897877,0.002115238498167213,0.9930680685132365,0.006931931486763521,0.8085717507883861,0.0021455478330738575,0.001555541091821544,0.00960735171261487,0.009578171959430526,0.005898468881768678,0.0007487130630392482,0.2357638746290064,0.008623588571117172,0.0009837631414976976,0.0009545833883133539,0.0027251196893484948,2.9179753184343724e-05,0.02966136049773116,-0.0017413565478507972,-1.770097368356093,0.00960735171261487,0.009301697846942398,0.006243323716142911,0.0,0.0,0.008623588571117172,0.0009837631414976976,0.0006781092758252252,0.0023802648549742615,0.0003056538656724724,0.3106986354531842,-0.001396501713476564,-1.4195507582755198
33,2000,5,1.0,1.0,1.0,1.0,3,True,10,0.6,0.145,0.5315,0.008623588571117172,baseline_oracle_kmeans,,0.40721096445641647,0.6636720231199952,0.6636720231199952,0.29858344788801416,0.9804334059731757,0.6878696448035561,0.6556288328882487,0.03283900408149287,0.9671609959185071,0.9334877188448849,0.3650839785322205,0.02405309935548472,0.00960735171261487,0.007400237306988557,0.010151835604757279,0.00019856776325263503,0.1066830827165797,0.008623588571117172,0.0009837631414976976,0.0012233512641286158,0.0015282470336401063,-0.00023958812263091822,-0.24354248754041063,-0.0005444838921424087,-0.5534705145727226,0.00960735171261487,0.009301697846942398,0.006243323716142911,0.0,0.0,0.008623588571117172,0.0009837631414976976,0.0006781092758252252,0.0023802648549742615,0.0003056538656724724,0.3106986354531842,-0.001396501713476564,-1.4195507582755198
33,2000,5,1.0,1.0,1.0,1.0,3,True,10,0.6,0.145,0.5315,0.008623588571117172,baseline_oracle_quantile,,0.09917887971039284,0.3236862470586925,0.3236862470586925,0.8924130063454125,0.0031483199085344782,0.0019720533238919637,0.299177793192613,0.9928660512449606,0.007133948755039365,1.0,0.4082260125296402,0.016403607452823876,0.00960735171261487,0.0030708570246821094,0.006974574147896553,0.0,0.0,0.008623588571117172,0.0009837631414976976,0.005552731546435063,0.001649014423220619,-0.004568968404937365,-4.644378521827409,-0.0006652512817229214,-0.676231151240462,0.00960735171261487,0.009301697846942398,0.006243323716142911,0.0,0.0,0.008623588571117172,0.0009837631414976976,0.0006781092758252252,0.0023802648549742615,0.0003056538656724724,0.3106986354531842,-0.001396501713476564,-1.4195507582755198
34,2000,5,1.0,1.0,1.0,1.0,3,True,10,0.6,0.137,0.5175,0.009138201331930756,1A_predicted_prob,,0.026508960501858737,0.07574433771839056,0.07574433771839055,0.11980040396439581,0.02269512578906196,0.06166846770573487,0.06805466581973088,0.9829217826010671,0.017078217398932893,1.0,0.22025609700229876,0.03855628758031093,0.020287905718082977,0.025709798380614407,0.02157664850090964,0.0,0.0,0.009138201331930756,0.011149704386152221,0.01657159704868365,0.012438447168978885,-0.00542189266253143,-0.4862812927368143,-0.0012887427828266636,-0.1155853768129731,0.020287905718082977,0.027627780749256207,0.018051088054782106,0.0,0.0,0.009138201331930756,0.011149704386152221,0.01848957941732545,0.00891288672285135,-0.00733987503117323,-0.6583022093652324,0.002236817663300871,0.20061676846598442
34,2000,5,1.0,1.0,1.0,1.0,3,True,10,0.6,0.137,0.5175,0.009138201331930756,1B_residual,,0.03080151991091449,0.09028309060012411,0.0902830906001241,0.13305862848594696,0.021359543420519846,0.08177826868133924,0.078732146862602,0.9838787322465663,0.0161212677534337,1.0,0.2732240988851865,0.03213048881303393,0.020287905718082977,0.02104735628699184,0.0015503935044187778,0.0,0.0,0.009138201331930756,0.011149704386152221,0.011909154955061084,0.007587807827511978,-0.0007594505689088628,-0.06811396451479834,0.0035618965586402436,0.31946107585274364,0.020287905718082977,0.027627780749256207,0.018051088054782106,0.0,0.0,0.009138201331930756,0.011149704386152221,0.01848957941732545,0.00891288672285135,-0.00733987503117323,-0.6583022093652324,0.002236817663300871,0.20061676846598442
34,2000,5,1.0,1.0,1.0,1.0,3,True,10,0.6,0.137,0.5175,0.009138201331930756,1C_cv_decision,,0.026508960501858737,0.07574433771839056,0.07574433771839055,0.11980040396439581,0.02269512578906196,0.06166846770573487,0.06805466581973088,0.9829217826010671,0.017078217398932893,1.0,0.22025609700229876,0.03855628758031093,0.020287905718082977,0.025709798380614407,0.02157664850090964,0.0,0.0,0.009138201331930756,0.011149704386152221,0.01657159704868365,0.012438447168978885,-0.00542189266253143,-0.4862812927368143,-0.0012887427828266636,-0.1155853768129731,0.020287905718082977,0.027627780749256207,0.018051088054782106,0.0,0.0,0.009138201331930756,0.011149704386152221,0.01848957941732545,0.00891288672285135,-0.00733987503117323,-0.6583022093652324,0.002236817663300871,0.20061676846598442
34,2000,5,1.0,1.0,1.0,1.0,3,True,10,0.6,0.137,0.5175,0.009138201331930756,PS_propensity_score,,5.2912978536104845e-05,0.019235071926729196,0.019235071926729196,0.0028682553396217683,0.014253563833104643,0.006619544617236288,0.007913787929987566,0.9890296903661902,0.01097030963380985,1.0,0.00034908864398386363,0.1108733191702368,0.020287905718082977,0.02231214573618302,0.021406981590496966,0.0,0.0,0.009138201331930756,0.011149704386152221,0.013173944404252264,0.01226878025856621,-0.0020242400181000424,-0.18155100332652063,-0.001119075872413989,-0.10036821010284958,0.020287905718082977,0.027627780749256207,0.018051088054782106,0.0,0.0,0.009138201331930756,0.011149704386152221,0.01848957941732545,0.00891288672285135,-0.00733987503117323,-0.6583022093652324,0.002236817663300871,0.20061676846598442
34,2000,5,1.0,1.0,1.0,1.0,3,True,10,0.6,0.137,0.5175,0.009138201331930756,GMM,,0.0035862575597889633,0.03406784870831319,0.03406784870831319,0.07296151467615669,0.01241966936237079,0.009640373970761411,0.03167385266976296,0.9903274384054254,0.009672561594574636,1.0,0.05294401022782813,0.12734694116945955,0.020287905718082977,0.01834148577564171,0.01824148545417316,0.0,0.0,0.009138201331930756,0.011149704386152221,0.009203284443710956,0.009103284122242403,0.0019464199424412652,0.17457143929830932,0.002046420263909818,0.18354031578195418,0.020287905718082977,0.027627780749256207,0.018051088054782106,0.0,0.0,0.009138201331930756,0.011149704386152221,0.01848957941732545,0.00891288672285135,-0.00733987503117323,-0.6583022093652324,0.002236817663300871,0.20061676846598442
34,2000,5,1.0,1.0,1.0,1.0,3,True,10,0.6,0.137,0.5175,0.009138201331930756,Prognostic_score,,0.028147373712454533,0.07593424601547723,0.07593424601547721,0.13010514172496088,0.0216730469191336,0.055044607007621614,0.06894093188390536,0.9836243096805652,0.016375690319434755,1.0,0.22221970596846696,0.02506239695414214,0.020287905718082977,0.02642437782985168,0.018523226579187795,0.0,0.0,0.009138201331930756,0.011149704386152221,0.017286176497920924,0.00938502524725704,-0.006136472111768702,-0.5503708348886913,0.0017646791388951817,0.15827138350743086,0.020287905718082977,0.027627780749256207,0.018051088054782106,0.0,0.0,0.009138201331930756,0.011149704386152221,0.01848957941732545,0.00891288672285135,-0.00733987503117323,-0.6583022093652324,0.002236817663300871,0.20061676846598442
34,2000,5,1.0,1.0,1.0,1.0,3,True,10,0.6,0.137,0.5175,0.009138201331930756,2A_PCA_cum60,,0.008332999457838518,0.036126606371441064,0.036126606371441064,0.008119649100939642,0.016424439023152954,0.020856360291606396,0.015133482805232997,0.9874216985994081,0.012578301400591907,1.0,0.050464634979642264,0.22196342220755783,0.020287905718082977,0.025527991175154408,0.01825907335463417,0.0,0.0,0.009138201331930756,0.011149704386152221,0.016389789843223652,0.009120872022703414,-0.005240085457071431,-0.4699752814594389,0.002028832363448807,0.18196288378448744,0.020287905718082977,0.027627780749256207,0.018051088054782106,0.0,0.0,0.009138201331930756,0.011149704386152221,0.01848957941732545,0.00891288672285135,-0.00733987503117323,-0.6583022093652324,0.002236817663300871,0.20061676846598442
34,2000,5,1.0,1.0,1.0,1.0,3,True,10,0.6,0.137,0.5175,0.009138201331930756,2B_clustering,,0.021550848639136748,0.07989293288165024,0.07989293288165024,0.18549760907571214,0.03056119384408068,0.042760544653802406,0.08627311585786507,0.9771307351303579,0.022869264869642136,0.99104241370304,0.11814080234672097,0.11215650136595978,0.020287905718082977,0.017662725191648576,0.010090297898100183,0.00023881576029914607,0.10845943157053048,0.009138201331930756,0.011149704386152221,0.00852452385971782,0.0009520965661694268,0.002625180526434401,0.23544844199590065,0.010197607819982794,0.9146079094839574,0.020287905718082977,0.027627780749256207,0.018051088054782106,0.0,0.0,0.009138201331930756,0.011149704386152221,0.01848957941732545,0.00891288672285135,-0.00733987503117323,-0.6583022093652324,0.002236817663300871,0.20061676846598442
34,2000,5,1.0,1.0,1.0,1.0,3,True,10,0.6,0.137,0.5175,0.009138201331930756,baseline_random,,0.0007467587642763196,0.017857067171496623,0.017857067171496627,0.0016729893253626523,0.0037073972490366436,0.004830426690238058,0.003403604421545785,0.9966746760149607,0.0033253239850392635,0.5394966411535035,0.0017938802298598233,0.0008878824999137835,0.020287905718082977,0.02073410357467062,0.022088263632011988,0.002072066833702291,0.46597001561887513,0.009138201331930756,0.011149704386152221,0.011595902242739865,0.012950062300081232,-0.00044619785658764344,-0.04001880598214025,-0.0018003579139290113,-0.16147135848417937,0.020287905718082977,0.027627780749256207,0.018051088054782106,0.0,0.0,0.009138201331930756,0.011149704386152221,0.01848957941732545,0.00891288672285135,-0.00733987503117323,-0.6583022093652324,0.002236817663300871,0.20061676846598442
34,2000,5,1.0,1.0,1.0,1.0,3,True,10,0.6,0.137,0.5175,0.009138201331930756,baseline_oracle_kmeans,,0.3638205786258934,0.6285168501268382,0.6285168501268383,0.298649217447724,0.9881904887583185,0.6478091710294133,0.6448829590784854,0.021988171747974124,0.9780118282520259,0.9471548333469972,0.49740353100776213,0.017207731326503772,0.020287905718082977,0.019332412409876234,0.010750322457701725,0.000350102416737024,0.17971293270890906,0.009138201331930756,0.011149704386152221,0.010194211077945478,0.0016121211257709694,0.0009554933082067431,0.08569673913448794,0.009537583260381252,0.8554113122700184,0.020287905718082977,0.027627780749256207,0.018051088054782106,0.0,0.0,0.009138201331930756,0.011149704386152221,0.01848957941732545,0.00891288672285135,-0.00733987503117323,-0.6583022093652324,0.002236817663300871,0.20061676846598442
34,2000,5,1.0,1.0,1.0,1.0,3,True,10,0.6,0.137,0.5175,0.009138201331930756,baseline_oracle_quantile,,0.0908373744345114,0.2976864084213026,0.2976864084213026,0.8944429460362112,0.005539263387979925,0.0018782961739810154,0.30062016853272405,0.9953485249114787,0.004651475088521262,1.0,0.39856397511003294,0.035543728255875484,0.020287905718082977,0.018340158778204666,0.013848843698700715,0.0,0.0,0.009138201331930756,0.011149704386152221,0.00920195744627391,0.004710642366769959,0.0019477469398783108,0.17469045567677877,0.006439062019382262,0.5775096627117297,0.020287905718082977,0.027627780749256207,0.018051088054782106,0.0,0.0,0.009138201331930756,0.011149704386152221,0.01848957941732545,0.00891288672285135,-0.00733987503117323,-0.6583022093652324,0.002236817663300871,0.20061676846598442
35,2000,5,1.0,1.0,1.0,1.0,3,True,10,0.6,0.1545,0.5055,0.008571664643360873,1A_predicted_prob,,0.019696067089875095,0.07132514269287091,0.07132514269287091,0.1500737994536051,0.01718906129870952,0.05013557101777397,0.07246614392336286,0.9849624365581204,0.015037563441879565,0.6028524971783575,0.24422395174209577,0.2733713334049864,0.05921515908072465,0.05308858151660134,0.039838792074205154,0.004039208810173545,0.6962453136423506,0.008571664643360873,0.05064349443736378,0.04451691687324047,0.03126712743084428,0.006126577564123312,0.1209746213642644,0.0193763670065195,0.3826032785017298,0.05921515908072465,0.06129873787590085,0.05374265504175776,0.0,0.0,0.008571664643360873,0.05064349443736378,0.05272707323253998,0.045170990398396886,-0.0020835787951761983,-0.041142081886809345,0.005472504038966895,0.10805936872573685
35,2000,5,1.0,1.0,1.0,1.0,3,True,10,0.6,0.1545,0.5055,0.008571664643360873,1B_residual,,0.01887102387871862,0.06827901961114537,0.06827901961114537,0.15783623007976838,0.020938215816272976,0.049680810369088196,0.07615175208837652,0.9821945322899917,0.01780546771000835,1.0,0.26007353517284626,0.1883484806885969,0.05921515908072465,0.03488161727663286,0.01203843526772376,5.3598780030939875e-05,0.1303761337017713,0.008571664643360873,0.05064349443736378,0.026309952633271988,0.003466770624362887,0.024333541804091793,0.48048702156972367,0.04717672381300089,0.9315455881771624,0.05921515908072465,0.06129873787590085,0.05374265504175776,0.0,0.0,0.008571664643360873,0.05064349443736378,0.05272707323253998,0.045170990398396886,-0.0020835787951761983,-0.041142081886809345,0.005472504038966895,0.10805936872573685
35,2000,5,1.0,1.0,1.0,1.0,3,True,10,0.6,0.1545,0.5055,0.008571664643360873,1C_cv_decision,,0.019696067089875095,0.07132514269287091,0.07132514269287091,0.1500737994536051,0.01718906129870952,0.05013557101777397,0.07246614392336286,0.9849624365581204,0.015037563441879565,0.6028524971783575,0.24422395174209577,0.2733713334049864,0.05921515908072465,0.05308858151660134,0.039838792074205154,0.004039208810173545,0.6962453136423506,0.008571664643360873,0.05064349443736378,0.04451691687324047,0.03126712743084428,0.006126577564123312,0.1209746213642644,0.0193763670065195,0.3826032785017298,0.05921515908072465,0.06129873787590085,0.05374265504175776,0.0,0.0,0.008571664643360873,0.05064349443736378,0.05272707323253998,0.045170990398396886,-0.0020835787951761983,-0.041142081886809345,0.005472504038966895,0.10805936872573685
35,2000,5,1.0,1.0,1.0,1.0,3,True,10,0.6,0.1545,0.5055,0.008571664643360873,PS_propensity_score,,0.010445389605325128,0.04692822057037992,0.04692822057037993,0.04396045082539681,0.0017475735289817238,0.04926327403827032,0.031657099464216285,0.9961393708016106,0.003860629198389365,1.0,0.13832017495864624,0.04193968274676363,0.05921515908072465,0.052851154185553764,0.040794371508424125,0.0015376313182986585,0.4158129961912622,0.008571664643360873,0.05064349443736378,0.04427948954219289,0.032222706865063254,0.006364004895170888,0.12566283124561894,0.018420787572300527,0.3637345285302831,0.05921515908072465,0.06129873787590085,0.05374265504175776,0.0,0.0,0.008571664643360873,0.05064349443736378,0.05272707323253998,0.045170990398396886,-0.0020835787951761983,-0.041142081886809345,0.005472504038966895,0.10805936872573685
35,2000,5,1.0,1.0,1.0,1.0,3,True,10,0.6,0.1545,0.5055,0.008571664643360873,GMM,,0.013877256597643313,0.05387893962314527,0.05387893962314527,0.03837818975388199,0.017306852657872136,0.017789779647510707,0.02449160735308828,0.9848779913748122,0.015122008625187755,1.0,0.05016958350365297,0.05654508565518879,0.05921515908072465,0.057088458711442025,0.05260763193915045,0.0,0.0,0.008571664643360873,0.05064349443736378,0.048516794068081154,0.044035967295789576,0.0021267003692826275,0.04199355500464019,0.006607527141574206,0.13047139055039814,0.05921515908072465,0.06129873787590085,0.05374265504175776,0.0,0.0,0.008571664643360873,0.05064349443736378,0.05272707323253998,0.045170990398396886,-0.0020835787951761983,-0.041142081886809345,0.005472504038966895,0.10805936872573685
35,2000,5,1.0,1.0,1.0,1.0,3,True,10,0.6,0.1545,0.5055,0.008571664643360873,Prognostic_score,,0.02229849479354417,0.07221536447650931,0.07221536447650932,0.1233016684782155,0.01246691348254404,0.05321194336847135,0.06299350844307695,0.9883863588349349,0.011613641165065136,1.0,0.22578839662611905,0.24587560941074793,0.05921515908072465,0.05383662860543581,0.03972824981266309,0.0019944703269367784,0.5071837655693244,0.008571664643360873,0.05064349443736378,0.04526496396207494,0.03115658516930222,0.005378530475288842,0.1062037786895027,0.019486909268061563,0.3847860319386749,0.05921515908072465,0.06129873787590085,0.05374265504175776,0.0,0.0,0.008571664643360873,0.05064349443736378,0.05272707323253998,0.045170990398396886,-0.0020835787951761983,-0.041142081886809345,0.005472504038966895,0.10805936872573685
35,2000,5,1.0,1.0,1.0,1.0,3,True,10,0.6,0.1545,0.5055,0.008571664643360873,2A_PCA_cum60,,0.018100072530833327,0.0580905847302009,0.0580905847302009,0.014325729827625375,0.005145642911026157,0.06803811747158103,0.02916983007007752,0.9936897662703754,0.006310233729624581,1.0,0.11205793167391287,0.08721432619432423,0.05921515908072465,0.05517211301087966,0.04751270642820168,0.0007453856993544348,0.24691898850068197,0.008571664643360873,0.05064349443736378,0.04660044836751879,0.038941041784840806,0.004043046069844992,0.07983347347496839,0.011702452652522975,0.2310751416847162,0.05921515908072465,0.06129873787590085,0.05374265504175776,0.0,0.0,0.008571664643360873,0.05064349443736378,0.05272707323253998,0.045170990398396886,-0.0020835787951761983,-0.041142081886809345,0.005472504038966895,0.10805936872573685
35,2000,5,1.0,1.0,1.0,1.0,3,True,10,0.6,0.1545,0.5055,0.008571664643360873,2B_clustering,,0.029873457209603067,0.09934920140629837,0.09934920140629837,0.25504491685306746,0.031003781909643004,0.056206961076085235,0.11408521994626523,0.9748583524713013,0.02514164752869874,1.0,0.1628091929327775,0.1110312659740077,0.05921515908072465,0.050225548452620394,0.0392457692681673,0.0004057231748631529,0.15778465249126886,0.008571664643360873,0.05064349443736378,0.04165388380925952,0.03067410462480643,0.008989610628104258,0.1775077081069647,0.019969389812557352,0.3943130314053591,0.05921515908072465,0.06129873787590085,0.05374265504175776,0.0,0.0,0.008571664643360873,0.05064349443736378,0.05272707323253998,0.045170990398396886,-0.0020835787951761983,-0.041142081886809345,0.005472504038966895,0.10805936872573685
35,2000,5,1.0,1.0,1.0,1.0,3,True,10,0.6,0.1545,0.5055,0.008571664643360873,baseline_random,,-0.001206840341710447,0.01317976048108641,0.013179760481086409,0.001667868017260501,0.005949263255912177,0.003813452277097179,0.003810194516756619,0.9931107433804546,0.006889256619545425,0.3772621063733069,0.005233854936705917,0.0032935241922456004,0.05921515908072465,0.058470187386805705,0.057721923148847006,0.005055970283738204,0.6672267544952735,0.008571664643360873,0.05064349443736378,0.049898522743444834,0.049150258505486134,0.0007449716939189471,0.014710116317907973,0.001493235931877647,0.029485246791658315,0.05921515908072465,0.06129873787590085,0.05374265504175776,0.0,0.0,0.008571664643360873,0.05064349443736378,0.05272707323253998,0.045170990398396886,-0.0020835787951761983,-0.041142081886809345,0.005472504038966895,0.10805936872573685
35,2000,5,1.0,1.0,1.0,1.0,3,True,10,0.6,0.1545,0.5055,0.008571664643360873,baseline_oracle_kmeans,,0.3831401311158959,0.6601297113154264,0.6601297113154264,0.24448309632358783,1.0000000000000004,0.7079499932523816,0.6508110298586566,0.0,1.0,0.856638039224688,0.27958945596211704,0.030768295978407023,0.05921515908072465,0.07016496055394392,0.0538378368738517,0.0006814586129972776,0.3131635550908845,0.008571664643360873,0.05064349443736378,0.061593295910583046,0.04526617223049083,-0.010949801473219264,-0.2162133872251264,0.005377322206872953,0.10617992037503776,0.05921515908072465,0.06129873787590085,0.05374265504175776,0.0,0.0,0.008571664643360873,0.05064349443736378,0.05272707323253998,0.045170990398396886,-0.0020835787951761983,-0.041142081886809345,0.005472504038966895,0.10805936872573685
35,2000,5,1.0,1.0,1.0,1.0,3,True,10,0.6,0.1545,0.5055,0.008571664643360873,baseline_oracle_quantile,,0.10443988067648936,0.333845296215709,0.33384529621570896,0.900543785425528,0.0031300649467683995,0.008823679432149366,0.3041658432681486,0.9951433880582481,0.004856611941751909,1.0,0.44087072828075224,0.030436584239678544,0.05921515908072465,0.053682383105066775,0.028973084865027136,0.0008653197225296719,0.38354152016798865,0.008571664643360873,0.05064349443736378,0.045110718461705904,0.020401420221666265,0.005532775975657878,0.10924949072187051,0.030242074215697516,0.5971561510847384,0.05921515908072465,0.06129873787590085,0.05374265504175776,0.0,0.0,0.008571664643360873,0.05064349443736378,0.05272707323253998,0.045170990398396886,-0.0020835787951761983,-0.041142081886809345,0.005472504038966895,0.10805936872573685
36,2000,5,1.0,1.0,1.0,1.0,3,True,10,0.6,0.144,0.5035,0.009494641358535194,1A_predicted_prob,,0.035819458756280204,0.09287966051514657,0.09287966051514658,0.1347732081322499,0.0211706703501826,0.07253298617902834,0.07615895488715362,0.9841598021256355,0.015840197874364526,0.7284658538643656,0.2866744917409032,0.09828573056045342,0.004133339201901426,0.004729669307769139,0.008566050126355028,0.0007317411265761206,0.26946070708263226,0.009494641358535194,0.0053613021566337685,0.0047649720507660556,0.0009285912321801669,0.000596330105867713,0.11122859492816461,0.004432710924453602,0.8267974449022275,0.004133339201901426,-0.00208243095765009,-0.002412847743574626,0.0013797224478876325,0.2149738390599375,0.009494641358535194,0.0053613021566337685,0.011577072316185284,0.01190748910210982,-0.006215770159551515,-1.159376953201654,-0.006546186945476052,-1.2210069035889304
36,2000,5,1.0,1.0,1.0,1.0,3,True,10,0.6,0.144,0.5035,0.009494641358535194,1B_residual,,0.035507048644966704,0.09778688499367671,0.09778688499367671,0.16062028319763896,0.0204967909166677,0.08266611007056336,0.08792772806162334,0.9846325255970698,0.015367474402930181,1.0,0.3087636601403462,0.06005360081680122,0.004133339201901426,-0.013699177264921415,0.0005958672439530092,0.0,0.0,0.009494641358535194,0.0053613021566337685,0.02319381862345661,0.008898774114582186,-0.017832516466822844,-3.3261539726422447,-0.003537471957948417,-0.6598158161205951,0.004133339201901426,-0.00208243095765009,-0.002412847743574626,0.0013797224478876325,0.2149738390599375,0.009494641358535194,0.0053613021566337685,0.011577072316185284,0.01190748910210982,-0.006215770159551515,-1.159376953201654,-0.006546186945476052,-1.2210069035889304
36,2000,5,1.0,1.0,1.0,1.0,3,True,10,0.6,0.144,0.5035,0.009494641358535194,1C_cv_decision,,0.035819458756280204,0.09287966051514657,0.09287966051514658,0.1347732081322499,0.0211706703501826,0.07253298617902834,0.07615895488715362,0.9841598021256355,0.015840197874364526,0.7284658538643656,0.2866744917409032,0.09828573056045342,0.004133339201901426,0.004729669307769139,0.008566050126355028,0.0007317411265761206,0.26946070708263226,0.009494641358535194,0.0053613021566337685,0.0047649720507660556,0.0009285912321801669,0.000596330105867713,0.11122859492816461,0.004432710924453602,0.8267974449022275,0.004133339201901426,-0.00208243095765009,-0.002412847743574626,0.0013797224478876325,0.2149738390599375,0.009494641358535194,0.0053613021566337685,0.011577072316185284,0.01190748910210982,-0.006215770159551515,-1.159376953201654,-0.006546186945476052,-1.2210069035889304
36,2000,5,1.0,1.0,1.0,1.0,3,True,10,0.6,0.144,0.5035,0.009494641358535194,PS_propensity_score,,0.006081221225563059,0.03298014314221555,0.03298014314221555,0.01194064432789152,0.011133693119491531,0.02120029531921201,0.014758210922198353,0.9914606079171949,0.008539392082805075,1.0,0.03646099792147417,0.007170957478268236,0.004133339201901426,0.0032101365495341497,0.007427116292713459,0.0,0.0,0.009494641358535194,0.0053613021566337685,0.006284504809001045,0.002067525065821736,-0.0009232026523672762,-0.17219746721884688,0.0032937770908120327,0.6143613985151912,0.004133339201901426,-0.00208243095765009,-0.002412847743574626,0.0013797224478876325,0.2149738390599375,0.009494641358535194,0.0053613021566337685,0.011577072316185284,0.01190748910210982,-0.006215770159551515,-1.159376953201654,-0.006546186945476052,-1.2210069035889304
36,2000,5,1.0,1.0,1.0,1.0,3,True,10,0.6,0.144,0.5035,0.009494641358535194,GMM,,0.011591947187434268,0.03559190891919945,0.03559190891919945,0.0975695376597515,0.002143272047771277,0.006135666929429264,0.03528282554565068,0.9979653677770434,0.002034632222956634,0.8655940045555073,0.04564301156480621,0.015141106460081266,0.004133339201901426,0.0019473784456034132,-0.0028221914470575944,0.0005341075994057113,0.1709931300275298,0.009494641358535194,0.0053613021566337685,0.007547262912931781,0.012316832805592788,-0.0021859607562980127,-0.4077294456521594,-0.00695553064895902,-1.2973584487031093,0.004133339201901426,-0.00208243095765009,-0.002412847743574626,0.0013797224478876325,0.2149738390599375,0.009494641358535194,0.0053613021566337685,0.011577072316185284,0.01190748910210982,-0.006215770159551515,-1.159376953201654,-0.006546186945476052,-1.2210069035889304
36,2000,5,1.0,1.0,1.0,1.0,3,True,10,0.6,0.144,0.5035,0.009494641358535194,Prognostic_score,,0.027637075199912153,0.07241018822023193,0.07241018822023192,0.10829138127140711,0.0188656441787527,0.06911476520037375,0.06542393021684452,0.9858467809951621,0.014153219004837903,1.0,0.2504152351667046,0.027953099445018226,0.004133339201901426,0.012084346518334618,0.003528985034627907,0.0,0.0,0.009494641358535194,0.0053613021566337685,0.002589705159799423,0.005965656323907288,0.0027715969968343454,0.5169634010284105,-0.0006043541672735193,-0.11272525771108155,0.004133339201901426,-0.00208243095765009,-0.002412847743574626,0.0013797224478876325,0.2149738390599375,0.009494641358535194,0.0053613021566337685,0.011577072316185284,0.01190748910210982,-0.006215770159551515,-1.159376953201654,-0.006546186945476052,-1.2210069035889304
36,2000,5,1.0,1.0,1.0,1.0,3,True,10,0.6,0.144,0.5035,0.009494641358535194,2A_PCA_cum60,,0.021163895745750616,0.060548868398179946,0.060548868398179946,0.02883274678851337,0.014566478305973643,0.08923099233225475,0.044210072475580585,0.9889661951438657,0.011033804856134255,1.0,0.16190054969708922,0.0008794175224410283,0.004133339201901426,0.004794952873455245,0.014179999264155871,0.0,0.0,0.009494641358535194,0.0053613021566337685,0.00469968848507995,0.004685357905620677,0.0006616136715538188,0.12340540641515152,0.0006759442510130918,0.12607837261638333,0.004133339201901426,-0.00208243095765009,-0.002412847743574626,0.0013797224478876325,0.2149738390599375,0.009494641358535194,0.0053613021566337685,0.011577072316185284,0.01190748910210982,-0.006215770159551515,-1.159376953201654,-0.006546186945476052,-1.2210069035889304
36,2000,5,1.0,1.0,1.0,1.0,3,True,10,0.6,0.144,0.5035,0.009494641358535194,2B_clustering,,0.031040246415231232,0.0906163645463715,0.0906163645463715,0.17464566537261503,0.018301581029382983,0.06460527114569505,0.08585083918256435,0.9862386690135033,0.013761330986496678,0.8289099158187146,0.14013427085521557,0.07667011063941953,0.004133339201901426,0.005338936390064459,0.0026798835613589178,0.0005584306993795617,0.195976446479246,0.009494641358535194,0.0053613021566337685,0.0041557049684707355,0.006814757797176277,0.001205597188163033,0.22487021864106205,-0.0014534556405425081,-0.2711012358712306,0.004133339201901426,-0.00208243095765009,-0.002412847743574626,0.0013797224478876325,0.2149738390599375,0.009494641358535194,0.0053613021566337685,0.011577072316185284,0.01190748910210982,-0.006215770159551515,-1.159376953201654,-0.006546186945476052,-1.2210069035889304
36,2000,5,1.0,1.0,1.0,1.0,3,True,10,0.6,0.144,0.5035,0.009494641358535194,baseline_random,,3.196375842571013e-05,0.019544984091220633,0.01954498409122063,0.004631390785119376,0.0035148038047689723,0.003980113586741026,0.004042102725543125,0.9969751532474989,0.0030248467525011424,0.7979322340250894,0.001963235798983165,0.003872820935218124,0.004133339201901426,0.003997482450819014,0.00611326543243513,0.0006809241612724446,0.19820333226325426,0.009494641358535194,0.0053613021566337685,0.00549715890771618,0.0033813759261000645,-0.00013585675108241171,-0.025340252631407933,0.001979926230533704,0.36929950461453787,0.004133339201901426,-0.00208243095765009,-0.002412847743574626,0.0013797224478876325,0.2149738390599375,0.009494641358535194,0.0053613021566337685,0.011577072316185284,0.01190748910210982,-0.006215770159551515,-1.159376953201654,-0.006546186945476052,-1.2210069035889304
36,2000,5,1.0,1.0,1.0,1.0,3,True,10,0.6,0.144,0.5035,0.009494641358535194,baseline_oracle_kmeans,,0.376210509671984,0.6342795832659694,0.6342795832659694,0.30456383984435886,0.9805159292973054,0.6484377301372894,0.6445058330929846,0.033318777788855565,0.9666812222111444,0.6181638902525151,0.4305487360011164,0.016668302630520326,0.004133339201901426,0.003442288689432076,0.0065464482185341915,0.00113973381914433,0.4001547836218891,0.009494641358535194,0.0053613021566337685,0.006052352669103119,0.002948193140001003,-0.0006910505124693503,-0.12889602045918713,0.0024131090166327656,0.45009755953540553,0.004133339201901426,-0.00208243095765009,-0.002412847743574626,0.0013797224478876325,0.2149738390599375,0.009494641358535194,0.0053613021566337685,0.011577072316185284,0.01190748910210982,-0.006215770159551515,-1.159376953201654,-0.006546186945476052,-1.2210069035889304
36,2000,5,1.0,1.0,1.0,1.0,3,True,10,0.6,0.144,0.5035,0.009494641358535194,baseline_oracle_quantile,,0.08810724148160079,0.291966714734271,0.291966714734271,0.8972317125811918,0.005542302594160163,0.0028860193036207332,0.3018866781596576,0.9955095549309476,0.0044904450690523845,1.0,0.47100742767519477,0.08796857867047558,0.004133339201901426,-0.0032447085543733743,-0.009025598784599447,0.0,0.0,0.009494641358535194,0.0053613021566337685,0.012739349912908569,0.018520240143134643,-0.0073780477562748,-1.3761671214791775,-0.013158937986500875,-2.454429465464609,0.004133339201901426,-0.00208243095765009,-0.002412847743574626,0.0013797224478876325,0.2149738390599375,0.009494641358535194,0.0053613021566337685,0.011577072316185284,0.01190748910210982,-0.006215770159551515,-1.159376953201654,-0.006546186945476052,-1.2210069035889304
37,2000,5,1.0,1.0,1.0,1.0,3,True,10,0.6,0.144,0.478,0.00948382927594642,1A_predicted_prob,,0.039423558314672216,0.09508865598450622,0.09508865598450622,0.2065761995735024,0.005196092013481019,0.08567772321136272,0.09915000493278203,0.9928922999479481,0.007107700052051857,1.0,0.3853078531926394,0.3803116060432371,0.05194846865925462,0.05577078616646193,0.03502519362631466,0.001102776385616049,0.399757996685376,0.00948382927594642,0.0424646393833082,0.04628695689051551,0.025541364350368245,-0.0038223175072073096,-0.0900117736242867,0.016923275032939958,0.398526286310395,0.05194846865925462,0.060802000920650995,0.04732254624929881,0.0,0.0,0.00948382927594642,0.0424646393833082,0.05131817164470458,0.03783871697335239,-0.008853532261396374,-0.20849187441531591,0.00462592240995581,0.10893586939947375
37,2000,5,1.0,1.0,1.0,1.0,3,True,10,0.6,0.144,0.478,0.00948382927594642,1B_residual,,0.03691577331856587,0.09219796444212561,0.09219796444212562,0.19338875326884378,0.01572756482774648,0.08966266167969236,0.09959299325876088,0.9851678915943394,0.014832108405660627,1.0,0.36636842022267935,0.2660970025965218,0.05194846865925462,0.03535334080390138,0.005538064069667875,9.623941968636311e-05,0.34013491275468666,0.00948382927594642,0.0424646393833082,0.025869511527954962,0.003945765206278544,0.01659512785535324,0.3907987468245492,0.038518874177029656,0.9070811559080488,0.05194846865925462,0.060802000920650995,0.04732254624929881,0.0,0.0,0.00948382927594642,0.0424646393833082,0.05131817164470458,0.03783871697335239,-0.008853532261396374,-0.20849187441531591,0.00462592240995581,0.10893586939947375
37,2000,5,1.0,1.0,1.0,1.0,3,True,10,0.6,0.144,0.478,0.00948382927594642,1C_cv_decision,,0.039423558314672216,0.09508865598450622,0.09508865598450622,0.2065761995735024,0.005196092013481019,0.08567772321136272,0.09915000493278203,0.9928922999479481,0.007107700052051857,1.0,0.3853078531926394,0.3803116060432371,0.05194846865925462,0.05577078616646193,0.03502519362631466,0.001102776385616049,0.399757996685376,0.00948382927594642,0.0424646393833082,0.04628695689051551,0.025541364350368245,-0.0038223175072073096,-0.0900117736242867,0.016923275032939958,0.398526286310395,0.05194846865925462,0.060802000920650995,0.04732254624929881,0.0,0.0,0.00948382927594642,0.0424646393833082,0.05131817164470458,0.03783871697335239,-0.008853532261396374,-0.20849187441531591,0.00462592240995581,0.10893586939947375
37,2000,5,1.0,1.0,1.0,1.0,3,True,10,0.6,0.144,0.478,0.00948382927594642,PS_propensity_score,,0.003286509688957491,0.024825771414269022,0.02482577141426902,0.0048246409640831656,0.0005405149256666011,0.021138912413805673,0.00883468943451848,0.9962718276325307,0.0037281723674692513,0.48354700797409456,0.02306333060318233,0.0031024451570244027,0.05194846865925462,0.04716845076779676,0.046354208340015114,0.0028432502105812845,0.5228223153147509,0.00948382927594642,0.0424646393833082,0.03768462149185034,0.036870379064068697,0.004780017891457863,0.11256466464511572,0.0055942603192395066,0.13173926354920307,0.05194846865925462,0.060802000920650995,0.04732254624929881,0.0,0.0,0.00948382927594642,0.0424646393833082,0.05131817164470458,0.03783871697335239,-0.008853532261396374,-0.20849187441531591,0.00462592240995581,0.10893586939947375
37,2000,5,1.0,1.0,1.0,1.0,3,True,10,0.6,0.144,0.478,0.00948382927594642,GMM,,0.024115951013736956,0.0769468573297678,0.0769468573297678,0.21403159800048654,0.02489505478939618,0.02148015688574632,0.08680226989187635,0.9786110230916676,0.021388976908332413,1.0,0.17447936005590603,0.20266410819777514,0.05194846865925462,0.055819978981381115,0.045046317192353205,0.0,0.0,0.00948382927594642,0.0424646393833082,0.0463361497054347,0.03556248791640679,-0.0038715103221264938,-0.09117021546280424,0.0069021514669014156,0.16253879856600129,0.05194846865925462,0.060802000920650995,0.04732254624929881,0.0,0.0,0.00948382927594642,0.0424646393833082,0.05131817164470458,0.03783871697335239,-0.008853532261396374,-0.20849187441531591,0.00462592240995581,0.10893586939947375
37,2000,5,1.0,1.0,1.0,1.0,3,True,10,0.6,0.144,0.478,0.00948382927594642,Prognostic_score,,0.03351926413317848,0.09057992967837498,0.090579929678375,0.1886137598601886,0.007664307952419571,0.07764468730480878,0.09130758503913898,0.9910922877719989,0.00890771222800113,0.6919355680593702,0.34713873486208036,0.42424387240775874,0.05194846865925462,0.055675788332326726,0.0409664199446743,0.002625146838314889,0.5970863365241089,0.00948382927594642,0.0424646393833082,0.04619195905638031,0.03148259066872788,-0.0037273196730721048,-0.0877746691647927,0.01098204871458032,0.2586163187552486,0.05194846865925462,0.060802000920650995,0.04732254624929881,0.0,0.0,0.00948382927594642,0.0424646393833082,0.05131817164470458,0.03783871697335239,-0.008853532261396374,-0.20849187441531591,0.00462592240995581,0.10893586939947375
37,2000,5,1.0,1.0,1.0,1.0,3,True,10,0.6,0.144,0.478,0.00948382927594642,2A_PCA_cum60,,0.021157167977199083,0.06524944846911787,0.06524944846911786,0.04325375258798933,0.003370691952640139,0.08371779831823735,0.043447414286288934,0.9942254628108949,0.0057745371891051445,1.0,0.18870932727260847,0.17808347686940174,0.05194846865925462,0.04796927372262698,0.0380809787118818,0.0006151634259003382,0.2355377516778611,0.00948382927594642,0.0424646393833082,0.03848544444668056,0.02859714943593538,0.003979194936627642,0.09370608097502797,0.013867489947372823,0.32656558842281824,0.05194846865925462,0.060802000920650995,0.04732254624929881,0.0,0.0,0.00948382927594642,0.0424646393833082,0.05131817164470458,0.03783871697335239,-0.008853532261396374,-0.20849187441531591,0.00462592240995581,0.10893586939947375
37,2000,5,1.0,1.0,1.0,1.0,3,True,10,0.6,0.144,0.478,0.00948382927594642,2B_clustering,,0.03368038533598147,0.10046679718739389,0.1004667971873939,0.2572952868086229,0.04006931140701707,0.03710571189952491,0.11149010337172165,0.9675322948383214,0.03246770516167863,0.7398785791606759,0.2724022062719387,0.3118317735184225,0.05194846865925462,0.04579915934378323,0.03509531637185061,0.0020049909465066533,0.5087229256972768,0.00948382927594642,0.0424646393833082,0.03631533006783681,0.02561148709590419,0.006149309315471391,0.14481011506925767,0.016853152287404013,0.3968749654336773,0.05194846865925462,0.060802000920650995,0.04732254624929881,0.0,0.0,0.00948382927594642,0.0424646393833082,0.05131817164470458,0.03783871697335239,-0.008853532261396374,-0.20849187441531591,0.00462592240995581,0.10893586939947375
37,2000,5,1.0,1.0,1.0,1.0,3,True,10,0.6,0.144,0.478,0.00948382927594642,baseline_random,,0.00010012429184535041,0.016004792090216234,0.016004792090216234,0.0030558974734065155,0.005107039276637492,0.003093678980194626,0.003752205243412878,0.9929740227066215,0.007025977293378505,0.6441571636746702,0.0053086333845973055,0.0018451026765845535,0.05194846865925462,0.05267114720924859,0.05194664040113012,0.0012864163861477911,0.33776549428291075,0.00948382927594642,0.0424646393833082,0.043187317933302174,0.0424628111251837,-0.0007226785499939714,-0.01701836069937368,1.828258124503268e-06,4.305365949297535e-05,0.05194846865925462,0.060802000920650995,0.04732254624929881,0.0,0.0,0.00948382927594642,0.0424646393833082,0.05131817164470458,0.03783871697335239,-0.008853532261396374,-0.20849187441531591,0.00462592240995581,0.10893586939947375
37,2000,5,1.0,1.0,1.0,1.0,3,True,10,0.6,0.144,0.478,0.00948382927594642,baseline_oracle_kmeans,,0.3805737452558736,0.6441494623684584,0.6441494623684583,0.34867553129799633,0.9920541675617142,0.6267379568067102,0.6558225518888069,0.01578779660248558,0.9842122033975145,1.0,0.31089504763977793,0.08522259601592241,0.05194846865925462,0.03743335994942795,0.03395093090736286,0.0,0.0,0.00948382927594642,0.0424646393833082,0.027949530673481535,0.024467101631416445,0.014515108709826668,0.3418163658192326,0.017997537751891758,0.4238241043197495,0.05194846865925462,0.060802000920650995,0.04732254624929881,0.0,0.0,0.00948382927594642,0.0424646393833082,0.05131817164470458,0.03783871697335239,-0.008853532261396374,-0.20849187441531591,0.00462592240995581,0.10893586939947375
37,2000,5,1.0,1.0,1.0,1.0,3,True,10,0.6,0.144,0.478,0.00948382927594642,baseline_oracle_quantile,,0.086808407417389,0.2772616291838454,0.27726162918384534,0.8981306061913554,0.0007154458696129042,0.003581629420763877,0.3008092271605774,0.9961463257149621,0.0038536742850379113,1.0,0.48841580203150625,0.1694325849712477,0.05194846865925462,0.054389355377452105,0.0331515689558592,0.0013183315909268323,0.48643454176636153,0.00948382927594642,0.0424646393833082,0.04490552610150569,0.02366773967991278,-0.002440886718197484,-0.057480453234625584,0.018796899703395424,0.4426482828153727,0.05194846865925462,0.060802000920650995,0.04732254624929881,0.0,0.0,0.00948382927594642,0.0424646393833082,0.05131817164470458,0.03783871697335239,-0.008853532261396374,-0.20849187441531591,0.00462592240995581,0.10893586939947375
38,2000,5,1.0,1.0,1.0,1.0,3,True,10,0.6,0.151,0.483,0.008997396122062906,1A_predicted_prob,,0.022989181254308554,0.08058356617263353,0.08058356617263353,0.1665968400034995,0.009059961366441853,0.04272185667779724,0.07279288601591287,0.988804324866305,0.011195675133695016,1.0,0.28133079369812375,0.11957063650787414,0.03306774983075561,0.023144382547997444,0.004282608572663337,0.0,0.0,0.008997396122062906,0.024070353708692704,0.014146986425934538,0.004714787549399569,0.009923367282758166,0.4122651209389776,0.019355566159293135,0.8041247084916379,0.03306774983075561,0.026934404424228245,0.01727219768165733,0.0008624632779508334,0.16086692783266027,0.008997396122062906,0.024070353708692704,0.01793700830216534,0.008274801559594425,0.006133345406527366,0.2548091100261807,0.01579555214909828,0.6562243471891281
38,2000,5,1.0,1.0,1.0,1.0,3,True,10,0.6,0.151,0.483,0.008997396122062906,1B_residual,,0.025518631108344982,0.08357631742451023,0.08357631742451022,0.16564467260443325,0.015618302040598239,0.049878577286789724,0.07704718397727374,0.9841069749134563,0.015893025086543666,1.0,0.30447915047191343,0.07301475449365669,0.03306774983075561,0.020140692333671037,0.005740827906312148,0.0,0.0,0.008997396122062906,0.024070353708692704,0.01114329621160813,0.003256568215750758,0.012927057497084574,0.537053075892945,0.020813785492941946,0.8647062583640103,0.03306774983075561,0.026934404424228245,0.01727219768165733,0.0008624632779508334,0.16086692783266027,0.008997396122062906,0.024070353708692704,0.01793700830216534,0.008274801559594425,0.006133345406527366,0.2548091100261807,0.01579555214909828,0.6562243471891281
38,2000,5,1.0,1.0,1.0,1.0,3,True,10,0.6,0.151,0.483,0.008997396122062906,1C_cv_decision,,0.022989181254308554,0.08058356617263353,0.08058356617263353,0.1665968400034995,0.009059961366441853,0.04272185667779724,0.07279288601591287,0.988804324866305,0.011195675133695016,1.0,0.28133079369812375,0.11957063650787414,0.03306774983075561,0.023144382547997444,0.004282608572663337,0.0,0.0,0.008997396122062906,0.024070353708692704,0.014146986425934538,0.004714787549399569,0.009923367282758166,0.4122651209389776,0.019355566159293135,0.8041247084916379,0.03306774983075561,0.026934404424228245,0.01727219768165733,0.0008624632779508334,0.16086692783266027,0.008997396122062906,0.024070353708692704,0.01793700830216534,0.008274801559594425,0.006133345406527366,0.2548091100261807,0.01579555214909828,0.6562243471891281
38,2000,5,1.0,1.0,1.0,1.0,3,True,10,0.6,0.151,0.483,0.008997396122062906,PS_propensity_score,,0.008430026779498197,0.035325252656269866,0.03532525265626986,0.004939915293501416,0.006159133830144941,0.014988579219631681,0.008695876114426014,0.9909089024504943,0.009091097549505656,0.8449239775103748,0.03669865223951263,0.27412498208763336,0.03306774983075561,0.026134995767919875,0.017646942293225415,0.0012245503944906706,0.34752981787465165,0.008997396122062906,0.024070353708692704,0.01713759964585697,0.008649546171162509,0.006932754062835736,0.28802044817197925,0.015420807537530196,0.6406556265918588,0.03306774983075561,0.026934404424228245,0.01727219768165733,0.0008624632779508334,0.16086692783266027,0.008997396122062906,0.024070353708692704,0.01793700830216534,0.008274801559594425,0.006133345406527366,0.2548091100261807,0.01579555214909828,0.6562243471891281
38,2000,5,1.0,1.0,1.0,1.0,3,True,10,0.6,0.151,0.483,0.008997396122062906,GMM,,0.011236543459680115,0.04785096267037111,0.04785096267037111,0.0788289340582058,0.015029196275095228,0.016814724782803308,0.036890951705368116,0.9845227717268128,0.015477228273187205,1.0,0.02854943526953413,0.04929596513031709,0.03306774983075561,0.02884738305580415,0.028918797272891792,0.0,0.0,0.008997396122062906,0.024070353708692704,0.019849986933741244,0.019921401150828886,0.00422036677495146,0.17533463886853184,0.0041489525578638185,0.17236774365993124,0.03306774983075561,0.026934404424228245,0.01727219768165733,0.0008624632779508334,0.16086692783266027,0.008997396122062906,0.024070353708692704,0.01793700830216534,0.008274801559594425,0.006133345406527366,0.2548091100261807,0.01579555214909828,0.6562243471891281
38,2000,5,1.0,1.0,1.0,1.0,3,True,10,0.6,0.151,0.483,0.008997396122062906,Prognostic_score,,0.02484317595356664,0.08163515668894589,0.08163515668894587,0.13062611130006802,0.01085606490644181,0.049499128052129755,0.06366043475287986,0.9874713023003312,0.0125286976996688,1.0,0.25792740543012893,0.1761497707655828,0.03306774983075561,0.023860692222799657,0.0035224821458600744,0.0005482021462184006,0.24961216815032683,0.008997396122062906,0.024070353708692704,0.01486329610073675,0.005474913976202832,0.009207057607955954,0.3825061201585477,0.018595439732489873,0.7725453459279398,0.03306774983075561,0.026934404424228245,0.01727219768165733,0.0008624632779508334,0.16086692783266027,0.008997396122062906,0.024070353708692704,0.01793700830216534,0.008274801559594425,0.006133345406527366,0.2548091100261807,0.01579555214909828,0.6562243471891281
38,2000,5,1.0,1.0,1.0,1.0,3,True,10,0.6,0.151,0.483,0.008997396122062906,2A_PCA_cum60,,0.009767702661487757,0.052161279700748145,0.052161279700748145,0.13258676465507047,0.014251584614242373,0.005999965524255967,0.0509461049311896,0.9850928988447649,0.01490710115523508,1.0,0.10652515770213111,0.056451643499011994,0.03306774983075561,0.024944342692423717,0.016459229362847105,0.0,0.0,0.008997396122062906,0.024070353708692704,0.01594694657036081,0.007461833240784199,0.008123407138331894,0.33748598947252806,0.016608520467908505,0.6899990199109765,0.03306774983075561,0.026934404424228245,0.01727219768165733,0.0008624632779508334,0.16086692783266027,0.008997396122062906,0.024070353708692704,0.01793700830216534,0.008274801559594425,0.006133345406527366,0.2548091100261807,0.01579555214909828,0.6562243471891281
38,2000,5,1.0,1.0,1.0,1.0,3,True,10,0.6,0.151,0.483,0.008997396122062906,2B_clustering,,0.03304753624281957,0.10057118886266456,0.10057118886266458,0.2416161565791282,0.026073423008253355,0.035060934707352,0.10091683809824452,0.9765023744193061,0.023497625580693904,1.0,0.1477420172177425,0.017354828636979458,0.03306774983075561,0.02866230796809916,0.02516397997657377,0.0,0.0,0.008997396122062906,0.024070353708692704,0.019664911846036255,0.016166583854510863,0.004405441862656449,0.1830235615135759,0.007903769854181841,0.3283611844610117,0.03306774983075561,0.026934404424228245,0.01727219768165733,0.0008624632779508334,0.16086692783266027,0.008997396122062906,0.024070353708692704,0.01793700830216534,0.008274801559594425,0.006133345406527366,0.2548091100261807,0.01579555214909828,0.6562243471891281
38,2000,5,1.0,1.0,1.0,1.0,3,True,10,0.6,0.151,0.483,0.008997396122062906,baseline_random,,-0.0008248878663132751,0.01650526719896741,0.01650526719896741,0.0009445184627181681,0.0028496827580856425,0.006497426790251444,0.0034305426703517515,0.9933187172921298,0.006681282707870162,0.9606128003798869,0.003455861185536535,0.004390175999075874,0.03306774983075561,0.03406243962571577,0.035495942789985704,0.0,0.0,0.008997396122062906,0.024070353708692704,0.025065043503652865,0.026498546667922798,-0.0009946897949601602,-0.04132426997119443,-0.002428192959230094,-0.10087898950787677,0.03306774983075561,0.026934404424228245,0.01727219768165733,0.0008624632779508334,0.16086692783266027,0.008997396122062906,0.024070353708692704,0.01793700830216534,0.008274801559594425,0.006133345406527366,0.2548091100261807,0.01579555214909828,0.6562243471891281
38,2000,5,1.0,1.0,1.0,1.0,3,True,10,0.6,0.151,0.483,0.008997396122062906,baseline_oracle_kmeans,,0.39812971011224446,0.6609299531251145,0.6609299531251145,0.34005260203619136,0.9731089429867497,0.6722903050826124,0.6618172833685178,0.04101446988108996,0.9589855301189101,0.3094563055078724,0.31792421168591867,0.027334533987066423,0.03306774983075561,0.020603323833103628,0.017856839314089854,0.0024352306686744396,0.6513244470325781,0.008997396122062906,0.024070353708692704,0.011605927711040721,0.008859443192026948,0.012464425997651983,0.5178331049265227,0.015210910516665756,0.6319354796673606,0.03306774983075561,0.026934404424228245,0.01727219768165733,0.0008624632779508334,0.16086692783266027,0.008997396122062906,0.024070353708692704,0.01793700830216534,0.008274801559594425,0.006133345406527366,0.2548091100261807,0.01579555214909828,0.6562243471891281
38,2000,5,1.0,1.0,1.0,1.0,3,True,10,0.6,0.151,0.483,0.008997396122062906,baseline_oracle_quantile,,0.1067739447091735,0.32191379205856285,0.3219137920585629,0.8919771367913708,0.006090917242993398,0.004688029733753381,0.30091869458937254,0.9909625165392804,0.009037483460719642,1.0,0.4743887055975806,0.020042241462689292,0.03306774983075561,0.020577384143036365,0.003973925739226735,0.0,0.0,0.008997396122062906,0.024070353708692704,0.011579988020973458,0.005023470382836171,0.012490365687719246,0.5189107662846063,0.019046883325856533,0.7913005166591296,0.03306774983075561,0.026934404424228245,0.01727219768165733,0.0008624632779508334,0.16086692783266027,0.008997396122062906,0.024070353708692704,0.01793700830216534,0.008274801559594425,0.006133345406527366,0.2548091100261807,0.01579555214909828,0.6562243471891281
39,2000,5,1.0,1.0,1.0,1.0,3,True,10,0.6,0.1485,0.4945,0.008501827581393805,1A_predicted_prob,,0.021367544860114877,0.08186669000809563,0.08186669000809563,0.2481394728347614,0.004619397273499534,0.03828952057132513,0.09701613022652868,0.9965904031987369,0.0034095968012630706,1.0,0.28993604033427645,0.005281020259592206,0.0070807080708070735,0.007013254283051367,0.013371470253788915,0.0,0.0,0.008501827581393805,0.001421119510586731,0.0014885732983424375,0.0048696426723951105,-6.745378775570646e-05,-0.04746524641538219,-0.0034485231618083794,-2.426624317039039,0.0070807080708070735,0.001992893110187721,0.001190323528758745,0.0,0.0,0.008501827581393805,0.001421119510586731,0.006508934471206084,0.007311504052635059,-0.005087814960619353,-3.5801457391284215,-0.005890384542048328,-4.144890347481327
39,2000,5,1.0,1.0,1.0,1.0,3,True,10,0.6,0.1485,0.4945,0.008501827581393805,1B_residual,,0.02006737962802927,0.08159426036145848,0.08159426036145846,0.23974951114964047,0.012102440118617911,0.052112093883000636,0.10132134838375301,0.9911536907242015,0.008846309275798547,0.6227798104259293,0.31770348474517596,0.0010974745764238403,0.0070807080708070735,0.007042701197130809,0.001987561064842721,4.6832365137010554e-05,0.1807778462986888,0.008501827581393805,0.001421119510586731,0.0014591263842629954,0.0065142665165510835,-3.80068736762643e-05,-0.026744319104149428,-0.005093147005964352,-3.583897742605454,0.0070807080708070735,0.001992893110187721,0.001190323528758745,0.0,0.0,0.008501827581393805,0.001421119510586731,0.006508934471206084,0.007311504052635059,-0.005087814960619353,-3.5801457391284215,-0.005890384542048328,-4.144890347481327
39,2000,5,1.0,1.0,1.0,1.0,3,True,10,0.6,0.1485,0.4945,0.008501827581393805,1C_cv_decision,,0.021367544860114877,0.08186669000809563,0.08186669000809563,0.2481394728347614,0.004619397273499534,0.03828952057132513,0.09701613022652868,0.9965904031987369,0.0034095968012630706,1.0,0.28993604033427645,0.005281020259592206,0.0070807080708070735,0.007013254283051367,0.013371470253788915,0.0,0.0,0.008501827581393805,0.001421119510586731,0.0014885732983424375,0.0048696426723951105,-6.745378775570646e-05,-0.04746524641538219,-0.0034485231618083794,-2.426624317039039,0.0070807080708070735,0.001992893110187721,0.001190323528758745,0.0,0.0,0.008501827581393805,0.001421119510586731,0.006508934471206084,0.007311504052635059,-0.005087814960619353,-3.5801457391284215,-0.005890384542048328,-4.144890347481327
39,2000,5,1.0,1.0,1.0,1.0,3,True,10,0.6,0.1485,0.4945,0.008501827581393805,PS_propensity_score,,0.004473737303410049,0.03522174829958223,0.03522174829958223,0.05139423727044332,0.004819683385112518,0.006756971897121157,0.020990297517559,0.9964479080310346,0.003552091968965443,0.9266156693651911,0.015535832994762688,0.03539425022721909,0.0070807080708070735,0.006043944469446295,0.004035265234267314,0.00025876932051149034,0.09003500821251859,0.008501827581393805,0.001421119510586731,0.0024578831119475095,0.004466562347126491,-0.0010367636013607785,-0.7295400517953163,-0.00304544283653976,-2.142988548009169,0.0070807080708070735,0.001992893110187721,0.001190323528758745,0.0,0.0,0.008501827581393805,0.001421119510586731,0.006508934471206084,0.007311504052635059,-0.005087814960619353,-3.5801457391284215,-0.005890384542048328,-4.144890347481327
39,2000,5,1.0,1.0,1.0,1.0,3,True,10,0.6,0.1485,0.4945,0.008501827581393805,GMM,,0.012467056347889046,0.045010605185042844,0.045010605185042844,0.03441562003077139,0.00766945084993006,0.023068965430322386,0.021718012103674616,0.9943734404335433,0.005626559566456746,1.0,0.014318793071852798,0.04545028232747683,0.0070807080708070735,0.007281010369600972,0.014752234167099795,0.0,0.0,0.008501827581393805,0.001421119510586731,0.0012208172117928323,0.006250406585705991,0.00020030229879389877,0.1409468361399112,-0.00482928707511926,-3.3982272702212173,0.0070807080708070735,0.001992893110187721,0.001190323528758745,0.0,0.0,0.008501827581393805,0.001421119510586731,0.006508934471206084,0.007311504052635059,-0.005087814960619353,-3.5801457391284215,-0.005890384542048328,-4.144890347481327
39,2000,5,1.0,1.0,1.0,1.0,3,True,10,0.6,0.1485,0.4945,0.008501827581393805,Prognostic_score,,0.016612100034018445,0.06835578316549092,0.06835578316549092,0.20765345270375601,0.004779943884216033,0.028310783987155346,0.08024806019170913,0.9964692422274228,0.0035307577725771644,1.0,0.23086726897042953,0.0027669415895500427,0.0070807080708070735,0.007868371905698853,0.012624696700976707,0.0,0.0,0.008501827581393805,0.001421119510586731,0.0006334556756949512,0.004122869119582902,0.0007876638348917799,0.5542558729396241,-0.002701749608996171,-1.9011417328868507,0.0070807080708070735,0.001992893110187721,0.001190323528758745,0.0,0.0,0.008501827581393805,0.001421119510586731,0.006508934471206084,0.007311504052635059,-0.005087814960619353,-3.5801457391284215,-0.005890384542048328,-4.144890347481327
39,2000,5,1.0,1.0,1.0,1.0,3,True,10,0.6,0.1485,0.4945,0.008501827581393805,2A_PCA_cum60,,0.01329077439783858,0.055703415166701055,0.05570341516670106,0.15993281591255312,0.02774689779631604,0.006380633292454918,0.06468678233377469,0.9796519600360327,0.02034803996396728,0.6513288364272212,0.11715846749952963,0.06555720243567054,0.0070807080708070735,0.006020364338396233,0.009120703803844233,0.0011566088672582363,0.34078700196963346,0.008501827581393805,0.001421119510586731,0.0024814632429975714,0.0006188762224504287,-0.0010603437324108404,-0.7461326964493373,0.0008022432881363024,0.5645150053601642,0.0070807080708070735,0.001992893110187721,0.001190323528758745,0.0,0.0,0.008501827581393805,0.001421119510586731,0.006508934471206084,0.007311504052635059,-0.005087814960619353,-3.5801457391284215,-0.005890384542048328,-4.144890347481327
39,2000,5,1.0,1.0,1.0,1.0,3,True,10,0.6,0.1485,0.4945,0.008501827581393805,2B_clustering,,0.019640945120976427,0.0755056190565932,0.07550561905659318,0.16931876686333622,0.01806983077265177,0.03149622125649329,0.07296160629749375,0.9867988774676124,0.013201122532387588,0.5309176249997432,0.15854164375175073,0.0858386179057371,0.0070807080708070735,0.01131853361533588,0.02184114436452684,0.0012258099084037797,0.362387530404186,0.008501827581393805,0.001421119510586731,0.0028167060339420753,0.013339316783133034,-0.0013955865233553442,-0.9820331878908304,-0.011918197272546303,-8.386484868978888,0.0070807080708070735,0.001992893110187721,0.001190323528758745,0.0,0.0,0.008501827581393805,0.001421119510586731,0.006508934471206084,0.007311504052635059,-0.005087814960619353,-3.5801457391284215,-0.005890384542048328,-4.144890347481327
39,2000,5,1.0,1.0,1.0,1.0,3,True,10,0.6,0.1485,0.4945,0.008501827581393805,baseline_random,,0.00017987087463001563,0.017299933899442562,0.017299933899442562,0.012618034255639619,0.005250744812707487,0.0038493579680539355,0.007239379012133681,0.9961353424662892,0.0038646575337107913,1.0,0.007140217268691185,0.006109252463367132,0.0070807080708070735,0.007340458646378073,0.009997280158523518,0.0,0.0,0.008501827581393805,0.001421119510586731,0.0011613689350157318,0.0014954525771297134,0.0002597505755709993,0.18277883994693545,-7.433306654298227e-05,-0.05230599255673618,0.0070807080708070735,0.001992893110187721,0.001190323528758745,0.0,0.0,0.008501827581393805,0.001421119510586731,0.006508934471206084,0.007311504052635059,-0.005087814960619353,-3.5801457391284215,-0.005890384542048328,-4.144890347481327
39,2000,5,1.0,1.0,1.0,1.0,3,True,10,0.6,0.1485,0.4945,0.008501827581393805,baseline_oracle_kmeans,,0.3985571593125215,0.6587741512896644,0.6587741512896644,0.2717155759534984,1.0000000000000002,0.682390978896291,0.6513688516165965,0.0,1.0,0.7526856477154227,0.42272694542634304,0.020295902785092856,0.0070807080708070735,0.0043140260588741194,0.007594476557772769,0.0005102367466217172,0.2178881085613366,0.008501827581393805,0.001421119510586731,0.004187801522519685,0.0009073510236210355,-0.002766682011932954,-1.9468327549670237,0.0005137684869656956,0.36152377272871183,0.0070807080708070735,0.001992893110187721,0.001190323528758745,0.0,0.0,0.008501827581393805,0.001421119510586731,0.006508934471206084,0.007311504052635059,-0.005087814960619353,-3.5801457391284215,-0.005890384542048328,-4.144890347481327
39,2000,5,1.0,1.0,1.0,1.0,3,True,10,0.6,0.1485,0.4945,0.008501827581393805,baseline_oracle_quantile,,0.08624957634454801,0.29607033046011283,0.2960703304601128,0.8956661881379278,0.00524578108517587,0.003107420703600731,0.30133979664223476,0.9961383298320194,0.0038616701679805576,1.0,0.4406137830746155,0.026102968720230546,0.0070807080708070735,0.008204142569515202,0.0003909734373726015,0.00044578863750233745,0.25231066633954646,0.008501827581393805,0.001421119510586731,0.0002976850118786029,0.008110854144021204,0.0011234344987081282,0.7905278129946305,-0.0066897346334344725,-4.707369495386431,0.0070807080708070735,0.001992893110187721,0.001190323528758745,0.0,0.0,0.008501827581393805,0.001421119510586731,0.006508934471206084,0.007311504052635059,-0.005087814960619353,-3.5801457391284215,-0.005890384542048328,-4.144890347481327
40,2000,5,1.0,1.0,1.0,1.0,3,True,10,0.6,0.1535,0.4765,0.009122314664430057,1A_predicted_prob,,0.02883419415296952,0.08322620887584746,0.08322620887584746,0.1639842948963876,0.00739546432566437,0.09049280225307955,0.08729085382504385,0.9939088007560215,0.006091199243978496,1.0,0.2507792034362145,0.01545791286270326,0.004898564269485484,-0.004663500651126182,0.003132877498381925,0.0,0.0,0.009122314664430057,0.004223750394944574,0.013785815315556239,0.005989437166048132,-0.009562064920611665,-2.2638802075180733,-0.0017656867711035584,-0.4180376693700738,0.004898564269485484,0.009517165168193776,0.020811452329719406,0.0,0.0,0.009122314664430057,0.004223750394944574,0.00039485050376371865,0.011689137665289348,0.003828899891180855,0.9065166103952741,-0.007465387270344775,-1.7674783243063157
40,2000,5,1.0,1.0,1.0,1.0,3,True,10,0.6,0.1535,0.4765,0.009122314664430057,1B_residual,,0.03546722891821131,0.09743538108906967,0.09743538108906967,0.21102859804714336,0.01717004459330808,0.10360190800204201,0.1106001835474978,0.9867319833999362,0.013268016600063826,0.7275940827227154,0.33510370152875957,0.0121746253811148,0.004898564269485484,0.0037035060752452047,0.00570921245880289,0.0,0.0,0.009122314664430057,0.004223750394944574,0.005418808589184853,0.0034131022056271675,-0.001195058194240279,-0.2829376933993659,0.0008106481893174061,0.19192615886764397,0.004898564269485484,0.009517165168193776,0.020811452329719406,0.0,0.0,0.009122314664430057,0.004223750394944574,0.00039485050376371865,0.011689137665289348,0.003828899891180855,0.9065166103952741,-0.007465387270344775,-1.7674783243063157
40,2000,5,1.0,1.0,1.0,1.0,3,True,10,0.6,0.1535,0.4765,0.009122314664430057,1C_cv_decision,,0.02883419415296952,0.08322620887584746,0.08322620887584746,0.1639842948963876,0.00739546432566437,0.09049280225307955,0.08729085382504385,0.9939088007560215,0.006091199243978496,1.0,0.2507792034362145,0.01545791286270326,0.004898564269485484,-0.004663500651126182,0.003132877498381925,0.0,0.0,0.009122314664430057,0.004223750394944574,0.013785815315556239,0.005989437166048132,-0.009562064920611665,-2.2638802075180733,-0.0017656867711035584,-0.4180376693700738,0.004898564269485484,0.009517165168193776,0.020811452329719406,0.0,0.0,0.009122314664430057,0.004223750394944574,0.00039485050376371865,0.011689137665289348,0.003828899891180855,0.9065166103952741,-0.007465387270344775,-1.7674783243063157
40,2000,5,1.0,1.0,1.0,1.0,3,True,10,0.6,0.1535,0.4765,0.009122314664430057,PS_propensity_score,,0.005751501714881281,0.031590940364009897,0.03159094036400989,0.05164130086931014,0.01812690875826813,0.009524166273445434,0.0264307919670079,0.9861111121257096,0.013888887874290434,0.5357252681623531,0.023704872286154144,0.07601606145395035,0.004898564269485484,-0.00037579274504765184,-0.0025741021765457073,0.002173951158334377,0.4769611833622591,0.009122314664430057,0.004223750394944574,0.009498107409477709,0.011696416840975764,-0.0052743570145331355,-1.2487378564902976,-0.0074726664460311905,-1.7692017158436397,0.004898564269485484,0.009517165168193776,0.020811452329719406,0.0,0.0,0.009122314664430057,0.004223750394944574,0.00039485050376371865,0.011689137665289348,0.003828899891180855,0.9065166103952741,-0.007465387270344775,-1.7674783243063157
40,2000,5,1.0,1.0,1.0,1.0,3,True,10,0.6,0.1535,0.4765,0.009122314664430057,GMM,,0.016284023264422305,0.04828737430429619,0.04828737430429619,0.07523801251702095,0.008126193750509771,0.026358350861519032,0.036574185709683245,0.9933926318079347,0.0066073681920653105,0.8881515021930273,0.06882962012139704,0.008175106137134902,0.004898564269485484,0.0038873293537261128,0.010055609513397108,0.0001846483277744185,0.06979591585707787,0.009122314664430057,0.004223750394944574,0.0052349853107039445,0.0009332948489670506,-0.0010112349157593709,-0.23941635305195175,0.003290455545977523,0.7790364577215274,0.004898564269485484,0.009517165168193776,0.020811452329719406,0.0,0.0,0.009122314664430057,0.004223750394944574,0.00039485050376371865,0.011689137665289348,0.003828899891180855,0.9065166103952741,-0.007465387270344775,-1.7674783243063157
40,2000,5,1.0,1.0,1.0,1.0,3,True,10,0.6,0.1535,0.4765,0.009122314664430057,Prognostic_score,,0.02307051211411597,0.06425538262507571,0.0642553826250757,0.12660329878025084,0.010363328875693236,0.07514353504733817,0.07070338756776075,0.9917658560584687,0.008234143941531324,1.0,0.21155121715101122,0.00614841088695417,0.004898564269485484,-0.006163529823975418,-0.0030792141665822188,0.0,0.0,0.009122314664430057,0.004223750394944574,0.015285844488405476,0.012201528831012276,-0.011062094093460902,-2.6190217363936026,-0.007977778436067702,-1.888790219615331,0.004898564269485484,0.009517165168193776,0.020811452329719406,0.0,0.0,0.009122314664430057,0.004223750394944574,0.00039485050376371865,0.011689137665289348,0.003828899891180855,0.9065166103952741,-0.007465387270344775,-1.7674783243063157
40,2000,5,1.0,1.0,1.0,1.0,3,True,10,0.6,0.1535,0.4765,0.009122314664430057,2A_PCA_cum60,,0.016463421600578104,0.04703173816683517,0.04703173816683517,0.053216580700177825,0.05153882023185595,0.021862256063305805,0.04220588566511319,0.9614026226815345,0.038597377318465464,0.6935847884163855,0.072168363470411,0.01225185485412128,0.004898564269485484,0.0034752877064242772,0.0053718465399032675,0.001165815102614844,0.3498856382181702,0.009122314664430057,0.004223750394944574,0.00564702695800578,0.0037504681245267898,-0.0014232765630612064,-0.33696985616496966,0.00047328227041778387,0.1120526134745693,0.004898564269485484,0.009517165168193776,0.020811452329719406,0.0,0.0,0.009122314664430057,0.004223750394944574,0.00039485050376371865,0.011689137665289348,0.003828899891180855,0.9065166103952741,-0.007465387270344775,-1.7674783243063157
40,2000,5,1.0,1.0,1.0,1.0,3,True,10,0.6,0.1535,0.4765,0.009122314664430057,2B_clustering,,0.026904073210691756,0.10011488993001755,0.10011488993001755,0.28752001598356364,0.027427059241048532,0.04563175313376565,0.12019294278612595,0.9792960341156549,0.020703965884345088,0.9079530301483643,0.18183575412671804,0.023190741694512518,0.004898564269485484,-0.0029868213254224934,-0.013057718171981352,8.12081216908856e-05,0.03895568777976348,0.009122314664430057,0.004223750394944574,0.01210913598985255,0.022180032836411408,-0.007885385594907977,-1.8669156218004814,-0.017956282441466832,-4.2512650517792885,0.004898564269485484,0.009517165168193776,0.020811452329719406,0.0,0.0,0.009122314664430057,0.004223750394944574,0.00039485050376371865,0.011689137665289348,0.003828899891180855,0.9065166103952741,-0.007465387270344775,-1.7674783243063157
40,2000,5,1.0,1.0,1.0,1.0,3,True,10,0.6,0.1535,0.4765,0.009122314664430057,baseline_random,,-0.00011269297603628742,0.015756594012295188,0.015756594012295188,0.001964014421650506,0.005817675671415673,0.005436081486589416,0.004405923859885198,0.9950502051549427,0.004949794845057309,1.0,0.0019747666411338294,0.0013513304529135794,0.004898564269485484,0.005109356243377157,0.0072232594804151765,0.0,0.0,0.009122314664430057,0.004223750394944574,0.0040129584210529005,0.0018990551840148808,0.00021079197389167314,0.049906351981398145,0.002324695210929693,0.5503865033578053,0.004898564269485484,0.009517165168193776,0.020811452329719406,0.0,0.0,0.009122314664430057,0.004223750394944574,0.00039485050376371865,0.011689137665289348,0.003828899891180855,0.9065166103952741,-0.007465387270344775,-1.7674783243063157
40,2000,5,1.0,1.0,1.0,1.0,3,True,10,0.6,0.1535,0.4765,0.009122314664430057,baseline_oracle_kmeans,,0.3644893505644412,0.6340084083077122,0.6340084083077123,0.39382276629599805,0.9288159964692737,0.6602498258114544,0.6609628628589087,0.09058650025961625,0.9094134997403838,1.0,0.48749176447664744,0.007007971299925031,0.004898564269485484,0.006037360455728458,0.003981239803173257,0.0,0.0,0.009122314664430057,0.004223750394944574,0.0030849542087015994,0.0051410748612568,0.0011387961862429742,0.269617302103364,-0.0009173244663122264,-0.21718245174008777,0.004898564269485484,0.009517165168193776,0.020811452329719406,0.0,0.0,0.009122314664430057,0.004223750394944574,0.00039485050376371865,0.011689137665289348,0.003828899891180855,0.9065166103952741,-0.007465387270344775,-1.7674783243063157
40,2000,5,1.0,1.0,1.0,1.0,3,True,10,0.6,0.1535,0.4765,0.009122314664430057,baseline_oracle_quantile,,0.09202277499287408,0.3051932651114184,0.3051932651114185,0.9121519605915968,0.0033166062984992463,0.003635164867881232,0.3063679105859924,0.9968647626938627,0.003135237306137295,1.0,0.4603232748431044,0.0053009747821586295,0.004898564269485484,-0.0035331456968326984,-0.006217091486381323,0.0,0.0,0.009122314664430057,0.004223750394944574,0.012655460361262756,0.01533940615081138,-0.008431709966318182,-1.9962614212265324,-0.011115655755866807,-2.631702803548994,0.004898564269485484,0.009517165168193776,0.020811452329719406,0.0,0.0,0.009122314664430057,0.004223750394944574,0.00039485050376371865,0.011689137665289348,0.003828899891180855,0.9065166103952741,-0.007465387270344775,-1.7674783243063157
41,2000,5,1.0,1.0,1.0,1.0,3,True,10,0.6,0.1475,0.5125,0.008463429145024919,1A_predicted_prob,,0.028265557003427953,0.09124420457152795,0.09124420457152793,0.23045183291340623,0.00020672264518267197,0.04815737473761997,0.09293864343206963,0.9992852534488872,0.0007147465511128104,1.0,0.30098385661666405,0.04566543196230999,0.007960151194823517,0.01120799994096726,0.0072112476849826536,0.0,0.0,0.008463429145024919,0.0005032779502014018,0.0027445707959423415,0.0012521814600422653,-0.0022412928457409397,-4.453389712074648,-0.0007489035098408635,-1.488051502238807,0.007960151194823517,0.0012560000890289172,0.002092828819596192,0.0,0.0,0.008463429145024919,0.0005032779502014018,0.007207429055996002,0.006370600325428727,-0.0067041511057946,-13.320971250800342,-0.005867322375227325,-11.658214656293485
41,2000,5,1.0,1.0,1.0,1.0,3,True,10,0.6,0.1475,0.5125,0.008463429145024919,1B_residual,,0.025367515506257758,0.09172218834229805,0.09172218834229806,0.2165835290245987,0.0016930975776690508,0.0790490021711668,0.09910854292447818,0.9982116420610382,0.0017883579389618154,1.0,0.33975601865125205,0.014747763226305999,0.007960151194823517,-0.005940460154770226,-0.001265077804795775,0.0,0.0,0.008463429145024919,0.0005032779502014018,0.014403889299795145,0.009728506949820694,-0.013900611349593743,-27.620147761353333,-0.009225228999619292,-18.330286466807337,0.007960151194823517,0.0012560000890289172,0.002092828819596192,0.0,0.0,0.008463429145024919,0.0005032779502014018,0.007207429055996002,0.006370600325428727,-0.0067041511057946,-13.320971250800342,-0.005867322375227325,-11.658214656293485
41,2000,5,1.0,1.0,1.0,1.0,3,True,10,0.6,0.1475,0.5125,0.008463429145024919,1C_cv_decision,,0.028265557003427953,0.09124420457152795,0.09124420457152793,0.23045183291340623,0.00020672264518267197,0.04815737473761997,0.09293864343206963,0.9992852534488872,0.0007147465511128104,1.0,0.30098385661666405,0.04566543196230999,0.007960151194823517,0.01120799994096726,0.0072112476849826536,0.0,0.0,0.008463429145024919,0.0005032779502014018,0.0027445707959423415,0.0012521814600422653,-0.0022412928457409397,-4.453389712074648,-0.0007489035098408635,-1.488051502238807,0.007960151194823517,0.0012560000890289172,0.002092828819596192,0.0,0.0,0.008463429145024919,0.0005032779502014018,0.007207429055996002,0.006370600325428727,-0.0067041511057946,-13.320971250800342,-0.005867322375227325,-11.658214656293485
41,2000,5,1.0,1.0,1.0,1.0,3,True,10,0.6,0.1475,0.5125,0.008463429145024919,PS_propensity_score,,0.0010238337985848693,0.024591896645321024,0.02459189664532102,0.04772197401409047,0.0037294985914984,0.005747735125609901,0.019066402577066256,0.9967421154315789,0.003257884568421132,1.0,0.010304308145800634,0.01745504817169441,0.007960151194823517,0.004931793895602226,0.0027860267554611186,0.0,0.0,0.008463429145024919,0.0005032779502014018,0.0035316352494226926,0.0056774023895638,-0.0030283572992212907,-6.017266001837359,-0.0051741244393623985,-10.280848658861007,0.007960151194823517,0.0012560000890289172,0.002092828819596192,0.0,0.0,0.008463429145024919,0.0005032779502014018,0.007207429055996002,0.006370600325428727,-0.0067041511057946,-13.320971250800342,-0.005867322375227325,-11.658214656293485
41,2000,5,1.0,1.0,1.0,1.0,3,True,10,0.6,0.1475,0.5125,0.008463429145024919,GMM,,0.013621513615789853,0.050522715855388756,0.050522715855388756,0.12747960422490778,0.004238252548289998,0.03243542424373501,0.05471776033897759,0.9963751737847917,0.003624826215208321,1.0,0.13922838267628324,0.0803284252221933,0.007960151194823517,0.008859812630103117,0.015580506975183213,0.0,0.0,0.008463429145024919,0.0005032779502014018,0.00039638348507819825,0.007117077830158294,0.00010689446512320358,0.21239648007711553,-0.006613799879956892,-13.14144575042515,0.007960151194823517,0.0012560000890289172,0.002092828819596192,0.0,0.0,0.008463429145024919,0.0005032779502014018,0.007207429055996002,0.006370600325428727,-0.0067041511057946,-13.320971250800342,-0.005867322375227325,-11.658214656293485
41,2000,5,1.0,1.0,1.0,1.0,3,True,10,0.6,0.1475,0.5125,0.008463429145024919,Prognostic_score,,0.02241626210101178,0.08884375929226371,0.0888437592922637,0.2625169768504665,0.0019250590022944145,0.03700062500182188,0.10048088695152758,0.9980448750150184,0.0019551249849816266,0.8830319040087828,0.28075337930973665,0.027079522387407184,0.007960151194823517,0.01513717883800363,0.008825668660486945,0.0006178945726140718,0.23374979560603049,0.008463429145024919,0.0005032779502014018,0.0066737496929787105,0.0003622395154620258,-0.006170471742777309,-12.260564446163414,0.00014103843473937602,0.2802396462688962,0.007960151194823517,0.0012560000890289172,0.002092828819596192,0.0,0.0,0.008463429145024919,0.0005032779502014018,0.007207429055996002,0.006370600325428727,-0.0067041511057946,-13.320971250800342,-0.005867322375227325,-11.658214656293485
41,2000,5,1.0,1.0,1.0,1.0,3,True,10,0.6,0.1475,0.5125,0.008463429145024919,2A_PCA_cum60,,0.013363154157133322,0.05134494160698181,0.0513449416069818,0.035045438641104876,0.020251774160406282,0.023690546834187212,0.026329253211899457,0.9847040044289399,0.015295995571060095,1.0,0.08675856408259419,0.11028097981502072,0.007960151194823517,0.013527036002159789,0.020168965387359256,0.0,0.0,0.008463429145024919,0.0005032779502014018,0.00506360685713487,0.011705536242334337,-0.004560328906933468,-9.061253140751576,-0.011202258292132936,-22.258591475446153,0.007960151194823517,0.0012560000890289172,0.002092828819596192,0.0,0.0,0.008463429145024919,0.0005032779502014018,0.007207429055996002,0.006370600325428727,-0.0067041511057946,-13.320971250800342,-0.005867322375227325,-11.658214656293485
41,2000,5,1.0,1.0,1.0,1.0,3,True,10,0.6,0.1475,0.5125,0.008463429145024919,2B_clustering,,0.03531230903020677,0.1066126448493528,0.1066126448493528,0.2628675015917803,0.022394482424690325,0.049785827601778514,0.11168260387274971,0.9832033630254324,0.01679663697456757,1.0,0.2247315831899993,0.1409058227363793,0.007960151194823517,0.013827337785792988,0.020171143701108632,0.0,0.0,0.008463429145024919,0.0005032779502014018,0.005363908640768069,0.011707714556083713,-0.0048606306905666675,-9.657944856557972,-0.011204436605882311,-22.26291972735646,0.007960151194823517,0.0012560000890289172,0.002092828819596192,0.0,0.0,0.008463429145024919,0.0005032779502014018,0.007207429055996002,0.006370600325428727,-0.0067041511057946,-13.320971250800342,-0.005867322375227325,-11.658214656293485
41,2000,5,1.0,1.0,1.0,1.0,3,True,10,0.6,0.1475,0.5125,0.008463429145024919,baseline_random,,0.0018511452280666914,0.022075631749250257,0.022075631749250257,0.007269343395905866,0.0054570963044152316,0.003815403840726562,0.005513947847015887,0.9954916209015576,0.004508379098442372,1.0,0.006827708744714278,0.0012750099761393852,0.007960151194823517,0.007581857792940808,0.008189660334505884,0.0,0.0,0.008463429145024919,0.0005032779502014018,0.0008815713520841113,0.00027376881051903446,-0.00037829340188270943,-0.7516590022100589,0.00022950913968236737,0.45602860127395284,0.007960151194823517,0.0012560000890289172,0.002092828819596192,0.0,0.0,0.008463429145024919,0.0005032779502014018,0.007207429055996002,0.006370600325428727,-0.0067041511057946,-13.320971250800342,-0.005867322375227325,-11.658214656293485
41,2000,5,1.0,1.0,1.0,1.0,3,True,10,0.6,0.1475,0.5125,0.008463429145024919,baseline_oracle_kmeans,,0.3466250999542025,0.623189988074956,0.623189988074956,0.36575989075688525,0.9622692696821432,0.6301733675098181,0.6527341759829488,0.05521435857143939,0.9447856414285606,1.0,0.42068993939796817,0.032246778557257105,0.007960151194823517,-0.006456384723994831,0.0022572665154410206,0.0,0.0,0.008463429145024919,0.0005032779502014018,0.014919813869019749,0.006206162629583898,-0.014416535918818347,-28.645276259468822,-0.0057028846793824965,-11.331481295972365,0.007960151194823517,0.0012560000890289172,0.002092828819596192,0.0,0.0,0.008463429145024919,0.0005032779502014018,0.007207429055996002,0.006370600325428727,-0.0067041511057946,-13.320971250800342,-0.005867322375227325,-11.658214656293485
41,2000,5,1.0,1.0,1.0,1.0,3,True,10,0.6,0.1475,0.5125,0.008463429145024919,baseline_oracle_quantile,,0.09925425955848535,0.32063536484538485,0.3206353648453848,0.908716433069024,0.0029960555578339132,0.0006080293465062252,0.30410683932445476,0.9972690380708168,0.0027309619291832066,1.0,0.46276113751479775,0.05085246808948629,0.007960151194823517,0.012012176228147856,0.017711734875217284,0.0,0.0,0.008463429145024919,0.0005032779502014018,0.003548747083122937,0.009248305730192365,-0.003045469132921535,-6.051266763629917,-0.008745027779990963,-17.376139321206853,0.007960151194823517,0.0012560000890289172,0.002092828819596192,0.0,0.0,0.008463429145024919,0.0005032779502014018,0.007207429055996002,0.006370600325428727,-0.0067041511057946,-13.320971250800342,-0.005867322375227325,-11.658214656293485
42,2000,5,1.0,1.0,1.0,1.0,3,True,10,0.6,0.1485,0.494,0.00861576815196143,1A_predicted_prob,,0.028455203735269764,0.08259499570070358,0.08259499570070358,0.16683409721283268,0.011808406232197791,0.0864374768884154,0.08835999344448196,0.9911220852564684,0.008877914743531612,1.0,0.32985645127237406,0.004514422536226692,-0.0016025641025640969,-0.006114022609584067,-0.009058398632570942,0.0,0.0,0.00861576815196143,0.010218332254525527,0.014729790761545496,0.017674166784532375,-0.004511458507019969,-0.4415063431727735,-0.007455834530006847,-0.72965277936669,-0.0016025641025640969,0.00014190192009216201,-0.0004261950672976819,0.0,0.0,0.00861576815196143,0.010218332254525527,0.008473866231869269,0.009041963219259113,0.0017444660226562589,0.17071925038292468,0.0011763690352664148,0.11512338862786742
42,2000,5,1.0,1.0,1.0,1.0,3,True,10,0.6,0.1485,0.494,0.00861576815196143,1B_residual,,0.027021671947037907,0.087746600562713,0.08774660056271298,0.1619358832274312,0.015054853887367294,0.09700844467187948,0.09133306059555933,0.9887803302048704,0.011219669795129561,1.0,0.31797284114310476,0.0044950488918689135,-0.0016025641025640969,-0.01093694683933802,0.001566776466688255,0.0,0.0,0.00861576815196143,0.010218332254525527,0.01955271499129945,0.007048991685273176,-0.009334382736773924,-0.9134937584985927,0.0031693405692523515,0.31016221535062183,-0.0016025641025640969,0.00014190192009216201,-0.0004261950672976819,0.0,0.0,0.00861576815196143,0.010218332254525527,0.008473866231869269,0.009041963219259113,0.0017444660226562589,0.17071925038292468,0.0011763690352664148,0.11512338862786742
42,2000,5,1.0,1.0,1.0,1.0,3,True,10,0.6,0.1485,0.494,0.00861576815196143,1C_cv_decision,,0.028455203735269764,0.08259499570070358,0.08259499570070358,0.16683409721283268,0.011808406232197791,0.0864374768884154,0.08835999344448196,0.9911220852564684,0.008877914743531612,1.0,0.32985645127237406,0.004514422536226692,-0.0016025641025640969,-0.006114022609584067,-0.009058398632570942,0.0,0.0,0.00861576815196143,0.010218332254525527,0.014729790761545496,0.017674166784532375,-0.004511458507019969,-0.4415063431727735,-0.007455834530006847,-0.72965277936669,-0.0016025641025640969,0.00014190192009216201,-0.0004261950672976819,0.0,0.0,0.00861576815196143,0.010218332254525527,0.008473866231869269,0.009041963219259113,0.0017444660226562589,0.17071925038292468,0.0011763690352664148,0.11512338862786742
42,2000,5,1.0,1.0,1.0,1.0,3,True,10,0.6,0.1485,0.494,0.00861576815196143,PS_propensity_score,,0.00842256285382693,0.04777563720439557,0.04777563720439557,0.12476823118584512,0.014001601646316138,0.017844172377132827,0.05220466840309803,0.9895853011069251,0.010414698893074892,1.0,0.031125613657110862,0.17968676440289477,-0.0016025641025640969,-0.008840954600747072,-0.017588905080214757,0.0,0.0,0.00861576815196143,0.010218332254525527,0.0174567227527085,0.026204673232176186,-0.007238390498182973,-0.7083729827807479,-0.015986340977650657,-1.5644765289923486,-0.0016025641025640969,0.00014190192009216201,-0.0004261950672976819,0.0,0.0,0.00861576815196143,0.010218332254525527,0.008473866231869269,0.009041963219259113,0.0017444660226562589,0.17071925038292468,0.0011763690352664148,0.11512338862786742
42,2000,5,1.0,1.0,1.0,1.0,3,True,10,0.6,0.1485,0.494,0.00861576815196143,GMM,,0.008744205810667973,0.052340124612269626,0.05234012461226962,0.10730767054962771,0.00713386928440032,0.02732372548313954,0.047255088439055855,0.9945552793071062,0.005444720692893812,0.925821309199416,0.09742045684347744,0.043467576362724136,-0.0016025641025640969,-0.02069324256391808,-0.028187611312914355,4.636337169116004e-05,0.02255667407550643,0.00861576815196143,0.010218332254525527,0.029309010715879512,0.03680337946487579,-0.019090678461353983,-1.8682773260674748,-0.02658504721035026,-2.6017011923424382,-0.0016025641025640969,0.00014190192009216201,-0.0004261950672976819,0.0,0.0,0.00861576815196143,0.010218332254525527,0.008473866231869269,0.009041963219259113,0.0017444660226562589,0.17071925038292468,0.0011763690352664148,0.11512338862786742
42,2000,5,1.0,1.0,1.0,1.0,3,True,10,0.6,0.1485,0.494,0.00861576815196143,Prognostic_score,,0.027305578690138173,0.08345960239896008,0.08345960239896007,0.1873293195038628,0.007012686557366604,0.08624669478736455,0.09352956694953134,0.9946349361484843,0.0053650638515156945,0.8754731155490708,0.33335101088052776,0.0106305293375204,-0.0016025641025640969,-0.008314585821624454,-0.004508061403502894,0.000394695927299154,0.17039877141975845,0.00861576815196143,0.010218332254525527,0.016930353973585884,0.013123829555464324,-0.006712021719060357,-0.6568607823539614,-0.0029054973009387964,-0.284341635069852,-0.0016025641025640969,0.00014190192009216201,-0.0004261950672976819,0.0,0.0,0.00861576815196143,0.010218332254525527,0.008473866231869269,0.009041963219259113,0.0017444660226562589,0.17071925038292468,0.0011763690352664148,0.11512338862786742
42,2000,5,1.0,1.0,1.0,1.0,3,True,10,0.6,0.1485,0.494,0.00861576815196143,2A_PCA_cum60,,0.009977472753948861,0.04418105036228626,0.044181050362286256,0.003918001530232411,0.015011422435109459,0.03793454465157495,0.01895465620563894,0.9888334261665706,0.01116657383342945,0.9514299882014476,0.05156770124457588,0.03841011938865557,-0.0016025641025640969,0.0014355946737708196,0.0014430034643149775,0.00023253840329989702,0.0863989680663426,0.00861576815196143,0.010218332254525527,0.007180173478190611,0.0071727646876464535,0.0030381587763349165,0.2973243285360355,0.003045567566879074,0.2980493774343894,-0.0016025641025640969,0.00014190192009216201,-0.0004261950672976819,0.0,0.0,0.00861576815196143,0.010218332254525527,0.008473866231869269,0.009041963219259113,0.0017444660226562589,0.17071925038292468,0.0011763690352664148,0.11512338862786742
42,2000,5,1.0,1.0,1.0,1.0,3,True,10,0.6,0.1485,0.494,0.00861576815196143,2B_clustering,,0.03587013638889763,0.10456239727678067,0.10456239727678067,0.2856403964810217,0.03163238868332814,0.0554176979465846,0.12423016103697813,0.9765206118032207,0.023479388196779305,1.0,0.25013410787484003,0.04686025442090347,-0.0016025641025640969,-0.009856794126436473,-0.01384538077695644,0.0,0.0,0.00861576815196143,0.010218332254525527,0.018472562278397903,0.02246114892891787,-0.008254230023872376,-0.807786419375502,-0.012242816674392342,-1.1981227826067413,-0.0016025641025640969,0.00014190192009216201,-0.0004261950672976819,0.0,0.0,0.00861576815196143,0.010218332254525527,0.008473866231869269,0.009041963219259113,0.0017444660226562589,0.17071925038292468,0.0011763690352664148,0.11512338862786742
42,2000,5,1.0,1.0,1.0,1.0,3,True,10,0.6,0.1485,0.494,0.00861576815196143,baseline_random,,-0.0007224567851650742,0.019084082616964707,0.019084082616964704,0.002787297729602428,0.003482004111927941,0.002892348639675294,0.003053883493735221,0.9971974292214719,0.0028025707785280796,0.4898493102907209,0.0009260515776701173,0.003987675936884649,-0.0016025641025640969,-0.001762960536365299,-0.0008381169223977707,0.0029977194088761,0.5345880938790293,0.00861576815196143,0.010218332254525527,0.01037872868832673,0.009453885074359202,-0.0001603964338012017,-0.01569692879483009,0.000764447180166326,0.07481134505366716,-0.0016025641025640969,0.00014190192009216201,-0.0004261950672976819,0.0,0.0,0.00861576815196143,0.010218332254525527,0.008473866231869269,0.009041963219259113,0.0017444660226562589,0.17071925038292468,0.0011763690352664148,0.11512338862786742
42,2000,5,1.0,1.0,1.0,1.0,3,True,10,0.6,0.1485,0.494,0.00861576815196143,baseline_oracle_kmeans,,0.3739604682421056,0.6321147261462673,0.6321147261462674,0.35144348309747514,0.9768135825758876,0.6370622911291037,0.6551064522674889,0.037703544834641445,0.9622964551653586,1.0,0.5407357494554581,0.012157411179949729,-0.0016025641025640969,-0.01979091199333343,-0.01065985070071055,0.0,0.0,0.00861576815196143,0.010218332254525527,0.028406680145294863,0.019275618852671983,-0.018188347890769334,-1.7799722535655484,-0.009057286598146455,-0.8863762082246969,-0.0016025641025640969,0.00014190192009216201,-0.0004261950672976819,0.0,0.0,0.00861576815196143,0.010218332254525527,0.008473866231869269,0.009041963219259113,0.0017444660226562589,0.17071925038292468,0.0011763690352664148,0.11512338862786742
42,2000,5,1.0,1.0,1.0,1.0,3,True,10,0.6,0.1485,0.494,0.00861576815196143,baseline_oracle_quantile,,0.10023315304190177,0.33055281574607354,0.3305528157460736,0.8950988189722171,0.0018635548479714848,0.006052106499582627,0.3010048267732571,0.998365723190773,0.0016342768092270088,1.0,0.44917699678644774,0.00590265443685567,-0.0016025641025640969,-0.008111112963812008,-0.009410007056454329,0.0,0.0,0.00861576815196143,0.010218332254525527,0.01672688111577344,0.018025775208415758,-0.006508548861247911,-0.6369482513514262,-0.00780744295389023,-0.7640623498450487,-0.0016025641025640969,0.00014190192009216201,-0.0004261950672976819,0.0,0.0,0.00861576815196143,0.010218332254525527,0.008473866231869269,0.009041963219259113,0.0017444660226562589,0.17071925038292468,0.0011763690352664148,0.11512338862786742
43,2000,5,1.0,1.0,1.0,1.0,3,True,10,0.6,0.1635,0.49,0.009155257383236543,1A_predicted_prob,,0.024219344782827876,0.0856503733836849,0.0856503733836849,0.15701714464391714,0.008506342119480202,0.06413915721267811,0.07655421465869182,0.9930242795495856,0.006975720450414391,1.0,0.2875114875123693,0.043402405020830814,-0.001376352346200621,-0.011806524774822021,-0.011838331248867314,0.0,0.0,0.009155257383236543,0.010531609729437164,0.020961782158058564,0.020993588632103856,-0.0104301724286214,-0.9903683004382289,-0.010461978902666692,-0.9933883965927977,-0.001376352346200621,-0.005280994791394666,-0.006764449852359672,0.0027814258398147773,0.333915330501595,0.009155257383236543,0.010531609729437164,0.014436252174631209,0.015919707235596214,-0.0039046424451940447,-0.37075457081172325,-0.00538809750615905,-0.5116119609995273
43,2000,5,1.0,1.0,1.0,1.0,3,True,10,0.6,0.1635,0.49,0.009155257383236543,1B_residual,,0.02593623991823365,0.08496870791693416,0.08496870791693416,0.15407008645465425,0.017491519552184698,0.06706543035468551,0.07954234545384149,0.9864884356517142,0.01351156434828582,0.8234131346227797,0.2927957338981866,0.04218675649120307,-0.001376352346200621,0.0022964222809947164,0.006249945041048234,0.00024215037667629097,0.3056454504696192,0.009155257383236543,0.010531609729437164,0.006858835102241827,0.002905312342188309,0.0036727746271953375,0.34873820066931205,0.007626297387248855,0.7241340671723148,-0.001376352346200621,-0.005280994791394666,-0.006764449852359672,0.0027814258398147773,0.333915330501595,0.009155257383236543,0.010531609729437164,0.014436252174631209,0.015919707235596214,-0.0039046424451940447,-0.37075457081172325,-0.00538809750615905,-0.5116119609995273
43,2000,5,1.0,1.0,1.0,1.0,3,True,10,0.6,0.1635,0.49,0.009155257383236543,1C_cv_decision,,0.024219344782827876,0.0856503733836849,0.0856503733836849,0.15701714464391714,0.008506342119480202,0.06413915721267811,0.07655421465869182,0.9930242795495856,0.006975720450414391,1.0,0.2875114875123693,0.043402405020830814,-0.001376352346200621,-0.011806524774822021,-0.011838331248867314,0.0,0.0,0.009155257383236543,0.010531609729437164,0.020961782158058564,0.020993588632103856,-0.0104301724286214,-0.9903683004382289,-0.010461978902666692,-0.9933883965927977,-0.001376352346200621,-0.005280994791394666,-0.006764449852359672,0.0027814258398147773,0.333915330501595,0.009155257383236543,0.010531609729437164,0.014436252174631209,0.015919707235596214,-0.0039046424451940447,-0.37075457081172325,-0.00538809750615905,-0.5116119609995273
43,2000,5,1.0,1.0,1.0,1.0,3,True,10,0.6,0.1635,0.49,0.009155257383236543,PS_propensity_score,,0.002458173294047182,0.0220994919625018,0.022099491962501803,0.01647665603250295,0.002905639122899997,0.006136945856073319,0.00850641367049209,0.9970676627122388,0.002932337287761211,0.908727923019944,0.023223029258180095,0.10484034380710816,-0.001376352346200621,-0.006287899538646932,-0.011555970261698271,0.0003082391569141099,0.10218200530909351,0.009155257383236543,0.010531609729437164,0.015443156921883475,0.020711227644934813,-0.004911547192446311,-0.4663624382811986,-0.010179617915497648,-0.9665775866194837,-0.001376352346200621,-0.005280994791394666,-0.006764449852359672,0.0027814258398147773,0.333915330501595,0.009155257383236543,0.010531609729437164,0.014436252174631209,0.015919707235596214,-0.0039046424451940447,-0.37075457081172325,-0.00538809750615905,-0.5116119609995273
43,2000,5,1.0,1.0,1.0,1.0,3,True,10,0.6,0.1635,0.49,0.009155257383236543,GMM,,0.01446422438544264,0.05254557894238432,0.05254557894238431,0.13503195584493183,0.013351216283028145,0.017697574565838835,0.055360248897932944,0.9894545901757952,0.010545409824204821,0.4254977837823477,0.09467591318220225,0.3018025145755162,-0.001376352346200621,-0.015272502289414484,-0.016378715085505875,0.003955054222313084,0.6184973563766342,0.009155257383236543,0.010531609729437164,0.024427759672651025,0.02553397246874242,-0.013896149943213861,-1.3194706507564922,-0.015002362739305254,-1.4245080405298136,-0.001376352346200621,-0.005280994791394666,-0.006764449852359672,0.0027814258398147773,0.333915330501595,0.009155257383236543,0.010531609729437164,0.014436252174631209,0.015919707235596214,-0.0039046424451940447,-0.37075457081172325,-0.00538809750615905,-0.5116119609995273
43,2000,5,1.0,1.0,1.0,1.0,3,True,10,0.6,0.1635,0.49,0.009155257383236543,Prognostic_score,,0.02451877117771778,0.08371327309290616,0.08371327309290615,0.19519998004535588,0.012925409307691166,0.05763960231904473,0.08858833055736393,0.9898079119677519,0.010192088032248137,0.692642982737776,0.2725132402738235,0.0434978117361573,-0.001376352346200621,-0.009531736526605113,-0.008150029661049506,0.001149753024962475,0.36700778797735856,0.009155257383236543,0.010531609729437164,0.018686993909841656,0.01730528704428605,-0.008155384180404492,-0.7743720466216266,-0.006773677314848885,-0.6431758761355932,-0.001376352346200621,-0.005280994791394666,-0.006764449852359672,0.0027814258398147773,0.333915330501595,0.009155257383236543,0.010531609729437164,0.014436252174631209,0.015919707235596214,-0.0039046424451940447,-0.37075457081172325,-0.00538809750615905,-0.5116119609995273
43,2000,5,1.0,1.0,1.0,1.0,3,True,10,0.6,0.1635,0.49,0.009155257383236543,2A_PCA_cum60,,0.011204432111640914,0.048982626370266194,0.04898262637026619,0.014211948814876977,0.004676898539858962,0.04055212878941669,0.019813658714717543,0.9957824264754584,0.004217573524541551,1.0,0.10512328823625228,0.1449501969284862,-0.001376352346200621,-0.010038684285441026,-0.013229707510993631,0.0,0.0,0.009155257383236543,0.010531609729437164,0.01919394166867757,0.022384964894230176,-0.008662331939240406,-0.8225078750333965,-0.011853355164793012,-1.1255026980026996,-0.001376352346200621,-0.005280994791394666,-0.006764449852359672,0.0027814258398147773,0.333915330501595,0.009155257383236543,0.010531609729437164,0.014436252174631209,0.015919707235596214,-0.0039046424451940447,-0.37075457081172325,-0.00538809750615905,-0.5116119609995273
43,2000,5,1.0,1.0,1.0,1.0,3,True,10,0.6,0.1635,0.49,0.009155257383236543,2B_clustering,,0.03489668521443371,0.10178920215808902,0.10178920215808901,0.2676754526149065,0.03476508832388666,0.03707045983399068,0.11317033359092794,0.9737701321216548,0.026229867878345248,0.6408898649545932,0.25465044246985213,0.21260517431664216,-0.001376352346200621,-0.006765379614346642,-0.0029897613383104526,0.0014943655284643674,0.40229996559337267,0.009155257383236543,0.010531609729437164,0.015920636997583185,0.012145018721546996,-0.00538902726814602,-0.5117002439886293,-0.001613408992109832,-0.15319680785361345,-0.001376352346200621,-0.005280994791394666,-0.006764449852359672,0.0027814258398147773,0.333915330501595,0.009155257383236543,0.010531609729437164,0.014436252174631209,0.015919707235596214,-0.0039046424451940447,-0.37075457081172325,-0.00538809750615905,-0.5116119609995273
43,2000,5,1.0,1.0,1.0,1.0,3,True,10,0.6,0.1635,0.49,0.009155257383236543,baseline_random,,0.0005911413020523196,0.01465400688648012,0.01465400688648012,0.006618242667079047,0.0030309574232753435,0.0004417783872844993,0.003363659492546297,0.9969769551706557,0.0030230448293443457,1.0,0.0020666884262454666,0.0033124147514186353,-0.001376352346200621,-0.0023431445732003983,-0.0033964044034559076,0.0,0.0,0.009155257383236543,0.010531609729437164,0.011498401956436942,0.012551661786692451,-0.0009667922269997777,-0.09179909357042293,-0.002020052057255287,-0.1918084802942317,-0.001376352346200621,-0.005280994791394666,-0.006764449852359672,0.0027814258398147773,0.333915330501595,0.009155257383236543,0.010531609729437164,0.014436252174631209,0.015919707235596214,-0.0039046424451940447,-0.37075457081172325,-0.00538809750615905,-0.5116119609995273
43,2000,5,1.0,1.0,1.0,1.0,3,True,10,0.6,0.1635,0.49,0.009155257383236543,baseline_oracle_kmeans,,0.35796670857496443,0.6302189513228399,0.6302189513228399,0.2914565822438362,0.9881728563193145,0.6444850306621261,0.641371489741759,0.022316755107695978,0.9776832448923041,1.0,0.5185349984604045,0.022081549918034793,-0.001376352346200621,-0.012722923296382728,-0.017143132533084013,0.0,0.0,0.009155257383236543,0.010531609729437164,0.02187818067961927,0.026298389916320556,-0.011346570950182107,-1.0773823984824489,-0.015766780186883392,-1.497091194218228,-0.001376352346200621,-0.005280994791394666,-0.006764449852359672,0.0027814258398147773,0.333915330501595,0.009155257383236543,0.010531609729437164,0.014436252174631209,0.015919707235596214,-0.0039046424451940447,-0.37075457081172325,-0.00538809750615905,-0.5116119609995273
43,2000,5,1.0,1.0,1.0,1.0,3,True,10,0.6,0.1635,0.49,0.009155257383236543,baseline_oracle_quantile,,0.08893791036997402,0.29888159408774173,0.29888159408774173,0.9036889487418058,0.0030548629313267013,0.0010739889732064047,0.3026059335487797,0.9969614308868134,0.003038569113186562,0.741629143323901,0.47390482291583336,0.06569151959034802,-0.001376352346200621,-0.021122612513840552,-0.008813942552988363,0.0009328914230926889,0.3688329401171275,0.009155257383236543,0.010531609729437164,0.030277869897077096,0.01796919993622491,-0.01974626016763993,-1.874951757132309,-0.007437590206787744,-0.7062158965118837,-0.001376352346200621,-0.005280994791394666,-0.006764449852359672,0.0027814258398147773,0.333915330501595,0.009155257383236543,0.010531609729437164,0.014436252174631209,0.015919707235596214,-0.0039046424451940447,-0.37075457081172325,-0.00538809750615905,-0.5116119609995273
44,2000,5,1.0,1.0,1.0,1.0,3,True,10,0.6,0.1515,0.5095,0.009374133846567033,1A_predicted_prob,,0.022133876106041023,0.07489888098013191,0.07489888098013191,0.17283435635367808,0.01230078303415737,0.03869203066471858,0.07460905668418467,0.9846900921422894,0.01530990785771058,0.8840305823733619,0.24571959591141235,0.1075781582869425,-0.0070663597237513864,-0.013736257281266906,-0.001508988499092455,0.0007789105653969702,0.2996098291877336,0.009374133846567033,0.016440493570318418,0.02311039112783394,0.01088312234565949,-0.006669897557515521,-0.40569935014343605,0.005557371224658929,0.33802946370735354,-0.0070663597237513864,-0.009610379008152465,-0.006332863077175606,0.002270414213356531,0.3128985399775881,0.009374133846567033,0.016440493570318418,0.0189845128547195,0.01570699692374264,-0.0025440192844010806,-0.15474105284734518,0.0007334966465757792,0.04461524487926749
44,2000,5,1.0,1.0,1.0,1.0,3,True,10,0.6,0.1515,0.5095,0.009374133846567033,1B_residual,,0.026993210012841228,0.08721606050351018,0.08721606050351019,0.18743795799293544,0.01960193187900714,0.05511963070967508,0.08738650686053923,0.9792372019419614,0.0207627980580386,1.0,0.2800677805735968,0.07328923783694263,-0.0070663597237513864,-0.004578667177865143,-0.0005457205818478544,0.0,0.0,0.009374133846567033,0.016440493570318418,0.013952801024432176,0.009919854428414887,0.002487692545886242,0.1513149550678642,0.0065206391419035305,0.3966206436573083,-0.0070663597237513864,-0.009610379008152465,-0.006332863077175606,0.002270414213356531,0.3128985399775881,0.009374133846567033,0.016440493570318418,0.0189845128547195,0.01570699692374264,-0.0025440192844010806,-0.15474105284734518,0.0007334966465757792,0.04461524487926749
44,2000,5,1.0,1.0,1.0,1.0,3,True,10,0.6,0.1515,0.5095,0.009374133846567033,1C_cv_decision,,0.022133876106041023,0.07489888098013191,0.07489888098013191,0.17283435635367808,0.01230078303415737,0.03869203066471858,0.07460905668418467,0.9846900921422894,0.01530990785771058,0.8840305823733619,0.24571959591141235,0.1075781582869425,-0.0070663597237513864,-0.013736257281266906,-0.001508988499092455,0.0007789105653969702,0.2996098291877336,0.009374133846567033,0.016440493570318418,0.02311039112783394,0.01088312234565949,-0.006669897557515521,-0.40569935014343605,0.005557371224658929,0.33802946370735354,-0.0070663597237513864,-0.009610379008152465,-0.006332863077175606,0.002270414213356531,0.3128985399775881,0.009374133846567033,0.016440493570318418,0.0189845128547195,0.01570699692374264,-0.0025440192844010806,-0.15474105284734518,0.0007334966465757792,0.04461524487926749
44,2000,5,1.0,1.0,1.0,1.0,3,True,10,0.6,0.1515,0.5095,0.009374133846567033,PS_propensity_score,,0.005680720021134482,0.028649092450064993,0.028649092450065,0.0008800712972912883,0.007917402208534338,0.017026188630439695,0.008607887378755107,0.9879165943378854,0.012083405662114632,0.4927754804111433,0.017173987839876892,0.0758364267489422,-0.0070663597237513864,-0.010274527395801394,-0.00773454421382636,0.002730558012695819,0.5135174312916092,0.009374133846567033,0.016440493570318418,0.01964866124236843,0.017108678060393394,-0.0032081676720500107,-0.19513816044075583,-0.0006681844900749759,-0.04064260523670127,-0.0070663597237513864,-0.009610379008152465,-0.006332863077175606,0.002270414213356531,0.3128985399775881,0.009374133846567033,0.016440493570318418,0.0189845128547195,0.01570699692374264,-0.0025440192844010806,-0.15474105284734518,0.0007334966465757792,0.04461524487926749
44,2000,5,1.0,1.0,1.0,1.0,3,True,10,0.6,0.1515,0.5095,0.009374133846567033,GMM,,0.01888917245855925,0.05663798401916442,0.05663798401916442,0.14505825584642942,0.004518654990995483,0.01334844685635364,0.05430845256459285,0.9903541771628794,0.009645822837120566,1.0,0.1025511216454702,0.16412321198599422,-0.0070663597237513864,-0.006594048791225741,-0.00021443993502585633,0.0,0.0,0.009374133846567033,0.016440493570318418,0.015968182637792774,0.009588573781592889,0.0004723109325256436,0.028728512955252805,0.006851919788725529,0.41677092962074747,-0.0070663597237513864,-0.009610379008152465,-0.006332863077175606,0.002270414213356531,0.3128985399775881,0.009374133846567033,0.016440493570318418,0.0189845128547195,0.01570699692374264,-0.0025440192844010806,-0.15474105284734518,0.0007334966465757792,0.04461524487926749
44,2000,5,1.0,1.0,1.0,1.0,3,True,10,0.6,0.1515,0.5095,0.009374133846567033,Prognostic_score,,0.016280767521212176,0.06282334610514104,0.06282334610514102,0.18335364136619728,0.01690189725432286,0.020423273175270023,0.07355960393193005,0.9813435939530105,0.018656406046989482,1.0,0.20754871645798956,0.1657071586601353,-0.0070663597237513864,-0.008552532319295389,0.006303976847781958,0.0,0.0,0.009374133846567033,0.016440493570318418,0.017926666165862422,0.0030701569987850756,-0.0014861725955440039,-0.090397078967698,0.013370336571533342,0.813256397342722,-0.0070663597237513864,-0.009610379008152465,-0.006332863077175606,0.002270414213356531,0.3128985399775881,0.009374133846567033,0.016440493570318418,0.0189845128547195,0.01570699692374264,-0.0025440192844010806,-0.15474105284734518,0.0007334966465757792,0.04461524487926749
44,2000,5,1.0,1.0,1.0,1.0,3,True,10,0.6,0.1515,0.5095,0.009374133846567033,2A_PCA_cum60,,0.017235291551241802,0.052817987452792536,0.05281798745279252,0.028217328171014987,0.008238290914400445,0.05208534966214606,0.029513656249187167,0.9876771936381502,0.012322806361849792,1.0,0.14589257883145912,0.08334658313523813,-0.0070663597237513864,-0.013828638624858922,-0.000751724961999218,0.0,0.0,0.009374133846567033,0.016440493570318418,0.023202772471425957,0.010125858808566252,-0.006762278901107539,-0.41131848458103004,0.006314634761752166,0.3840903397908062,-0.0070663597237513864,-0.009610379008152465,-0.006332863077175606,0.002270414213356531,0.3128985399775881,0.009374133846567033,0.016440493570318418,0.0189845128547195,0.01570699692374264,-0.0025440192844010806,-0.15474105284734518,0.0007334966465757792,0.04461524487926749
44,2000,5,1.0,1.0,1.0,1.0,3,True,10,0.6,0.1515,0.5095,0.009374133846567033,2B_clustering,,0.02597615062325513,0.08368610971807404,0.08368610971807403,0.2416651805468378,0.01146767743972621,0.047685410799282665,0.10027275626194891,0.9853378580172396,0.01466214198276039,1.0,0.2135987153516541,0.2216226827179515,-0.0070663597237513864,-0.00962184867487992,-0.00020323484588475804,0.0,0.0,0.009374133846567033,0.016440493570318418,0.018995982521446953,0.009577368692451791,-0.002555488951128535,-0.15543870019463424,0.006863124877866627,0.41745248392403966,-0.0070663597237513864,-0.009610379008152465,-0.006332863077175606,0.002270414213356531,0.3128985399775881,0.009374133846567033,0.016440493570318418,0.0189845128547195,0.01570699692374264,-0.0025440192844010806,-0.15474105284734518,0.0007334966465757792,0.04461524487926749
44,2000,5,1.0,1.0,1.0,1.0,3,True,10,0.6,0.1515,0.5095,0.009374133846567033,baseline_random,,0.0011657144452003247,0.020078509589724673,0.020078509589724677,0.0032862142170925115,0.002026059971939398,0.004139148942796868,0.003150474377276259,0.9921551271815454,0.007844872818454585,0.4637438649978507,0.0008853424549739586,0.005956194830358141,-0.0070663597237513864,-0.0075022949896723715,-0.00879966311116928,0.0031606921346712157,0.554190010501096,0.009374133846567033,0.016440493570318418,0.016876428836239403,0.018173796957736313,-0.000435935265920985,-0.02651594759344822,-0.001733303387417895,-0.10542891428437362,-0.0070663597237513864,-0.009610379008152465,-0.006332863077175606,0.002270414213356531,0.3128985399775881,0.009374133846567033,0.016440493570318418,0.0189845128547195,0.01570699692374264,-0.0025440192844010806,-0.15474105284734518,0.0007334966465757792,0.04461524487926749
44,2000,5,1.0,1.0,1.0,1.0,3,True,10,0.6,0.1515,0.5095,0.009374133846567033,baseline_oracle_kmeans,,0.3654039305086395,0.627593188405943,0.627593188405943,0.32019055598022633,0.9726215198729452,0.64923118484243,0.6473477535652005,0.045075885185209386,0.9549241148147907,1.0,0.4104814757251304,0.021984502371196424,-0.0070663597237513864,-0.005800043703476906,-0.010194583998595004,0.0,0.0,0.009374133846567033,0.016440493570318418,0.015174177550043938,0.019568717845162037,0.00126631602027448,0.07702420945321742,-0.003128224274843619,-0.19027556937167023,-0.0070663597237513864,-0.009610379008152465,-0.006332863077175606,0.002270414213356531,0.3128985399775881,0.009374133846567033,0.016440493570318418,0.0189845128547195,0.01570699692374264,-0.0025440192844010806,-0.15474105284734518,0.0007334966465757792,0.04461524487926749
44,2000,5,1.0,1.0,1.0,1.0,3,True,10,0.6,0.1515,0.5095,0.009374133846567033,baseline_oracle_quantile,,0.09161484119241418,0.29959466812263486,0.2995946681226349,0.906473854416663,0.01260498371140049,0.0026101129475316004,0.30722965035853167,0.9844918763666238,0.01550812363337617,1.0,0.4346140707039554,0.0796796119405826,-0.0070663597237513864,-0.0067802112229829094,0.004354950377909164,0.0,0.0,0.009374133846567033,0.016440493570318418,0.016154345069549943,0.0050191834686578694,0.00028614850076847526,0.017405104022247042,0.011421310101660549,0.6947060349988836,-0.0070663597237513864,-0.009610379008152465,-0.006332863077175606,0.002270414213356531,0.3128985399775881,0.009374133846567033,0.016440493570318418,0.0189845128547195,0.01570699692374264,-0.0025440192844010806,-0.15474105284734518,0.0007334966465757792,0.04461524487926749
45,2000,5,1.0,1.0,1.0,1.0,3,True,10,0.6,0.152,0.5025,0.009001193540379556,1A_predicted_prob,,0.023391627440382697,0.07212854677487741,0.0721285467748774,0.1456565971679839,0.004627403114158945,0.06694633654943657,0.07241011227719314,0.9964247891144817,0.003575210885518265,1.0,0.2622014739442625,0.009881699062096905,0.01905493907223263,0.006609392991381196,0.013116332579390155,0.0,0.0,0.009001193540379556,0.010053745531853073,0.00239180054899836,0.004115139039010599,0.007661944982854713,0.7620985590474249,0.005938606492842474,0.5906859760899369,0.01905493907223263,0.019950786162974868,0.01363052440462127,0.00032362697544766837,0.057192171625649386,0.009001193540379556,0.010053745531853073,0.010949592622595311,0.004629330864241714,-0.0008958470907422383,-0.08910580518513678,0.005424414667611359,0.539541671352761
45,2000,5,1.0,1.0,1.0,1.0,3,True,10,0.6,0.152,0.5025,0.009001193540379556,1B_residual,,0.03048079958349538,0.08884786222047202,0.08884786222047202,0.17250678676535866,0.007111829835716401,0.07475783487285398,0.08479215049130968,0.99462687563326,0.005373124366739979,1.0,0.3124459277223085,0.011448567921241604,0.01905493907223263,0.010046776666426428,0.0006681947903882569,0.0,0.0,0.009001193540379556,0.010053745531853073,0.0010455831260468718,0.0083329987499913,0.009008162405806201,0.8960006375003055,0.0017207467818617737,0.17115479762342978,0.01905493907223263,0.019950786162974868,0.01363052440462127,0.00032362697544766837,0.057192171625649386,0.009001193540379556,0.010053745531853073,0.010949592622595311,0.004629330864241714,-0.0008958470907422383,-0.08910580518513678,0.005424414667611359,0.539541671352761
45,2000,5,1.0,1.0,1.0,1.0,3,True,10,0.6,0.152,0.5025,0.009001193540379556,1C_cv_decision,,0.023391627440382697,0.07212854677487741,0.0721285467748774,0.1456565971679839,0.004627403114158945,0.06694633654943657,0.07241011227719314,0.9964247891144817,0.003575210885518265,1.0,0.2622014739442625,0.009881699062096905,0.01905493907223263,0.006609392991381196,0.013116332579390155,0.0,0.0,0.009001193540379556,0.010053745531853073,0.00239180054899836,0.004115139039010599,0.007661944982854713,0.7620985590474249,0.005938606492842474,0.5906859760899369,0.01905493907223263,0.019950786162974868,0.01363052440462127,0.00032362697544766837,0.057192171625649386,0.009001193540379556,0.010053745531853073,0.010949592622595311,0.004629330864241714,-0.0008958470907422383,-0.08910580518513678,0.005424414667611359,0.539541671352761
45,2000,5,1.0,1.0,1.0,1.0,3,True,10,0.6,0.152,0.5025,0.009001193540379556,PS_propensity_score,,0.004140500180607755,0.023578408014836922,0.023578408014836925,0.02213989444856701,0.010493285412011359,0.01292345239661022,0.01518554408572953,0.9921704262004302,0.007829573799569833,1.0,0.028129198581644532,0.10443253398117491,0.01905493907223263,0.011516757280146613,0.014548844309560393,0.0,0.0,0.009001193540379556,0.010053745531853073,0.002515563739767057,0.0055476507691808365,0.007538181792086016,0.7497884015666552,0.0045060947626722365,0.448200598313899,0.01905493907223263,0.019950786162974868,0.01363052440462127,0.00032362697544766837,0.057192171625649386,0.009001193540379556,0.010053745531853073,0.010949592622595311,0.004629330864241714,-0.0008958470907422383,-0.08910580518513678,0.005424414667611359,0.539541671352761
45,2000,5,1.0,1.0,1.0,1.0,3,True,10,0.6,0.152,0.5025,0.009001193540379556,GMM,,0.015820943454711016,0.05318581850839577,0.053185818508395766,0.158380606415131,0.0038081924135429765,0.014474610789633425,0.05888780320610246,0.9970116687403662,0.002988331259633825,0.4651136816696103,0.08046012542140735,0.20047851184011078,0.01905493907223263,0.018529840676554513,0.02803617169400912,0.0033541847362182206,0.5746711015298401,0.009001193540379556,0.010053745531853073,0.009528647136174956,0.01903497815362956,0.0005250983956781169,0.052229131323690114,-0.008981232621776488,-0.8933220552799388,0.01905493907223263,0.019950786162974868,0.01363052440462127,0.00032362697544766837,0.057192171625649386,0.009001193540379556,0.010053745531853073,0.010949592622595311,0.004629330864241714,-0.0008958470907422383,-0.08910580518513678,0.005424414667611359,0.539541671352761
45,2000,5,1.0,1.0,1.0,1.0,3,True,10,0.6,0.152,0.5025,0.009001193540379556,Prognostic_score,,0.026059195432896552,0.07437279743888787,0.07437279743888787,0.14622578887903181,0.006241829448183692,0.061918120328212534,0.07146191288514268,0.995256804854476,0.004743195145524015,1.0,0.27140269134060047,0.003567136935698989,0.01905493907223263,0.006593997374122939,0.013122989343627059,0.0,0.0,0.009001193540379556,0.010053745531853073,0.0024071961662566173,0.0041217958032475025,0.007646549365596456,0.7605672275442075,0.005931949728605571,0.590023858253772,0.01905493907223263,0.019950786162974868,0.01363052440462127,0.00032362697544766837,0.057192171625649386,0.009001193540379556,0.010053745531853073,0.010949592622595311,0.004629330864241714,-0.0008958470907422383,-0.08910580518513678,0.005424414667611359,0.539541671352761
45,2000,5,1.0,1.0,1.0,1.0,3,True,10,0.6,0.152,0.5025,0.009001193540379556,2A_PCA_cum60,,0.012243145329633356,0.047394719489597316,0.04739471948959732,0.05563291510631552,0.013475588542371571,0.02685968985040554,0.031989397833030876,0.9900073320809932,0.00999266791900677,1.0,0.1208134034783418,0.09059808909144829,0.01905493907223263,0.013806907757820883,0.0013992746278051046,0.0,0.0,0.009001193540379556,0.010053745531853073,0.004805714217441326,0.007601918912574452,0.005248031314411747,0.5219976274299483,0.0024518266192786213,0.24387195911320314,0.01905493907223263,0.019950786162974868,0.01363052440462127,0.00032362697544766837,0.057192171625649386,0.009001193540379556,0.010053745531853073,0.010949592622595311,0.004629330864241714,-0.0008958470907422383,-0.08910580518513678,0.005424414667611359,0.539541671352761
45,2000,5,1.0,1.0,1.0,1.0,3,True,10,0.6,0.152,0.5025,0.009001193540379556,2B_clustering,,0.029111598235889297,0.09389924438939154,0.09389924438939154,0.2498678194633258,0.022152151506741533,0.03301188605669998,0.1016772856755891,0.9837046831342335,0.016295316865766463,1.0,0.16619693806826508,0.14291867918844126,0.01905493907223263,0.006979483201629959,-0.0013070004254551852,8.706539855202643e-05,0.03862200393968955,0.009001193540379556,0.010053745531853073,0.0020217103387495973,0.010308193965834742,0.008032035193103476,0.7989097364415825,-0.0002544484339816692,-0.025308819800093918,0.01905493907223263,0.019950786162974868,0.01363052440462127,0.00032362697544766837,0.057192171625649386,0.009001193540379556,0.010053745531853073,0.010949592622595311,0.004629330864241714,-0.0008958470907422383,-0.08910580518513678,0.005424414667611359,0.539541671352761
45,2000,5,1.0,1.0,1.0,1.0,3,True,10,0.6,0.152,0.5025,0.009001193540379556,baseline_random,,0.0005134126706734844,0.016974111200415875,0.016974111200415875,0.015474665519883036,0.0013305359599610688,0.004349941106051135,0.0070517141952984135,0.9988058254402584,0.0011941745597415787,1.0,0.017807682462077867,0.0023773225005170318,0.01905493907223263,0.018178200407421033,0.01978155297731237,0.0,0.0,0.009001193540379556,0.010053745531853073,0.009177006867041477,0.010780359436932814,0.0008767386648115966,0.0872051776160282,-0.0007266139050797413,-0.07227295566389924,0.01905493907223263,0.019950786162974868,0.01363052440462127,0.00032362697544766837,0.057192171625649386,0.009001193540379556,0.010053745531853073,0.010949592622595311,0.004629330864241714,-0.0008958470907422383,-0.08910580518513678,0.005424414667611359,0.539541671352761
45,2000,5,1.0,1.0,1.0,1.0,3,True,10,0.6,0.152,0.5025,0.009001193540379556,baseline_oracle_kmeans,,0.38000654484356,0.6354141072762685,0.6354141072762683,0.35347262676626506,0.9805961227823358,0.6536576154978819,0.6625754550154942,0.0323692877526994,0.9676307122473006,0.3021893209923139,0.4303047135237589,0.019583433590612875,0.01905493907223263,0.00305750370469024,0.007032148941531172,0.0034398021593276223,0.6672063970051731,0.009001193540379556,0.010053745531853073,0.005943689835689317,0.0019690445988483846,0.0041100556961637565,0.40880840708987043,0.008084700933004688,0.8041481562657518,0.01905493907223263,0.019950786162974868,0.01363052440462127,0.00032362697544766837,0.057192171625649386,0.009001193540379556,0.010053745531853073,0.010949592622595311,0.004629330864241714,-0.0008958470907422383,-0.08910580518513678,0.005424414667611359,0.539541671352761
45,2000,5,1.0,1.0,1.0,1.0,3,True,10,0.6,0.152,0.5025,0.009001193540379556,baseline_oracle_quantile,,0.09737526239327941,0.3079452522686088,0.3079452522686088,0.909906804378244,0.0010827513285673347,0.00102989420003651,0.30400648330228264,0.9989845546508864,0.001015445349113575,0.7611774513353536,0.48932750124153124,0.04711046702692889,0.01905493907223263,0.019362064910239937,0.018574425612044473,0.00048728737100203897,0.2329718044048618,0.009001193540379556,0.010053745531853073,0.01036087136986038,0.009573232071664916,-0.00030712583800730775,-0.030548399801272774,0.0004805134601881568,0.047794472086622464,0.01905493907223263,0.019950786162974868,0.01363052440462127,0.00032362697544766837,0.057192171625649386,0.009001193540379556,0.010053745531853073,0.010949592622595311,0.004629330864241714,-0.0008958470907422383,-0.08910580518513678,0.005424414667611359,0.539541671352761
46,2000,5,1.0,1.0,1.0,1.0,3,True,10,0.6,0.153,0.5005,0.008917240751646464,1A_predicted_prob,,0.021835963971112395,0.07065629427653777,0.07065629427653777,0.16082203630321165,0.0031395423954954918,0.021603496088702566,0.061855024929136575,0.9976879407708164,0.0023120592291836495,0.4362817241879725,0.2306215062604685,0.03610821949843368,-0.01472023552376836,-0.010302604586519867,-0.013278791980175186,0.002594922980072155,0.5572587220577354,0.008917240751646464,0.023637476275414824,0.01921984533816633,0.02219603273182165,0.004417630937248493,0.18689097286765932,0.0014414435435931745,0.06098127933786268,-0.01472023552376836,-0.010910902777676404,-0.0043318674518041155,0.0,0.0,0.008917240751646464,0.023637476275414824,0.01982814352932287,0.013249108203450578,0.003809332746091954,0.16115649156902656,0.010388368071964246,0.4394871919033554
46,2000,5,1.0,1.0,1.0,1.0,3,True,10,0.6,0.153,0.5005,0.008917240751646464,1B_residual,,0.019953612350217875,0.07371371700966621,0.07371371700966621,0.17649367045953004,0.013347952416793518,0.039300200928463376,0.07638060793492897,0.990267685496606,0.009732314503393957,1.0,0.2641027541207801,0.03193375258636344,-0.01472023552376836,-0.0019707298901914362,0.0021193093535890714,0.0,0.0,0.008917240751646464,0.023637476275414824,0.010887970641837899,0.006797931398057393,0.012749505633576925,0.53937677123499,0.01683954487735743,0.7124087479200191,-0.01472023552376836,-0.010910902777676404,-0.0043318674518041155,0.0,0.0,0.008917240751646464,0.023637476275414824,0.01982814352932287,0.013249108203450578,0.003809332746091954,0.16115649156902656,0.010388368071964246,0.4394871919033554
46,2000,5,1.0,1.0,1.0,1.0,3,True,10,0.6,0.153,0.5005,0.008917240751646464,1C_cv_decision,,0.021835963971112395,0.07065629427653777,0.07065629427653777,0.16082203630321165,0.0031395423954954918,0.021603496088702566,0.061855024929136575,0.9976879407708164,0.0023120592291836495,0.4362817241879725,0.2306215062604685,0.03610821949843368,-0.01472023552376836,-0.010302604586519867,-0.013278791980175186,0.002594922980072155,0.5572587220577354,0.008917240751646464,0.023637476275414824,0.01921984533816633,0.02219603273182165,0.004417630937248493,0.18689097286765932,0.0014414435435931745,0.06098127933786268,-0.01472023552376836,-0.010910902777676404,-0.0043318674518041155,0.0,0.0,0.008917240751646464,0.023637476275414824,0.01982814352932287,0.013249108203450578,0.003809332746091954,0.16115649156902656,0.010388368071964246,0.4394871919033554
46,2000,5,1.0,1.0,1.0,1.0,3,True,10,0.6,0.153,0.5005,0.008917240751646464,PS_propensity_score,,0.006072818880121176,0.0322216022499269,0.0322216022499269,0.002948005608943919,0.008863325879705614,0.02133264290947273,0.011047991466040755,0.9935317656511029,0.006468234348897095,1.0,0.010902271562391541,0.026644714484929666,-0.01472023552376836,-0.008690677975415423,-0.011182934566346744,0.0,0.0,0.008917240751646464,0.023637476275414824,0.017607918727061887,0.020100175317993206,0.006029557548352937,0.2550846578585142,0.003537300957421618,0.1496479960976519,-0.01472023552376836,-0.010910902777676404,-0.0043318674518041155,0.0,0.0,0.008917240751646464,0.023637476275414824,0.01982814352932287,0.013249108203450578,0.003809332746091954,0.16115649156902656,0.010388368071964246,0.4394871919033554
46,2000,5,1.0,1.0,1.0,1.0,3,True,10,0.6,0.153,0.5005,0.008917240751646464,GMM,,0.012452750245984998,0.04345286178774536,0.043452861787745364,0.0748705214913781,0.028789286511929517,0.006977939012334824,0.03687924900521415,0.9786952551094571,0.021304744890542904,0.9232286505164967,0.05238393272708908,0.053779171019826655,-0.01472023552376836,-0.008691683940841957,-0.01349904767509485,1.6768724988554832e-05,0.006317432336278587,0.008917240751646464,0.023637476275414824,0.01760892469248842,0.022416288426741315,0.006028551582926405,0.2550420997861206,0.0012211878486735085,0.051663207799542366,-0.01472023552376836,-0.010910902777676404,-0.0043318674518041155,0.0,0.0,0.008917240751646464,0.023637476275414824,0.01982814352932287,0.013249108203450578,0.003809332746091954,0.16115649156902656,0.010388368071964246,0.4394871919033554
46,2000,5,1.0,1.0,1.0,1.0,3,True,10,0.6,0.153,0.5005,0.008917240751646464,Prognostic_score,,0.01793585971505594,0.06464808639694844,0.06464808639694844,0.14045922059785507,0.003956119787184485,0.017400123766633906,0.05393848805055782,0.9970961504357233,0.002903849564276695,1.0,0.17938771670866116,0.005721293169146158,-0.01472023552376836,-0.014833916369795842,-0.021057383808994943,0.0,0.0,0.008917240751646464,0.023637476275414824,0.023751157121442306,0.029974624560641407,-0.00011368084602748213,-0.004809347863660163,-0.006337148285226583,-0.26809749955488305,-0.01472023552376836,-0.010910902777676404,-0.0043318674518041155,0.0,0.0,0.008917240751646464,0.023637476275414824,0.01982814352932287,0.013249108203450578,0.003809332746091954,0.16115649156902656,0.010388368071964246,0.4394871919033554
46,2000,5,1.0,1.0,1.0,1.0,3,True,10,0.6,0.153,0.5005,0.008917240751646464,2A_PCA_cum60,,0.011952486636379048,0.05246618715700749,0.05246618715700749,0.08559314587560865,0.017954343778318786,0.00593528888819982,0.036494259514042414,0.9869188020641511,0.013081197935848943,1.0,0.12342847717406558,0.008659362310529994,-0.01472023552376836,-0.014912383539863761,-0.006717276022603178,0.0,0.0,0.008917240751646464,0.023637476275414824,0.023829624291510226,0.01563451677424964,-0.0001921480160954024,-0.008128956486579408,0.008002959501165183,0.33857081051791493,-0.01472023552376836,-0.010910902777676404,-0.0043318674518041155,0.0,0.0,0.008917240751646464,0.023637476275414824,0.01982814352932287,0.013249108203450578,0.003809332746091954,0.16115649156902656,0.010388368071964246,0.4394871919033554
46,2000,5,1.0,1.0,1.0,1.0,3,True,10,0.6,0.153,0.5005,0.008917240751646464,2B_clustering,,0.03137661763382214,0.09776914331854743,0.09776914331854741,0.2506825409973081,0.019900206492118773,0.04078234974367571,0.10378836574436752,0.9855233627835962,0.014476637216403798,0.6159511800675224,0.16679900656109203,0.2107510800544683,-0.01472023552376836,-0.005054991550537072,-0.013369694215038882,0.0016027733898391575,0.42011288264976654,0.008917240751646464,0.023637476275414824,0.013972232302183536,0.022286934966685344,0.009665243973231288,0.40889492010972595,0.0013505413087294797,0.05713559658372536,-0.01472023552376836,-0.010910902777676404,-0.0043318674518041155,0.0,0.0,0.008917240751646464,0.023637476275414824,0.01982814352932287,0.013249108203450578,0.003809332746091954,0.16115649156902656,0.010388368071964246,0.4394871919033554
46,2000,5,1.0,1.0,1.0,1.0,3,True,10,0.6,0.153,0.5005,0.008917240751646464,baseline_random,,1.0800051187798336e-05,0.017524530408126505,0.017524530408126505,0.002855836456020499,0.0029216798500188634,0.004189285580831893,0.0033222672956237514,0.9978452583690849,0.0021547416309151135,1.0,0.0041966703402087635,0.0025373386784722785,-0.01472023552376836,-0.018317875163026097,-0.018766536248041803,0.0,0.0,0.008917240751646464,0.023637476275414824,0.02723511591467256,0.027683776999688266,-0.0035976396392577367,-0.1522006663206943,-0.0040463007242734425,-0.1711815879634313,-0.01472023552376836,-0.010910902777676404,-0.0043318674518041155,0.0,0.0,0.008917240751646464,0.023637476275414824,0.01982814352932287,0.013249108203450578,0.003809332746091954,0.16115649156902656,0.010388368071964246,0.4394871919033554
46,2000,5,1.0,1.0,1.0,1.0,3,True,10,0.6,0.153,0.5005,0.008917240751646464,baseline_oracle_kmeans,,0.38140696489401715,0.634833015611691,0.6348330156116908,0.3861716277494394,0.9843037573452318,0.6540554661981018,0.674843617097591,0.028572450110142818,0.9714275498898571,1.0,0.3210595224843371,0.046699928440768756,-0.01472023552376836,-0.00333452841950502,-0.01142045095421217,0.0,0.0,0.008917240751646464,0.023637476275414824,0.012251769171151485,0.020337691705858633,0.01138570710426334,0.4816803186432189,0.0032997845695561905,0.1395996988472189,-0.01472023552376836,-0.010910902777676404,-0.0043318674518041155,0.0,0.0,0.008917240751646464,0.023637476275414824,0.01982814352932287,0.013249108203450578,0.003809332746091954,0.16115649156902656,0.010388368071964246,0.4394871919033554
46,2000,5,1.0,1.0,1.0,1.0,3,True,10,0.6,0.153,0.5005,0.008917240751646464,baseline_oracle_quantile,,0.09857151306417206,0.32015773332545383,0.3201577333254539,0.9039869817325494,0.012527078698579762,0.00743503060653705,0.30798303034588875,0.9908812278888162,0.009118772111183837,0.9680197977909923,0.4122295348976742,0.05425539119262546,-0.01472023552376836,-0.013116173988604998,-0.022025987427883417,1.6931705969794472e-05,0.0093562112996444,0.008917240751646464,0.023637476275414824,0.022033414740251462,0.03094322817952988,0.001604061535163362,0.06786094744098103,-0.007305751904115056,-0.3090749544913862,-0.01472023552376836,-0.010910902777676404,-0.0043318674518041155,0.0,0.0,0.008917240751646464,0.023637476275414824,0.01982814352932287,0.013249108203450578,0.003809332746091954,0.16115649156902656,0.010388368071964246,0.4394871919033554
47,2000,5,1.0,1.0,1.0,1.0,3,True,10,0.6,0.141,0.4825,0.008177518678233993,1A_predicted_prob,,0.011069431106905885,0.05664258248591581,0.05664258248591581,0.1361647018390857,0.01915499406531236,0.023900441165507342,0.05974004568996846,0.9847059796356314,0.015294020364368555,1.0,0.18692391405894593,0.1546857636792056,-0.006890232435309035,-0.010107989562444691,0.013711478648642627,0.0,0.0,0.008177518678233993,0.015067751113543028,0.018285508240678684,0.005533959970408633,-0.003217757127135656,-0.213552580135433,0.009533791143134395,0.6327282068367415,-0.006890232435309035,0.00016711178319092808,0.013270420461312602,0.0010330669485429116,0.19390492245909746,0.008177518678233993,0.015067751113543028,0.008010406895043065,0.005092901783078609,0.007057344218499963,0.46837409015581355,0.009974849330464419,0.6619998734581524
47,2000,5,1.0,1.0,1.0,1.0,3,True,10,0.6,0.141,0.4825,0.008177518678233993,1B_residual,,0.02158937136431726,0.08440911921603242,0.08440911921603242,0.19180259891447426,0.02851349758946763,0.05878386452685159,0.09303332034359783,0.977798176771887,0.022201823228113038,1.0,0.3205491825604363,0.09500838757442454,-0.006890232435309035,-0.01215686274509804,-0.002168670232938347,0.0,0.0,0.008177518678233993,0.015067751113543028,0.020334381423332035,0.01034618891117234,-0.0052666303097890065,-0.3495299510923904,0.004721562202370688,0.3133554680317826,-0.006890232435309035,0.00016711178319092808,0.013270420461312602,0.0010330669485429116,0.19390492245909746,0.008177518678233993,0.015067751113543028,0.008010406895043065,0.005092901783078609,0.007057344218499963,0.46837409015581355,0.009974849330464419,0.6619998734581524
47,2000,5,1.0,1.0,1.0,1.0,3,True,10,0.6,0.141,0.4825,0.008177518678233993,1C_cv_decision,,0.011069431106905885,0.05664258248591581,0.05664258248591581,0.1361647018390857,0.01915499406531236,0.023900441165507342,0.05974004568996846,0.9847059796356314,0.015294020364368555,1.0,0.18692391405894593,0.1546857636792056,-0.006890232435309035,-0.010107989562444691,0.013711478648642627,0.0,0.0,0.008177518678233993,0.015067751113543028,0.018285508240678684,0.005533959970408633,-0.003217757127135656,-0.213552580135433,0.009533791143134395,0.6327282068367415,-0.006890232435309035,0.00016711178319092808,0.013270420461312602,0.0010330669485429116,0.19390492245909746,0.008177518678233993,0.015067751113543028,0.008010406895043065,0.005092901783078609,0.007057344218499963,0.46837409015581355,0.009974849330464419,0.6619998734581524
47,2000,5,1.0,1.0,1.0,1.0,3,True,10,0.6,0.141,0.4825,0.008177518678233993,PS_propensity_score,,0.00673464302136077,0.04051186550573375,0.04051186550573375,0.030128725959958542,0.02961786238778962,0.0048992726048188336,0.021548620317522332,0.9771128808571328,0.02288711914286723,1.0,0.04704714965108969,0.08724906636140373,-0.006890232435309035,-0.011311540550483118,-0.0013127854588597246,0.0,0.0,0.008177518678233993,0.015067751113543028,0.01948905922871711,0.009490304137093718,-0.004421308115174083,-0.29342853368477617,0.00557744697644931,0.3701578911425111,-0.006890232435309035,0.00016711178319092808,0.013270420461312602,0.0010330669485429116,0.19390492245909746,0.008177518678233993,0.015067751113543028,0.008010406895043065,0.005092901783078609,0.007057344218499963,0.46837409015581355,0.009974849330464419,0.6619998734581524
47,2000,5,1.0,1.0,1.0,1.0,3,True,10,0.6,0.141,0.4825,0.008177518678233993,GMM,,0.016371512482186643,0.05683842110222968,0.05683842110222969,0.1244104033747147,0.02885232751248546,0.01615852374670125,0.0564737515446338,0.9775289909636363,0.022471009036363676,1.0,0.06950591220005542,0.16368836969520395,-0.006890232435309035,-0.0068710098520134745,-9.854968703456386e-05,5.0423283895229395e-05,0.022212282197543922,0.008177518678233993,0.015067751113543028,0.015048528530247468,0.008276068365268558,1.9222583295560453e-05,0.0012757433508630012,0.0067916827482744704,0.45074296071761144,-0.006890232435309035,0.00016711178319092808,0.013270420461312602,0.0010330669485429116,0.19390492245909746,0.008177518678233993,0.015067751113543028,0.008010406895043065,0.005092901783078609,0.007057344218499963,0.46837409015581355,0.009974849330464419,0.6619998734581524
47,2000,5,1.0,1.0,1.0,1.0,3,True,10,0.6,0.141,0.4825,0.008177518678233993,Prognostic_score,,0.014918056152665839,0.062419867843102585,0.062419867843102585,0.10213457753342925,0.024490918766391,0.029902132842394562,0.05217587638073828,0.980678863757166,0.019321136242834047,0.6759671552641664,0.1706077813784883,0.2427589838802443,-0.006890232435309035,-0.012217149919254874,0.0034177112092928547,0.000879988366638956,0.34776507652148153,0.008177518678233993,0.015067751113543028,0.02039466859748887,0.004759807468941139,-0.0053269174839458405,-0.35353102422550364,0.01030794364460189,0.6841063120120838,-0.006890232435309035,0.00016711178319092808,0.013270420461312602,0.0010330669485429116,0.19390492245909746,0.008177518678233993,0.015067751113543028,0.008010406895043065,0.005092901783078609,0.007057344218499963,0.46837409015581355,0.009974849330464419,0.6619998734581524
47,2000,5,1.0,1.0,1.0,1.0,3,True,10,0.6,0.141,0.4825,0.008177518678233993,2A_PCA_cum60,,0.0046133936645446,0.038772775210349476,0.038772775210349476,0.07352095727745175,0.02595737473221304,0.004457089753021388,0.034645140587562066,0.9796474086191372,0.02035259138086276,0.4485778506349002,0.039326420471799683,0.2801616700672668,-0.006890232435309035,-0.008536129751067973,0.00010083937555168746,0.0037859513232325766,0.6372931488081935,0.008177518678233993,0.015067751113543028,0.016713648429301967,0.008076679302682306,-0.0016458973157589384,-0.10923311006110215,0.006991071810860722,0.4639757956034385,-0.006890232435309035,0.00016711178319092808,0.013270420461312602,0.0010330669485429116,0.19390492245909746,0.008177518678233993,0.015067751113543028,0.008010406895043065,0.005092901783078609,0.007057344218499963,0.46837409015581355,0.009974849330464419,0.6619998734581524
47,2000,5,1.0,1.0,1.0,1.0,3,True,10,0.6,0.141,0.4825,0.008177518678233993,2B_clustering,,0.028574615373248975,0.09376136069164628,0.09376136069164628,0.21509010032104806,0.031074420145143236,0.07447810603848111,0.10688087550155746,0.9759664450640091,0.02403355493599091,1.0,0.14747303340563156,0.21622883450658825,-0.006890232435309035,-0.013157300215559276,0.0018732445209843499,9.944914541677131e-06,0.004804345181825624,0.008177518678233993,0.015067751113543028,0.021334818893793267,0.006304274157249643,-0.006267067780250239,-0.4159258892070059,0.008763476956293384,0.5816048387218644,-0.006890232435309035,0.00016711178319092808,0.013270420461312602,0.0010330669485429116,0.19390492245909746,0.008177518678233993,0.015067751113543028,0.008010406895043065,0.005092901783078609,0.007057344218499963,0.46837409015581355,0.009974849330464419,0.6619998734581524
47,2000,5,1.0,1.0,1.0,1.0,3,True,10,0.6,0.141,0.4825,0.008177518678233993,baseline_random,,0.0008780659991279593,0.018775655581819317,0.018775655581819317,0.0022205047852923974,0.007953224527010827,0.003877370284979205,0.00468369986576081,0.9928324293540984,0.0071675706459015665,1.0,0.004888136770272222,0.0060891204857238534,-0.006890232435309035,-0.007093456474113108,-0.004905848505110206,0.0,0.0,0.008177518678233993,0.015067751113543028,0.015270975152347101,0.0130833671833442,-0.00020322403880407292,-0.013487350386442998,0.0019843839301988287,0.13169741889453213,-0.006890232435309035,0.00016711178319092808,0.013270420461312602,0.0010330669485429116,0.19390492245909746,0.008177518678233993,0.015067751113543028,0.008010406895043065,0.005092901783078609,0.007057344218499963,0.46837409015581355,0.009974849330464419,0.6619998734581524
47,2000,5,1.0,1.0,1.0,1.0,3,True,10,0.6,0.141,0.4825,0.008177518678233993,baseline_oracle_kmeans,,0.384624619461199,0.6355409700190309,0.6355409700190309,0.32420546607842293,0.9805437280062574,0.6714562586029015,0.6587351508958607,0.032629280491157354,0.9673707195088427,0.451849159579368,0.39985420478994294,0.08646063303849827,-0.006890232435309035,-0.013215463225748523,-0.008249607595441952,0.0018070717881350715,0.5743894182188586,0.008177518678233993,0.015067751113543028,0.021392981903982516,0.016427126273675943,-0.0063252307904394876,-0.419785988152825,-0.001359375160132915,-0.09021752150598616,-0.006890232435309035,0.00016711178319092808,0.013270420461312602,0.0010330669485429116,0.19390492245909746,0.008177518678233993,0.015067751113543028,0.008010406895043065,0.005092901783078609,0.007057344218499963,0.46837409015581355,0.009974849330464419,0.6619998734581524
47,2000,5,1.0,1.0,1.0,1.0,3,True,10,0.6,0.141,0.4825,0.008177518678233993,baseline_oracle_quantile,,0.09326620970881234,0.3052076478579679,0.3052076478579679,0.9019443180512648,0.0003235201090397587,0.011610230632447033,0.30462602293091723,0.9983695044241733,0.0016304955758267292,1.0,0.4219371790063309,0.026471970585900007,-0.006890232435309035,0.0008009583247435316,-0.011775154074878226,0.00010363506346070612,0.07379792055157887,0.008177518678233993,0.015067751113543028,0.007376560353490462,0.01995267275311222,0.0076911907600525665,0.5104405230810891,-0.004884921639569191,-0.3241971282083749,-0.006890232435309035,0.00016711178319092808,0.013270420461312602,0.0010330669485429116,0.19390492245909746,0.008177518678233993,0.015067751113543028,0.008010406895043065,0.005092901783078609,0.007057344218499963,0.46837409015581355,0.009974849330464419,0.6619998734581524
48,2000,5,1.0,1.0,1.0,1.0,3,True,10,0.6,0.145,0.4935,0.008781048806402627,1A_predicted_prob,,0.02425544239999946,0.07768987264077884,0.07768987264077885,0.19140734065133186,0.01418448467163638,0.04874055355953403,0.08477745962750076,0.9887026802435754,0.011297319756424562,0.7353012777273309,0.28090259003537765,0.34473955105416787,-0.007887817703768618,-0.010538876504665593,0.0010243930795079345,0.0006853309878697999,0.3030506029601733,0.008781048806402627,0.016668866510171243,0.01931992531106822,0.007756655726894692,-0.0026510588008969785,-0.15904253593244144,0.008912210783276552,0.534662076622809,-0.007887817703768618,-0.006170517357264127,-0.004996518364804228,0.0003868880210652737,0.07251099873416098,0.008781048806402627,0.016668866510171243,0.014951566163666753,0.013777567171206855,0.0017173003465044898,0.1030244225338659,0.0028912993389643878,0.1734550658978602
48,2000,5,1.0,1.0,1.0,1.0,3,True,10,0.6,0.145,0.4935,0.008781048806402627,1B_residual,,0.028670753317958975,0.0880761830164203,0.0880761830164203,0.19852566881930603,0.02537346056948472,0.06577827485756935,0.0965591347487867,0.9805327860749592,0.019467213925040805,1.0,0.30164518425142584,0.2231180362654377,-0.007887817703768618,-0.027386022919806227,-0.0035966839121667794,0.0,0.0,0.008781048806402627,0.016668866510171243,0.03616707172620885,0.012377732718569406,-0.01949820521603761,-1.1697379185405272,0.004291133791601837,0.2574340486189276,-0.007887817703768618,-0.006170517357264127,-0.004996518364804228,0.0003868880210652737,0.07251099873416098,0.008781048806402627,0.016668866510171243,0.014951566163666753,0.013777567171206855,0.0017173003465044898,0.1030244225338659,0.0028912993389643878,0.1734550658978602
48,2000,5,1.0,1.0,1.0,1.0,3,True,10,0.6,0.145,0.4935,0.008781048806402627,1C_cv_decision,,0.02425544239999946,0.07768987264077884,0.07768987264077885,0.19140734065133186,0.01418448467163638,0.04874055355953403,0.08477745962750076,0.9887026802435754,0.011297319756424562,0.7353012777273309,0.28090259003537765,0.34473955105416787,-0.007887817703768618,-0.010538876504665593,0.0010243930795079345,0.0006853309878697999,0.3030506029601733,0.008781048806402627,0.016668866510171243,0.01931992531106822,0.007756655726894692,-0.0026510588008969785,-0.15904253593244144,0.008912210783276552,0.534662076622809,-0.007887817703768618,-0.006170517357264127,-0.004996518364804228,0.0003868880210652737,0.07251099873416098,0.008781048806402627,0.016668866510171243,0.014951566163666753,0.013777567171206855,0.0017173003465044898,0.1030244225338659,0.0028912993389643878,0.1734550658978602
48,2000,5,1.0,1.0,1.0,1.0,3,True,10,0.6,0.145,0.4935,0.008781048806402627,PS_propensity_score,,0.0068772096342221475,0.03471658562763141,0.03471658562763141,0.019270763953681214,0.03733860412110361,0.0006499814467564313,0.01908644984051375,0.971683631923001,0.028316368076999,1.0,0.0027030889849972706,0.008387630462067919,-0.007887817703768618,-0.00923754483611626,-0.008160415049160749,0.0,0.0,0.008781048806402627,0.016668866510171243,0.018018593642518885,0.016941463855563374,-0.0013497271323476417,-0.08097294027305613,-0.000272597345392131,-0.01635368219103528,-0.007887817703768618,-0.006170517357264127,-0.004996518364804228,0.0003868880210652737,0.07251099873416098,0.008781048806402627,0.016668866510171243,0.014951566163666753,0.013777567171206855,0.0017173003465044898,0.1030244225338659,0.0028912993389643878,0.1734550658978602
48,2000,5,1.0,1.0,1.0,1.0,3,True,10,0.6,0.145,0.4935,0.008781048806402627,GMM,,0.0024351327683239036,0.03248386797691102,0.03248386797691102,0.08278607097770642,0.013691647755349987,0.0042580531323537915,0.0335785906218034,0.9890474974837377,0.010952502516262341,1.0,0.04048079375599811,0.08732410315088601,-0.007887817703768618,-0.007806371439466701,-0.0006698536764443632,0.0,0.0,0.008781048806402627,0.016668866510171243,0.016587420245869327,0.00945090248284699,8.144626430191607e-05,0.004886130934711019,0.0072179640273242526,0.43302068697471985,-0.007887817703768618,-0.006170517357264127,-0.004996518364804228,0.0003868880210652737,0.07251099873416098,0.008781048806402627,0.016668866510171243,0.014951566163666753,0.013777567171206855,0.0017173003465044898,0.1030244225338659,0.0028912993389643878,0.1734550658978602
48,2000,5,1.0,1.0,1.0,1.0,3,True,10,0.6,0.145,0.4935,0.008781048806402627,Prognostic_score,,0.018649278802093446,0.06896661932327,0.06896661932327,0.17509329470953466,0.006659812012402965,0.04958815756325556,0.07711375476173106,0.9941450149129012,0.005854985087098807,0.38397787557702,0.2096010668642918,0.19242435143432568,-0.007887817703768618,-0.002603859848740637,0.0025764015250013686,0.002923908151746006,0.6314312675994688,0.008781048806402627,0.016668866510171243,0.011384908655143263,0.006204647281401258,0.0052839578550279796,0.3169956308549079,0.010464219228769986,0.6277702939419895,-0.007887817703768618,-0.006170517357264127,-0.004996518364804228,0.0003868880210652737,0.07251099873416098,0.008781048806402627,0.016668866510171243,0.014951566163666753,0.013777567171206855,0.0017173003465044898,0.1030244225338659,0.0028912993389643878,0.1734550658978602
48,2000,5,1.0,1.0,1.0,1.0,3,True,10,0.6,0.145,0.4935,0.008781048806402627,2A_PCA_cum60,,0.017852494060169512,0.05839888442009966,0.05839888442009967,0.03423365618982008,0.043223702669545325,0.03385564111161026,0.037104333323658555,0.9673979092629832,0.03260209073701681,0.7011287723995949,0.09892492516096307,0.2746431306362449,-0.007887817703768618,-0.00749195769135102,0.006054945645623654,0.0008472862791142939,0.2985031968553054,0.008781048806402627,0.016668866510171243,0.016273006497753647,0.0027261031607789723,0.0003958600124175961,0.02374846617051285,0.01394276334939227,0.8364553967052577,-0.007887817703768618,-0.006170517357264127,-0.004996518364804228,0.0003868880210652737,0.07251099873416098,0.008781048806402627,0.016668866510171243,0.014951566163666753,0.013777567171206855,0.0017173003465044898,0.1030244225338659,0.0028912993389643878,0.1734550658978602
48,2000,5,1.0,1.0,1.0,1.0,3,True,10,0.6,0.145,0.4935,0.008781048806402627,2B_clustering,,0.024920913067499603,0.07346650768523681,0.0734665076852368,0.18766037917668948,0.029040004203478107,0.03849150976154206,0.08506396438056989,0.9777551802674387,0.022244819732561316,0.8599034986025389,0.15447214266377696,0.2482095031198399,-0.007887817703768618,-0.017524171714259507,-0.007798873489098829,0.0006265131127644712,0.24434121991211,0.008781048806402627,0.016668866510171243,0.026305220520662136,0.016579922295501454,-0.009636354010490893,-0.578104936206121,8.894421466978941e-05,0.005335948585077244,-0.007887817703768618,-0.006170517357264127,-0.004996518364804228,0.0003868880210652737,0.07251099873416098,0.008781048806402627,0.016668866510171243,0.014951566163666753,0.013777567171206855,0.0017173003465044898,0.1030244225338659,0.0028912993389643878,0.1734550658978602
48,2000,5,1.0,1.0,1.0,1.0,3,True,10,0.6,0.145,0.4935,0.008781048806402627,baseline_random,,-0.0012359297797311067,0.013135899375302735,0.013135899375302735,0.0039004863386871164,0.006505366067159638,0.0026703538150905036,0.004358735406979087,0.9942586970354234,0.0057413029645766445,0.5867051496093814,0.003206056449796657,0.0027807167351440176,-0.007887817703768618,-0.006978350062087774,-0.009000718134455713,0.00182487749699663,0.4326483632692903,0.008781048806402627,0.016668866510171243,0.0157593988684904,0.01778176694085834,0.0009094676416808445,0.05456085698004076,-0.001112900430687097,-0.06676521345995612,-0.007887817703768618,-0.006170517357264127,-0.004996518364804228,0.0003868880210652737,0.07251099873416098,0.008781048806402627,0.016668866510171243,0.014951566163666753,0.013777567171206855,0.0017173003465044898,0.1030244225338659,0.0028912993389643878,0.1734550658978602
48,2000,5,1.0,1.0,1.0,1.0,3,True,10,0.6,0.145,0.4935,0.008781048806402627,baseline_oracle_kmeans,,0.31169075072682795,0.5954172419389502,0.5954172419389501,0.5509435155705056,0.8569362731212442,0.5425014682108567,0.6501270856342022,0.15104609949916042,0.8489539005008395,0.7192137114475394,0.4788798665987184,0.032759607612078856,-0.007887817703768618,-0.01080883055255246,-0.008156771828258675,0.0004736064212087567,0.27322671158905004,0.008781048806402627,0.016668866510171243,0.019589879358955085,0.016937820634661302,-0.0029210128487838424,-0.175237641203825,-0.00026895412449005895,-0.016135117785360142,-0.007887817703768618,-0.006170517357264127,-0.004996518364804228,0.0003868880210652737,0.07251099873416098,0.008781048806402627,0.016668866510171243,0.014951566163666753,0.013777567171206855,0.0017173003465044898,0.1030244225338659,0.0028912993389643878,0.1734550658978602
48,2000,5,1.0,1.0,1.0,1.0,3,True,10,0.6,0.145,0.4935,0.008781048806402627,baseline_oracle_quantile,,0.10035591837854148,0.3208857494817941,0.32088574948179405,0.9086478518423581,0.00766579058298838,0.004077803687356984,0.30679714870423447,0.993414675740126,0.006585324259874015,1.0,0.41021629603430276,0.1287728312390558,-0.007887817703768618,-0.017828292591134057,-0.007966451125117428,0.0,0.0,0.008781048806402627,0.016668866510171243,0.026609341397536686,0.016747499931520055,-0.009940474887365443,-0.5963497806704388,-7.863342134881157e-05,-0.004717382630716305,-0.007887817703768618,-0.006170517357264127,-0.004996518364804228,0.0003868880210652737,0.07251099873416098,0.008781048806402627,0.016668866510171243,0.014951566163666753,0.013777567171206855,0.0017173003465044898,0.1030244225338659,0.0028912993389643878,0.1734550658978602
49,2000,5,1.0,1.0,1.0,1.0,3,True,10,0.6,0.158,0.499,0.008794722114843946,1A_predicted_prob,,0.02296948837485381,0.08103808190116221,0.08103808190116223,0.17143269885720405,0.01833461237034702,0.05261173934597516,0.08079301685784208,0.9859381851601565,0.014061814839843478,1.0,0.2722326860613502,0.11396527776056131,0.03903399270213173,0.024766180531860395,0.013718177279878726,0.0,0.0,0.008794722114843946,0.030239270587287786,0.01597145841701645,0.0049234551650347794,0.014267812170271336,0.4718305664512076,0.02531581542225301,0.8371834019334932,0.03903399270213173,0.04393687353153398,0.03239121249493755,0.0,0.0,0.008794722114843946,0.030239270587287786,0.03514215141669003,0.023596490380093607,-0.004902880829402247,-0.16213621341327444,0.006642780207194179,0.2196739563548441
49,2000,5,1.0,1.0,1.0,1.0,3,True,10,0.6,0.158,0.499,0.008794722114843946,1B_residual,,0.02801319773560121,0.08613808174506007,0.08613808174506009,0.16905148223948027,0.021685079304537617,0.07514570640126297,0.08862742264842695,0.9834089291574577,0.0165910708425423,1.0,0.29981777913817365,0.08904463967387166,0.03903399270213173,0.014479850046860344,0.002373097650876539,0.0,0.0,0.008794722114843946,0.030239270587287786,0.005685127932016398,0.006421624463967407,0.024554142655271387,0.8119952028734994,0.02381764612332038,0.787639571350409,0.03903399270213173,0.04393687353153398,0.03239121249493755,0.0,0.0,0.008794722114843946,0.030239270587287786,0.03514215141669003,0.023596490380093607,-0.004902880829402247,-0.16213621341327444,0.006642780207194179,0.2196739563548441
49,2000,5,1.0,1.0,1.0,1.0,3,True,10,0.6,0.158,0.499,0.008794722114843946,1C_cv_decision,,0.02296948837485381,0.08103808190116221,0.08103808190116223,0.17143269885720405,0.01833461237034702,0.05261173934597516,0.08079301685784208,0.9859381851601565,0.014061814839843478,1.0,0.2722326860613502,0.11396527776056131,0.03903399270213173,0.024766180531860395,0.013718177279878726,0.0,0.0,0.008794722114843946,0.030239270587287786,0.01597145841701645,0.0049234551650347794,0.014267812170271336,0.4718305664512076,0.02531581542225301,0.8371834019334932,0.03903399270213173,0.04393687353153398,0.03239121249493755,0.0,0.0,0.008794722114843946,0.030239270587287786,0.03514215141669003,0.023596490380093607,-0.004902880829402247,-0.16213621341327444,0.006642780207194179,0.2196739563548441
49,2000,5,1.0,1.0,1.0,1.0,3,True,10,0.6,0.158,0.499,0.008794722114843946,PS_propensity_score,,0.003212399112702736,0.025989621218679492,0.025989621218679485,0.06650382965662537,0.004452403902459172,0.0036686401516564213,0.02487495790358032,0.9960452651776561,0.003954734822343875,0.5491025135763336,0.059908834418684775,0.013810690722836805,0.03903399270213173,0.033522703102371265,0.03138423035561749,0.0029638659978984713,0.5517280562996238,0.008794722114843946,0.030239270587287786,0.02472798098752732,0.022589508240773548,0.005511289599760466,0.1822560363634348,0.007649762346514238,0.25297443350799953,0.03903399270213173,0.04393687353153398,0.03239121249493755,0.0,0.0,0.008794722114843946,0.030239270587287786,0.03514215141669003,0.023596490380093607,-0.004902880829402247,-0.16213621341327444,0.006642780207194179,0.2196739563548441
49,2000,5,1.0,1.0,1.0,1.0,3,True,10,0.6,0.158,0.499,0.008794722114843946,GMM,,0.004477639340813454,0.04619804132214096,0.04619804132214096,0.10915401868709255,0.004711899817714327,0.01643996530402872,0.04343529460294521,0.9958594652675179,0.004140534732482104,0.8479173550131454,0.06892786551466523,0.0626221888889662,0.03903399270213173,0.03290390655592128,0.02536871978987519,0.0013116865206137568,0.34356607029957176,0.008794722114843946,0.030239270587287786,0.024109184441077333,0.016573997675031246,0.006130086146210453,0.20271937871370038,0.01366527291225654,0.4519048458133528,0.03903399270213173,0.04393687353153398,0.03239121249493755,0.0,0.0,0.008794722114843946,0.030239270587287786,0.03514215141669003,0.023596490380093607,-0.004902880829402247,-0.16213621341327444,0.006642780207194179,0.2196739563548441
49,2000,5,1.0,1.0,1.0,1.0,3,True,10,0.6,0.158,0.499,0.008794722114843946,Prognostic_score,,0.01817255239670742,0.06337174088234683,0.06337174088234683,0.1402438166077217,0.011688862148871737,0.036211996790122006,0.06271489184890515,0.9907991386871335,0.00920086131286646,1.0,0.20298142136974162,0.07981173685368637,0.03903399270213173,0.028150083685520084,0.020928927238922097,0.0,0.0,0.008794722114843946,0.030239270587287786,0.01935536157067614,0.012134205124078151,0.010883909016611647,0.3599263079178605,0.018105065463209634,0.5987269240158452,0.03903399270213173,0.04393687353153398,0.03239121249493755,0.0,0.0,0.008794722114843946,0.030239270587287786,0.03514215141669003,0.023596490380093607,-0.004902880829402247,-0.16213621341327444,0.006642780207194179,0.2196739563548441
49,2000,5,1.0,1.0,1.0,1.0,3,True,10,0.6,0.158,0.499,0.008794722114843946,2A_PCA_cum60,,0.0134351874880822,0.04821337864788497,0.04821337864788497,0.05271992896658458,0.03691193049717763,0.014021265470216603,0.0345510416446596,0.972114196910121,0.02788580308987898,0.28868429132046913,0.10730767832040133,0.511010481077751,0.03903399270213173,0.0308138714737654,0.023593488914430468,0.006602751920961961,0.7614582748113743,0.008794722114843946,0.030239270587287786,0.022019149358921457,0.014798766799586522,0.00822012122836633,0.2718359625983163,0.015440503787701265,0.510610986568977,0.03903399270213173,0.04393687353153398,0.03239121249493755,0.0,0.0,0.008794722114843946,0.030239270587287786,0.03514215141669003,0.023596490380093607,-0.004902880829402247,-0.16213621341327444,0.006642780207194179,0.2196739563548441
49,2000,5,1.0,1.0,1.0,1.0,3,True,10,0.6,0.158,0.499,0.008794722114843946,2B_clustering,,0.022958307795011686,0.08268986763229084,0.08268986763229087,0.19912803380655947,0.012797687550605983,0.040733083641961265,0.08421960166637558,0.9899335299431864,0.010066470056813603,1.0,0.17673530417538785,0.14934017326195448,0.03903399270213173,0.0336701510517442,0.027524564557361228,0.0,0.0,0.008794722114843946,0.030239270587287786,0.024875428936900257,0.018729842442517283,0.00536384165038753,0.1773799944976987,0.011509428144770503,0.3806119632266832,0.03903399270213173,0.04393687353153398,0.03239121249493755,0.0,0.0,0.008794722114843946,0.030239270587287786,0.03514215141669003,0.023596490380093607,-0.004902880829402247,-0.16213621341327444,0.006642780207194179,0.2196739563548441
49,2000,5,1.0,1.0,1.0,1.0,3,True,10,0.6,0.158,0.499,0.008794722114843946,baseline_random,,4.580721728687857e-05,0.016890297732049225,0.016890297732049225,0.0021086478464366395,0.006029728043854203,0.0018506968027773687,0.003329690897689404,0.9949019474436317,0.005098052556368304,1.0,0.0036016011041005713,0.001218753106826398,0.03903399270213173,0.04054528873407957,0.04415932204592519,0.0,0.0,0.008794722114843946,0.030239270587287786,0.03175056661923562,0.03536459993108124,-0.0015112960319478355,-0.04997792614029395,-0.005125329343793457,-0.1694924925189194,0.03903399270213173,0.04393687353153398,0.03239121249493755,0.0,0.0,0.008794722114843946,0.030239270587287786,0.03514215141669003,0.023596490380093607,-0.004902880829402247,-0.16213621341327444,0.006642780207194179,0.2196739563548441
49,2000,5,1.0,1.0,1.0,1.0,3,True,10,0.6,0.158,0.499,0.008794722114843946,baseline_oracle_kmeans,,0.35770515596380487,0.6265476044454815,0.6265476044454816,0.3585380426207189,0.9843088053130875,0.6504770508113598,0.664441299581722,0.028200000240166546,0.9717999997598334,0.6388819655296554,0.3298571011832415,0.04742622009657671,0.03903399270213173,0.01801446270880247,0.010607648774037087,0.0018510868251817051,0.4756462064244921,0.008794722114843946,0.030239270587287786,0.009219740593958524,0.0018129266591931405,0.02101952999332926,0.6951070440887424,0.028426343928094646,0.9400472754804056,0.03903399270213173,0.04393687353153398,0.03239121249493755,0.0,0.0,0.008794722114843946,0.030239270587287786,0.03514215141669003,0.023596490380093607,-0.004902880829402247,-0.16213621341327444,0.006642780207194179,0.2196739563548441
49,2000,5,1.0,1.0,1.0,1.0,3,True,10,0.6,0.158,0.499,0.008794722114843946,baseline_oracle_quantile,,0.08932046465392668,0.3039404023360306,0.3039404023360306,0.9064004208633314,0.00314961516801895,0.004114250548936394,0.3045547621934289,0.9969881152770571,0.0030118847229428924,0.9945523169164572,0.40535988830135505,0.02990289806589963,0.03903399270213173,0.01865481422535885,0.0015566350199667982,0.00045601179614798443,0.197362416314639,0.008794722114843946,0.030239270587287786,0.009860092110514902,0.0072380870948771485,0.020379178476772883,0.6739308879143413,0.023001183492410638,0.760639494461882,0.03903399270213173,0.04393687353153398,0.03239121249493755,0.0,0.0,0.008794722114843946,0.030239270587287786,0.03514215141669003,0.023596490380093607,-0.004902880829402247,-0.16213621341327444,0.006642780207194179,0.2196739563548441
