sim_id,n,n_strata,z_effect_scale,zx_influence_scale,x_effect_scale,noise_level,n_z_vars,nonlinear,n_studies,study_effect_scale,actual_event_rate,actual_treatment_prevalence,true_ate_riskdiff,method,error,ARI,NMI,V_measure,eta2_Z1_age,eta2_Z2_sex,eta2_Z3_bmi,eta2_mean,weighted_entropy_Z2,entropy_reduction_Z2,C1_heterogeneity,W_true,W_est_main,W_est,W_est_polynomial,crude_effect,stratified_effect,re_effect,re_tau2,re_I2,true_ate,bias_crude,bias_stratified,bias_re,bias_reduction,bias_reduction_relative,bias_reduction_re,bias_reduction_relative_re,study_crude_effect,study_stratified_effect,study_re_effect,study_re_tau2,study_re_I2,study_true_ate,study_bias_crude,study_bias_stratified,study_bias_re,study_bias_reduction,study_bias_reduction_relative,study_bias_reduction_re,study_bias_reduction_relative_re
0,2000,5,1.0,1.0,1.0,1.0,3,False,10,0.6,0.1575,0.503,0.009138020738810851,1A_predicted_prob,,0.02486744254723083,0.10194118968063273,0.10194118968063273,0.3447834452261133,0.004339105309930237,0.04702338569097278,0.13204864540900543,0.9929067873352747,0.00709321266472529,1.0,0.32266780244051263,0.7245839094051515,0.1185388214169828,0.025074486636698423,0.056544569672131145,0.04805889981988714,0.0316360424963466,0.0,0.0,0.009138020738810851,0.047406548933320296,0.03892087908107629,0.02249802175753575,0.008485669852244006,0.17899783981701622,0.024908527175784546,0.5254237597176636,0.056544569672131145,0.049581009903072196,0.05175095835183661,0.001878742164189793,0.2572821926715059,0.009138020738810851,0.047406548933320296,0.040442989164261346,0.04261293761302576,0.00696355976905895,0.1468902488315179,0.004793611320294537,0.10111706985963043
0,2000,5,1.0,1.0,1.0,1.0,3,False,10,0.6,0.1575,0.503,0.009138020738810851,1B_residual,,0.026766369863839314,0.10880063459020034,0.10880063459020034,0.3429925659493547,0.016190737295219557,0.06894629853374105,0.14270986725943843,0.9842528634188727,0.015747136581127252,1.0,0.34682756952787974,0.6059561580477638,0.09828846224095111,0.027174470680670137,0.056544569672131145,0.023362679857525225,0.001845021306858878,0.0,0.0,0.009138020738810851,0.047406548933320296,0.014224659118714374,0.007292999431951973,0.033181889814605924,0.6999431631540597,0.04011354950136832,0.8461605074393848,0.056544569672131145,0.049581009903072196,0.05175095835183661,0.001878742164189793,0.2572821926715059,0.009138020738810851,0.047406548933320296,0.040442989164261346,0.04261293761302576,0.00696355976905895,0.1468902488315179,0.004793611320294537,0.10111706985963043
0,2000,5,1.0,1.0,1.0,1.0,3,False,10,0.6,0.1575,0.503,0.009138020738810851,1C_cv_decision,,0.02486744254723083,0.10194118968063273,0.10194118968063273,0.3447834452261133,0.004339105309930237,0.04702338569097278,0.13204864540900543,0.9929067873352747,0.00709321266472529,1.0,0.32266780244051263,0.7245839094051515,0.1185388214169828,0.025074486636698423,0.056544569672131145,0.04805889981988714,0.0316360424963466,0.0,0.0,0.009138020738810851,0.047406548933320296,0.03892087908107629,0.02249802175753575,0.008485669852244006,0.17899783981701622,0.024908527175784546,0.5254237597176636,0.056544569672131145,0.049581009903072196,0.05175095835183661,0.001878742164189793,0.2572821926715059,0.009138020738810851,0.047406548933320296,0.040442989164261346,0.04261293761302576,0.00696355976905895,0.1468902488315179,0.004793611320294537,0.10111706985963043
0,2000,5,1.0,1.0,1.0,1.0,3,False,10,0.6,0.1575,0.503,0.009138020738810851,PS_propensity_score,,0.0012711389698509847,0.02570344475257803,0.025703444752578034,0.030731882662664307,0.009521645905690648,0.02047325556716676,0.02024226137850724,0.9891526021125525,0.010847397887447485,0.9656225329768995,0.04034786546715885,0.08307423646096646,0.0020371103029457327,0.0005019643533725748,0.056544569672131145,0.04947358308316776,0.05397662780188597,0.0,0.0,0.009138020738810851,0.047406548933320296,0.04033556234435691,0.04483860706307512,0.007070986588963386,0.14915632434896464,0.0025679418702451787,0.05416850473248158,0.056544569672131145,0.049581009903072196,0.05175095835183661,0.001878742164189793,0.2572821926715059,0.009138020738810851,0.047406548933320296,0.040442989164261346,0.04261293761302576,0.00696355976905895,0.1468902488315179,0.004793611320294537,0.10111706985963043
0,2000,5,1.0,1.0,1.0,1.0,3,False,10,0.6,0.1575,0.503,0.009138020738810851,GMM,,0.0007023624799555005,0.028886008940776742,0.02888600894077674,0.04876275451751354,0.0017102806266525317,0.0057395433332623905,0.018737526159142818,0.9948089327942459,0.00519106720575413,1.0,0.025170770766346773,0.07826937333635209,0.07742337803542476,0.034731682385053086,0.056544569672131145,0.059097093962317646,0.05033874745042722,0.0008876914775983266,0.26030105672946097,0.009138020738810851,0.047406548933320296,0.049959073223506796,0.04120072671161637,-0.0025525242901865003,-0.053843284263884295,0.006205822221703926,0.13090643300006355,0.056544569672131145,0.049581009903072196,0.05175095835183661,0.001878742164189793,0.2572821926715059,0.009138020738810851,0.047406548933320296,0.040442989164261346,0.04261293761302576,0.00696355976905895,0.1468902488315179,0.004793611320294537,0.10111706985963043
0,2000,5,1.0,1.0,1.0,1.0,3,False,10,0.6,0.1575,0.503,0.009138020738810851,Prognostic_score,,0.024820431307839633,0.09332679608218944,0.09332679608218941,0.29231090766706946,0.003217306352795956,0.05402574811070349,0.1165179873768563,0.9937199546515099,0.0062800453484901375,1.0,0.31171206398821427,0.6813236970294781,0.12818220974988515,0.024206162939252374,0.056544569672131145,0.04588576134800392,0.03712940844486846,0.0,0.0,0.009138020738810851,0.047406548933320296,0.03674774060919307,0.027991387706057608,0.010658808324127224,0.22483830955759665,0.019415161227262688,0.40954597337534715,0.056544569672131145,0.049581009903072196,0.05175095835183661,0.001878742164189793,0.2572821926715059,0.009138020738810851,0.047406548933320296,0.040442989164261346,0.04261293761302576,0.00696355976905895,0.1468902488315179,0.004793611320294537,0.10111706985963043
0,2000,5,1.0,1.0,1.0,1.0,3,False,10,0.6,0.1575,0.503,0.009138020738810851,2A_PCA_cum60,,0.015974343472383277,0.059340449119905735,0.05934044911990573,0.126431139820794,0.019337106859176476,0.06626146990508734,0.07067657219501927,0.9820197025931462,0.017980297406853807,0.6952991151360881,0.15322161444022808,0.4340432362277252,0.019957992919141354,0.016010472997220804,0.056544569672131145,0.05773324133770423,0.05290999725398438,0.0013617800909967775,0.3784937026628583,0.009138020738810851,0.047406548933320296,0.04859522059889338,0.04377197651517353,-0.001188671665573085,-0.025073996996596737,0.003634572418146763,0.07666815028571206,0.056544569672131145,0.049581009903072196,0.05175095835183661,0.001878742164189793,0.2572821926715059,0.009138020738810851,0.047406548933320296,0.040442989164261346,0.04261293761302576,0.00696355976905895,0.1468902488315179,0.004793611320294537,0.10111706985963043
0,2000,5,1.0,1.0,1.0,1.0,3,False,10,0.6,0.1575,0.503,0.009138020738810851,2B_clustering,,0.01861320662804584,0.08059022116832637,0.08059022116832634,0.23250511245243888,0.039487521963494865,0.04084777139683275,0.10428013527092217,0.9671919996658669,0.032808000334133114,1.0,0.14098179912942155,0.3786637100557113,0.10630098856785519,0.04632042063819464,0.056544569672131145,0.05407640158186143,0.04487426629191007,0.0,0.0,0.009138020738810851,0.047406548933320296,0.04493838084305058,0.03573624555309922,0.002468168090269715,0.05206386344935843,0.011670303380221077,0.2461749197697548,0.056544569672131145,0.049581009903072196,0.05175095835183661,0.001878742164189793,0.2572821926715059,0.009138020738810851,0.047406548933320296,0.040442989164261346,0.04261293761302576,0.00696355976905895,0.1468902488315179,0.004793611320294537,0.10111706985963043
0,2000,5,1.0,1.0,1.0,1.0,3,False,10,0.6,0.1575,0.503,0.009138020738810851,baseline_random,,0.0007851531373181426,0.019461466122377025,0.019461466122377022,0.006009028481876725,0.005539632527064566,0.0011093799290053982,0.004219346979315562,0.9920446481976456,0.007955351802354405,1.0,0.0053006865701066275,0.011690565657948793,0.0015576867373174874,0.0014558457068691855,0.056544569672131145,0.05540068625327499,0.04888391733287084,0.0,0.0,0.009138020738810851,0.047406548933320296,0.04626266551446414,0.03974589659405999,0.0011438834188561564,0.024129227809117415,0.007660652339260304,0.16159481151086108,0.056544569672131145,0.049581009903072196,0.05175095835183661,0.001878742164189793,0.2572821926715059,0.009138020738810851,0.047406548933320296,0.040442989164261346,0.04261293761302576,0.00696355976905895,0.1468902488315179,0.004793611320294537,0.10111706985963043
0,2000,5,1.0,1.0,1.0,1.0,3,False,10,0.6,0.1575,0.503,0.009138020738810851,baseline_oracle_kmeans,,0.37758172562781844,0.6466246291230436,0.6466246291230436,0.3254457489260785,0.9622624851712669,0.6641418699033862,0.6506167013335772,0.05415143747501062,0.9458485625249894,1.0,0.3922665699598131,0.17404029867494186,0.05217978893417663,0.012161459749339909,0.056544569672131145,0.048039146904296,0.030074887374026187,0.0006974469034132693,0.2854989734312285,0.009138020738810851,0.047406548933320296,0.03890112616548515,0.020936866635215337,0.008505422767835148,0.1794145104255206,0.02646968229810496,0.5583549719119167,0.056544569672131145,0.049581009903072196,0.05175095835183661,0.001878742164189793,0.2572821926715059,0.009138020738810851,0.047406548933320296,0.040442989164261346,0.04261293761302576,0.00696355976905895,0.1468902488315179,0.004793611320294537,0.10111706985963043
0,2000,5,1.0,1.0,1.0,1.0,3,False,10,0.6,0.1575,0.503,0.009138020738810851,baseline_oracle_quantile,,0.10373342330642128,0.32401408462407827,0.3240140846240783,0.9003347509167305,0.002337289283094809,0.008735709500681739,0.30380258323350234,0.9943585411767374,0.005641458823262613,0.9903462451489293,0.46467476582653056,0.3427128569403708,0.035462758921843696,0.006431045770593724,0.056544569672131145,0.041474074913534435,0.02580269708131183,0.0010357337162286981,0.382093847648799,0.009138020738810851,0.047406548933320296,0.032336054174723586,0.016664676342500982,0.01507049475859671,0.3178990054685086,0.030741872590819314,0.6484731177976972,0.056544569672131145,0.049581009903072196,0.05175095835183661,0.001878742164189793,0.2572821926715059,0.009138020738810851,0.047406548933320296,0.040442989164261346,0.04261293761302576,0.00696355976905895,0.1468902488315179,0.004793611320294537,0.10111706985963043
1,2000,5,1.0,1.0,1.0,1.0,3,False,10,0.6,0.147,0.495,0.008786549563964815,1A_predicted_prob,,0.03327780276088296,0.11277694591221414,0.11277694591221414,0.31521479520335766,0.01384959572382662,0.09976393586935658,0.14294277559884694,0.9899596003359166,0.010040399664083433,1.0,0.36774880287976186,0.8287982962288777,0.12973277665903982,0.04632345782842329,0.038252682022323084,0.027148295383398316,0.013818353651657223,0.00021057993024834994,0.12500940258662085,0.008786549563964815,0.029466132458358267,0.0183617458194335,0.005031804087692408,0.011104386638924768,0.3768525324664701,0.024434328370665857,0.8292343219863215,0.038252682022323084,0.037585672435247644,0.037995397760187226,0.0,0.0,0.008786549563964815,0.029466132458358267,0.028799122871282827,0.02920884819622241,0.00066700958707544,0.022636482341822806,0.00025728426213585814,0.008731524657993539
1,2000,5,1.0,1.0,1.0,1.0,3,False,10,0.6,0.147,0.495,0.008786549563964815,1B_residual,,0.03427978206788904,0.11975595617555158,0.11975595617555158,0.32917345205571763,0.018347009307765543,0.0953672504821259,0.1476292372818697,0.9866591004421789,0.01334089955782114,1.0,0.35463213128129967,0.6913719313932483,0.09066477338578116,0.042566273266998356,0.038252682022323084,0.007104075039626838,0.0005716517628480511,0.0,0.0,0.008786549563964815,0.029466132458358267,0.0016824745243379773,0.008214897801116764,0.027783657934020288,0.9429014131150173,0.021251234657241505,0.7212088212551779,0.038252682022323084,0.037585672435247644,0.037995397760187226,0.0,0.0,0.008786549563964815,0.029466132458358267,0.028799122871282827,0.02920884819622241,0.00066700958707544,0.022636482341822806,0.00025728426213585814,0.008731524657993539
1,2000,5,1.0,1.0,1.0,1.0,3,False,10,0.6,0.147,0.495,0.008786549563964815,1C_cv_decision,,0.03327780276088296,0.11277694591221414,0.11277694591221414,0.31521479520335766,0.01384959572382662,0.09976393586935658,0.14294277559884694,0.9899596003359166,0.010040399664083433,1.0,0.36774880287976186,0.8287982962288777,0.12973277665903982,0.04632345782842329,0.038252682022323084,0.027148295383398316,0.013818353651657223,0.00021057993024834994,0.12500940258662085,0.008786549563964815,0.029466132458358267,0.0183617458194335,0.005031804087692408,0.011104386638924768,0.3768525324664701,0.024434328370665857,0.8292343219863215,0.038252682022323084,0.037585672435247644,0.037995397760187226,0.0,0.0,0.008786549563964815,0.029466132458358267,0.028799122871282827,0.02920884819622241,0.00066700958707544,0.022636482341822806,0.00025728426213585814,0.008731524657993539
1,2000,5,1.0,1.0,1.0,1.0,3,False,10,0.6,0.147,0.495,0.008786549563964815,PS_propensity_score,,0.013436280793198741,0.04455486443035123,0.04455486443035123,0.03037307525068694,0.02354518805098433,0.05495254555357267,0.036290269618414646,0.9828548584491598,0.017145141550840237,0.7243077839594001,0.07015320034944483,0.2676831753312038,0.03992500347832406,0.0037047571552741854,0.038252682022323084,0.02892534932952589,0.022957306268139976,0.0013037655978815595,0.3806113414895143,0.008786549563964815,0.029466132458358267,0.020138799765561072,0.01417075670417516,0.009327332692797195,0.31654417850658356,0.015295375754183107,0.5190832483970753,0.038252682022323084,0.037585672435247644,0.037995397760187226,0.0,0.0,0.008786549563964815,0.029466132458358267,0.028799122871282827,0.02920884819622241,0.00066700958707544,0.022636482341822806,0.00025728426213585814,0.008731524657993539
1,2000,5,1.0,1.0,1.0,1.0,3,False,10,0.6,0.147,0.495,0.008786549563964815,GMM,,0.002337188361119517,0.025623483196928715,0.025623483196928712,0.013834255889387446,0.011551195862780358,0.0150652108721131,0.013483554208093634,0.9916167978581836,0.008383202141816426,1.0,0.012775779273856869,0.04085878812530086,0.10178593763840016,0.05628262970721909,0.038252682022323084,0.036312662967529157,0.03459605293915808,0.0,0.0,0.008786549563964815,0.029466132458358267,0.02752611340356434,0.025809503375193263,0.0019400190547939275,0.06583894433840531,0.003656629083165004,0.12409599693249784,0.038252682022323084,0.037585672435247644,0.037995397760187226,0.0,0.0,0.008786549563964815,0.029466132458358267,0.028799122871282827,0.02920884819622241,0.00066700958707544,0.022636482341822806,0.00025728426213585814,0.008731524657993539
1,2000,5,1.0,1.0,1.0,1.0,3,False,10,0.6,0.147,0.495,0.008786549563964815,Prognostic_score,,0.029862671778187567,0.10173676971378272,0.10173676971378272,0.2707915213795254,0.022941719591859512,0.08791544368611685,0.12721622821916725,0.9833255310359726,0.016674468964027356,1.0,0.30617299732671965,0.8485318876320974,0.0818748979567605,0.028882009687498433,0.038252682022323084,0.02887900910516407,0.01878982890311822,0.0,0.0,0.008786549563964815,0.029466132458358267,0.020092459541199252,0.010003279339153405,0.009373672917159015,0.31811683906620425,0.019462853119204863,0.6605160397860117,0.038252682022323084,0.037585672435247644,0.037995397760187226,0.0,0.0,0.008786549563964815,0.029466132458358267,0.028799122871282827,0.02920884819622241,0.00066700958707544,0.022636482341822806,0.00025728426213585814,0.008731524657993539
1,2000,5,1.0,1.0,1.0,1.0,3,False,10,0.6,0.147,0.495,0.008786549563964815,2A_PCA_cum60,,0.02026649765681511,0.06943911636396972,0.06943911636396972,0.12482200174600082,0.034888795040563206,0.060916818333874356,0.07354253837347946,0.9744718566931879,0.02552814330681208,1.0,0.14832293615731562,0.5134923968376103,0.14679891548348167,0.06049956394007794,0.038252682022323084,0.02567890472542182,0.010354756009319638,0.0,0.0,0.008786549563964815,0.029466132458358267,0.016892355161457005,0.0015682064453548233,0.012573777296901262,0.42671963531931467,0.027897926013003442,0.9467793594028323,0.038252682022323084,0.037585672435247644,0.037995397760187226,0.0,0.0,0.008786549563964815,0.029466132458358267,0.028799122871282827,0.02920884819622241,0.00066700958707544,0.022636482341822806,0.00025728426213585814,0.008731524657993539
1,2000,5,1.0,1.0,1.0,1.0,3,False,10,0.6,0.147,0.495,0.008786549563964815,2B_clustering,,0.01607294279755646,0.08301933624517362,0.0830193362451736,0.23042290462199982,0.015030412080501102,0.05989509414871733,0.10178280361707276,0.9890795332284019,0.01092046677159808,0.6729341723526756,0.17081772054940203,0.4863846319703735,0.12110767982803428,0.0459397306721856,0.038252682022323084,0.0372139780537039,0.03514754483955012,0.001218895919308484,0.39227108471496197,0.008786549563964815,0.029466132458358267,0.02842742848973908,0.026360995275585303,0.0010387039686191868,0.03525077375142771,0.0031051371827729643,0.10537986914845932,0.038252682022323084,0.037585672435247644,0.037995397760187226,0.0,0.0,0.008786549563964815,0.029466132458358267,0.028799122871282827,0.02920884819622241,0.00066700958707544,0.022636482341822806,0.00025728426213585814,0.008731524657993539
1,2000,5,1.0,1.0,1.0,1.0,3,False,10,0.6,0.147,0.495,0.008786549563964815,baseline_random,,-0.0011462331834386236,0.014980143710008477,0.014980143710008477,0.0036935618899984323,0.002141768329577179,0.004904197243998607,0.0035798424878580727,0.998442381130845,0.001557618869154953,1.0,0.003980189906992226,0.002176910921993014,0.004017189496784868,0.003647306247789084,0.038252682022323084,0.03902130818829148,0.03940835321097452,0.0,0.0,0.008786549563964815,0.029466132458358267,0.03023475862432666,0.030621803647009706,-0.0007686261659683932,-0.026085071295142592,-0.0011556711886514387,-0.039220321509266354,0.038252682022323084,0.037585672435247644,0.037995397760187226,0.0,0.0,0.008786549563964815,0.029466132458358267,0.028799122871282827,0.02920884819622241,0.00066700958707544,0.022636482341822806,0.00025728426213585814,0.008731524657993539
1,2000,5,1.0,1.0,1.0,1.0,3,False,10,0.6,0.147,0.495,0.008786549563964815,baseline_oracle_kmeans,,0.3606883977819503,0.627959853231268,0.627959853231268,0.30987780798206743,0.9882153803083608,0.6449479973006674,0.6476803951970319,0.021685200583637553,0.9783147994163625,1.0,0.4137309870650472,0.22079906124198956,0.02886367625781039,0.011658596836479296,0.038252682022323084,0.028454330099045362,0.008932410393133293,0.0,0.0,0.008786549563964815,0.029466132458358267,0.019667780535080545,0.00014586082916847806,0.009798351923277722,0.3325292838184589,0.02932027162918979,0.9950498821189171,0.038252682022323084,0.037585672435247644,0.037995397760187226,0.0,0.0,0.008786549563964815,0.029466132458358267,0.028799122871282827,0.02920884819622241,0.00066700958707544,0.022636482341822806,0.00025728426213585814,0.008731524657993539
1,2000,5,1.0,1.0,1.0,1.0,3,False,10,0.6,0.147,0.495,0.008786549563964815,baseline_oracle_quantile,,0.08880995988738921,0.29679004552282545,0.2967900455228254,0.8958063653966367,0.002920967603919311,0.001562955446066181,0.30009676281554076,0.9978796823288572,0.002120317671142846,1.0,0.4391977134219226,0.32489493018476934,0.04530437058396086,0.014649215907537205,0.038252682022323084,0.03165519079644476,0.01262511445764127,0.0,0.0,0.008786549563964815,0.029466132458358267,0.02286864123247994,0.003838564893676455,0.006597491225878327,0.2239008202112016,0.025627567564681812,0.8697295989183127,0.038252682022323084,0.037585672435247644,0.037995397760187226,0.0,0.0,0.008786549563964815,0.029466132458358267,0.028799122871282827,0.02920884819622241,0.00066700958707544,0.022636482341822806,0.00025728426213585814,0.008731524657993539
2,2000,5,1.0,1.0,1.0,1.0,3,False,10,0.6,0.151,0.498,0.008507132100485915,1A_predicted_prob,,0.026513290132347753,0.10899722627708189,0.10899722627708189,0.318761293289661,0.009548905131332332,0.09051655781008737,0.13960891874369358,0.9902853350141507,0.009714664985849275,1.0,0.36068063784395,0.8212954042038454,0.01286618185128785,0.005315551640226901,-0.017752639095007405,-0.01457335022370681,-0.0027148230219513733,0.0,0.0,0.008507132100485915,0.02625977119549332,0.023080482324192728,0.011221955122437288,0.003179288871300593,0.12107069965050643,0.015037816073056032,0.5726560205382448,-0.017752639095007405,-0.025246721445367055,-0.016187516283164196,0.0010501113664722875,0.18343832798446247,0.008507132100485915,0.02625977119549332,0.033753853545852974,0.02469464838365011,-0.007494082350359654,-0.2853826217513191,0.0015651228118432094,0.059601540325370905
2,2000,5,1.0,1.0,1.0,1.0,3,False,10,0.6,0.151,0.498,0.008507132100485915,1B_residual,,0.03050093425912351,0.11444823600801411,0.11444823600801411,0.3073166671801598,0.01906048059819123,0.092767579555028,0.13971490911112636,0.9834142286558585,0.01658577134414152,1.0,0.35432391873254143,0.7140673874677452,0.02451054376683559,0.003555962356345699,-0.017752639095007405,-0.00286411475978026,-0.0006081202835056324,0.0,0.0,0.008507132100485915,0.02625977119549332,0.011371246860266176,0.009115252383991548,0.014888524335227145,0.5669708324717735,0.017144518811501773,0.6528815001420919,-0.017752639095007405,-0.025246721445367055,-0.016187516283164196,0.0010501113664722875,0.18343832798446247,0.008507132100485915,0.02625977119549332,0.033753853545852974,0.02469464838365011,-0.007494082350359654,-0.2853826217513191,0.0015651228118432094,0.059601540325370905
2,2000,5,1.0,1.0,1.0,1.0,3,False,10,0.6,0.151,0.498,0.008507132100485915,1C_cv_decision,,0.026513290132347753,0.10899722627708189,0.10899722627708189,0.318761293289661,0.009548905131332332,0.09051655781008737,0.13960891874369358,0.9902853350141507,0.009714664985849275,1.0,0.36068063784395,0.8212954042038454,0.01286618185128785,0.005315551640226901,-0.017752639095007405,-0.01457335022370681,-0.0027148230219513733,0.0,0.0,0.008507132100485915,0.02625977119549332,0.023080482324192728,0.011221955122437288,0.003179288871300593,0.12107069965050643,0.015037816073056032,0.5726560205382448,-0.017752639095007405,-0.025246721445367055,-0.016187516283164196,0.0010501113664722875,0.18343832798446247,0.008507132100485915,0.02625977119549332,0.033753853545852974,0.02469464838365011,-0.007494082350359654,-0.2853826217513191,0.0015651228118432094,0.059601540325370905
2,2000,5,1.0,1.0,1.0,1.0,3,False,10,0.6,0.151,0.498,0.008507132100485915,PS_propensity_score,,0.01015198020660749,0.03973536203487567,0.03973536203487567,0.009903351032079878,0.014110957101358628,0.05337719156815443,0.025797166567197646,0.9870379250774084,0.012962074922591604,0.5343029823268877,0.039658903602632134,0.16380530362976709,0.09182864748530106,0.04792995019996016,-0.017752639095007405,-0.023166838346240275,-0.01737941906501451,0.0024690864220037307,0.524335063429987,0.008507132100485915,0.02625977119549332,0.03167397044672619,0.025886551165500427,-0.005414199251232873,-0.20617846252072658,0.0003732200299928941,0.014212615457096844,-0.017752639095007405,-0.025246721445367055,-0.016187516283164196,0.0010501113664722875,0.18343832798446247,0.008507132100485915,0.02625977119549332,0.033753853545852974,0.02469464838365011,-0.007494082350359654,-0.2853826217513191,0.0015651228118432094,0.059601540325370905
2,2000,5,1.0,1.0,1.0,1.0,3,False,10,0.6,0.151,0.498,0.008507132100485915,GMM,,0.011233006914188277,0.05255088295357035,0.05255088295357034,0.14215865847165293,0.0048686354909842485,0.05034620533493772,0.06579116643252496,0.9937015975034429,0.0062984024965571095,1.0,0.15946544539332586,0.2807020176987223,0.06715328112671237,0.046543581256076494,-0.017752639095007405,-0.015316423866350806,-0.006772887272747435,0.0,0.0,0.008507132100485915,0.02625977119549332,0.02382355596683672,0.01528001937323335,0.002436215228656599,0.09277366548702837,0.010979751822259971,0.4181206203405271,-0.017752639095007405,-0.025246721445367055,-0.016187516283164196,0.0010501113664722875,0.18343832798446247,0.008507132100485915,0.02625977119549332,0.033753853545852974,0.02469464838365011,-0.007494082350359654,-0.2853826217513191,0.0015651228118432094,0.059601540325370905
2,2000,5,1.0,1.0,1.0,1.0,3,False,10,0.6,0.151,0.498,0.008507132100485915,Prognostic_score,,0.02554855509336766,0.11112872763569524,0.11112872763569524,0.33840591052095254,0.0030793442555601945,0.08488183280619621,0.14212236252756963,0.9949947643363726,0.0050052356636274276,1.0,0.36496316105839144,0.8116831714961676,0.03457268766709176,0.014503071948006152,-0.017752639095007405,-0.012433584214677853,-0.008049443012925471,0.0,0.0,0.008507132100485915,0.02625977119549332,0.020940716315163768,0.01655657511341139,0.0053190548803295525,0.20255526374283128,0.009703196082081932,0.3695080208371041,-0.017752639095007405,-0.025246721445367055,-0.016187516283164196,0.0010501113664722875,0.18343832798446247,0.008507132100485915,0.02625977119549332,0.033753853545852974,0.02469464838365011,-0.007494082350359654,-0.2853826217513191,0.0015651228118432094,0.059601540325370905
2,2000,5,1.0,1.0,1.0,1.0,3,False,10,0.6,0.151,0.498,0.008507132100485915,2A_PCA_cum60,,0.025079313753524686,0.07454462195642045,0.07454462195642045,0.08982377619793973,0.006387520473184115,0.16751890695995497,0.08791006787702627,0.9925787819198157,0.007421218080184255,1.0,0.20579019460678327,0.4454855386168306,0.013618657259301226,0.0036717919937453436,-0.017752639095007405,-0.01731509211041611,-0.019733596947185295,0.0,0.0,0.008507132100485915,0.02625977119549332,0.025822224210902026,0.02824072904767121,0.0004375469845912944,0.016662254264667276,-0.0019809578521778892,-0.0754369806739923,-0.017752639095007405,-0.025246721445367055,-0.016187516283164196,0.0010501113664722875,0.18343832798446247,0.008507132100485915,0.02625977119549332,0.033753853545852974,0.02469464838365011,-0.007494082350359654,-0.2853826217513191,0.0015651228118432094,0.059601540325370905
2,2000,5,1.0,1.0,1.0,1.0,3,False,10,0.6,0.151,0.498,0.008507132100485915,2B_clustering,,0.026712179576809943,0.09533736558325204,0.09533736558325202,0.24456735687054237,0.020193768098301847,0.1210357078284008,0.12859894426574833,0.9825948859366141,0.01740511406338585,1.0,0.23899873033594043,0.5857256851519483,0.04720767996159325,0.03687119024843066,-0.017752639095007405,-0.023510776427829956,-0.01214042102744503,7.385630634128402e-05,0.04251046340440062,0.008507132100485915,0.02625977119549332,0.032017908528315875,0.020647553127930946,-0.005758137332822554,-0.21927599025732403,0.0056122180675623745,0.2137192295310455,-0.017752639095007405,-0.025246721445367055,-0.016187516283164196,0.0010501113664722875,0.18343832798446247,0.008507132100485915,0.02625977119549332,0.033753853545852974,0.02469464838365011,-0.007494082350359654,-0.2853826217513191,0.0015651228118432094,0.059601540325370905
2,2000,5,1.0,1.0,1.0,1.0,3,False,10,0.6,0.151,0.498,0.008507132100485915,baseline_random,,0.0007630725199182157,0.01644491783349678,0.01644491783349678,0.0015214019822893366,0.0006258337766455092,0.006306795252627841,0.0028180103371875623,0.9967737841373225,0.0032262158626774617,1.0,0.0011396736282444087,0.0016404055112473337,0.0038931618034110382,0.004220062371691147,-0.017752639095007405,-0.01784673061883537,-0.017340086073760964,1.506938015157288e-05,0.006006101158305505,0.008507132100485915,0.02625977119549332,0.026353862719321285,0.02584721817424688,-9.409152382796465e-05,-0.0035831052421397835,0.00041255302124644164,0.015710457573112624,-0.017752639095007405,-0.025246721445367055,-0.016187516283164196,0.0010501113664722875,0.18343832798446247,0.008507132100485915,0.02625977119549332,0.033753853545852974,0.02469464838365011,-0.007494082350359654,-0.2853826217513191,0.0015651228118432094,0.059601540325370905
2,2000,5,1.0,1.0,1.0,1.0,3,False,10,0.6,0.151,0.498,0.008507132100485915,baseline_oracle_kmeans,,0.4179789197360839,0.6687793930880556,0.6687793930880555,0.27537409653880995,0.9960072507419084,0.7267113141381341,0.6660308871396174,0.008906217484526217,0.9910937825154738,0.8681432860767707,0.32063735091900714,0.1890217411478865,0.03218613763601441,0.017026305149585697,-0.017752639095007405,-0.0169026785814404,-0.022219925116539536,0.0,0.0,0.008507132100485915,0.02625977119549332,0.025409810681926315,0.030727057217025452,0.0008499605135670052,0.03236739982383685,-0.004467286021532131,-0.17011900021043602,-0.017752639095007405,-0.025246721445367055,-0.016187516283164196,0.0010501113664722875,0.18343832798446247,0.008507132100485915,0.02625977119549332,0.033753853545852974,0.02469464838365011,-0.007494082350359654,-0.2853826217513191,0.0015651228118432094,0.059601540325370905
2,2000,5,1.0,1.0,1.0,1.0,3,False,10,0.6,0.151,0.498,0.008507132100485915,baseline_oracle_quantile,,0.08985584969670397,0.30229832065836687,0.30229832065836687,0.8953646829920018,0.007201203631692976,0.005476861617821468,0.3026809160805054,0.992034346567928,0.007965653432072006,1.0,0.4253704770381308,0.2980532890799058,0.00654221846226799,0.0019023752564426566,-0.017752639095007405,-0.007338207316879732,-0.008008036007039802,0.0,0.0,0.008507132100485915,0.02625977119549332,0.01584533941736565,0.016515168107525718,0.010414431778127672,0.39659263215191254,0.009744603087967603,0.37108484363488903,-0.017752639095007405,-0.025246721445367055,-0.016187516283164196,0.0010501113664722875,0.18343832798446247,0.008507132100485915,0.02625977119549332,0.033753853545852974,0.02469464838365011,-0.007494082350359654,-0.2853826217513191,0.0015651228118432094,0.059601540325370905
3,2000,5,1.0,1.0,1.0,1.0,3,False,10,0.6,0.1465,0.4965,0.009531856904494075,1A_predicted_prob,,0.03509429293524452,0.11502846546725297,0.11502846546725297,0.33734846709819744,0.028354069551703043,0.07246239743307334,0.14605497802765796,0.9766377486624409,0.023362251337559092,0.3113752985554815,0.34544878320917216,0.819305997858988,0.10334807600689377,0.11558332076556199,0.029136466183458942,0.015081560055203967,0.013094283005592495,0.0034674217060096267,0.6980550361851218,0.009531856904494075,0.019604609278964867,0.005549703150709892,0.00356242610109842,0.014054906128254975,0.7169184515875789,0.016042183177866445,0.8182862993897668,0.029136466183458942,0.03987312105817945,0.03661696704574763,0.0030654284019179206,0.39235561929707463,0.009531856904494075,0.019604609278964867,0.030341264153685377,0.027085110141253553,-0.01073665487472051,-0.5476597223613431,-0.007480500862288686,-0.38156847483387635
3,2000,5,1.0,1.0,1.0,1.0,3,False,10,0.6,0.1465,0.4965,0.009531856904494075,1B_residual,,0.038263289127110606,0.11927956204055737,0.11927956204055737,0.320794328841475,0.02608664050605085,0.08334429176897024,0.14340842037216536,0.9783164575734895,0.021683542426510494,0.5584346437499632,0.36030416018058053,0.6904298740222949,0.057023971580339006,0.041564481281891275,0.029136466183458942,0.010758603166037047,0.007188404200113252,3.5323011943461784e-05,0.13764298915004733,0.009531856904494075,0.019604609278964867,0.001226746261542972,0.002343452704380823,0.018377863017421895,0.9374256204708332,0.017261156574584043,0.8804641974224259,0.029136466183458942,0.03987312105817945,0.03661696704574763,0.0030654284019179206,0.39235561929707463,0.009531856904494075,0.019604609278964867,0.030341264153685377,0.027085110141253553,-0.01073665487472051,-0.5476597223613431,-0.007480500862288686,-0.38156847483387635
3,2000,5,1.0,1.0,1.0,1.0,3,False,10,0.6,0.1465,0.4965,0.009531856904494075,1C_cv_decision,,0.03509429293524452,0.11502846546725297,0.11502846546725297,0.33734846709819744,0.028354069551703043,0.07246239743307334,0.14605497802765796,0.9766377486624409,0.023362251337559092,0.3113752985554815,0.34544878320917216,0.819305997858988,0.10334807600689377,0.11558332076556199,0.029136466183458942,0.015081560055203967,0.013094283005592495,0.0034674217060096267,0.6980550361851218,0.009531856904494075,0.019604609278964867,0.005549703150709892,0.00356242610109842,0.014054906128254975,0.7169184515875789,0.016042183177866445,0.8182862993897668,0.029136466183458942,0.03987312105817945,0.03661696704574763,0.0030654284019179206,0.39235561929707463,0.009531856904494075,0.019604609278964867,0.030341264153685377,0.027085110141253553,-0.01073665487472051,-0.5476597223613431,-0.007480500862288686,-0.38156847483387635
3,2000,5,1.0,1.0,1.0,1.0,3,False,10,0.6,0.1465,0.4965,0.009531856904494075,PS_propensity_score,,0.007293268212181098,0.04373802725224585,0.04373802725224584,0.12299962855555169,0.009251679049530205,0.021527658279424298,0.05125965529483539,0.9905133611464565,0.009486638853543505,1.0,0.0981529931768339,0.27285883825139867,0.03200429339268884,0.004363629664637658,0.029136466183458942,0.01557854409808913,0.025787262308263833,0.0,0.0,0.009531856904494075,0.019604609278964867,0.006046687193595055,0.016255405403769758,0.013557922085369812,0.6915680844461939,0.0033492038751951093,0.1708375733245906,0.029136466183458942,0.03987312105817945,0.03661696704574763,0.0030654284019179206,0.39235561929707463,0.009531856904494075,0.019604609278964867,0.030341264153685377,0.027085110141253553,-0.01073665487472051,-0.5476597223613431,-0.007480500862288686,-0.38156847483387635
3,2000,5,1.0,1.0,1.0,1.0,3,False,10,0.6,0.1465,0.4965,0.009531856904494075,GMM,,0.0036020244382372816,0.03679144728517162,0.03679144728517161,0.09102198106914838,0.0021372086716454687,0.00601768096839526,0.033058956903063035,0.9956840947405247,0.004315905259475339,1.0,0.048517348709521735,0.08907815925323248,0.12548870595586004,0.09710218779754343,0.029136466183458942,0.028855266913116642,0.019902452794604907,0.0005668676145862064,0.19538310544689003,0.009531856904494075,0.019604609278964867,0.019323410008622567,0.010370595890110832,0.00028119927034229997,0.01434352841930997,0.009234013388854035,0.47101236538092306,0.029136466183458942,0.03987312105817945,0.03661696704574763,0.0030654284019179206,0.39235561929707463,0.009531856904494075,0.019604609278964867,0.030341264153685377,0.027085110141253553,-0.01073665487472051,-0.5476597223613431,-0.007480500862288686,-0.38156847483387635
3,2000,5,1.0,1.0,1.0,1.0,3,False,10,0.6,0.1465,0.4965,0.009531856904494075,Prognostic_score,,0.02907545587387411,0.09587794788817476,0.09587794788817476,0.31165286679642484,0.01828840787313011,0.05337686018403618,0.12777271161786372,0.9839369157452409,0.016063084254759108,0.4624352684687336,0.3023656001622249,0.7044742099522798,0.16116118314050787,0.17702323393003472,0.029136466183458942,0.014592462209882607,0.011154478634762292,0.00214164887384495,0.5579853127781997,0.009531856904494075,0.019604609278964867,0.0050606053053885314,0.0016226217302682169,0.014544003973576336,0.7418665563093674,0.01798198754869665,0.917232641202942,0.029136466183458942,0.03987312105817945,0.03661696704574763,0.0030654284019179206,0.39235561929707463,0.009531856904494075,0.019604609278964867,0.030341264153685377,0.027085110141253553,-0.01073665487472051,-0.5476597223613431,-0.007480500862288686,-0.38156847483387635
3,2000,5,1.0,1.0,1.0,1.0,3,False,10,0.6,0.1465,0.4965,0.009531856904494075,2A_PCA_cum60,,0.020781052805428413,0.06926193519448841,0.06926193519448841,0.1288752988751397,0.04513236176925528,0.07400930947408274,0.08267232337282591,0.9642268094122157,0.035773190587784276,1.0,0.19807346858854002,0.46494340283715774,0.009659824293332009,0.02089185137222338,0.029136466183458942,0.023317199302518698,0.01729130648078711,0.0,0.0,0.009531856904494075,0.019604609278964867,0.013785342398024623,0.007759449576293036,0.005819266880940244,0.29683156640026154,0.011845159702671831,0.6042027940531984,0.029136466183458942,0.03987312105817945,0.03661696704574763,0.0030654284019179206,0.39235561929707463,0.009531856904494075,0.019604609278964867,0.030341264153685377,0.027085110141253553,-0.01073665487472051,-0.5476597223613431,-0.007480500862288686,-0.38156847483387635
3,2000,5,1.0,1.0,1.0,1.0,3,False,10,0.6,0.1465,0.4965,0.009531856904494075,2B_clustering,,0.026331138056089096,0.09701325854933955,0.09701325854933956,0.2680154034068293,0.03262913219452322,0.07846977254460548,0.12637143604865267,0.973293322423495,0.026706677576505022,0.5746321040914291,0.24569586943463018,0.517883197737053,0.1463979803389449,0.08918252120432857,0.029136466183458942,0.028320206893968386,0.020006992732195784,0.0015026631262896435,0.4744939108877062,0.009531856904494075,0.019604609278964867,0.01878834998947431,0.01047513582770171,0.0008162592894905563,0.041636090670084225,0.009129473451263158,0.46567994910558086,0.029136466183458942,0.03987312105817945,0.03661696704574763,0.0030654284019179206,0.39235561929707463,0.009531856904494075,0.019604609278964867,0.030341264153685377,0.027085110141253553,-0.01073665487472051,-0.5476597223613431,-0.007480500862288686,-0.38156847483387635
3,2000,5,1.0,1.0,1.0,1.0,3,False,10,0.6,0.1465,0.4965,0.009531856904494075,baseline_random,,0.00494591713817568,0.03118729729620969,0.031187297296209695,0.004793401780987169,0.005900794602642302,0.00528445029634271,0.005326215559990727,0.992969293485273,0.0070307065147270364,0.8795231730852069,0.007236127776379719,0.007659151920883289,0.0009367219576336128,0.0024528275505018016,0.029136466183458942,0.03188277281479464,0.032992143796535034,0.000234846982890789,0.0913319190948997,0.009531856904494075,0.019604609278964867,0.022350915910300563,0.02346028689204096,-0.002746306631335696,-0.14008474192252307,-0.0038556776130760917,-0.19667199474427233,0.029136466183458942,0.03987312105817945,0.03661696704574763,0.0030654284019179206,0.39235561929707463,0.009531856904494075,0.019604609278964867,0.030341264153685377,0.027085110141253553,-0.01073665487472051,-0.5476597223613431,-0.007480500862288686,-0.38156847483387635
3,2000,5,1.0,1.0,1.0,1.0,3,False,10,0.6,0.1465,0.4965,0.009531856904494075,baseline_oracle_kmeans,,0.3726891151731338,0.6384977588455423,0.6384977588455423,0.361727711663783,0.9555213316913291,0.6574074792648006,0.6582188408733042,0.06103399592616388,0.9389660040738361,1.0,0.484937140600187,0.22510804103118576,0.03489677695051829,0.02307877237944378,0.029136466183458942,0.015031964842641354,0.005199339403711576,0.0,0.0,0.009531856904494075,0.019604609278964867,0.005500107938147279,0.004332517500782499,0.014104501340817588,0.7194482246555802,0.015272091778182367,0.7790051594942443,0.029136466183458942,0.03987312105817945,0.03661696704574763,0.0030654284019179206,0.39235561929707463,0.009531856904494075,0.019604609278964867,0.030341264153685377,0.027085110141253553,-0.01073665487472051,-0.5476597223613431,-0.007480500862288686,-0.38156847483387635
3,2000,5,1.0,1.0,1.0,1.0,3,False,10,0.6,0.1465,0.4965,0.009531856904494075,baseline_oracle_quantile,,0.09379827884005475,0.3025471902620077,0.3025471902620077,0.8944489120683862,0.0002128166804900882,0.002609761824702552,0.2990904968578596,0.9970719562942333,0.002928043705766714,0.7766373727419369,0.46550880371162395,0.29602627674197823,0.06050297897756585,0.04988862305983621,0.029136466183458942,0.017447031439517376,0.004092469477015256,0.0007721244920160273,0.34506871538136896,0.009531856904494075,0.019604609278964867,0.0079151745350233,0.005439387427478819,0.011689434743941567,0.5962595110979316,0.014165221851486047,0.7225454815202508,0.029136466183458942,0.03987312105817945,0.03661696704574763,0.0030654284019179206,0.39235561929707463,0.009531856904494075,0.019604609278964867,0.030341264153685377,0.027085110141253553,-0.01073665487472051,-0.5476597223613431,-0.007480500862288686,-0.38156847483387635
4,2000,5,1.0,1.0,1.0,1.0,3,False,10,0.6,0.1435,0.5045,0.008614776787008826,1A_predicted_prob,,0.030297622746986733,0.12125398033591615,0.12125398033591614,0.35187483966929367,0.008742186469112487,0.09391107544575218,0.15150936719471944,0.9890468956151427,0.010953104384857304,1.0,0.3508394633772226,0.8407406034127578,0.0990327559249522,0.0711044005685787,0.0040000000000000036,-0.001775129311783934,0.0012317412354860904,0.0,0.0,0.008614776787008826,0.004614776787008822,0.01038990609879276,0.007383035551522735,-0.005775129311783938,-1.2514428277531549,-0.002768258764513913,-0.5998683993355671,0.0040000000000000036,0.0019941750072701627,0.005506369075798263,0.0,0.0,0.008614776787008826,0.004614776787008822,0.006620601779738663,0.0031084077112105623,-0.002005824992729841,-0.4346526571721716,0.0015063690757982596,0.3264229550687865
4,2000,5,1.0,1.0,1.0,1.0,3,False,10,0.6,0.1435,0.5045,0.008614776787008826,1B_residual,,0.03343200079494937,0.1266057269539653,0.1266057269539653,0.36823277477097743,0.019959427836087885,0.09587201438473361,0.1613547389972663,0.9806589910008809,0.019341008999119058,0.7201064810934755,0.3728939270846914,0.7545488177448909,0.036097841608300985,0.019412395769765056,0.0040000000000000036,0.007595163491937667,0.0010659157898831974,0.0,0.0,0.008614776787008826,0.004614776787008822,0.0010196132950711584,0.007548860997125628,0.0035951634919376635,0.7790546884214425,-0.002934084210116806,-0.6358019781967836,0.0040000000000000036,0.0019941750072701627,0.005506369075798263,0.0,0.0,0.008614776787008826,0.004614776787008822,0.006620601779738663,0.0031084077112105623,-0.002005824992729841,-0.4346526571721716,0.0015063690757982596,0.3264229550687865
4,2000,5,1.0,1.0,1.0,1.0,3,False,10,0.6,0.1435,0.5045,0.008614776787008826,1C_cv_decision,,0.030297622746986733,0.12125398033591615,0.12125398033591614,0.35187483966929367,0.008742186469112487,0.09391107544575218,0.15150936719471944,0.9890468956151427,0.010953104384857304,1.0,0.3508394633772226,0.8407406034127578,0.0990327559249522,0.0711044005685787,0.0040000000000000036,-0.001775129311783934,0.0012317412354860904,0.0,0.0,0.008614776787008826,0.004614776787008822,0.01038990609879276,0.007383035551522735,-0.005775129311783938,-1.2514428277531549,-0.002768258764513913,-0.5998683993355671,0.0040000000000000036,0.0019941750072701627,0.005506369075798263,0.0,0.0,0.008614776787008826,0.004614776787008822,0.006620601779738663,0.0031084077112105623,-0.002005824992729841,-0.4346526571721716,0.0015063690757982596,0.3264229550687865
4,2000,5,1.0,1.0,1.0,1.0,3,False,10,0.6,0.1435,0.5045,0.008614776787008826,PS_propensity_score,,0.0030511408478840997,0.027136612270745077,0.027136612270745077,0.06486114703917781,0.0067479319130928535,0.010927256337758165,0.02751211176334294,0.9904979238446578,0.009502076155342154,1.0,0.042520886262114366,0.14321629895757138,0.007458657746998498,0.003005116081463255,0.0040000000000000036,-0.001787232045745494,-0.0028325055298887695,0.0,0.0,0.008614776787008826,0.004614776787008822,0.01040200883275432,0.011447282316897595,-0.0057872320457454975,-1.2540654321650582,-0.006832505529888773,-1.480571183664427,0.0040000000000000036,0.0019941750072701627,0.005506369075798263,0.0,0.0,0.008614776787008826,0.004614776787008822,0.006620601779738663,0.0031084077112105623,-0.002005824992729841,-0.4346526571721716,0.0015063690757982596,0.3264229550687865
4,2000,5,1.0,1.0,1.0,1.0,3,False,10,0.6,0.1435,0.5045,0.008614776787008826,GMM,,0.0015173270346080145,0.030849222295633253,0.03084922229563325,0.0611999266107655,0.0108506690239367,0.022716178223567675,0.03158892461942329,0.9875553860568718,0.012444613943128235,1.0,0.020987369204522932,0.04226065845006888,0.04308106419758606,0.022680320521628605,0.0040000000000000036,0.0043998269471962155,0.00404276504280979,0.0,0.0,0.008614776787008826,0.004614776787008822,0.00421494983981261,0.004572011744199036,0.0003998269471962119,0.08664058212344639,4.276504280978626e-05,0.009266979700984779,0.0040000000000000036,0.0019941750072701627,0.005506369075798263,0.0,0.0,0.008614776787008826,0.004614776787008822,0.006620601779738663,0.0031084077112105623,-0.002005824992729841,-0.4346526571721716,0.0015063690757982596,0.3264229550687865
4,2000,5,1.0,1.0,1.0,1.0,3,False,10,0.6,0.1435,0.5045,0.008614776787008826,Prognostic_score,,0.026710518442295186,0.11914185797178956,0.11914185797178957,0.3488739933711449,0.008932543076208856,0.08114287262863329,0.14631646969199566,0.9888734593019701,0.011126540698029874,1.0,0.3190353821389328,0.8605026673995542,0.09328144815412642,0.056683337062868766,0.0040000000000000036,-0.004235142170239193,0.005614603080512824,0.0,0.0,0.008614776787008826,0.004614776787008822,0.012849918957248019,0.0030001737064960015,-0.008235142170239197,-1.7845158174111821,0.0016146030805128204,0.34987674486404874,0.0040000000000000036,0.0019941750072701627,0.005506369075798263,0.0,0.0,0.008614776787008826,0.004614776787008822,0.006620601779738663,0.0031084077112105623,-0.002005824992729841,-0.4346526571721716,0.0015063690757982596,0.3264229550687865
4,2000,5,1.0,1.0,1.0,1.0,3,False,10,0.6,0.1435,0.5045,0.008614776787008826,2A_PCA_cum60,,0.01251988830709718,0.058043219642171476,0.05804321964217147,0.13587787710636948,0.004476438665453338,0.06171714381376325,0.06735715319519535,0.9921359415600922,0.007864058439907784,1.0,0.13525656727067048,0.20926240442146038,0.04012832767639174,0.014022179253730949,0.0040000000000000036,-0.00036417026467984166,-0.0023260384748204693,0.0,0.0,0.008614776787008826,0.004614776787008822,0.008978947051688667,0.010940815261829294,-0.0043641702646798446,-0.9456947683722285,-0.006326038474820472,-1.3708222015480938,0.0040000000000000036,0.0019941750072701627,0.005506369075798263,0.0,0.0,0.008614776787008826,0.004614776787008822,0.006620601779738663,0.0031084077112105623,-0.002005824992729841,-0.4346526571721716,0.0015063690757982596,0.3264229550687865
4,2000,5,1.0,1.0,1.0,1.0,3,False,10,0.6,0.1435,0.5045,0.008614776787008826,2B_clustering,,0.02065767814431941,0.0961121136045234,0.0961121136045234,0.2674737380725568,0.015925027104087046,0.10215250621846932,0.12851709046503773,0.983828453050114,0.016171546949885984,1.0,0.212080839179014,0.4823402220366061,0.05545636612129823,0.028369063802502703,0.0040000000000000036,-0.009231108559712351,-0.010354364105457077,0.0,0.0,0.008614776787008826,0.004614776787008822,0.01784588534672118,0.018969140892465902,-0.013231108559712356,-2.8671177763049327,-0.01435436410545708,-3.11052186659741,0.0040000000000000036,0.0019941750072701627,0.005506369075798263,0.0,0.0,0.008614776787008826,0.004614776787008822,0.006620601779738663,0.0031084077112105623,-0.002005824992729841,-0.4346526571721716,0.0015063690757982596,0.3264229550687865
4,2000,5,1.0,1.0,1.0,1.0,3,False,10,0.6,0.1435,0.5045,0.008614776787008826,baseline_random,,-4.430131114561749e-05,0.017995860254776407,0.017995860254776404,0.007136316586099675,0.005279648795595917,0.002692950576142797,0.005036305319279463,0.9915684236622697,0.008431576337730284,1.0,0.009046269217318326,0.0013464234751969784,0.011472742439978978,0.0113078921187586,0.0040000000000000036,0.004452734237533935,0.0072254704506426945,0.0,0.0,0.008614776787008826,0.004614776787008822,0.00416204254947489,0.001389306336366131,0.00045273423753393154,0.09810533822750334,0.003225470450642691,0.6989439792023737,0.0040000000000000036,0.0019941750072701627,0.005506369075798263,0.0,0.0,0.008614776787008826,0.004614776787008822,0.006620601779738663,0.0031084077112105623,-0.002005824992729841,-0.4346526571721716,0.0015063690757982596,0.3264229550687865
4,2000,5,1.0,1.0,1.0,1.0,3,False,10,0.6,0.1435,0.5045,0.008614776787008826,baseline_oracle_kmeans,,0.3660958965908719,0.6316948050617627,0.6316948050617627,0.35755550430535105,0.9804702476803928,0.6644412403111393,0.6674889974322943,0.03245699741272928,0.9675430025872707,1.0,0.4125594736856334,0.24777542524297846,0.05140727610330609,0.03940751323860303,0.0040000000000000036,-0.010783797696676431,-0.0039046517134489135,0.0,0.0,0.008614776787008826,0.004614776787008822,0.019398574483685257,0.012519428500457739,-0.014783797696676435,-3.2035780665046873,-0.007904651713448917,-1.712900120261831,0.0040000000000000036,0.0019941750072701627,0.005506369075798263,0.0,0.0,0.008614776787008826,0.004614776787008822,0.006620601779738663,0.0031084077112105623,-0.002005824992729841,-0.4346526571721716,0.0015063690757982596,0.3264229550687865
4,2000,5,1.0,1.0,1.0,1.0,3,False,10,0.6,0.1435,0.5045,0.008614776787008826,baseline_oracle_quantile,,0.10336086451740094,0.3379889396402805,0.33798893964028043,0.907253985745319,0.0030703925032070914,0.003562580070084923,0.30462898610620365,0.9931565548049238,0.006843445195076181,1.0,0.4459542316645926,0.3286278488091495,0.016133364711682918,0.007395673265898961,0.0040000000000000036,-0.011347686073524897,-0.010292376547143328,0.0,0.0,0.008614776787008826,0.004614776787008822,0.01996246286053372,0.018907153334152153,-0.015347686073524899,-3.325769973692025,-0.014292376547143331,-3.0970894599665515,0.0040000000000000036,0.0019941750072701627,0.005506369075798263,0.0,0.0,0.008614776787008826,0.004614776787008822,0.006620601779738663,0.0031084077112105623,-0.002005824992729841,-0.4346526571721716,0.0015063690757982596,0.3264229550687865
5,2000,5,1.0,1.0,1.0,1.0,3,False,10,0.6,0.157,0.493,0.009254519813627418,1A_predicted_prob,,0.021990445929708936,0.09398170564145208,0.09398170564145208,0.31445705678398406,0.013972326017689449,0.06089339223670471,0.12977425834612608,0.9893884288795157,0.010611571120484276,1.0,0.3239776036642761,0.8391891561207975,0.07323685993839146,0.041256239885739565,0.022568423410988553,0.008075623053779048,0.0011680514507079267,0.0,0.0,0.009254519813627418,0.013313903597361135,0.0011788967598483704,0.00808646836291949,0.012135006837512764,0.9114537106846686,0.005227435234441644,0.39262979457638114,0.022568423410988553,0.015448232769274511,0.00850503531884226,0.006105252998883074,0.5475785903727515,0.009254519813627418,0.013313903597361135,0.006193712955647093,0.0007494844947851589,0.0071201906417140415,0.5347936155347625,0.012564419102575976,0.9437066304931253
5,2000,5,1.0,1.0,1.0,1.0,3,False,10,0.6,0.157,0.493,0.009254519813627418,1B_residual,,0.022846704457375345,0.09931203063401597,0.09931203063401599,0.3201007849830681,0.008996741708421893,0.06718501934144426,0.13209418201097808,0.9930059987162758,0.006994001283724183,1.0,0.34498062669675056,0.687992063939135,0.054241775214615595,0.03377597852023584,0.022568423410988553,-0.0028973554899349536,0.000730621082986864,0.0,0.0,0.009254519813627418,0.013313903597361135,0.012151875303562373,0.008523898730640554,0.001162028293798762,0.08727930807829198,0.004790004866720581,0.3597746394731278,0.022568423410988553,0.015448232769274511,0.00850503531884226,0.006105252998883074,0.5475785903727515,0.009254519813627418,0.013313903597361135,0.006193712955647093,0.0007494844947851589,0.0071201906417140415,0.5347936155347625,0.012564419102575976,0.9437066304931253
5,2000,5,1.0,1.0,1.0,1.0,3,False,10,0.6,0.157,0.493,0.009254519813627418,1C_cv_decision,,0.021990445929708936,0.09398170564145208,0.09398170564145208,0.31445705678398406,0.013972326017689449,0.06089339223670471,0.12977425834612608,0.9893884288795157,0.010611571120484276,1.0,0.3239776036642761,0.8391891561207975,0.07323685993839146,0.041256239885739565,0.022568423410988553,0.008075623053779048,0.0011680514507079267,0.0,0.0,0.009254519813627418,0.013313903597361135,0.0011788967598483704,0.00808646836291949,0.012135006837512764,0.9114537106846686,0.005227435234441644,0.39262979457638114,0.022568423410988553,0.015448232769274511,0.00850503531884226,0.006105252998883074,0.5475785903727515,0.009254519813627418,0.013313903597361135,0.006193712955647093,0.0007494844947851589,0.0071201906417140415,0.5347936155347625,0.012564419102575976,0.9437066304931253
5,2000,5,1.0,1.0,1.0,1.0,3,False,10,0.6,0.157,0.493,0.009254519813627418,PS_propensity_score,,0.0020698029255475136,0.021778867177000814,0.021778867177000807,0.024273340447514575,0.012309190280370022,0.018928557509666114,0.01850369607918357,0.9906048520958551,0.009395147904144863,1.0,0.036099216980027715,0.10275409636757737,0.015181637641294765,0.008697709887124594,0.022568423410988553,0.01727739049616227,0.014730055123880098,0.0,0.0,0.009254519813627418,0.013313903597361135,0.008022870682534853,0.00547553531025268,0.005291032914826282,0.39740658148335883,0.007838368287108455,0.5887355447475261,0.022568423410988553,0.015448232769274511,0.00850503531884226,0.006105252998883074,0.5475785903727515,0.009254519813627418,0.013313903597361135,0.006193712955647093,0.0007494844947851589,0.0071201906417140415,0.5347936155347625,0.012564419102575976,0.9437066304931253
5,2000,5,1.0,1.0,1.0,1.0,3,False,10,0.6,0.157,0.493,0.009254519813627418,GMM,,0.0076021010617112654,0.03458984230110778,0.03458984230110778,0.03976334023569635,0.03844393886348416,0.014536820231303938,0.03091469977682815,0.9713372316758409,0.02866276832415915,0.35257646638233064,0.03986162863856135,0.07387424209774962,0.13712150891380803,0.07360830522100481,0.022568423410988553,0.023919927453208242,0.025505914227638996,0.005480871476004082,0.674676353040925,0.009254519813627418,0.013313903597361135,0.014665407639580824,0.016251394414011577,-0.0013515040422196894,-0.1015107276642413,-0.0029374908166504426,-0.22063332479233688,0.022568423410988553,0.015448232769274511,0.00850503531884226,0.006105252998883074,0.5475785903727515,0.009254519813627418,0.013313903597361135,0.006193712955647093,0.0007494844947851589,0.0071201906417140415,0.5347936155347625,0.012564419102575976,0.9437066304931253
5,2000,5,1.0,1.0,1.0,1.0,3,False,10,0.6,0.157,0.493,0.009254519813627418,Prognostic_score,,0.01918946790455312,0.08415411918591359,0.08415411918591359,0.29773543140175474,0.014653348158443298,0.04867795105524051,0.12035557687181286,0.9888853040294574,0.011114695970542599,1.0,0.29628868864755875,0.7703300805440877,0.06677474924946758,0.033900733577203135,0.022568423410988553,0.011357909397124484,-0.00033022431258034036,0.0,0.0,0.009254519813627418,0.013313903597361135,0.0021033895834970655,0.009584744126207759,0.01121051401386407,0.8420155615432002,0.003729159471153376,0.28009512340862297,0.022568423410988553,0.015448232769274511,0.00850503531884226,0.006105252998883074,0.5475785903727515,0.009254519813627418,0.013313903597361135,0.006193712955647093,0.0007494844947851589,0.0071201906417140415,0.5347936155347625,0.012564419102575976,0.9437066304931253
5,2000,5,1.0,1.0,1.0,1.0,3,False,10,0.6,0.157,0.493,0.009254519813627418,2A_PCA_cum60,,0.018232249905585064,0.061696816397589685,0.061696816397589685,0.10909241085192001,0.04658179699055283,0.07001785464940427,0.07523068749729236,0.9655216276394367,0.03447837236056328,1.0,0.16408597416058968,0.29260172021540864,0.0032222055522183046,0.009212020594567494,0.022568423410988553,0.021424523890736832,0.018786701962685212,0.0,0.0,0.009254519813627418,0.013313903597361135,0.012170004077109414,0.009532182149057794,0.0011438995202517205,0.08591766583606975,0.0037817214483033407,0.2840430246958444,0.022568423410988553,0.015448232769274511,0.00850503531884226,0.006105252998883074,0.5475785903727515,0.009254519813627418,0.013313903597361135,0.006193712955647093,0.0007494844947851589,0.0071201906417140415,0.5347936155347625,0.012564419102575976,0.9437066304931253
5,2000,5,1.0,1.0,1.0,1.0,3,False,10,0.6,0.157,0.493,0.009254519813627418,2B_clustering,,0.014744799834994554,0.06986989525377917,0.06986989525377917,0.22309167252702344,0.021240571853742646,0.04985379424069732,0.09806201287382114,0.9840729443433887,0.015927055656611344,1.0,0.18315085563403033,0.5211999598588004,0.06227993279289479,0.036728299972851985,0.022568423410988553,0.017728595020725834,0.015275553023201948,0.0,0.0,0.009254519813627418,0.013313903597361135,0.008474075207098416,0.00602103320957453,0.004839828390262719,0.36351685701119174,0.007292870387786605,0.5477634965925455,0.022568423410988553,0.015448232769274511,0.00850503531884226,0.006105252998883074,0.5475785903727515,0.009254519813627418,0.013313903597361135,0.006193712955647093,0.0007494844947851589,0.0071201906417140415,0.5347936155347625,0.012564419102575976,0.9437066304931253
5,2000,5,1.0,1.0,1.0,1.0,3,False,10,0.6,0.157,0.493,0.009254519813627418,baseline_random,,-0.0010787123894677503,0.015639936214315947,0.015639936214315944,0.0021025542665704983,0.005009792237087083,0.0030601975493697404,0.0033908480176757737,0.9958945351726283,0.00410546482737173,1.0,0.0009085167753224432,0.0006196454808038432,0.007111454983031673,0.004510822252491331,0.022568423410988553,0.022123394814502543,0.02024595408573418,0.0,0.0,0.009254519813627418,0.013313903597361135,0.012868875000875125,0.010991434272106762,0.00044502859648601,0.033425853900145186,0.0023224693252543727,0.17443939775218853,0.022568423410988553,0.015448232769274511,0.00850503531884226,0.006105252998883074,0.5475785903727515,0.009254519813627418,0.013313903597361135,0.006193712955647093,0.0007494844947851589,0.0071201906417140415,0.5347936155347625,0.012564419102575976,0.9437066304931253
5,2000,5,1.0,1.0,1.0,1.0,3,False,10,0.6,0.157,0.493,0.009254519813627418,baseline_oracle_kmeans,,0.3998737680160919,0.666142811445502,0.666142811445502,0.23307778262281106,0.9921050078128676,0.7210439132622103,0.648742234565963,0.015225216892855815,0.9847747831071442,0.9879760810342073,0.39188859491415406,0.14774685616891503,0.04180477844985131,0.02049915027339777,0.022568423410988553,0.02114418451361615,0.02030346514073227,4.3381878058408396e-05,0.023868542124427898,0.009254519813627418,0.013313903597361135,0.011889664699988731,0.011048945327104851,0.0014242388973724034,0.10697380275869606,0.0022649582702562836,0.1701197739410707,0.022568423410988553,0.015448232769274511,0.00850503531884226,0.006105252998883074,0.5475785903727515,0.009254519813627418,0.013313903597361135,0.006193712955647093,0.0007494844947851589,0.0071201906417140415,0.5347936155347625,0.012564419102575976,0.9437066304931253
5,2000,5,1.0,1.0,1.0,1.0,3,False,10,0.6,0.157,0.493,0.009254519813627418,baseline_oracle_quantile,,0.08662340519548062,0.2864752838057205,0.2864752838057205,0.9002401030151305,0.0011278378023508275,0.002569638939776239,0.3013125265857525,0.9986989336815195,0.0013010663184804816,0.9023972008777341,0.42862036339860476,0.29504302229608115,0.011984337703878634,0.006052570195426155,0.022568423410988553,0.016232958365750075,0.008776653731807148,0.0004421315210376325,0.21103424942003515,0.009254519813627418,0.013313903597361135,0.006978438552122657,0.0004778660818202697,0.006335465045238478,0.47585330620045885,0.012836037515540865,0.9641077405791804,0.022568423410988553,0.015448232769274511,0.00850503531884226,0.006105252998883074,0.5475785903727515,0.009254519813627418,0.013313903597361135,0.006193712955647093,0.0007494844947851589,0.0071201906417140415,0.5347936155347625,0.012564419102575976,0.9437066304931253
6,2000,5,1.0,1.0,1.0,1.0,3,False,10,0.6,0.1435,0.4855,0.009581583680036218,1A_predicted_prob,,0.034133224710218166,0.11369367684902769,0.11369367684902772,0.2764551653688609,0.005723483717984599,0.12783299396188005,0.1366705476829085,0.9951255888609075,0.004874411139092483,1.0,0.37226990987913466,0.8378771198810956,0.023001692905647353,0.018670371379563733,0.036686979231438877,0.02150747562141238,0.011921629369474341,0.0,0.0,0.009581583680036218,0.027105395551402657,0.011925891941376164,0.0023400456894381236,0.015179503610026493,0.5600177861725018,0.024765349861964533,0.9136686389615506,0.036686979231438877,0.04248829048136705,0.04188402297429461,0.0,0.0,0.009581583680036218,0.027105395551402657,0.03290670680133083,0.03230243929425839,-0.005801311249928172,-0.21402791333284799,-0.005197043742855734,-0.1917346578838912
6,2000,5,1.0,1.0,1.0,1.0,3,False,10,0.6,0.1435,0.4855,0.009581583680036218,1B_residual,,0.04108042931149075,0.1274344823949771,0.12743448239497707,0.30657025230333085,0.016505839285641304,0.14086101178146193,0.15464570112347803,0.9871994444834857,0.012800555516514267,1.0,0.4066202140309073,0.7233862469200345,0.012098244713071526,0.011479636362684897,0.036686979231438877,0.005500332143369601,0.0010321851324032625,0.0,0.0,0.009581583680036218,0.027105395551402657,0.004081251536666617,0.008549398547632956,0.023024144014736042,0.8494302904037341,0.0185559970037697,0.6845868369114968,0.036686979231438877,0.04248829048136705,0.04188402297429461,0.0,0.0,0.009581583680036218,0.027105395551402657,0.03290670680133083,0.03230243929425839,-0.005801311249928172,-0.21402791333284799,-0.005197043742855734,-0.1917346578838912
6,2000,5,1.0,1.0,1.0,1.0,3,False,10,0.6,0.1435,0.4855,0.009581583680036218,1C_cv_decision,,0.034133224710218166,0.11369367684902769,0.11369367684902772,0.2764551653688609,0.005723483717984599,0.12783299396188005,0.1366705476829085,0.9951255888609075,0.004874411139092483,1.0,0.37226990987913466,0.8378771198810956,0.023001692905647353,0.018670371379563733,0.036686979231438877,0.02150747562141238,0.011921629369474341,0.0,0.0,0.009581583680036218,0.027105395551402657,0.011925891941376164,0.0023400456894381236,0.015179503610026493,0.5600177861725018,0.024765349861964533,0.9136686389615506,0.036686979231438877,0.04248829048136705,0.04188402297429461,0.0,0.0,0.009581583680036218,0.027105395551402657,0.03290670680133083,0.03230243929425839,-0.005801311249928172,-0.21402791333284799,-0.005197043742855734,-0.1917346578838912
6,2000,5,1.0,1.0,1.0,1.0,3,False,10,0.6,0.1435,0.4855,0.009581583680036218,PS_propensity_score,,-0.0002517902395831524,0.01938952966313868,0.01938952966313868,0.034647641006141094,0.0007192022127615684,0.006424221841161659,0.013930355020021441,0.9987423913523192,0.0012576086476807635,1.0,0.03329284269840682,0.07861187735364283,0.01928338212904679,0.03306939483811189,0.036686979231438877,0.024408412926869207,0.017923933361470298,0.0,0.0,0.009581583680036218,0.027105395551402657,0.01482682924683299,0.00834234968143408,0.012278566304569668,0.4529934374609882,0.018763045869968575,0.6922254956355958,0.036686979231438877,0.04248829048136705,0.04188402297429461,0.0,0.0,0.009581583680036218,0.027105395551402657,0.03290670680133083,0.03230243929425839,-0.005801311249928172,-0.21402791333284799,-0.005197043742855734,-0.1917346578838912
6,2000,5,1.0,1.0,1.0,1.0,3,False,10,0.6,0.1435,0.4855,0.009581583680036218,GMM,,0.0029287347380854587,0.027548233429989532,0.027548233429989532,0.03957813762100799,0.0022369624103594377,0.01855328705238192,0.020122795694583116,0.9976468438560363,0.002353156143963697,0.8178620093519955,0.02277142675881416,0.028723546287167445,0.043033746066514555,0.10012502782128674,0.036686979231438877,0.03581931738691872,0.036204691053656306,0.0012085454565072418,0.33072256125877647,0.009581583680036218,0.027105395551402657,0.026237733706882503,0.026623107373620086,0.0008676618445201539,0.0320106689782379,0.00048228817778257077,0.017793069164696695,0.036686979231438877,0.04248829048136705,0.04188402297429461,0.0,0.0,0.009581583680036218,0.027105395551402657,0.03290670680133083,0.03230243929425839,-0.005801311249928172,-0.21402791333284799,-0.005197043742855734,-0.1917346578838912
6,2000,5,1.0,1.0,1.0,1.0,3,False,10,0.6,0.1435,0.4855,0.009581583680036218,Prognostic_score,,0.03381576116466354,0.1026528115952489,0.1026528115952489,0.2260661618550284,0.0006769607410093786,0.1494446502500552,0.12539592428203097,0.9987727064775169,0.001227293522483075,1.0,0.3371095996620591,0.7205836101901901,0.016540009638513542,0.017874911913086433,0.036686979231438877,0.027284240996513356,0.00955002440183636,3.6019441201535338e-06,0.0022786605149512653,0.009581583680036218,0.027105395551402657,0.01770265731647714,3.1559278199857696e-05,0.009402738234925517,0.34689544438095987,0.027073836273202798,0.9988356828019717,0.036686979231438877,0.04248829048136705,0.04188402297429461,0.0,0.0,0.009581583680036218,0.027105395551402657,0.03290670680133083,0.03230243929425839,-0.005801311249928172,-0.21402791333284799,-0.005197043742855734,-0.1917346578838912
6,2000,5,1.0,1.0,1.0,1.0,3,False,10,0.6,0.1435,0.4855,0.009581583680036218,2A_PCA_cum60,,0.01806620822671481,0.0656644305277121,0.06566443052771212,0.11852401800021,0.022591938567594876,0.06626905576201139,0.06912833744327208,0.9827765752829023,0.0172234247170977,0.4108408528238844,0.15328565551418194,0.32600991981298677,0.1232233691627298,0.0662750189648702,0.036686979231438877,0.03425126356115992,0.02619969904009095,0.003522798551476221,0.6513735832773643,0.009581583680036218,0.027105395551402657,0.0246696798811237,0.016618115360054732,0.0024357156702789554,0.08986091590730949,0.010487280191347925,0.3869074764638595,0.036686979231438877,0.04248829048136705,0.04188402297429461,0.0,0.0,0.009581583680036218,0.027105395551402657,0.03290670680133083,0.03230243929425839,-0.005801311249928172,-0.21402791333284799,-0.005197043742855734,-0.1917346578838912
6,2000,5,1.0,1.0,1.0,1.0,3,False,10,0.6,0.1435,0.4855,0.009581583680036218,2B_clustering,,0.01699605596556664,0.08005688855265254,0.08005688855265254,0.2397371287864735,0.01146995563418714,0.06900358803134948,0.10673689081733671,0.9909552788769244,0.009044721123075639,1.0,0.2275747052983047,0.48999544341535983,0.06406262291519638,0.05802361481022511,0.036686979231438877,0.03658462897823497,0.023919625021839808,0.00018080438257117297,0.09213360611289519,0.009581583680036218,0.027105395551402657,0.027003045298198754,0.01433804134180359,0.00010235025320390334,0.0037760103153561264,0.012767354209599067,0.4710263012169317,0.036686979231438877,0.04248829048136705,0.04188402297429461,0.0,0.0,0.009581583680036218,0.027105395551402657,0.03290670680133083,0.03230243929425839,-0.005801311249928172,-0.21402791333284799,-0.005197043742855734,-0.1917346578838912
6,2000,5,1.0,1.0,1.0,1.0,3,False,10,0.6,0.1435,0.4855,0.009581583680036218,baseline_random,,-0.00012921397863225389,0.015459446748053954,0.015459446748053956,0.003671548653051456,0.006631687590565282,0.003633022231767786,0.004645419491794841,0.994473443051997,0.00552655694800297,0.3337172721466223,0.005131225873178602,0.00015764767050585604,0.004073229078082052,0.004972547522036352,0.036686979231438877,0.03761705319506543,0.03394538922860363,0.005590711319261984,0.7035197152896575,0.009581583680036218,0.027105395551402657,0.028035469515029207,0.02436380554856741,-0.0009300739636265501,-0.034313240766501885,0.002741590002835248,0.10114554490216154,0.036686979231438877,0.04248829048136705,0.04188402297429461,0.0,0.0,0.009581583680036218,0.027105395551402657,0.03290670680133083,0.03230243929425839,-0.005801311249928172,-0.21402791333284799,-0.005197043742855734,-0.1917346578838912
6,2000,5,1.0,1.0,1.0,1.0,3,False,10,0.6,0.1435,0.4855,0.009581583680036218,baseline_oracle_kmeans,,0.3856322912951451,0.6371593077482329,0.6371593077482328,0.34984396460731176,0.9520478667124836,0.6602553842980872,0.6540490718726275,0.06565246697130041,0.9343475330286996,1.0,0.4104494626289408,0.1578770358190994,0.008555752836290842,0.008053515718215554,0.036686979231438877,0.024723486082462293,0.02076526670388359,0.0,0.0,0.009581583680036218,0.027105395551402657,0.015141902402426076,0.011183683023847374,0.011963493148976581,0.44136943606998913,0.015921712527555282,0.5874001173442149,0.036686979231438877,0.04248829048136705,0.04188402297429461,0.0,0.0,0.009581583680036218,0.027105395551402657,0.03290670680133083,0.03230243929425839,-0.005801311249928172,-0.21402791333284799,-0.005197043742855734,-0.1917346578838912
6,2000,5,1.0,1.0,1.0,1.0,3,False,10,0.6,0.1435,0.4855,0.009581583680036218,baseline_oracle_quantile,,0.08995979813532233,0.29727377275544375,0.29727377275544375,0.8986217526914632,0.007861942043858814,0.00012976105361806286,0.30220448526298,0.9935821657236186,0.006417834276381429,0.7189920878901508,0.42318897402645916,0.3213689111798038,0.002950370777557887,0.01094804496278401,0.036686979231438877,0.028043434632519872,0.017490317750928307,0.0009303925015145193,0.3911137911171905,0.009581583680036218,0.027105395551402657,0.018461850952483656,0.00790873407089209,0.008643544598919,0.31888649558820814,0.019196661480510566,0.7082228866244002,0.036686979231438877,0.04248829048136705,0.04188402297429461,0.0,0.0,0.009581583680036218,0.027105395551402657,0.03290670680133083,0.03230243929425839,-0.005801311249928172,-0.21402791333284799,-0.005197043742855734,-0.1917346578838912
7,2000,5,1.0,1.0,1.0,1.0,3,False,10,0.6,0.133,0.497,0.009001698456589411,1A_predicted_prob,,0.033348898234273054,0.11222789796831585,0.11222789796831587,0.3078019050846366,0.0013565054463741718,0.11661323940203744,0.14192388331101607,0.9983713349707095,0.001628665029290488,0.7915041874876901,0.36355995326336077,0.7686587926795415,0.12492973061930057,0.04844309346413833,0.03795442908346135,0.014578326723534237,0.015150030631518072,0.0003202704147866205,0.19104153653559452,0.009001698456589411,0.028952730626871936,0.005576628266944826,0.006148332174928661,0.02337610235992711,0.8073885210064096,0.022804398451943275,0.7876424074065677,0.03795442908346135,0.02787836809562382,0.028474041084974124,0.0,0.0,0.009001698456589411,0.028952730626871936,0.018876669639034407,0.019472342628384712,0.010076060987837528,0.3480176401215027,0.009480387998487223,0.3274436570652227
7,2000,5,1.0,1.0,1.0,1.0,3,False,10,0.6,0.133,0.497,0.009001698456589411,1B_residual,,0.03576199423016695,0.11980442955851846,0.11980442955851847,0.3072962989266791,0.008312147774440169,0.12359522933625418,0.14640122534579114,0.9933449096117039,0.006655090388296148,1.0,0.37950091434605104,0.6542294127349186,0.1035287467221161,0.031379061715832046,0.03795442908346135,0.001001251792583065,0.002197662763034005,0.0,0.0,0.009001698456589411,0.028952730626871936,0.008000446664006346,0.006804035693555406,0.020952283962865588,0.7236721203567279,0.02214869493331653,0.7649950265057084,0.03795442908346135,0.02787836809562382,0.028474041084974124,0.0,0.0,0.009001698456589411,0.028952730626871936,0.018876669639034407,0.019472342628384712,0.010076060987837528,0.3480176401215027,0.009480387998487223,0.3274436570652227
7,2000,5,1.0,1.0,1.0,1.0,3,False,10,0.6,0.133,0.497,0.009001698456589411,1C_cv_decision,,0.033348898234273054,0.11222789796831585,0.11222789796831587,0.3078019050846366,0.0013565054463741718,0.11661323940203744,0.14192388331101607,0.9983713349707095,0.001628665029290488,0.7915041874876901,0.36355995326336077,0.7686587926795415,0.12492973061930057,0.04844309346413833,0.03795442908346135,0.014578326723534237,0.015150030631518072,0.0003202704147866205,0.19104153653559452,0.009001698456589411,0.028952730626871936,0.005576628266944826,0.006148332174928661,0.02337610235992711,0.8073885210064096,0.022804398451943275,0.7876424074065677,0.03795442908346135,0.02787836809562382,0.028474041084974124,0.0,0.0,0.009001698456589411,0.028952730626871936,0.018876669639034407,0.019472342628384712,0.010076060987837528,0.3480176401215027,0.009480387998487223,0.3274436570652227
7,2000,5,1.0,1.0,1.0,1.0,3,False,10,0.6,0.133,0.497,0.009001698456589411,PS_propensity_score,,0.002335154323042542,0.030985851346274497,0.0309858513462745,0.07854639444999749,0.008732953292566471,0.00868717824346629,0.031988841995343416,0.9930246797355207,0.006975320264479334,0.613402778487701,0.06805831030737663,0.13964978661469796,0.10149969952074334,0.02336885329661742,0.03795442908346135,0.02031601677028248,0.029135312837144583,0.0005349292681785735,0.20236047390538855,0.009001698456589411,0.028952730626871936,0.011314318313693068,0.020133614380555172,0.017638412313178867,0.6092141200943618,0.008819116246316764,0.30460395463118994,0.03795442908346135,0.02787836809562382,0.028474041084974124,0.0,0.0,0.009001698456589411,0.028952730626871936,0.018876669639034407,0.019472342628384712,0.010076060987837528,0.3480176401215027,0.009480387998487223,0.3274436570652227
7,2000,5,1.0,1.0,1.0,1.0,3,False,10,0.6,0.133,0.497,0.009001698456589411,GMM,,0.006171766266158661,0.03472902838050366,0.03472902838050366,0.07192153698123276,0.003966850891055774,0.023451287927004506,0.03311322526643101,0.9964872821280732,0.0035127178719267516,1.0,0.08652086562173078,0.12595043948976514,0.1534241659329132,0.0492934058866169,0.03795442908346135,0.03469973353029121,0.03173049596113644,0.0,0.0,0.009001698456589411,0.028952730626871936,0.0256980350737018,0.022728797504547028,0.0032546955531701366,0.11241411371918586,0.006223933122324908,0.21496877798974445,0.03795442908346135,0.02787836809562382,0.028474041084974124,0.0,0.0,0.009001698456589411,0.028952730626871936,0.018876669639034407,0.019472342628384712,0.010076060987837528,0.3480176401215027,0.009480387998487223,0.3274436570652227
7,2000,5,1.0,1.0,1.0,1.0,3,False,10,0.6,0.133,0.497,0.009001698456589411,Prognostic_score,,0.033069470643518395,0.11202415482217055,0.11202415482217057,0.3130336009709914,0.0028829609652350156,0.11378786495951308,0.1432348089652465,0.9972697585116593,0.002730241488340668,1.0,0.37073082761544207,0.811666353447044,0.1745022133279962,0.06270059749136392,0.03795442908346135,0.016113764687964906,0.013760872613647609,0.0,0.0,0.009001698456589411,0.028952730626871936,0.007112066231375495,0.004759174157058198,0.02184066439549644,0.7543559423450524,0.024193556469813738,0.8356226147235639,0.03795442908346135,0.02787836809562382,0.028474041084974124,0.0,0.0,0.009001698456589411,0.028952730626871936,0.018876669639034407,0.019472342628384712,0.010076060987837528,0.3480176401215027,0.009480387998487223,0.3274436570652227
7,2000,5,1.0,1.0,1.0,1.0,3,False,10,0.6,0.133,0.497,0.009001698456589411,2A_PCA_cum60,,0.011079853186661687,0.053695694246837476,0.053695694246837476,0.13845795913956188,0.006060149641198703,0.04377986921598343,0.06276599266558133,0.994964731000827,0.005035268999172948,1.0,0.13158848356092123,0.42666092012919987,0.008375196297059184,0.008023982459676615,0.03795442908346135,0.02493458954054749,0.029999875973688226,0.0,0.0,0.009001698456589411,0.028952730626871936,0.015932891083958078,0.020998177517098815,0.013019839542913858,0.44969297406544917,0.00795455310977312,0.27474275957896177,0.03795442908346135,0.02787836809562382,0.028474041084974124,0.0,0.0,0.009001698456589411,0.028952730626871936,0.018876669639034407,0.019472342628384712,0.010076060987837528,0.3480176401215027,0.009480387998487223,0.3274436570652227
7,2000,5,1.0,1.0,1.0,1.0,3,False,10,0.6,0.133,0.497,0.009001698456589411,2B_clustering,,0.02060473217525396,0.08719083286389087,0.0871908328638909,0.23818078701127685,0.01911961725077825,0.07098776605053644,0.10942939010419717,0.9854917011323838,0.014508298867616176,1.0,0.1581231385565366,0.47068510828923793,0.2049462945126177,0.047383000439616296,0.03795442908346135,0.028040472390020832,0.01862200184402699,0.0,0.0,0.009001698456589411,0.028952730626871936,0.01903877393343142,0.009620303387437579,0.009913956693440515,0.34241871073255736,0.019332427239434357,0.6677237974055312,0.03795442908346135,0.02787836809562382,0.028474041084974124,0.0,0.0,0.009001698456589411,0.028952730626871936,0.018876669639034407,0.019472342628384712,0.010076060987837528,0.3480176401215027,0.009480387998487223,0.3274436570652227
7,2000,5,1.0,1.0,1.0,1.0,3,False,10,0.6,0.133,0.497,0.009001698456589411,baseline_random,,-0.0021597885201215476,0.010737597504670881,0.010737597504670881,0.0012310327691277573,0.0005724484273282916,0.0008653803020941465,0.0008896204995167317,0.9989375051085316,0.0010624948914683685,0.8500014537689042,0.0008745464696022776,0.0008267312835251728,0.0036989356926666606,0.006594126057761884,0.03795442908346135,0.03645796202420906,0.037152979768895644,0.00026524391816591544,0.10548466779293826,0.009001698456589411,0.028952730626871936,0.02745626356761965,0.028151281312306233,0.001496467059252285,0.05168656036413255,0.0008014493145657026,0.027681303186714024,0.03795442908346135,0.02787836809562382,0.028474041084974124,0.0,0.0,0.009001698456589411,0.028952730626871936,0.018876669639034407,0.019472342628384712,0.010076060987837528,0.3480176401215027,0.009480387998487223,0.3274436570652227
7,2000,5,1.0,1.0,1.0,1.0,3,False,10,0.6,0.133,0.497,0.009001698456589411,baseline_oracle_kmeans,,0.37566182499696005,0.6358289733039295,0.6358289733039295,0.3132050757209801,0.969410671851858,0.6590639296381436,0.6472265590703272,0.0470840915686095,0.9529159084313905,0.3715338173928552,0.18491613543225105,0.15268052149214983,0.03160199090864324,0.009195243729542613,0.03795442908346135,0.02886333456498151,0.02597808540178757,0.003146405837841298,0.6570369708313195,0.009001698456589411,0.028952730626871936,0.0198616361083921,0.01697638694519816,0.009091094518479836,0.3139978275500587,0.011976343681673777,0.41365161151874763,0.03795442908346135,0.02787836809562382,0.028474041084974124,0.0,0.0,0.009001698456589411,0.028952730626871936,0.018876669639034407,0.019472342628384712,0.010076060987837528,0.3480176401215027,0.009480387998487223,0.3274436570652227
7,2000,5,1.0,1.0,1.0,1.0,3,False,10,0.6,0.133,0.497,0.009001698456589411,baseline_oracle_quantile,,0.09192656716605202,0.2965693611434623,0.2965693611434623,0.8985952100033895,0.004586843435299761,0.0032850457019495327,0.3021556997135463,0.9960397155008054,0.003960284499194611,1.0,0.41866016200351,0.30747406262588517,0.061534197516655786,0.021591043162685564,0.03795442908346135,0.021580187561754005,0.013580819208848075,0.0,0.0,0.009001698456589411,0.028952730626871936,0.012578489105164594,0.004579120752258664,0.01637424152170734,0.5655508536562661,0.02437360987461327,0.8418414894514772,0.03795442908346135,0.02787836809562382,0.028474041084974124,0.0,0.0,0.009001698456589411,0.028952730626871936,0.018876669639034407,0.019472342628384712,0.010076060987837528,0.3480176401215027,0.009480387998487223,0.3274436570652227
8,2000,5,1.0,1.0,1.0,1.0,3,False,10,0.6,0.149,0.4965,0.008933509131375715,1A_predicted_prob,,0.026216564437839072,0.10206180877219308,0.10206180877219306,0.3320075963800053,0.014860702046487982,0.06938829776238398,0.13875219872962577,0.9889302071597932,0.011069792840206816,1.0,0.3496389451299817,0.9197124392655873,0.0008284988090865308,0.0005718255208359002,0.004418545081967207,0.0016487568221183792,-0.004693585506631287,0.0,0.0,0.008933509131375715,0.004514964049408508,0.007284752309257336,0.013627094638007002,-0.002769788259848828,-0.613468508173767,-0.009112130588598494,-2.018206676483337,0.004418545081967207,0.006720884952896441,0.010709850920491407,0.0,0.0,0.008933509131375715,0.004514964049408508,0.0022126241784792737,0.001776341789115692,0.0023023398709292346,0.5099353717403037,0.0027386222602928164,0.6065656847592386
8,2000,5,1.0,1.0,1.0,1.0,3,False,10,0.6,0.149,0.4965,0.008933509131375715,1B_residual,,0.02681789386482469,0.1008846754365674,0.1008846754365674,0.3293227415858992,0.023965092602759093,0.07775878612760798,0.14368220677208876,0.9823053159164872,0.017694684083512824,0.2897487103489441,0.3420304057022634,0.7838680363101557,0.0007733697339635803,0.0030194537424328427,0.004418545081967207,-0.011442584892584885,0.0014998932198092574,2.259061013544973e-05,0.09779584125610462,0.008933509131375715,0.004514964049408508,0.0203760940239606,0.007433615911566458,-0.015861129974552093,-3.5130135702032916,-0.0029186518621579496,-0.6464396682273281,0.004418545081967207,0.006720884952896441,0.010709850920491407,0.0,0.0,0.008933509131375715,0.004514964049408508,0.0022126241784792737,0.001776341789115692,0.0023023398709292346,0.5099353717403037,0.0027386222602928164,0.6065656847592386
8,2000,5,1.0,1.0,1.0,1.0,3,False,10,0.6,0.149,0.4965,0.008933509131375715,1C_cv_decision,,0.026216564437839072,0.10206180877219308,0.10206180877219306,0.3320075963800053,0.014860702046487982,0.06938829776238398,0.13875219872962577,0.9889302071597932,0.011069792840206816,1.0,0.3496389451299817,0.9197124392655873,0.0008284988090865308,0.0005718255208359002,0.004418545081967207,0.0016487568221183792,-0.004693585506631287,0.0,0.0,0.008933509131375715,0.004514964049408508,0.007284752309257336,0.013627094638007002,-0.002769788259848828,-0.613468508173767,-0.009112130588598494,-2.018206676483337,0.004418545081967207,0.006720884952896441,0.010709850920491407,0.0,0.0,0.008933509131375715,0.004514964049408508,0.0022126241784792737,0.001776341789115692,0.0023023398709292346,0.5099353717403037,0.0027386222602928164,0.6065656847592386
8,2000,5,1.0,1.0,1.0,1.0,3,False,10,0.6,0.149,0.4965,0.008933509131375715,PS_propensity_score,,0.004767278278407379,0.025682590177761526,0.025682590177761526,0.00918399693131883,0.004847458814220493,0.03995217667013428,0.017994544138557868,0.9962117405159461,0.003788259484053924,0.6318195943017353,0.018679977208809095,0.05380007295099143,0.3137325032891367,0.18135426764176432,0.004418545081967207,-0.004081611843640302,-0.007119039816683887,0.001716500816371756,0.4022645138989625,0.008933509131375715,0.004514964049408508,0.013015120975016017,0.016052548948059603,-0.008500156925607509,-1.88266325768886,-0.011537584898651095,-2.555410136690368,0.004418545081967207,0.006720884952896441,0.010709850920491407,0.0,0.0,0.008933509131375715,0.004514964049408508,0.0022126241784792737,0.001776341789115692,0.0023023398709292346,0.5099353717403037,0.0027386222602928164,0.6065656847592386
8,2000,5,1.0,1.0,1.0,1.0,3,False,10,0.6,0.149,0.4965,0.008933509131375715,GMM,,0.009608625494190916,0.034471953453585086,0.03447195345358509,0.06611150085315509,0.01683059346496265,0.03506160597844424,0.03933456676552066,0.9875144615877466,0.012485538412253416,0.5259824112176874,0.05963258114567627,0.18825228526059334,0.07489103794508922,0.04717590687594009,0.004418545081967207,0.0056140327340488344,0.0017685030480428983,0.00300250633132479,0.5488232818515162,0.008933509131375715,0.004514964049408508,0.0033194763973268806,0.007165006083332817,0.0011954876520816277,0.26478342662290855,-0.0026500420339243087,-0.5869464307853087,0.004418545081967207,0.006720884952896441,0.010709850920491407,0.0,0.0,0.008933509131375715,0.004514964049408508,0.0022126241784792737,0.001776341789115692,0.0023023398709292346,0.5099353717403037,0.0027386222602928164,0.6065656847592386
8,2000,5,1.0,1.0,1.0,1.0,3,False,10,0.6,0.149,0.4965,0.008933509131375715,Prognostic_score,,0.022136674174526173,0.09113019267516503,0.09113019267516503,0.33717135796038705,0.017843720256794517,0.04008203958826727,0.13169903926848295,0.9867520905193325,0.013247909480667452,0.4952509623441025,0.30378455491409284,0.9036623945477388,0.005913571910859283,0.01419218898766561,0.004418545081967207,0.002441292296940936,1.771611853972658e-05,0.0016159998635530267,0.5270466458745157,0.008933509131375715,0.004514964049408508,0.0064922168344347785,0.00891579301283599,-0.00197725278502627,-0.43793322901104914,-0.004400828963427481,-0.9747207099033313,0.004418545081967207,0.006720884952896441,0.010709850920491407,0.0,0.0,0.008933509131375715,0.004514964049408508,0.0022126241784792737,0.001776341789115692,0.0023023398709292346,0.5099353717403037,0.0027386222602928164,0.6065656847592386
8,2000,5,1.0,1.0,1.0,1.0,3,False,10,0.6,0.149,0.4965,0.008933509131375715,2A_PCA_cum60,,0.017059469839422765,0.04847247253489657,0.04847247253489657,0.11224609472936913,0.053020257672009054,0.031775488944082816,0.06568061378182033,0.9606521785923549,0.039347821407645145,0.5863171151436783,0.12145393576698227,0.3951839002048999,0.054564147772870664,0.04743532657514449,0.004418545081967207,0.0010764951408176078,0.0017601468244753283,0.0014826131568576916,0.433507045150711,0.008933509131375715,0.004514964049408508,0.007857013990558107,0.007173362306900387,-0.003342049941149599,-0.7402162906673488,-0.0026583982574918787,-0.5887972148615774,0.004418545081967207,0.006720884952896441,0.010709850920491407,0.0,0.0,0.008933509131375715,0.004514964049408508,0.0022126241784792737,0.001776341789115692,0.0023023398709292346,0.5099353717403037,0.0027386222602928164,0.6065656847592386
8,2000,5,1.0,1.0,1.0,1.0,3,False,10,0.6,0.149,0.4965,0.008933509131375715,2B_clustering,,0.026082542523460425,0.08850567500519017,0.08850567500519017,0.2848303928814163,0.015415756874662465,0.09457029676426415,0.13160548217344764,0.9885523406374142,0.01144765936258585,0.5175378498307358,0.23416150766403931,0.6337394801207962,0.22615493056577918,0.16544442044046437,0.004418545081967207,0.009032711061787307,0.0024971102972458094,0.0019624310264284503,0.5356315160980094,0.008933509131375715,0.004514964049408508,9.920193041159167e-05,0.006436398834129905,0.004415762118996917,0.9780281904072774,-0.0019214347847213969,-0.42557033980660774,0.004418545081967207,0.006720884952896441,0.010709850920491407,0.0,0.0,0.008933509131375715,0.004514964049408508,0.0022126241784792737,0.001776341789115692,0.0023023398709292346,0.5099353717403037,0.0027386222602928164,0.6065656847592386
8,2000,5,1.0,1.0,1.0,1.0,3,False,10,0.6,0.149,0.4965,0.008933509131375715,baseline_random,,-0.0011768134545570637,0.01332726308317481,0.01332726308317481,0.002276274038213056,0.0010686581716660391,0.003114328235762067,0.002153086815213721,0.9989404516020871,0.0010595483979128906,0.7309966315623556,0.0023654695613861687,0.0016472520358704612,0.007439085739970097,0.00820473494681484,0.004418545081967207,0.0045258129651366795,0.006757834582764426,0.0010750175287754088,0.286881210279925,0.008933509131375715,0.004514964049408508,0.004407696166239036,0.002175674548611289,0.00010726788316947275,0.02375830283377911,0.0023392895007972193,0.5181191865976613,0.004418545081967207,0.006720884952896441,0.010709850920491407,0.0,0.0,0.008933509131375715,0.004514964049408508,0.0022126241784792737,0.001776341789115692,0.0023023398709292346,0.5099353717403037,0.0027386222602928164,0.6065656847592386
8,2000,5,1.0,1.0,1.0,1.0,3,False,10,0.6,0.149,0.4965,0.008933509131375715,baseline_oracle_kmeans,,0.3688523947211744,0.6293552540279487,0.6293552540279487,0.29678622919706876,0.9806133633577655,0.6549459357709008,0.6441151761085783,0.032145230759505775,0.9678547692404942,1.0,0.420215809732729,0.18867792516617365,0.03324918250896669,0.01707944745380663,0.004418545081967207,0.00040371435544163045,0.00035340493107222527,0.0,0.0,0.008933509131375715,0.004514964049408508,0.008529794775934085,0.00858010420030349,-0.004014830726525576,-0.8892276178924496,-0.004065140150894982,-0.9003704362668279,0.004418545081967207,0.006720884952896441,0.010709850920491407,0.0,0.0,0.008933509131375715,0.004514964049408508,0.0022126241784792737,0.001776341789115692,0.0023023398709292346,0.5099353717403037,0.0027386222602928164,0.6065656847592386
8,2000,5,1.0,1.0,1.0,1.0,3,False,10,0.6,0.149,0.4965,0.008933509131375715,baseline_oracle_quantile,,0.10104814883211351,0.32177825748886746,0.3217782574888674,0.9059155843457224,0.013436084825886502,0.000308674408679863,0.30655344786009625,0.9899977625280041,0.010002237471995912,1.0,0.4362370506940313,0.3263882137791764,0.01918772335827934,0.017033656314333512,0.004418545081967207,0.005865084954969006,0.0187318693499997,0.0,0.0,0.008933509131375715,0.004514964049408508,0.003068424176406709,0.009798360218623986,0.0014465398730017995,0.32038790501361936,-0.005283396169215478,-1.1701967305603773,0.004418545081967207,0.006720884952896441,0.010709850920491407,0.0,0.0,0.008933509131375715,0.004514964049408508,0.0022126241784792737,0.001776341789115692,0.0023023398709292346,0.5099353717403037,0.0027386222602928164,0.6065656847592386
9,2000,5,1.0,1.0,1.0,1.0,3,False,10,0.6,0.148,0.4755,0.009139441519889047,1A_predicted_prob,,0.034659882708286,0.1091317188988036,0.10913171889880362,0.2924810352560624,0.04049986757671281,0.0949991768908649,0.1426600265745467,0.9698414077799105,0.030158592220089542,1.0,0.3227700870725272,0.8544645062471983,0.36450405910949535,0.22442563245841107,0.016435733198738978,0.022792375764327313,0.0070212140116037575,9.854705976017103e-05,0.061538728201949756,0.009139441519889047,0.007296291678849931,0.013652934244438267,0.002118227508285289,-0.006356642565588336,-0.8712155222651807,0.005178064170564642,0.7096843709763572,0.016435733198738978,0.02313253272806541,0.01641008832980218,0.0,0.0,0.009139441519889047,0.007296291678849931,0.013993091208176364,0.007270646809913132,-0.006696799529326433,-0.9178360493370528,2.5644868936799264e-05,0.0035147812156601788
9,2000,5,1.0,1.0,1.0,1.0,3,False,10,0.6,0.148,0.4755,0.009139441519889047,1B_residual,,0.036448479033479114,0.1138759079586678,0.11387590795866781,0.29068309154392463,0.04115589522079621,0.09438626356872704,0.14207508344448264,0.9693634943034958,0.030636505696504224,1.0,0.3211328546469794,0.7100478907120424,0.23395422620505446,0.16128822148225164,0.016435733198738978,0.026422816681333672,0.004830344716116014,0.00015493957388383088,0.336127684577512,0.009139441519889047,0.007296291678849931,0.017283375161444625,0.004309096803773033,-0.009987083482594694,-1.3687889577584564,0.0029871948750768984,0.4094127546649494,0.016435733198738978,0.02313253272806541,0.01641008832980218,0.0,0.0,0.009139441519889047,0.007296291678849931,0.013993091208176364,0.007270646809913132,-0.006696799529326433,-0.9178360493370528,2.5644868936799264e-05,0.0035147812156601788
9,2000,5,1.0,1.0,1.0,1.0,3,False,10,0.6,0.148,0.4755,0.009139441519889047,1C_cv_decision,,0.034659882708286,0.1091317188988036,0.10913171889880362,0.2924810352560624,0.04049986757671281,0.0949991768908649,0.1426600265745467,0.9698414077799105,0.030158592220089542,1.0,0.3227700870725272,0.8544645062471983,0.36450405910949535,0.22442563245841107,0.016435733198738978,0.022792375764327313,0.0070212140116037575,9.854705976017103e-05,0.061538728201949756,0.009139441519889047,0.007296291678849931,0.013652934244438267,0.002118227508285289,-0.006356642565588336,-0.8712155222651807,0.005178064170564642,0.7096843709763572,0.016435733198738978,0.02313253272806541,0.01641008832980218,0.0,0.0,0.009139441519889047,0.007296291678849931,0.013993091208176364,0.007270646809913132,-0.006696799529326433,-0.9178360493370528,2.5644868936799264e-05,0.0035147812156601788
9,2000,5,1.0,1.0,1.0,1.0,3,False,10,0.6,0.148,0.4755,0.009139441519889047,PS_propensity_score,,0.011695365430338334,0.041047297631395585,0.041047297631395585,0.010588049321778169,0.008191361387312057,0.08954571800490892,0.036108376237999715,0.9935902088433847,0.00640979115661533,1.0,0.0474508170667991,0.08834811482323957,0.055026483263249326,0.0386111093886945,0.016435733198738978,0.02211921544683254,0.014267089851810747,0.0002473049035584131,0.09940096713115017,0.009139441519889047,0.007296291678849931,0.012979773926943494,0.0051276483319217005,-0.005683482248093563,-0.7789549127495154,0.0021686433469282305,0.2972254183881613,0.016435733198738978,0.02313253272806541,0.01641008832980218,0.0,0.0,0.009139441519889047,0.007296291678849931,0.013993091208176364,0.007270646809913132,-0.006696799529326433,-0.9178360493370528,2.5644868936799264e-05,0.0035147812156601788
9,2000,5,1.0,1.0,1.0,1.0,3,False,10,0.6,0.148,0.4755,0.009139441519889047,GMM,,0.008364222440833603,0.03873680194129133,0.03873680194129133,0.05029022302607264,0.008636150631491781,0.028065389049698616,0.028997254235754347,0.993230922802078,0.006769077197921969,1.0,0.04061196710766379,0.1115453581671153,0.09336728686511553,0.0873345159404364,0.016435733198738978,0.02254305094918354,0.010603008504743907,0.0,0.0,0.009139441519889047,0.007296291678849931,0.013403609429294493,0.0014635669848548603,-0.006107317750444562,-0.8370440792749694,0.005832724693995071,0.7994094741171924,0.016435733198738978,0.02313253272806541,0.01641008832980218,0.0,0.0,0.009139441519889047,0.007296291678849931,0.013993091208176364,0.007270646809913132,-0.006696799529326433,-0.9178360493370528,2.5644868936799264e-05,0.0035147812156601788
9,2000,5,1.0,1.0,1.0,1.0,3,False,10,0.6,0.148,0.4755,0.009139441519889047,Prognostic_score,,0.03214083080971443,0.0998984591534755,0.09989845915347553,0.255353089246786,0.0345588979255866,0.09870344693488742,0.12953847803575333,0.9742193477973167,0.02578065220268333,0.6929120787426977,0.3076055146085628,0.8368003965005277,0.37878471752345555,0.24643519161743366,0.016435733198738978,0.024230893922025612,0.008466043233118857,0.0012775617079180675,0.4521315622458081,0.009139441519889047,0.007296291678849931,0.015091452402136565,0.0006733982867701896,-0.007795160723286634,-1.0683729579894394,0.006622893392079741,0.9077067753853375,0.016435733198738978,0.02313253272806541,0.01641008832980218,0.0,0.0,0.009139441519889047,0.007296291678849931,0.013993091208176364,0.007270646809913132,-0.006696799529326433,-0.9178360493370528,2.5644868936799264e-05,0.0035147812156601788
9,2000,5,1.0,1.0,1.0,1.0,3,False,10,0.6,0.148,0.4755,0.009139441519889047,2A_PCA_cum60,,0.021492722399782817,0.0690910856056841,0.0690910856056841,0.12105476317852602,0.026841954444163322,0.08023446452153293,0.07604372738140742,0.9800041398929241,0.01999586010707588,1.0,0.1336266822480522,0.31603292387013193,0.07099437783707574,0.04683905128504706,0.016435733198738978,0.020526618745944202,0.013935379898467187,0.0,0.0,0.009139441519889047,0.007296291678849931,0.011387177226055156,0.004795938378578141,-0.0040908855472052245,-0.5606800998736998,0.0025003533002717904,0.34268823264284654,0.016435733198738978,0.02313253272806541,0.01641008832980218,0.0,0.0,0.009139441519889047,0.007296291678849931,0.013993091208176364,0.007270646809913132,-0.006696799529326433,-0.9178360493370528,2.5644868936799264e-05,0.0035147812156601788
9,2000,5,1.0,1.0,1.0,1.0,3,False,10,0.6,0.148,0.4755,0.009139441519889047,2B_clustering,,0.025390188241267386,0.09580004603406334,0.09580004603406332,0.22858115318706193,0.05570296226496952,0.08986773170859612,0.12471728238687586,0.9588489158301917,0.04115108416980828,1.0,0.20088501556788885,0.4450366263951143,0.16677090936328343,0.1450654890017976,0.016435733198738978,0.022846533817726382,0.01719913740790895,0.0,0.0,0.009139441519889047,0.007296291678849931,0.013707092297837335,0.008059695888019903,-0.006410800618987404,-0.8786382043320256,-0.0007634042091699718,-0.10462906950155015,0.016435733198738978,0.02313253272806541,0.01641008832980218,0.0,0.0,0.009139441519889047,0.007296291678849931,0.013993091208176364,0.007270646809913132,-0.006696799529326433,-0.9178360493370528,2.5644868936799264e-05,0.0035147812156601788
9,2000,5,1.0,1.0,1.0,1.0,3,False,10,0.6,0.148,0.4755,0.009139441519889047,baseline_random,,-0.0004535824131654412,0.01688824521474441,0.016888245214744413,0.008742977027771461,0.0016779236709797427,0.002928440384704475,0.004449780361151893,0.9983016924812677,0.0016983075187323449,0.5021372101878527,0.006807280225149093,0.002511608166226864,0.0016224427081600323,0.0008833145058724234,0.016435733198738978,0.017510022108004272,0.015912708323531997,0.0026715752161108556,0.5355773991611102,0.009139441519889047,0.007296291678849931,0.008370580588115226,0.006773266803642951,-0.0010742889092652946,-0.14723765942353717,0.0005230248752069802,0.07168365770287044,0.016435733198738978,0.02313253272806541,0.01641008832980218,0.0,0.0,0.009139441519889047,0.007296291678849931,0.013993091208176364,0.007270646809913132,-0.006696799529326433,-0.9178360493370528,2.5644868936799264e-05,0.0035147812156601788
9,2000,5,1.0,1.0,1.0,1.0,3,False,10,0.6,0.148,0.4755,0.009139441519889047,baseline_oracle_kmeans,,0.3876776266404841,0.6615298805857758,0.661529880585776,0.26977125410049263,0.9999999999999999,0.7033039621141445,0.6576917387382123,0.0,1.0,1.0,0.41185764161056393,0.1761085669953566,0.057399367128931345,0.04651574802116765,0.016435733198738978,0.009711757029743237,0.003018665085920066,0.0,0.0,0.009139441519889047,0.007296291678849931,0.0005723155098541904,0.00612077643396898,0.006723976168995741,0.921560768806271,0.0011755152448809508,0.1611113284147434,0.016435733198738978,0.02313253272806541,0.01641008832980218,0.0,0.0,0.009139441519889047,0.007296291678849931,0.013993091208176364,0.007270646809913132,-0.006696799529326433,-0.9178360493370528,2.5644868936799264e-05,0.0035147812156601788
9,2000,5,1.0,1.0,1.0,1.0,3,False,10,0.6,0.148,0.4755,0.009139441519889047,baseline_oracle_quantile,,0.09963570918992198,0.32045190625227593,0.32045190625227593,0.9079028375771352,0.013888332731152635,0.003754761831692556,0.3085153107133268,0.9894064886431426,0.010593511356857377,1.0,0.4751192055984146,0.3082184160559589,0.17256331502289246,0.10085501568829858,0.016435733198738978,0.009442058750300037,0.009719264521371571,0.0,0.0,0.009139441519889047,0.007296291678849931,0.00030261723041099045,0.0005798230014825243,0.0069936744484389406,0.9585245157772133,0.006716468677367407,0.9205318226019826,0.016435733198738978,0.02313253272806541,0.01641008832980218,0.0,0.0,0.009139441519889047,0.007296291678849931,0.013993091208176364,0.007270646809913132,-0.006696799529326433,-0.9178360493370528,2.5644868936799264e-05,0.0035147812156601788
10,2000,5,1.0,1.0,1.0,1.0,3,False,10,0.6,0.148,0.4845,0.009468089336448632,1A_predicted_prob,,0.031004781675530932,0.1052847407505461,0.1052847407505461,0.29258103725464185,0.016078320936540384,0.11560221749056598,0.1414205252272494,0.9858134734172315,0.014186526582768533,1.0,0.34475373484397775,0.7403657693936712,0.2600571443505232,0.13073687926719335,0.031003100310031007,0.024781297758474742,0.0118872903203887,0.0,0.0,0.009468089336448632,0.021535010973582375,0.01531320842202611,0.002419200983940068,0.0062218025515562644,0.28891568985911964,0.019115809989642307,0.887661957223622,0.031003100310031007,0.03570650506969681,0.039704962074726555,0.0,0.0,0.009468089336448632,0.021535010973582375,0.02623841573324818,0.030236872738277923,-0.004703404759665804,-0.218407353747607,-0.008701861764695548,-0.40407974601779295
10,2000,5,1.0,1.0,1.0,1.0,3,False,10,0.6,0.148,0.4845,0.009468089336448632,1B_residual,,0.043195227370782116,0.1338091116515621,0.13380911165156206,0.3467009185191527,0.028066882185044884,0.12736802906063827,0.16737860992161194,0.97683057386833,0.023169426131669946,1.0,0.43050101420558995,0.6730858806046905,0.22454439576863627,0.0920411188814374,0.031003100310031007,0.02955519759450172,0.0020102103685342063,8.506492535823761e-05,0.3956146601409446,0.009468089336448632,0.021535010973582375,0.02008710825805309,0.007457878967914425,0.001447902715529286,0.06723482599128794,0.01407713200566795,0.6536858524445044,0.031003100310031007,0.03570650506969681,0.039704962074726555,0.0,0.0,0.009468089336448632,0.021535010973582375,0.02623841573324818,0.030236872738277923,-0.004703404759665804,-0.218407353747607,-0.008701861764695548,-0.40407974601779295
10,2000,5,1.0,1.0,1.0,1.0,3,False,10,0.6,0.148,0.4845,0.009468089336448632,1C_cv_decision,,0.031004781675530932,0.1052847407505461,0.1052847407505461,0.29258103725464185,0.016078320936540384,0.11560221749056598,0.1414205252272494,0.9858134734172315,0.014186526582768533,1.0,0.34475373484397775,0.7403657693936712,0.2600571443505232,0.13073687926719335,0.031003100310031007,0.024781297758474742,0.0118872903203887,0.0,0.0,0.009468089336448632,0.021535010973582375,0.01531320842202611,0.002419200983940068,0.0062218025515562644,0.28891568985911964,0.019115809989642307,0.887661957223622,0.031003100310031007,0.03570650506969681,0.039704962074726555,0.0,0.0,0.009468089336448632,0.021535010973582375,0.02623841573324818,0.030236872738277923,-0.004703404759665804,-0.218407353747607,-0.008701861764695548,-0.40407974601779295
10,2000,5,1.0,1.0,1.0,1.0,3,False,10,0.6,0.148,0.4845,0.009468089336448632,PS_propensity_score,,0.011255223682660156,0.057560556412856644,0.057560556412856644,0.17365246813497476,0.0026335337823692514,0.04395227110115008,0.07341275767283136,0.9956731468218092,0.004326853178190815,1.0,0.17096581460340032,0.4581632771459675,0.404317561371081,0.21629951251978274,0.031003100310031007,0.01317677491882768,0.01367665989306893,0.0,0.0,0.009468089336448632,0.021535010973582375,0.0037086855823790475,0.0042085705566202985,0.017826325391203327,0.8277834366126583,0.017326440416962074,0.8045707725998805,0.031003100310031007,0.03570650506969681,0.039704962074726555,0.0,0.0,0.009468089336448632,0.021535010973582375,0.02623841573324818,0.030236872738277923,-0.004703404759665804,-0.218407353747607,-0.008701861764695548,-0.40407974601779295
10,2000,5,1.0,1.0,1.0,1.0,3,False,10,0.6,0.148,0.4845,0.009468089336448632,GMM,,0.007189369084161389,0.04006317322676968,0.04006317322676968,0.12501033325225072,0.008662081741080527,0.021229123580573994,0.05163384619130174,0.9913183145313978,0.008681685468602152,1.0,0.12086265176320088,0.23250503867061612,0.05975316596279201,0.03747881779287221,0.031003100310031007,0.027973801192070758,0.028020818868152598,0.0,0.0,0.009468089336448632,0.021535010973582375,0.018505711855622126,0.018552729531703966,0.0030292991179602484,0.14066856625596236,0.0029822814418784087,0.13848525294632352,0.031003100310031007,0.03570650506969681,0.039704962074726555,0.0,0.0,0.009468089336448632,0.021535010973582375,0.02623841573324818,0.030236872738277923,-0.004703404759665804,-0.218407353747607,-0.008701861764695548,-0.40407974601779295
10,2000,5,1.0,1.0,1.0,1.0,3,False,10,0.6,0.148,0.4845,0.009468089336448632,Prognostic_score,,0.03164974438536571,0.09787945343123662,0.09787945343123662,0.19353566166991254,0.014479061253643944,0.15986892542637546,0.12262788278331065,0.9870380325310885,0.01296196746891154,1.0,0.2811908975049221,0.5149458832139477,0.19156527304338455,0.09665315540574382,0.031003100310031007,0.021628102908841613,0.014956450181868234,0.0,0.0,0.009468089336448632,0.021535010973582375,0.012160013572392981,0.005488360845419602,0.009374997401189394,0.4353374796367634,0.016046650128162775,0.7451424170550768,0.031003100310031007,0.03570650506969681,0.039704962074726555,0.0,0.0,0.009468089336448632,0.021535010973582375,0.02623841573324818,0.030236872738277923,-0.004703404759665804,-0.218407353747607,-0.008701861764695548,-0.40407974601779295
10,2000,5,1.0,1.0,1.0,1.0,3,False,10,0.6,0.148,0.4845,0.009468089336448632,2A_PCA_cum60,,0.014850967009280893,0.05662707307569697,0.05662707307569697,0.14340735645753477,0.02546835601756202,0.05733864318268263,0.0754047852192598,0.9789634350343738,0.021036564965626225,1.0,0.1404984441233217,0.3114088833787815,0.03488446548397017,0.04532622568236333,0.031003100310031007,0.02774964843273387,0.026394069064217887,0.0,0.0,0.009468089336448632,0.021535010973582375,0.01828155909628524,0.016925979727769255,0.003253451877297135,0.15107732618702818,0.004609031245813119,0.21402502424852032,0.031003100310031007,0.03570650506969681,0.039704962074726555,0.0,0.0,0.009468089336448632,0.021535010973582375,0.02623841573324818,0.030236872738277923,-0.004703404759665804,-0.218407353747607,-0.008701861764695548,-0.40407974601779295
10,2000,5,1.0,1.0,1.0,1.0,3,False,10,0.6,0.148,0.4845,0.009468089336448632,2B_clustering,,0.024572171974143905,0.09042595881106429,0.09042595881106429,0.25372973912699515,0.02712877959697562,0.08584112949351207,0.12223321607249428,0.9778392660975952,0.022160733902404806,1.0,0.23108777894163002,0.5270919712967799,0.1555197198829723,0.08054251339040575,0.031003100310031007,0.027275812478568418,0.022383474339620374,0.0,0.0,0.009468089336448632,0.021535010973582375,0.017807723142119786,0.012915385003171742,0.003727287831462589,0.1730803776248343,0.008619625970410633,0.40026104379443217,0.031003100310031007,0.03570650506969681,0.039704962074726555,0.0,0.0,0.009468089336448632,0.021535010973582375,0.02623841573324818,0.030236872738277923,-0.004703404759665804,-0.218407353747607,-0.008701861764695548,-0.40407974601779295
10,2000,5,1.0,1.0,1.0,1.0,3,False,10,0.6,0.148,0.4845,0.009468089336448632,baseline_random,,-0.0019728299684921577,0.011496246004648606,0.011496246004648606,0.0026221506936394633,0.002200875264725134,0.003319315759276508,0.0027141139058803683,0.9959822100116623,0.004017789988337683,1.0,0.006030106579319017,0.003185021591147419,0.0019121807154827142,0.00366342050579338,0.031003100310031007,0.03024223573344826,0.028893482094536616,0.0,0.0,0.009468089336448632,0.021535010973582375,0.020774146396999628,0.019425392758087984,0.0007608645765827468,0.0353315156196633,0.0021096182154943903,0.09796225402821113,0.031003100310031007,0.03570650506969681,0.039704962074726555,0.0,0.0,0.009468089336448632,0.021535010973582375,0.02623841573324818,0.030236872738277923,-0.004703404759665804,-0.218407353747607,-0.008701861764695548,-0.40407974601779295
10,2000,5,1.0,1.0,1.0,1.0,3,False,10,0.6,0.148,0.4845,0.009468089336448632,baseline_oracle_kmeans,,0.37808938200881187,0.6405988107046089,0.6405988107046089,0.3040390586992084,0.9881784140028874,0.662114711950808,0.6514440615509679,0.021632577381086936,0.9783674226189131,1.0,0.3734407685895679,0.20186688922130025,0.0562551084148577,0.027098430850507227,0.031003100310031007,0.03425024361792619,0.011371710012752143,0.0003849054836117258,0.30042851947650884,0.009468089336448632,0.021535010973582375,0.024782154281477557,0.0019036206763035114,-0.0032471433078951825,-0.15078438139077566,0.019631390297278863,0.9116034499058887,0.031003100310031007,0.03570650506969681,0.039704962074726555,0.0,0.0,0.009468089336448632,0.021535010973582375,0.02623841573324818,0.030236872738277923,-0.004703404759665804,-0.218407353747607,-0.008701861764695548,-0.40407974601779295
10,2000,5,1.0,1.0,1.0,1.0,3,False,10,0.6,0.148,0.4845,0.009468089336448632,baseline_oracle_quantile,,0.08423405269301867,0.2826469809570474,0.2826469809570473,0.9059758691526494,0.004087191677780536,0.00752124920059169,0.3058614366770072,0.9946233811920051,0.005376618807994893,1.0,0.495760037858637,0.3427715793907483,0.045178113852176294,0.02204522473240622,0.031003100310031007,0.0342018960855761,0.01716125916914902,0.0003845415763865072,0.24024819542358095,0.009468089336448632,0.021535010973582375,0.024733806749127465,0.0076931698327003875,-0.0031987957755450908,-0.1485393148612344,0.013841841140881987,0.6427598833296244,0.031003100310031007,0.03570650506969681,0.039704962074726555,0.0,0.0,0.009468089336448632,0.021535010973582375,0.02623841573324818,0.030236872738277923,-0.004703404759665804,-0.218407353747607,-0.008701861764695548,-0.40407974601779295
11,2000,5,1.0,1.0,1.0,1.0,3,False,10,0.6,0.1475,0.5005,0.009114385948045584,1A_predicted_prob,,0.03733162047773429,0.12674144199657097,0.12674144199657097,0.3725850790682466,0.007564632156236151,0.08334123425245835,0.15449698182564706,0.9901539544847682,0.009846045515231827,1.0,0.3964961540802231,0.9162922249101872,0.02809180203006345,0.004995234903490076,-0.011142418032786872,-0.0002485277393101037,-0.0021400224404145253,0.0,0.0,0.009114385948045584,0.020256803980832454,0.009362913687355687,0.011254408388460108,0.010893890293476767,0.5377891943756214,0.009002395592372345,0.4444134228129304,-0.011142418032786872,-0.0050878246018130945,-0.006694846638609245,0.0,0.0,0.009114385948045584,0.020256803980832454,0.01420221054985868,0.01580923258665483,0.0060545934309737745,0.2988918408206348,0.004447571394177625,0.2195593835229901
11,2000,5,1.0,1.0,1.0,1.0,3,False,10,0.6,0.1475,0.5005,0.009114385948045584,1B_residual,,0.03773669205300584,0.1285730471919765,0.1285730471919765,0.38105752562020284,0.007939667037715894,0.08958271744780237,0.15952663670190703,0.9898820875183406,0.010117912481659386,0.3620354021294676,0.40583117814341907,0.7866441794975885,0.012324521475801875,0.007190020048163492,-0.011142418032786872,0.014258161263008473,0.001607177011712949,0.0,0.0,0.009114385948045584,0.020256803980832454,0.005143775314962889,0.007507208936332635,0.015113028665869565,0.746071723859792,0.01274959504449982,0.6293981546429455,-0.011142418032786872,-0.0050878246018130945,-0.006694846638609245,0.0,0.0,0.009114385948045584,0.020256803980832454,0.01420221054985868,0.01580923258665483,0.0060545934309737745,0.2988918408206348,0.004447571394177625,0.2195593835229901
11,2000,5,1.0,1.0,1.0,1.0,3,False,10,0.6,0.1475,0.5005,0.009114385948045584,1C_cv_decision,,0.03733162047773429,0.12674144199657097,0.12674144199657097,0.3725850790682466,0.007564632156236151,0.08334123425245835,0.15449698182564706,0.9901539544847682,0.009846045515231827,1.0,0.3964961540802231,0.9162922249101872,0.02809180203006345,0.004995234903490076,-0.011142418032786872,-0.0002485277393101037,-0.0021400224404145253,0.0,0.0,0.009114385948045584,0.020256803980832454,0.009362913687355687,0.011254408388460108,0.010893890293476767,0.5377891943756214,0.009002395592372345,0.4444134228129304,-0.011142418032786872,-0.0050878246018130945,-0.006694846638609245,0.0,0.0,0.009114385948045584,0.020256803980832454,0.01420221054985868,0.01580923258665483,0.0060545934309737745,0.2988918408206348,0.004447571394177625,0.2195593835229901
11,2000,5,1.0,1.0,1.0,1.0,3,False,10,0.6,0.1475,0.5005,0.009114385948045584,PS_propensity_score,,0.0016861013524439776,0.03181249387153884,0.031812493871538845,0.0826256523884583,0.002341897885134689,0.0033859631273364986,0.02945117113364316,0.993920908487984,0.006079091512016022,1.0,0.04440783606193022,0.08397574082008041,0.0018721274235912189,0.00524864653857271,-0.011142418032786872,-0.0029801826944139296,-0.002714323161186847,0.0,0.0,0.009114385948045584,0.020256803980832454,0.012094568642459513,0.011828709109232432,0.008162235338372941,0.402937963268849,0.008428094871600022,0.41606241930241894,-0.011142418032786872,-0.0050878246018130945,-0.006694846638609245,0.0,0.0,0.009114385948045584,0.020256803980832454,0.01420221054985868,0.01580923258665483,0.0060545934309737745,0.2988918408206348,0.004447571394177625,0.2195593835229901
11,2000,5,1.0,1.0,1.0,1.0,3,False,10,0.6,0.1475,0.5005,0.009114385948045584,GMM,,0.003695636019289297,0.045511697832993595,0.045511697832993595,0.06509339959882846,0.00624796709840269,0.055360281042153237,0.042233882579794796,0.9910723180746235,0.008927681925376518,1.0,0.10011706902032225,0.22677418332841248,0.05914695794002611,0.036084092596756046,-0.011142418032786872,-0.009478759032667216,-0.009182285436545354,0.0,0.0,0.009114385948045584,0.020256803980832454,0.0185931449807128,0.018296671384590936,0.0016636590001196522,0.08212840493958729,0.001960132596241518,0.09676415875358468,-0.011142418032786872,-0.0050878246018130945,-0.006694846638609245,0.0,0.0,0.009114385948045584,0.020256803980832454,0.01420221054985868,0.01580923258665483,0.0060545934309737745,0.2988918408206348,0.004447571394177625,0.2195593835229901
11,2000,5,1.0,1.0,1.0,1.0,3,False,10,0.6,0.1475,0.5005,0.009114385948045584,Prognostic_score,,0.03548831728441363,0.12185738756630253,0.12185738756630253,0.3602295718964381,0.007310910166074162,0.08538679428166333,0.15097575878139188,0.9903375534103366,0.00966244658966342,1.0,0.3961503071474912,0.914277805831337,0.007897950063189274,0.002727986435754559,-0.011142418032786872,0.004814316243985289,-0.008084325672801354,0.0,0.0,0.009114385948045584,0.020256803980832454,0.0043000697040602946,0.01719871162084694,0.01595673427677216,0.7877222039503794,0.0030580923599855155,0.15096618217163804,-0.011142418032786872,-0.0050878246018130945,-0.006694846638609245,0.0,0.0,0.009114385948045584,0.020256803980832454,0.01420221054985868,0.01580923258665483,0.0060545934309737745,0.2988918408206348,0.004447571394177625,0.2195593835229901
11,2000,5,1.0,1.0,1.0,1.0,3,False,10,0.6,0.1475,0.5005,0.009114385948045584,2A_PCA_cum60,,0.013212713419816826,0.06572951030467074,0.06572951030467074,0.17452160877842757,0.02215314889666595,0.024222377086296525,0.07363237825379668,0.9795502339662481,0.020449766033751926,1.0,0.1375965524499163,0.5073947727605811,0.00595018601440267,0.017227653723862812,-0.011142418032786872,-0.010932379912434089,-0.00545009197603668,0.0,0.0,0.009114385948045584,0.020256803980832454,0.020046765860479675,0.014564477924082265,0.00021003812035277902,0.0103687689603712,0.005692326056750189,0.28100810286442146,-0.011142418032786872,-0.0050878246018130945,-0.006694846638609245,0.0,0.0,0.009114385948045584,0.020256803980832454,0.01420221054985868,0.01580923258665483,0.0060545934309737745,0.2988918408206348,0.004447571394177625,0.2195593835229901
11,2000,5,1.0,1.0,1.0,1.0,3,False,10,0.6,0.1475,0.5005,0.009114385948045584,2B_clustering,,0.02507305127926159,0.09688629020911313,0.09688629020911313,0.2789926722892786,0.016857710906144067,0.06042798200899393,0.11875945506813886,0.983275245954361,0.016724754045639,1.0,0.30518364588720714,0.6072392158585798,0.0648320131904393,0.03533840410216926,-0.011142418032786872,-0.00327943457068424,-0.009234678079361005,0.0,0.0,0.009114385948045584,0.020256803980832454,0.012393820518729823,0.01834906402740659,0.007862983462102631,0.38816505651843214,0.0019077399534258646,0.09417773678567565,-0.011142418032786872,-0.0050878246018130945,-0.006694846638609245,0.0,0.0,0.009114385948045584,0.020256803980832454,0.01420221054985868,0.01580923258665483,0.0060545934309737745,0.2988918408206348,0.004447571394177625,0.2195593835229901
11,2000,5,1.0,1.0,1.0,1.0,3,False,10,0.6,0.1475,0.5005,0.009114385948045584,baseline_random,,-0.000999765116285084,0.013754335545195354,0.013754335545195352,0.0015420069758394234,0.0036099488354314107,0.0010146225495906195,0.002055526120287151,0.9929957766668216,0.007004223333178405,1.0,0.0012013370954654379,0.0025403093077318584,0.005711323099389376,0.007337675412933287,-0.011142418032786872,-0.011760039194408912,-0.01510544302431636,0.0,0.0,0.009114385948045584,0.020256803980832454,0.020874425142454495,0.024219828972361943,-0.0006176211616220409,-0.03048956598515984,-0.0039630249915294895,-0.195639203266192,-0.011142418032786872,-0.0050878246018130945,-0.006694846638609245,0.0,0.0,0.009114385948045584,0.020256803980832454,0.01420221054985868,0.01580923258665483,0.0060545934309737745,0.2988918408206348,0.004447571394177625,0.2195593835229901
11,2000,5,1.0,1.0,1.0,1.0,3,False,10,0.6,0.1475,0.5005,0.009114385948045584,baseline_oracle_kmeans,,0.4029843688256385,0.6666762185556826,0.6666762185556827,0.28269791914038966,0.995996475892664,0.7242597497238824,0.6676513815856454,0.009023893983633997,0.990976106016366,1.0,0.49296980221012254,0.16813544527634916,0.014931770044257164,0.007928853916817302,-0.011142418032786872,-0.013720377077138222,-0.00855961610885123,0.0,0.0,0.009114385948045584,0.020256803980832454,0.022834763025183807,0.017674002056896815,-0.0025779590443513536,-0.12726385893799885,0.002582801923935639,0.12750293315665973,-0.011142418032786872,-0.0050878246018130945,-0.006694846638609245,0.0,0.0,0.009114385948045584,0.020256803980832454,0.01420221054985868,0.01580923258665483,0.0060545934309737745,0.2988918408206348,0.004447571394177625,0.2195593835229901
11,2000,5,1.0,1.0,1.0,1.0,3,False,10,0.6,0.1475,0.5005,0.009114385948045584,baseline_oracle_quantile,,0.10989013816284351,0.34290165852126625,0.34290165852126625,0.9091777119588964,0.011446314478732922,0.006949268065967857,0.3091910981678657,0.9872845307948575,0.012715469205142549,0.8104947662714854,0.4920122932917109,0.37627728509470526,0.03711332327052419,0.016927016081296542,-0.011142418032786872,-0.003035527640606016,-0.013646402594589286,6.038204590310796e-05,0.05089263689101717,0.009114385948045584,0.020256803980832454,0.0121499135886516,0.02276078854263487,0.008106890392180854,0.4002057975113852,-0.002503984561802418,-0.12361202508410285,-0.011142418032786872,-0.0050878246018130945,-0.006694846638609245,0.0,0.0,0.009114385948045584,0.020256803980832454,0.01420221054985868,0.01580923258665483,0.0060545934309737745,0.2988918408206348,0.004447571394177625,0.2195593835229901
12,2000,5,1.0,1.0,1.0,1.0,3,False,10,0.6,0.1525,0.5025,0.009004531278232624,1A_predicted_prob,,0.02857008740819861,0.10473221452022606,0.10473221452022605,0.29319953548780286,0.004662631976942493,0.09317185168937012,0.13034467305137185,0.996619865928055,0.00338013407194504,1.0,0.3741255100094615,0.8000205488813782,0.007827126787602778,0.016346163101501276,0.035526963284803814,0.015363419806973398,0.016208764214028646,0.0,0.0,0.009004531278232624,0.02652243200657119,0.006358888528740773,0.007204232935796022,0.020163543477830417,0.7602448928075187,0.019318199070775168,0.7283720839019927,0.035526963284803814,0.04031706041276599,0.04012254730619093,0.001467083104463467,0.22357513410568283,0.009004531278232624,0.02652243200657119,0.03131252913453336,0.031118016027958304,-0.004790097127962172,-0.1806055012894512,-0.004595584021387114,-0.17327159214692345
12,2000,5,1.0,1.0,1.0,1.0,3,False,10,0.6,0.1525,0.5025,0.009004531278232624,1B_residual,,0.02902520740269251,0.10504374972825527,0.10504374972825528,0.3075367573506427,0.00916784501500322,0.08596500643368554,0.1342232029331105,0.9933513382299102,0.006648661770089825,1.0,0.369868212229997,0.6740752659616185,0.009906922183506972,0.012826052020224465,0.035526963284803814,0.0019059929474185009,-0.000857778130284188,0.0,0.0,0.009004531278232624,0.02652243200657119,0.007098538330814123,0.009862309408516812,0.019423893675757066,0.7323571862091911,0.016660122598054376,0.6281521466027953,0.035526963284803814,0.04031706041276599,0.04012254730619093,0.001467083104463467,0.22357513410568283,0.009004531278232624,0.02652243200657119,0.03131252913453336,0.031118016027958304,-0.004790097127962172,-0.1806055012894512,-0.004595584021387114,-0.17327159214692345
12,2000,5,1.0,1.0,1.0,1.0,3,False,10,0.6,0.1525,0.5025,0.009004531278232624,1C_cv_decision,,0.02857008740819861,0.10473221452022606,0.10473221452022605,0.29319953548780286,0.004662631976942493,0.09317185168937012,0.13034467305137185,0.996619865928055,0.00338013407194504,1.0,0.3741255100094615,0.8000205488813782,0.007827126787602778,0.016346163101501276,0.035526963284803814,0.015363419806973398,0.016208764214028646,0.0,0.0,0.009004531278232624,0.02652243200657119,0.006358888528740773,0.007204232935796022,0.020163543477830417,0.7602448928075187,0.019318199070775168,0.7283720839019927,0.035526963284803814,0.04031706041276599,0.04012254730619093,0.001467083104463467,0.22357513410568283,0.009004531278232624,0.02652243200657119,0.03131252913453336,0.031118016027958304,-0.004790097127962172,-0.1806055012894512,-0.004595584021387114,-0.17327159214692345
12,2000,5,1.0,1.0,1.0,1.0,3,False,10,0.6,0.1525,0.5025,0.009004531278232624,PS_propensity_score,,0.0012085413200732993,0.021252308067029553,0.021252308067029553,0.009795559398707063,0.003634564247766466,0.005695146199784612,0.006375089948752713,0.9973620765184098,0.0026379234815901986,1.0,0.016552977707185,0.06117111896718663,0.015464113794081413,0.0016643802065750002,0.035526963284803814,0.026819630445434027,0.03049046332425306,0.0,0.0,0.009004531278232624,0.02652243200657119,0.017815099167201403,0.021485932046020437,0.008707332839369787,0.32830069419020325,0.005036499960550753,0.18989585718620794,0.035526963284803814,0.04031706041276599,0.04012254730619093,0.001467083104463467,0.22357513410568283,0.009004531278232624,0.02652243200657119,0.03131252913453336,0.031118016027958304,-0.004790097127962172,-0.1806055012894512,-0.004595584021387114,-0.17327159214692345
12,2000,5,1.0,1.0,1.0,1.0,3,False,10,0.6,0.1525,0.5025,0.009004531278232624,GMM,,0.0015071942696443324,0.034574141252672316,0.034574141252672316,0.04217275618576225,0.0031307309853146176,0.010954116916250712,0.018752534695775862,0.9977281723888693,0.00227182761113065,0.9083092064952715,0.020216312390273217,0.0917739755564676,0.11229868850434122,0.03994868772815385,0.035526963284803814,0.02981354400087048,0.029407402730416397,0.00018665448746651235,0.06913745695321208,0.009004531278232624,0.02652243200657119,0.020809012722637858,0.020402871452183773,0.0057134192839333325,0.21541837801743735,0.0061195605543874175,0.23073150127677722,0.035526963284803814,0.04031706041276599,0.04012254730619093,0.001467083104463467,0.22357513410568283,0.009004531278232624,0.02652243200657119,0.03131252913453336,0.031118016027958304,-0.004790097127962172,-0.1806055012894512,-0.004595584021387114,-0.17327159214692345
12,2000,5,1.0,1.0,1.0,1.0,3,False,10,0.6,0.1525,0.5025,0.009004531278232624,Prognostic_score,,0.028455984052194194,0.10247172839930939,0.10247172839930939,0.2852125294921713,0.010993589471643564,0.09314391875912902,0.12978334590764798,0.9920235929497898,0.007976407050210188,1.0,0.34951391488591976,0.7282328398350535,0.024665359570425816,0.022563397750417047,0.035526963284803814,0.021764099080093746,0.01709659461965061,0.0,0.0,0.009004531278232624,0.02652243200657119,0.012759567801861122,0.008092063341417984,0.013762864204710068,0.5189141101879415,0.018430368665153206,0.6948973857520646,0.035526963284803814,0.04031706041276599,0.04012254730619093,0.001467083104463467,0.22357513410568283,0.009004531278232624,0.02652243200657119,0.03131252913453336,0.031118016027958304,-0.004790097127962172,-0.1806055012894512,-0.004595584021387114,-0.17327159214692345
12,2000,5,1.0,1.0,1.0,1.0,3,False,10,0.6,0.1525,0.5025,0.009004531278232624,2A_PCA_cum60,,0.01745752750567896,0.06280406212660485,0.06280406212660485,0.10168489195137981,0.047650238414186044,0.03114904515981732,0.060161391841794386,0.9650373554275875,0.03496264457241249,1.0,0.09539495739122927,0.3456028776258796,0.017339349525022585,0.0025200448365575445,0.035526963284803814,0.03278757893102328,0.02750945304679145,0.0,0.0,0.009004531278232624,0.02652243200657119,0.023783047652790653,0.018504921768558825,0.002739384353780537,0.1032855642009688,0.008017510238012365,0.3022916690304248,0.035526963284803814,0.04031706041276599,0.04012254730619093,0.001467083104463467,0.22357513410568283,0.009004531278232624,0.02652243200657119,0.03131252913453336,0.031118016027958304,-0.004790097127962172,-0.1806055012894512,-0.004595584021387114,-0.17327159214692345
12,2000,5,1.0,1.0,1.0,1.0,3,False,10,0.6,0.1525,0.5025,0.009004531278232624,2B_clustering,,0.02715908861618361,0.09253028633469483,0.09253028633469482,0.24763515903013686,0.025615707823732688,0.07024348951957936,0.11449811879114964,0.9813821144029548,0.018617885597045247,0.9153034313893006,0.23290642883423907,0.48523699886087324,0.07900907343545005,0.05646620636204047,0.035526963284803814,0.026965117548098924,0.020095645907189714,0.0007578493927451885,0.2527664372351017,0.009004531278232624,0.02652243200657119,0.0179605862698663,0.01109111462895709,0.00856184573670489,0.3228152582155215,0.0154313173776141,0.5818213568722069,0.035526963284803814,0.04031706041276599,0.04012254730619093,0.001467083104463467,0.22357513410568283,0.009004531278232624,0.02652243200657119,0.03131252913453336,0.031118016027958304,-0.004790097127962172,-0.1806055012894512,-0.004595584021387114,-0.17327159214692345
12,2000,5,1.0,1.0,1.0,1.0,3,False,10,0.6,0.1525,0.5025,0.009004531278232624,baseline_random,,0.001015450865885222,0.021797477109717408,0.021797477109717404,0.001402594550186486,0.0024587472038940534,0.001358090341170689,0.0017398106984170762,0.9982133272708241,0.0017866727291758755,1.0,0.002144481473198123,0.0026202254849132522,0.008516551280256413,0.0073513613760295415,0.035526963284803814,0.0354548319168303,0.03230350048138908,0.0,0.0,0.009004531278232624,0.02652243200657119,0.026450300638597674,0.023298969203156456,7.213136797351583e-05,0.0027196362669774654,0.003223462803414734,0.12153722564416758,0.035526963284803814,0.04031706041276599,0.04012254730619093,0.001467083104463467,0.22357513410568283,0.009004531278232624,0.02652243200657119,0.03131252913453336,0.031118016027958304,-0.004790097127962172,-0.1806055012894512,-0.004595584021387114,-0.17327159214692345
12,2000,5,1.0,1.0,1.0,1.0,3,False,10,0.6,0.1525,0.5025,0.009004531278232624,baseline_oracle_kmeans,,0.35300354279200885,0.626594787526464,0.626594787526464,0.3094595604007741,0.9881965324559951,0.6356530137238086,0.6444363688601926,0.022084625564474873,0.9779153744355251,0.8920360378752806,0.41361584477197,0.2290491985452735,0.033322183824656015,0.019915338618960776,0.035526963284803814,0.021687637843306247,0.010990147708592895,0.0006644416402876113,0.2558877309697684,0.009004531278232624,0.02652243200657119,0.012683106565073623,0.001985616430360271,0.013839325441497567,0.5217969995386826,0.02453681557621092,0.9251344510990427,0.035526963284803814,0.04031706041276599,0.04012254730619093,0.001467083104463467,0.22357513410568283,0.009004531278232624,0.02652243200657119,0.03131252913453336,0.031118016027958304,-0.004790097127962172,-0.1806055012894512,-0.004595584021387114,-0.17327159214692345
12,2000,5,1.0,1.0,1.0,1.0,3,False,10,0.6,0.1525,0.5025,0.009004531278232624,baseline_oracle_quantile,,0.09862506265858917,0.30673277962545703,0.30673277962545703,0.8911361966309514,0.004831744749141955,0.0025045555119865798,0.29949083229736,0.9964975670603319,0.003502432939668121,0.36515859331241785,0.41110187232801565,0.29846057927195824,0.046476875948723295,0.015895118812290887,0.035526963284803814,0.02402143009630633,0.01653013849499827,0.0031600406589752995,0.6938534950501946,0.009004531278232624,0.02652243200657119,0.015016898818073707,0.007525607216765647,0.011505533188497483,0.4338038527404604,0.018996824789805543,0.7162550095367912,0.035526963284803814,0.04031706041276599,0.04012254730619093,0.001467083104463467,0.22357513410568283,0.009004531278232624,0.02652243200657119,0.03131252913453336,0.031118016027958304,-0.004790097127962172,-0.1806055012894512,-0.004595584021387114,-0.17327159214692345
13,2000,5,1.0,1.0,1.0,1.0,3,False,10,0.6,0.152,0.513,0.008946394905388339,1A_predicted_prob,,0.02593376837038405,0.10525496079674543,0.10525496079674543,0.3217623893132831,0.003003508291104799,0.08349426737755475,0.13608672166064753,0.9977590735952366,0.002240926404763366,1.0,0.3300569321817146,0.7683663209056505,0.023122692628115726,0.019104457007353304,-0.0004971454230547068,-0.006296529886627103,-0.013572952949929162,0.0,0.0,0.008946394905388339,0.009443540328443046,0.01524292479201544,0.0225193478553175,-0.005799384463572395,-0.6141112614413475,-0.013075807526874454,-1.3846298180663625,-0.0004971454230547068,0.002392780132404706,-0.004406688434001562,0.0,0.0,0.008946394905388339,0.009443540328443046,0.006553614772983633,0.0133530833393899,0.0028899255554594126,0.3060214130451936,-0.003909543010946854,-0.4139912442764375
13,2000,5,1.0,1.0,1.0,1.0,3,False,10,0.6,0.152,0.513,0.008946394905388339,1B_residual,,0.027830073060872384,0.10764326161955162,0.10764326161955161,0.31787491326330986,0.00469381409705508,0.11643343880976154,0.14633405539004216,0.9965384855666103,0.003461514433389712,1.0,0.3549272637696449,0.6532863430873965,0.0184531466207275,0.03162697312434315,-0.0004971454230547068,0.008425059565005827,-0.00028758089685724364,0.0,0.0,0.008946394905388339,0.009443540328443046,0.0005213353403825116,0.009233975802245583,0.008922204988060534,0.9447945026705399,0.00020956452619746296,0.022191309499285383,-0.0004971454230547068,0.002392780132404706,-0.004406688434001562,0.0,0.0,0.008946394905388339,0.009443540328443046,0.006553614772983633,0.0133530833393899,0.0028899255554594126,0.3060214130451936,-0.003909543010946854,-0.4139912442764375
13,2000,5,1.0,1.0,1.0,1.0,3,False,10,0.6,0.152,0.513,0.008946394905388339,1C_cv_decision,,0.02593376837038405,0.10525496079674543,0.10525496079674543,0.3217623893132831,0.003003508291104799,0.08349426737755475,0.13608672166064753,0.9977590735952366,0.002240926404763366,1.0,0.3300569321817146,0.7683663209056505,0.023122692628115726,0.019104457007353304,-0.0004971454230547068,-0.006296529886627103,-0.013572952949929162,0.0,0.0,0.008946394905388339,0.009443540328443046,0.01524292479201544,0.0225193478553175,-0.005799384463572395,-0.6141112614413475,-0.013075807526874454,-1.3846298180663625,-0.0004971454230547068,0.002392780132404706,-0.004406688434001562,0.0,0.0,0.008946394905388339,0.009443540328443046,0.006553614772983633,0.0133530833393899,0.0028899255554594126,0.3060214130451936,-0.003909543010946854,-0.4139912442764375
13,2000,5,1.0,1.0,1.0,1.0,3,False,10,0.6,0.152,0.513,0.008946394905388339,PS_propensity_score,,0.01120023760818629,0.041769796817603025,0.041769796817603025,0.06051267418333137,0.01798587371482813,0.06421278526002523,0.04757044438606158,0.9868635699417738,0.013136430058226178,1.0,0.08257163213749297,0.30996343258582437,0.14610675953418217,0.04150740247665774,-0.0004971454230547068,-0.011356996740217336,-0.02070523634220306,0.0,0.0,0.008946394905388339,0.009443540328443046,0.020303391645605677,0.029651631247591397,-0.010859851317162631,-1.1499766972407364,-0.020208090919148353,-2.139885066015285,-0.0004971454230547068,0.002392780132404706,-0.004406688434001562,0.0,0.0,0.008946394905388339,0.009443540328443046,0.006553614772983633,0.0133530833393899,0.0028899255554594126,0.3060214130451936,-0.003909543010946854,-0.4139912442764375
13,2000,5,1.0,1.0,1.0,1.0,3,False,10,0.6,0.152,0.513,0.008946394905388339,GMM,,0.006770867821414683,0.042000413410765325,0.04200041341076533,0.09683088904350078,0.010007628482955945,0.03104499787282875,0.04596117179976183,0.9926894294991726,0.007310570500827396,1.0,0.062025081928145154,0.13798891225173515,0.012464987197325694,0.05301502264717717,-0.0004971454230547068,-0.0020687771769212103,-0.004763827226553239,0.0,0.0,0.008946394905388339,0.009443540328443046,0.011015172082309548,0.013710222131941577,-0.0015716317538665026,-0.1664239998142325,-0.004266681803498531,-0.45180956030310915,-0.0004971454230547068,0.002392780132404706,-0.004406688434001562,0.0,0.0,0.008946394905388339,0.009443540328443046,0.006553614772983633,0.0133530833393899,0.0028899255554594126,0.3060214130451936,-0.003909543010946854,-0.4139912442764375
13,2000,5,1.0,1.0,1.0,1.0,3,False,10,0.6,0.152,0.513,0.008946394905388339,Prognostic_score,,0.02276217243182754,0.09808262828725474,0.09808262828725474,0.3119179304269061,0.0027970068507259154,0.07664589721978506,0.130453611499139,0.997908853228357,0.0020911467716430154,1.0,0.290706613802036,0.634780533331078,0.0030301024967551715,0.01046665557744031,-0.0004971454230547068,0.0007863909206651939,-0.0021168830719381897,0.0,0.0,0.008946394905388339,0.009443540328443046,0.008160003984723146,0.011063277977326529,0.0012835363437198998,0.13591685946996068,-0.001619737648883483,-0.17151805282230725,-0.0004971454230547068,0.002392780132404706,-0.004406688434001562,0.0,0.0,0.008946394905388339,0.009443540328443046,0.006553614772983633,0.0133530833393899,0.0028899255554594126,0.3060214130451936,-0.003909543010946854,-0.4139912442764375
13,2000,5,1.0,1.0,1.0,1.0,3,False,10,0.6,0.152,0.513,0.008946394905388339,2A_PCA_cum60,,0.017867026620741557,0.07059798986737535,0.07059798986737534,0.14904710062011226,0.035422948891512866,0.06360965634710444,0.08269323528624319,0.9740872310896432,0.025912768910356765,1.0,0.1778439905027911,0.42003423979911125,0.010454722985396514,0.010299657562574782,-0.0004971454230547068,-0.0020432718725671047,0.0025200425401688256,0.0,0.0,0.008946394905388339,0.009443540328443046,0.010989666777955443,0.006426352365219513,-0.0015461264495123979,-0.16372317962741278,0.0030171879632235324,0.3194975462895042,-0.0004971454230547068,0.002392780132404706,-0.004406688434001562,0.0,0.0,0.008946394905388339,0.009443540328443046,0.006553614772983633,0.0133530833393899,0.0028899255554594126,0.3060214130451936,-0.003909543010946854,-0.4139912442764375
13,2000,5,1.0,1.0,1.0,1.0,3,False,10,0.6,0.152,0.513,0.008946394905388339,2B_clustering,,0.025277357733078393,0.09833441213689909,0.09833441213689909,0.2604170472462238,0.010422019978890905,0.11354584416418347,0.12812830379643272,0.9923836836987989,0.007616316301201076,1.0,0.2585513820780795,0.5323071730709825,0.03473258957187808,0.045217037280526506,-0.0004971454230547068,-0.0005536190589528422,-0.008276641367673093,0.0,0.0,0.008946394905388339,0.009443540328443046,0.009500013964341181,0.01722303627306143,-5.6473635898135824e-05,-0.005980133925837405,-0.007779495944618386,-0.8237901966900363,-0.0004971454230547068,0.002392780132404706,-0.004406688434001562,0.0,0.0,0.008946394905388339,0.009443540328443046,0.006553614772983633,0.0133530833393899,0.0028899255554594126,0.3060214130451936,-0.003909543010946854,-0.4139912442764375
13,2000,5,1.0,1.0,1.0,1.0,3,False,10,0.6,0.152,0.513,0.008946394905388339,baseline_random,,-0.0019760115814537902,0.017931876658606984,0.017931876658606984,0.003294617404381747,0.0012098975703535432,0.0016762760039786622,0.0020602636595713174,0.9990546991591973,0.0009453008408026875,0.5335792263768133,0.004334320020557336,0.0013358635184648193,0.004613342086938643,0.006395114135431257,-0.0004971454230547068,0.00038172305188703855,0.0021944422692916,0.0026108508877394866,0.5088796607322056,0.008946394905388339,0.009443540328443046,0.0085646718535013,0.006751952636096739,0.0008788684749417453,0.09306557121323211,0.0026915876923463066,0.28501892285454644,-0.0004971454230547068,0.002392780132404706,-0.004406688434001562,0.0,0.0,0.008946394905388339,0.009443540328443046,0.006553614772983633,0.0133530833393899,0.0028899255554594126,0.3060214130451936,-0.003909543010946854,-0.4139912442764375
13,2000,5,1.0,1.0,1.0,1.0,3,False,10,0.6,0.152,0.513,0.008946394905388339,baseline_oracle_kmeans,,0.35956151820618804,0.6260239141138,0.6260239141137999,0.3738967077194159,0.9586552061799587,0.6350436137862184,0.6558651758951978,0.05991209666566392,0.9400879033343361,0.9201370181252028,0.3997843080827499,0.2308286338419424,0.034334547637518975,0.005271980545058508,-0.0004971454230547068,-0.006833455984219537,-0.008854668293291072,0.00016951008853241926,0.09232536244394701,0.008946394905388339,0.009443540328443046,0.015779850889607875,0.017801063198679412,-0.006336310561164829,-0.6709677028730914,-0.008357522870236367,-0.8849989071433626,-0.0004971454230547068,0.002392780132404706,-0.004406688434001562,0.0,0.0,0.008946394905388339,0.009443540328443046,0.006553614772983633,0.0133530833393899,0.0028899255554594126,0.3060214130451936,-0.003909543010946854,-0.4139912442764375
13,2000,5,1.0,1.0,1.0,1.0,3,False,10,0.6,0.152,0.513,0.008946394905388339,baseline_oracle_quantile,,0.1099430660844676,0.3416992219270746,0.3416992219270746,0.9012905387349252,0.007644778195226176,0.0024289926604201557,0.3037881031968572,0.9944033179472982,0.005596682052701807,1.0,0.4922577753135956,0.28997713442286244,0.006838708833332041,0.00047538908821864734,-0.0004971454230547068,-0.0017551613333803779,0.0018434575020021958,0.0,0.0,0.008946394905388339,0.009443540328443046,0.010701556238768718,0.007102937403386143,-0.001258015910325672,-0.1332144372314108,0.0023406029250569024,0.2478522718865539,-0.0004971454230547068,0.002392780132404706,-0.004406688434001562,0.0,0.0,0.008946394905388339,0.009443540328443046,0.006553614772983633,0.0133530833393899,0.0028899255554594126,0.3060214130451936,-0.003909543010946854,-0.4139912442764375
14,2000,5,1.0,1.0,1.0,1.0,3,False,10,0.6,0.141,0.521,0.008528268995860058,1A_predicted_prob,,0.02796828546594754,0.1092985648201997,0.10929856482019971,0.3125830517584661,0.008954714551718328,0.09597247741235536,0.1391700812408466,0.992939678334021,0.00706032166597903,1.0,0.341905708786853,0.8462193353835143,0.08985836263804714,0.03195208237617064,-0.027032432518920305,-0.03293135541853133,-0.019353498789265112,0.0,0.0,0.008528268995860058,0.035560701514780364,0.04145962441439139,0.027881767785125168,-0.0058989228996110254,-0.16588319825915732,0.007678933729655196,0.2159387583077781,-0.027032432518920305,-0.02931326781563545,-0.033274553669912554,0.003795524579171736,0.48689444528054365,0.008528268995860058,0.035560701514780364,0.037841536811495505,0.041802822665772614,-0.0022808352967151405,-0.06413920984565324,-0.00624212115099225,-0.17553425228120956
14,2000,5,1.0,1.0,1.0,1.0,3,False,10,0.6,0.141,0.521,0.008528268995860058,1B_residual,,0.030207883748755174,0.11217966647596705,0.11217966647596704,0.3363531037543291,0.014410977164008751,0.09151638654008576,0.1474268224861412,0.9889399119244442,0.011060088075555807,1.0,0.32735212346367615,0.6821587314115293,0.0648751080087051,0.028997389215027147,-0.027032432518920305,-0.036595811051693405,-0.00576240661638971,0.00019312546057596595,0.4826139752455388,0.008528268995860058,0.035560701514780364,0.045124080047553465,0.014290675612249767,-0.0095633785327731,-0.2689310988085598,0.021270025902530597,0.5981329106707857,-0.027032432518920305,-0.02931326781563545,-0.033274553669912554,0.003795524579171736,0.48689444528054365,0.008528268995860058,0.035560701514780364,0.037841536811495505,0.041802822665772614,-0.0022808352967151405,-0.06413920984565324,-0.00624212115099225,-0.17553425228120956
14,2000,5,1.0,1.0,1.0,1.0,3,False,10,0.6,0.141,0.521,0.008528268995860058,1C_cv_decision,,0.02796828546594754,0.1092985648201997,0.10929856482019971,0.3125830517584661,0.008954714551718328,0.09597247741235536,0.1391700812408466,0.992939678334021,0.00706032166597903,1.0,0.341905708786853,0.8462193353835143,0.08985836263804714,0.03195208237617064,-0.027032432518920305,-0.03293135541853133,-0.019353498789265112,0.0,0.0,0.008528268995860058,0.035560701514780364,0.04145962441439139,0.027881767785125168,-0.0058989228996110254,-0.16588319825915732,0.007678933729655196,0.2159387583077781,-0.027032432518920305,-0.02931326781563545,-0.033274553669912554,0.003795524579171736,0.48689444528054365,0.008528268995860058,0.035560701514780364,0.037841536811495505,0.041802822665772614,-0.0022808352967151405,-0.06413920984565324,-0.00624212115099225,-0.17553425228120956
14,2000,5,1.0,1.0,1.0,1.0,3,False,10,0.6,0.141,0.521,0.008528268995860058,PS_propensity_score,,0.010180853626182762,0.03560253109749441,0.03560253109749441,0.012444670289649651,0.003330244118603836,0.07854508913076758,0.03144000117967369,0.9970305480826875,0.00296945191731246,1.0,0.05899722189273293,0.19532466902989376,0.048169070839806705,0.00748775736218632,-0.027032432518920305,-0.03361438840801641,-0.028784297548977104,0.0,0.0,0.008528268995860058,0.035560701514780364,0.04214265740387647,0.03731256654483716,-0.006581955889096103,-0.18509072118165038,-0.0017518650300567956,-0.049264073975836986,-0.027032432518920305,-0.02931326781563545,-0.033274553669912554,0.003795524579171736,0.48689444528054365,0.008528268995860058,0.035560701514780364,0.037841536811495505,0.041802822665772614,-0.0022808352967151405,-0.06413920984565324,-0.00624212115099225,-0.17553425228120956
14,2000,5,1.0,1.0,1.0,1.0,3,False,10,0.6,0.141,0.521,0.008528268995860058,GMM,,0.01186142372550609,0.05708635341841329,0.05708635341841328,0.1417529801013663,0.006015940922274692,0.04278678810944448,0.0635185697110285,0.9950886870663841,0.004911312933615908,1.0,0.11221004335320728,0.2758809655098271,0.07199225268140519,0.051875799405254774,-0.027032432518920305,-0.02812096209640482,-0.02597362508034442,0.0,0.0,0.008528268995860058,0.035560701514780364,0.03664923109226488,0.03450189407620448,-0.0010885295774845163,-0.030610464111122226,0.0010588074385758858,0.029774649921790908,-0.027032432518920305,-0.02931326781563545,-0.033274553669912554,0.003795524579171736,0.48689444528054365,0.008528268995860058,0.035560701514780364,0.037841536811495505,0.041802822665772614,-0.0022808352967151405,-0.06413920984565324,-0.00624212115099225,-0.17553425228120956
14,2000,5,1.0,1.0,1.0,1.0,3,False,10,0.6,0.141,0.521,0.008528268995860058,Prognostic_score,,0.02632753338776122,0.1022936076278685,0.10229360762786849,0.2694071317976444,0.00707216487466995,0.11622515444716429,0.13090148370649288,0.9943046856257687,0.0056953143742313195,1.0,0.3147364211141165,0.804011760952691,0.05446029434926114,0.017466950235577094,-0.027032432518920305,-0.03427679643415443,-0.026775015681933165,0.0,0.0,0.008528268995860058,0.035560701514780364,0.04280506543001449,0.03530328467779322,-0.007244363915234128,-0.2037182509524762,0.0002574168369871427,0.007238800867866768,-0.027032432518920305,-0.02931326781563545,-0.033274553669912554,0.003795524579171736,0.48689444528054365,0.008528268995860058,0.035560701514780364,0.037841536811495505,0.041802822665772614,-0.0022808352967151405,-0.06413920984565324,-0.00624212115099225,-0.17553425228120956
14,2000,5,1.0,1.0,1.0,1.0,3,False,10,0.6,0.141,0.521,0.008528268995860058,2A_PCA_cum60,,0.014273446243470628,0.062115046895014514,0.06211504689501452,0.10605522495902633,0.0078192119779008,0.07859246042738223,0.06415563245476978,0.9937858393792001,0.006214160620799936,1.0,0.1374073028318662,0.4549482693131277,0.0298098224042066,0.025012110101978124,-0.027032432518920305,-0.03440238745673428,-0.02776137032187659,0.0,0.0,0.008528268995860058,0.035560701514780364,0.04293065645259434,0.03628963931773665,-0.007369954937813977,-0.20724998731396638,-0.0007289378029562837,-0.02049840897129962,-0.027032432518920305,-0.02931326781563545,-0.033274553669912554,0.003795524579171736,0.48689444528054365,0.008528268995860058,0.035560701514780364,0.037841536811495505,0.041802822665772614,-0.0022808352967151405,-0.06413920984565324,-0.00624212115099225,-0.17553425228120956
14,2000,5,1.0,1.0,1.0,1.0,3,False,10,0.6,0.141,0.521,0.008528268995860058,2B_clustering,,0.023319396066086608,0.09925628731768314,0.09925628731768314,0.26320162671679626,0.022726469474873483,0.08833330071224142,0.1247537989679704,0.9829298306846602,0.017070169315339778,1.0,0.1701535928533502,0.4656304087943264,0.09061467275410784,0.012579709782760351,-0.027032432518920305,-0.02818064662645725,-0.02293976593953229,0.0,0.0,0.008528268995860058,0.035560701514780364,0.03670891562231731,0.031468034935392346,-0.0011482141075369462,-0.03228884860608572,0.0040926665793880185,0.115089590616961,-0.027032432518920305,-0.02931326781563545,-0.033274553669912554,0.003795524579171736,0.48689444528054365,0.008528268995860058,0.035560701514780364,0.037841536811495505,0.041802822665772614,-0.0022808352967151405,-0.06413920984565324,-0.00624212115099225,-0.17553425228120956
14,2000,5,1.0,1.0,1.0,1.0,3,False,10,0.6,0.141,0.521,0.008528268995860058,baseline_random,,0.0008642801955976971,0.017823583444295996,0.017823583444295993,0.0023146699815204687,0.006502513923384512,0.011017059112045311,0.00661141433898343,0.9947358247774217,0.005264175222578271,0.9556255045356074,0.0044713858530853745,0.0018937833471185384,0.0023247656968934383,0.0019027292108968474,-0.027032432518920305,-0.026320271111145446,-0.027239960719111056,9.757759037374446e-05,0.041954119162250794,0.008528268995860058,0.035560701514780364,0.034848540107005506,0.035768229714971116,0.0007121614077748584,0.020026641135829637,-0.00020752820019075136,-0.005835886001981594,-0.027032432518920305,-0.02931326781563545,-0.033274553669912554,0.003795524579171736,0.48689444528054365,0.008528268995860058,0.035560701514780364,0.037841536811495505,0.041802822665772614,-0.0022808352967151405,-0.06413920984565324,-0.00624212115099225,-0.17553425228120956
14,2000,5,1.0,1.0,1.0,1.0,3,False,10,0.6,0.141,0.521,0.008528268995860058,baseline_oracle_kmeans,,0.3812716270638279,0.6566458431448414,0.6566458431448414,0.24287769614707658,0.9960183837892345,0.7037076473318884,0.6475345757560665,0.008977968670576089,0.9910220313294239,0.8840884832466054,0.28531261184146306,0.18513007424817562,0.02146097095025057,0.005640395729346492,-0.027032432518920305,-0.029790986109497774,-0.029297373028946475,0.0,0.0,0.008528268995860058,0.035560701514780364,0.03831925510535783,0.03782564202480653,-0.002758553590577466,-0.07757309257329781,-0.002264940510026167,-0.06369223366093535,-0.027032432518920305,-0.02931326781563545,-0.033274553669912554,0.003795524579171736,0.48689444528054365,0.008528268995860058,0.035560701514780364,0.037841536811495505,0.041802822665772614,-0.0022808352967151405,-0.06413920984565324,-0.00624212115099225,-0.17553425228120956
14,2000,5,1.0,1.0,1.0,1.0,3,False,10,0.6,0.141,0.521,0.008528268995860058,baseline_oracle_quantile,,0.09126979394731304,0.30841960688337355,0.30841960688337355,0.9023369534371903,0.004832412651169841,0.0019795611346430843,0.30304964240766774,0.9959459650562763,0.0040540349437236944,1.0,0.4203506186898912,0.2988120099553041,0.038837442857300286,0.007341748844659435,-0.027032432518920305,-0.023218785336015322,-0.005452573504472689,0.0,0.0,0.008528268995860058,0.035560701514780364,0.03174705433187538,0.013980842500332748,0.003813647182904986,0.1072433056845038,0.021579859014447617,0.6068457059396934,-0.027032432518920305,-0.02931326781563545,-0.033274553669912554,0.003795524579171736,0.48689444528054365,0.008528268995860058,0.035560701514780364,0.037841536811495505,0.041802822665772614,-0.0022808352967151405,-0.06413920984565324,-0.00624212115099225,-0.17553425228120956
15,2000,5,1.0,1.0,1.0,1.0,3,False,10,0.6,0.148,0.51,0.009001794164569017,1A_predicted_prob,,0.021000783215491713,0.0875433803843424,0.0875433803843424,0.29424734374855066,0.01259606543833327,0.06280468867593457,0.1232160326209395,0.9897092471162604,0.010290752883739596,0.4939747805496538,0.3242107528154886,0.7620173631883185,0.07185811121069408,0.05465297645652567,-0.029502210263309653,-0.031085553448121826,-0.02656693023707314,0.002663979674494053,0.5858143001435099,0.009001794164569017,0.03850400442787867,0.040087347612690845,0.03556872440164216,-0.0015833431848121735,-0.04112151991302393,0.0029352800262365114,0.07623311055177506,-0.029502210263309653,-0.029589264158943352,-0.023965557013161807,0.0017408471289682187,0.2631413848109273,0.009001794164569017,0.03850400442787867,0.03859105832351237,0.03296735117773082,-8.705389563369581e-05,-0.002260904987084089,0.005536653250147849,0.14379421913163548
15,2000,5,1.0,1.0,1.0,1.0,3,False,10,0.6,0.148,0.51,0.009001794164569017,1B_residual,,0.023880692257190948,0.09617332438316702,0.09617332438316703,0.28717021292602335,0.014021442335907597,0.07608148144619724,0.12575771223604273,0.9886894016800185,0.01131059831998149,1.0,0.3307205453804132,0.6342572438631704,0.0543912822115149,0.04177637834373571,-0.029502210263309653,-0.014689002526600468,0.0012135419277002327,0.0,0.0,0.009001794164569017,0.03850400442787867,0.023690796691169483,0.007788252236868784,0.014813207736709189,0.3847186274990074,0.030715752191009887,0.7977287725629459,-0.029502210263309653,-0.029589264158943352,-0.023965557013161807,0.0017408471289682187,0.2631413848109273,0.009001794164569017,0.03850400442787867,0.03859105832351237,0.03296735117773082,-8.705389563369581e-05,-0.002260904987084089,0.005536653250147849,0.14379421913163548
15,2000,5,1.0,1.0,1.0,1.0,3,False,10,0.6,0.148,0.51,0.009001794164569017,1C_cv_decision,,0.021000783215491713,0.0875433803843424,0.0875433803843424,0.29424734374855066,0.01259606543833327,0.06280468867593457,0.1232160326209395,0.9897092471162604,0.010290752883739596,0.4939747805496538,0.3242107528154886,0.7620173631883185,0.07185811121069408,0.05465297645652567,-0.029502210263309653,-0.031085553448121826,-0.02656693023707314,0.002663979674494053,0.5858143001435099,0.009001794164569017,0.03850400442787867,0.040087347612690845,0.03556872440164216,-0.0015833431848121735,-0.04112151991302393,0.0029352800262365114,0.07623311055177506,-0.029502210263309653,-0.029589264158943352,-0.023965557013161807,0.0017408471289682187,0.2631413848109273,0.009001794164569017,0.03850400442787867,0.03859105832351237,0.03296735117773082,-8.705389563369581e-05,-0.002260904987084089,0.005536653250147849,0.14379421913163548
15,2000,5,1.0,1.0,1.0,1.0,3,False,10,0.6,0.148,0.51,0.009001794164569017,PS_propensity_score,,0.002898521356008634,0.02990026744236837,0.02990026744236837,0.06874931731879902,0.005693762732512403,0.015770868505212834,0.030071316185508085,0.9947210038836917,0.005278996116308332,1.0,0.07282353076080406,0.20562151963414843,0.0029742888869950246,0.005534805629733075,-0.029502210263309653,-0.03820965309278486,-0.03806040138084537,0.0,0.0,0.009001794164569017,0.03850400442787867,0.04721144725735388,0.04706219554541439,-0.008707442829475207,-0.22614382474905947,-0.008558191117535717,-0.22226756008108062,-0.029502210263309653,-0.029589264158943352,-0.023965557013161807,0.0017408471289682187,0.2631413848109273,0.009001794164569017,0.03850400442787867,0.03859105832351237,0.03296735117773082,-8.705389563369581e-05,-0.002260904987084089,0.005536653250147849,0.14379421913163548
15,2000,5,1.0,1.0,1.0,1.0,3,False,10,0.6,0.148,0.51,0.009001794164569017,GMM,,0.0005461313335156856,0.02937102053583609,0.029371020535836085,0.06864219117345381,0.00576553154234144,0.010179241455170103,0.02819565472365512,0.9946592382660985,0.005340761733901522,1.0,0.05288454393720354,0.057696934391621046,0.1685883479247372,0.10425848179891917,-0.029502210263309653,-0.030102506791670168,-0.02444175949580942,0.0,0.0,0.009001794164569017,0.03850400442787867,0.03910430095623919,0.03344355366037844,-0.0006002965283605152,-0.015590496034897372,0.005060450767500231,0.1314266098472665,-0.029502210263309653,-0.029589264158943352,-0.023965557013161807,0.0017408471289682187,0.2631413848109273,0.009001794164569017,0.03850400442787867,0.03859105832351237,0.03296735117773082,-8.705389563369581e-05,-0.002260904987084089,0.005536653250147849,0.14379421913163548
15,2000,5,1.0,1.0,1.0,1.0,3,False,10,0.6,0.148,0.51,0.009001794164569017,Prognostic_score,,0.01711354297360434,0.07660284854657143,0.07660284854657143,0.21154066762477458,0.017250289727784016,0.07056458471526252,0.09978518068927371,0.9863653876125077,0.013634612387492306,0.6489548567660646,0.25967835857852095,0.6556556041937998,0.028790017927443734,0.02551296028104466,-0.029502210263309653,-0.03619456446875632,-0.03479654949733636,0.0017796169594463422,0.4923910791528666,0.009001794164569017,0.03850400442787867,0.045196358633325336,0.04379834366190538,-0.006692354205446664,-0.17380930386038207,-0.00529433923402671,-0.13750100314743796,-0.029502210263309653,-0.029589264158943352,-0.023965557013161807,0.0017408471289682187,0.2631413848109273,0.009001794164569017,0.03850400442787867,0.03859105832351237,0.03296735117773082,-8.705389563369581e-05,-0.002260904987084089,0.005536653250147849,0.14379421913163548
15,2000,5,1.0,1.0,1.0,1.0,3,False,10,0.6,0.148,0.51,0.009001794164569017,2A_PCA_cum60,,0.016031025828792737,0.06023928045359533,0.06023928045359532,0.10082051469633728,0.05024878455914711,0.028832123687893417,0.05996714098112594,0.9617975386494417,0.03820246135055827,1.0,0.11768199218604924,0.48153107308722265,0.010127391889483861,0.002990785761417092,-0.029502210263309653,-0.03375009812189752,-0.03175789853399963,0.0,0.0,0.009001794164569017,0.03850400442787867,0.04275189228646654,0.04075969269856865,-0.004247887858587866,-0.11032327472703596,-0.002255688270689976,-0.05858321242703668,-0.029502210263309653,-0.029589264158943352,-0.023965557013161807,0.0017408471289682187,0.2631413848109273,0.009001794164569017,0.03850400442787867,0.03859105832351237,0.03296735117773082,-8.705389563369581e-05,-0.002260904987084089,0.005536653250147849,0.14379421913163548
15,2000,5,1.0,1.0,1.0,1.0,3,False,10,0.6,0.148,0.51,0.009001794164569017,2B_clustering,,0.01708255436618966,0.07442559184449164,0.07442559184449164,0.234414745233849,0.011395935508772761,0.06641441192749796,0.1040750308900399,0.9905848635854,0.009415136414600012,1.0,0.16940294830317393,0.4280952199211491,0.1661130750155323,0.10223636266152958,-0.029502210263309653,-0.029877821210256998,-0.026056283730437668,0.0,0.0,0.009001794164569017,0.03850400442787867,0.03887961537482602,0.03505807789500669,-0.00037561094694734537,-0.009755113851882546,0.0034459265328719846,0.089495276765992,-0.029502210263309653,-0.029589264158943352,-0.023965557013161807,0.0017408471289682187,0.2631413848109273,0.009001794164569017,0.03850400442787867,0.03859105832351237,0.03296735117773082,-8.705389563369581e-05,-0.002260904987084089,0.005536653250147849,0.14379421913163548
15,2000,5,1.0,1.0,1.0,1.0,3,False,10,0.6,0.148,0.51,0.009001794164569017,baseline_random,,-0.0016715586444200428,0.014849124313876198,0.014849124313876198,0.0018419520022770696,0.0046910551641826444,0.005965817982656592,0.004166275049705436,0.9954552813532334,0.004544718646766643,0.34330229785425304,0.003981987166314482,0.0008279677379288142,0.005492155003840371,0.008093414671160315,-0.029502210263309653,-0.02794784411979505,-0.03177742056241543,0.004286730375273746,0.6286687382659318,0.009001794164569017,0.03850400442787867,0.03694963828436407,0.040779214726984446,0.0015543661435146044,0.040368947765577645,-0.0022752102991057746,-0.05909022536519393,-0.029502210263309653,-0.029589264158943352,-0.023965557013161807,0.0017408471289682187,0.2631413848109273,0.009001794164569017,0.03850400442787867,0.03859105832351237,0.03296735117773082,-8.705389563369581e-05,-0.002260904987084089,0.005536653250147849,0.14379421913163548
15,2000,5,1.0,1.0,1.0,1.0,3,False,10,0.6,0.148,0.51,0.009001794164569017,baseline_oracle_kmeans,,0.3495169778713453,0.6220838844967187,0.6220838844967188,0.3758223545679308,0.954594017094017,0.6110564256328586,0.6471575990982689,0.06686138069647024,0.9331386193035298,1.0,0.22360941026023895,0.1246984205274394,0.025422257389489666,0.021137670933577102,-0.029502210263309653,-0.02614303023227752,-0.017765969650939354,0.0,0.0,0.009001794164569017,0.03850400442787867,0.03514482439684654,0.02676776381550837,0.0033591800310321315,0.08724235520292878,0.011736240612370302,0.3048057153212024,-0.029502210263309653,-0.029589264158943352,-0.023965557013161807,0.0017408471289682187,0.2631413848109273,0.009001794164569017,0.03850400442787867,0.03859105832351237,0.03296735117773082,-8.705389563369581e-05,-0.002260904987084089,0.005536653250147849,0.14379421913163548
15,2000,5,1.0,1.0,1.0,1.0,3,False,10,0.6,0.148,0.51,0.009001794164569017,baseline_oracle_quantile,,0.093827714685994,0.3022438760783624,0.30224387607836234,0.8932345759543536,0.008783740039738005,0.004238922540044444,0.30208574617804534,0.992497107319901,0.00750289268009896,0.9983190743178618,0.4498503316552386,0.225152487778574,0.028401353433059162,0.030250751014358368,-0.029502210263309653,-0.03082053513832033,-0.022515979252897306,0.00026958634117641323,0.12696027735598336,0.009001794164569017,0.03850400442787867,0.03982232930288935,0.031517773417466324,-0.0013183248750106777,-0.034238643346304665,0.006986231010412347,0.18144167377442944,-0.029502210263309653,-0.029589264158943352,-0.023965557013161807,0.0017408471289682187,0.2631413848109273,0.009001794164569017,0.03850400442787867,0.03859105832351237,0.03296735117773082,-8.705389563369581e-05,-0.002260904987084089,0.005536653250147849,0.14379421913163548
16,2000,5,1.0,1.0,1.0,1.0,3,False,10,0.6,0.153,0.489,0.009436320813368456,1A_predicted_prob,,0.029040246324199572,0.10111534614155626,0.10111534614155626,0.26759076490456746,0.008048456056589987,0.11841949196062425,0.13135290430726057,0.9932507148045208,0.006749285195479238,1.0,0.3606400145391859,0.808413550394927,0.24881841855267672,0.08445603596488216,0.037660256410256415,0.03282837752959993,0.009052774321759775,0.00016321076485360165,0.09158445021914918,0.009436320813368456,0.02822393559688796,0.023392056716231478,0.0003835464916086811,0.004831878880656483,0.1711979133480328,0.02784038910527928,0.9864105949968589,0.037660256410256415,0.047026074879076826,0.03552028884089838,0.001656608944261004,0.2912806696482111,0.009436320813368456,0.02822393559688796,0.03758975406570837,0.02608396802752993,-0.009365818468820411,-0.3318395635034368,0.0021399675693580325,0.07582101943266872
16,2000,5,1.0,1.0,1.0,1.0,3,False,10,0.6,0.153,0.489,0.009436320813368456,1B_residual,,0.03372895705553672,0.11040785067833613,0.11040785067833611,0.28825187809444863,0.012192264576573101,0.11233106571718858,0.13759173612940342,0.9902254422950588,0.009774557704941178,1.0,0.37536566639496804,0.690201919778362,0.1821079535240625,0.07744692473609804,0.037660256410256415,0.009657455577745486,0.0011800251461715006,0.0,0.0,0.009436320813368456,0.02822393559688796,0.00022113476437703,0.008256295667196954,0.02800280083251093,0.9921649918871905,0.019967639929691007,0.7074718499532251,0.037660256410256415,0.047026074879076826,0.03552028884089838,0.001656608944261004,0.2912806696482111,0.009436320813368456,0.02822393559688796,0.03758975406570837,0.02608396802752993,-0.009365818468820411,-0.3318395635034368,0.0021399675693580325,0.07582101943266872
16,2000,5,1.0,1.0,1.0,1.0,3,False,10,0.6,0.153,0.489,0.009436320813368456,1C_cv_decision,,0.029040246324199572,0.10111534614155626,0.10111534614155626,0.26759076490456746,0.008048456056589987,0.11841949196062425,0.13135290430726057,0.9932507148045208,0.006749285195479238,1.0,0.3606400145391859,0.808413550394927,0.24881841855267672,0.08445603596488216,0.037660256410256415,0.03282837752959993,0.009052774321759775,0.00016321076485360165,0.09158445021914918,0.009436320813368456,0.02822393559688796,0.023392056716231478,0.0003835464916086811,0.004831878880656483,0.1711979133480328,0.02784038910527928,0.9864105949968589,0.037660256410256415,0.047026074879076826,0.03552028884089838,0.001656608944261004,0.2912806696482111,0.009436320813368456,0.02822393559688796,0.03758975406570837,0.02608396802752993,-0.009365818468820411,-0.3318395635034368,0.0021399675693580325,0.07582101943266872
16,2000,5,1.0,1.0,1.0,1.0,3,False,10,0.6,0.153,0.489,0.009436320813368456,PS_propensity_score,,0.006683627638180738,0.05145316957689514,0.05145316957689515,0.1675959372026488,0.008545432843507767,0.0013101010076192552,0.0591504903512586,0.9928902688862866,0.00710973111371338,0.8541981831960865,0.073222795542084,0.24742744348860146,0.08938815381476284,0.04564561404324019,0.037660256410256415,0.033655242151651506,0.026905261271961734,0.001029781198379373,0.33651590471633747,0.009436320813368456,0.02822393559688796,0.024218921338283052,0.017468940458593277,0.0040050142586049095,0.14190133919688053,0.010754995138294685,0.38105937073781293,0.037660256410256415,0.047026074879076826,0.03552028884089838,0.001656608944261004,0.2912806696482111,0.009436320813368456,0.02822393559688796,0.03758975406570837,0.02608396802752993,-0.009365818468820411,-0.3318395635034368,0.0021399675693580325,0.07582101943266872
16,2000,5,1.0,1.0,1.0,1.0,3,False,10,0.6,0.153,0.489,0.009436320813368456,GMM,,0.008784068187434406,0.04528600050861874,0.045286000508618744,0.0990752943543773,0.026857085527440174,0.014827647439703369,0.04692000910717361,0.9795342417598877,0.02046575824011232,0.6832296709949255,0.0676038277739357,0.12853852481958028,0.12190712557486616,0.07621999620131592,0.037660256410256415,0.03713671751361332,0.024670413010170117,0.0024365214705752303,0.5273402342196335,0.009436320813368456,0.02822393559688796,0.027700396700244864,0.015234092196801661,0.000523538896643097,0.01854946468559915,0.0129898434000863,0.46024210037945923,0.037660256410256415,0.047026074879076826,0.03552028884089838,0.001656608944261004,0.2912806696482111,0.009436320813368456,0.02822393559688796,0.03758975406570837,0.02608396802752993,-0.009365818468820411,-0.3318395635034368,0.0021399675693580325,0.07582101943266872
16,2000,5,1.0,1.0,1.0,1.0,3,False,10,0.6,0.153,0.489,0.009436320813368456,Prognostic_score,,0.028740877978344563,0.10165928070299989,0.10165928070299987,0.28054817129477044,0.0038486428648305602,0.1157097819167081,0.1333688653587697,0.9962874427849912,0.0037125572150088493,1.0,0.3776526769682874,0.805349772260664,0.2843557499380903,0.09529639137787282,0.037660256410256415,0.03280544788015004,0.014662199724304527,0.0,0.0,0.009436320813368456,0.02822393559688796,0.023369127066781584,0.005225878910936071,0.004854808530106378,0.1720103319198929,0.02299805668595189,0.8148423031580228,0.037660256410256415,0.047026074879076826,0.03552028884089838,0.001656608944261004,0.2912806696482111,0.009436320813368456,0.02822393559688796,0.03758975406570837,0.02608396802752993,-0.009365818468820411,-0.3318395635034368,0.0021399675693580325,0.07582101943266872
16,2000,5,1.0,1.0,1.0,1.0,3,False,10,0.6,0.153,0.489,0.009436320813368456,2A_PCA_cum60,,0.01628661189501981,0.0565862287457137,0.056586228745713694,0.1238958621885563,0.00829031284168552,0.09859580587791868,0.07692732696938683,0.9930749971992117,0.006925002800788338,1.0,0.20494669486278172,0.48569203847414666,0.09917244101891198,0.04043368273123649,0.037660256410256415,0.03807608929284729,0.031678719918829715,0.0,0.0,0.009436320813368456,0.02822393559688796,0.028639768479478835,0.02224239910546126,-0.0004158328825908733,-0.014733341534294286,0.0059815364914267005,0.21193134001078995,0.037660256410256415,0.047026074879076826,0.03552028884089838,0.001656608944261004,0.2912806696482111,0.009436320813368456,0.02822393559688796,0.03758975406570837,0.02608396802752993,-0.009365818468820411,-0.3318395635034368,0.0021399675693580325,0.07582101943266872
16,2000,5,1.0,1.0,1.0,1.0,3,False,10,0.6,0.153,0.489,0.009436320813368456,2B_clustering,,0.01774543107943487,0.08397172655584731,0.08397172655584731,0.26976128027762003,0.0316333774049217,0.04215760553903022,0.1145174210738573,0.975715485733473,0.024284514266527002,0.8664939716577097,0.18760875082791784,0.49791798310723223,0.2470325331560087,0.08338280623639194,0.037660256410256415,0.036604465397243165,0.021314570958034736,0.001479120049318266,0.46751536760707535,0.009436320813368456,0.02822393559688796,0.02716814458387471,0.01187825014466628,0.0010557910130132506,0.03740764676098762,0.016345685452221682,0.5791426711597228,0.037660256410256415,0.047026074879076826,0.03552028884089838,0.001656608944261004,0.2912806696482111,0.009436320813368456,0.02822393559688796,0.03758975406570837,0.02608396802752993,-0.009365818468820411,-0.3318395635034368,0.0021399675693580325,0.07582101943266872
16,2000,5,1.0,1.0,1.0,1.0,3,False,10,0.6,0.153,0.489,0.009436320813368456,baseline_random,,5.6822750574137686e-05,0.014981812716163634,0.014981812716163636,0.009137814800055275,0.003162024171141334,0.004056391222093429,0.00545207673109668,0.9967836709080644,0.003216329091935588,1.0,0.014346551048236678,0.008633325651728252,0.007161122453988034,0.006152321529097726,0.037660256410256415,0.04031888298907888,0.03924964581042648,0.0,0.0,0.009436320813368456,0.02822393559688796,0.030882562175710428,0.02981332499705803,-0.0026586265788224664,-0.09419758522676092,-0.0015893894001700673,-0.05631352844871551,0.037660256410256415,0.047026074879076826,0.03552028884089838,0.001656608944261004,0.2912806696482111,0.009436320813368456,0.02822393559688796,0.03758975406570837,0.02608396802752993,-0.009365818468820411,-0.3318395635034368,0.0021399675693580325,0.07582101943266872
16,2000,5,1.0,1.0,1.0,1.0,3,False,10,0.6,0.153,0.489,0.009436320813368456,baseline_oracle_kmeans,,0.3948676659246057,0.6478381114708582,0.647838111470858,0.33614750305637775,0.9767482441027354,0.6607056158086824,0.6578671209892651,0.03819277106088891,0.9618072289391111,1.0,0.5110537263707563,0.2212997970790006,0.085176419205926,0.03315281687840854,0.037660256410256415,0.041898426029945396,0.023841029405537895,0.001072566208733515,0.3813692486097325,0.009436320813368456,0.02822393559688796,0.03246210521657694,0.014404708592169439,-0.004238169619688981,-0.1501622481081728,0.013819227004718522,0.48962792440053127,0.037660256410256415,0.047026074879076826,0.03552028884089838,0.001656608944261004,0.2912806696482111,0.009436320813368456,0.02822393559688796,0.03758975406570837,0.02608396802752993,-0.009365818468820411,-0.3318395635034368,0.0021399675693580325,0.07582101943266872
16,2000,5,1.0,1.0,1.0,1.0,3,False,10,0.6,0.153,0.489,0.009436320813368456,baseline_oracle_quantile,,0.08973396610627975,0.2927749004638403,0.29277490046384036,0.9076193812666917,0.004059403899652077,0.003058303853261357,0.30491236300653507,0.9961355691556422,0.0038644308443578357,1.0,0.46271121155355166,0.3411825069267279,0.14700941177718108,0.04893066064696605,0.037660256410256415,0.036754596587098884,0.008101480884321702,0.00011180417640514417,0.08331512021531304,0.009436320813368456,0.02822393559688796,0.02731827577373043,0.0013348399290467536,0.0009056598231575314,0.03208836060614417,0.026889095667841208,0.9527053934606506,0.037660256410256415,0.047026074879076826,0.03552028884089838,0.001656608944261004,0.2912806696482111,0.009436320813368456,0.02822393559688796,0.03758975406570837,0.02608396802752993,-0.009365818468820411,-0.3318395635034368,0.0021399675693580325,0.07582101943266872
17,2000,5,1.0,1.0,1.0,1.0,3,False,10,0.6,0.1575,0.52,0.009181318068972441,1A_predicted_prob,,0.02867730501696789,0.11560958729323167,0.11560958729323166,0.35642608095255995,0.006255941055498623,0.09071296655649705,0.15113166285485188,0.9933795368122509,0.006620463187749115,0.4438884775006,0.3681844726178055,0.8690224647119326,0.22528979411254635,0.13096276398455797,0.03332008877865139,0.020938470260290484,0.00862047899830084,0.002743169450841806,0.6205280149469342,0.009181318068972441,0.02413877070967895,0.011757152191318043,0.000560839070671601,0.012381618518360909,0.5129349239560173,0.02357793163900735,0.976766046729682,0.03332008877865139,0.0325190057467531,0.020133061620831748,0.0,0.0,0.009181318068972441,0.02413877070967895,0.02333768767778066,0.010951743551859306,0.0008010830318982906,0.03318657116110224,0.013187027157819645,0.5463006926252474
17,2000,5,1.0,1.0,1.0,1.0,3,False,10,0.6,0.1575,0.52,0.009181318068972441,1B_residual,,0.035555726947026106,0.13061784707992707,0.13061784707992705,0.36601829659703966,0.014076128858562147,0.11173529015006131,0.16394323853522105,0.987693673911818,0.012306326088182051,1.0,0.394113103744572,0.7341968804333678,0.14648087567553159,0.07695387673274767,0.03332008877865139,-0.0023962282105208822,-0.0010730144804458209,0.0,0.0,0.009181318068972441,0.02413877070967895,0.011577546279493324,0.010254332549418262,0.012561224430185628,0.520375481471761,0.013884438160260689,0.5751924291112898,0.03332008877865139,0.0325190057467531,0.020133061620831748,0.0,0.0,0.009181318068972441,0.02413877070967895,0.02333768767778066,0.010951743551859306,0.0008010830318982906,0.03318657116110224,0.013187027157819645,0.5463006926252474
17,2000,5,1.0,1.0,1.0,1.0,3,False,10,0.6,0.1575,0.52,0.009181318068972441,1C_cv_decision,,0.02867730501696789,0.11560958729323167,0.11560958729323166,0.35642608095255995,0.006255941055498623,0.09071296655649705,0.15113166285485188,0.9933795368122509,0.006620463187749115,0.4438884775006,0.3681844726178055,0.8690224647119326,0.22528979411254635,0.13096276398455797,0.03332008877865139,0.020938470260290484,0.00862047899830084,0.002743169450841806,0.6205280149469342,0.009181318068972441,0.02413877070967895,0.011757152191318043,0.000560839070671601,0.012381618518360909,0.5129349239560173,0.02357793163900735,0.976766046729682,0.03332008877865139,0.0325190057467531,0.020133061620831748,0.0,0.0,0.009181318068972441,0.02413877070967895,0.02333768767778066,0.010951743551859306,0.0008010830318982906,0.03318657116110224,0.013187027157819645,0.5463006926252474
17,2000,5,1.0,1.0,1.0,1.0,3,False,10,0.6,0.1575,0.52,0.009181318068972441,PS_propensity_score,,0.024965989562042587,0.07306602483731892,0.07306602483731892,0.11294421889568737,0.009565273186518952,0.11274467927401946,0.07841805711874193,0.9909748307234686,0.009025169276531408,1.0,0.205885973135303,0.3725148327088027,0.026087574889143927,0.013532322485757087,0.03332008877865139,0.02018059160812316,0.010939513500222731,0.0,0.0,0.009181318068972441,0.02413877070967895,0.01099927353915072,0.0017581954312502895,0.013139497170528232,0.5443316616475284,0.022380575278428662,0.9271630087382493,0.03332008877865139,0.0325190057467531,0.020133061620831748,0.0,0.0,0.009181318068972441,0.02413877070967895,0.02333768767778066,0.010951743551859306,0.0008010830318982906,0.03318657116110224,0.013187027157819645,0.5463006926252474
17,2000,5,1.0,1.0,1.0,1.0,3,False,10,0.6,0.1575,0.52,0.009181318068972441,GMM,,0.006521613953836733,0.04322027620905273,0.04322027620905272,0.09564231757619769,0.010477822467672364,0.029862227891278004,0.04532745597838269,0.9903182235064757,0.009681776493524308,1.0,0.08374639826605013,0.22141743305007688,0.13485960015252152,0.07263472977345398,0.03332008877865139,0.030116362038302105,0.014602252465491307,0.0007508066387205959,0.24462759469009215,0.009181318068972441,0.02413877070967895,0.020935043969329666,0.005420934396518865,0.003203726740349286,0.13272120518816166,0.018717836313160086,0.7754262442890173,0.03332008877865139,0.0325190057467531,0.020133061620831748,0.0,0.0,0.009181318068972441,0.02413877070967895,0.02333768767778066,0.010951743551859306,0.0008010830318982906,0.03318657116110224,0.013187027157819645,0.5463006926252474
17,2000,5,1.0,1.0,1.0,1.0,3,False,10,0.6,0.1575,0.52,0.009181318068972441,Prognostic_score,,0.02487024794426454,0.10229923201769907,0.10229923201769907,0.3092809884465602,0.010282309761897692,0.07338539681688723,0.1309828983417817,0.9904623576550386,0.00953764234496135,0.5431915219856924,0.31007981432699216,0.8140402526107726,0.1689165227972701,0.08424644434405593,0.03332008877865139,0.023956199181758425,0.01188525857938037,0.0015465213254933097,0.5055104394158683,0.009181318068972441,0.02413877070967895,0.014774881112785984,0.002703940510407928,0.009363889596892968,0.38791907465023967,0.021434830199271025,0.8879835040927032,0.03332008877865139,0.0325190057467531,0.020133061620831748,0.0,0.0,0.009181318068972441,0.02413877070967895,0.02333768767778066,0.010951743551859306,0.0008010830318982906,0.03318657116110224,0.013187027157819645,0.5463006926252474
17,2000,5,1.0,1.0,1.0,1.0,3,False,10,0.6,0.1575,0.52,0.009181318068972441,2A_PCA_cum60,,0.023968734300568114,0.07762343656449157,0.07762343656449155,0.13242855342897944,0.011187778276440156,0.11035998962942058,0.08465877377828006,0.9898037808056585,0.01019621919434155,1.0,0.19232323722355849,0.3514521608932024,0.04061271534335442,0.018717410025475223,0.03332008877865139,0.01893491268192428,0.010305429423397374,0.0,0.0,0.009181318068972441,0.02413877070967895,0.009753594612951838,0.0011241113544249327,0.014385176096727114,0.5959365648623968,0.02301465935525402,0.9534312924239263,0.03332008877865139,0.0325190057467531,0.020133061620831748,0.0,0.0,0.009181318068972441,0.02413877070967895,0.02333768767778066,0.010951743551859306,0.0008010830318982906,0.03318657116110224,0.013187027157819645,0.5463006926252474
17,2000,5,1.0,1.0,1.0,1.0,3,False,10,0.6,0.1575,0.52,0.009181318068972441,2B_clustering,,0.022862446780079572,0.08221520319170364,0.08221520319170365,0.22342850704427383,0.013912069883526125,0.08362317633774903,0.106987917755183,0.987794301079538,0.012205698920461971,0.594926178394942,0.2036158026732766,0.5912546391925797,0.16808783798155402,0.08793757502081856,0.03332008877865139,0.025794393241267054,0.011877997885878788,0.0023209630654929345,0.5192563615415223,0.009181318068972441,0.02413877070967895,0.016613075172294614,0.002696679816906347,0.007525695537384337,0.3117679697900585,0.021442090892772603,0.8882842937886205,0.03332008877865139,0.0325190057467531,0.020133061620831748,0.0,0.0,0.009181318068972441,0.02413877070967895,0.02333768767778066,0.010951743551859306,0.0008010830318982906,0.03318657116110224,0.013187027157819645,0.5463006926252474
17,2000,5,1.0,1.0,1.0,1.0,3,False,10,0.6,0.1575,0.52,0.009181318068972441,baseline_random,,0.0017630378805909774,0.018691380921488043,0.018691380921488043,0.004477130342323575,0.007918812262907535,0.0018601176760326722,0.004752020093754594,0.9921372419188967,0.00786275808110326,1.0,0.0006107697469039941,0.0036180694447143225,0.005581437092886277,0.004320307111420507,0.03332008877865139,0.03318033476334573,0.02923916840695091,0.0,0.0,0.009181318068972441,0.02413877070967895,0.023999016694373293,0.020057850337978467,0.0001397540153056584,0.005789607805074426,0.004080920371700485,0.16906082007167633,0.03332008877865139,0.0325190057467531,0.020133061620831748,0.0,0.0,0.009181318068972441,0.02413877070967895,0.02333768767778066,0.010951743551859306,0.0008010830318982906,0.03318657116110224,0.013187027157819645,0.5463006926252474
17,2000,5,1.0,1.0,1.0,1.0,3,False,10,0.6,0.1575,0.52,0.009181318068972441,baseline_oracle_kmeans,,0.4611435900924009,0.680978478478754,0.680978478478754,0.35912184777613576,0.89245234849502,0.718914831281597,0.6568296758509176,0.11556366128136378,0.8844363387186363,0.26039097082597684,0.43716209493570324,0.21260316345903507,0.05340248412245041,0.05715372116879269,0.03332008877865139,0.020478771396557988,0.02798586507604574,0.006433410005149447,0.7618039193295636,0.009181318068972441,0.02413877070967895,0.011297453327585546,0.018804547007073298,0.012841317382093405,0.5319789286926864,0.005334223702605653,0.2209815804939389,0.03332008877865139,0.0325190057467531,0.020133061620831748,0.0,0.0,0.009181318068972441,0.02413877070967895,0.02333768767778066,0.010951743551859306,0.0008010830318982906,0.03318657116110224,0.013187027157819645,0.5463006926252474
17,2000,5,1.0,1.0,1.0,1.0,3,False,10,0.6,0.1575,0.52,0.009181318068972441,baseline_oracle_quantile,,0.0978421557140389,0.3205701347539694,0.32057013475396934,0.9017357254441435,0.005353181894440146,0.002965427894301428,0.30335144507762835,0.994022277482574,0.00597772251742601,0.7846573724268775,0.423920830781204,0.3162706506346884,0.05422798977640808,0.02977337526301349,0.03332008877865139,0.021616247211041856,0.0022542803064073322,0.000846571820022396,0.3490987194291604,0.009181318068972441,0.02413877070967895,0.012434929142069414,0.006927037762565109,0.011703841567609537,0.48485656988806947,0.017211732947113843,0.713032703865588,0.03332008877865139,0.0325190057467531,0.020133061620831748,0.0,0.0,0.009181318068972441,0.02413877070967895,0.02333768767778066,0.010951743551859306,0.0008010830318982906,0.03318657116110224,0.013187027157819645,0.5463006926252474
18,2000,5,1.0,1.0,1.0,1.0,3,False,10,0.6,0.1615,0.493,0.008323769890468818,1A_predicted_prob,,0.02756929450427671,0.11317679504080302,0.11317679504080301,0.36649695197738597,0.006400705294009664,0.0720381195406462,0.14831192560401393,0.9950849137749289,0.004915086225071086,0.9224729446541007,0.35099556272680843,0.8293272023978099,0.01601703054875714,0.0037251225582060066,0.021767052525018094,0.02313309079996338,0.01867581180498605,0.00010290204290514736,0.06919322831352182,0.008323769890468818,0.013443282634549275,0.01480932090949456,0.010352041914517232,-0.0013660382749452853,-0.101614933798577,0.003091240720032043,0.22994686670408504,0.021767052525018094,0.004181812701728779,0.005536404770294665,0.005856060588560799,0.5326971314524193,0.008323769890468818,0.013443282634549275,0.004141957188740039,0.0027873651201741536,0.009301325445809236,0.6918939145045424,0.010655917514375121,0.7926574040026044
18,2000,5,1.0,1.0,1.0,1.0,3,False,10,0.6,0.1615,0.493,0.008323769890468818,1B_residual,,0.025988812225921806,0.11458463880173175,0.11458463880173175,0.3449840066437733,0.0057933476313993745,0.07866473894020903,0.14314736440512724,0.9955233519346206,0.004476648065379396,0.806262555786257,0.34171659068464644,0.7108563824256422,0.014928752079630403,0.0047930615672520105,0.021767052525018094,0.004210866657117141,-0.0013157402529160413,0.0,0.0,0.008323769890468818,0.013443282634549275,0.004112903233351678,0.00963951014338486,0.009330379401197597,0.6940551392721965,0.003803772491164415,0.28294967788512526,0.021767052525018094,0.004181812701728779,0.005536404770294665,0.005856060588560799,0.5326971314524193,0.008323769890468818,0.013443282634549275,0.004141957188740039,0.0027873651201741536,0.009301325445809236,0.6918939145045424,0.010655917514375121,0.7926574040026044
18,2000,5,1.0,1.0,1.0,1.0,3,False,10,0.6,0.1615,0.493,0.008323769890468818,1C_cv_decision,,0.02756929450427671,0.11317679504080302,0.11317679504080301,0.36649695197738597,0.006400705294009664,0.0720381195406462,0.14831192560401393,0.9950849137749289,0.004915086225071086,0.9224729446541007,0.35099556272680843,0.8293272023978099,0.01601703054875714,0.0037251225582060066,0.021767052525018094,0.02313309079996338,0.01867581180498605,0.00010290204290514736,0.06919322831352182,0.008323769890468818,0.013443282634549275,0.01480932090949456,0.010352041914517232,-0.0013660382749452853,-0.101614933798577,0.003091240720032043,0.22994686670408504,0.021767052525018094,0.004181812701728779,0.005536404770294665,0.005856060588560799,0.5326971314524193,0.008323769890468818,0.013443282634549275,0.004141957188740039,0.0027873651201741536,0.009301325445809236,0.6918939145045424,0.010655917514375121,0.7926574040026044
18,2000,5,1.0,1.0,1.0,1.0,3,False,10,0.6,0.1615,0.493,0.008323769890468818,PS_propensity_score,,0.0042028076599336574,0.024073001682046097,0.024073001682046093,0.010588405343305725,0.01043741174199795,0.01839665322501488,0.013140823436772852,0.9921399976759668,0.007860002324033166,0.624000611014946,0.016817378147862216,0.06500593374244734,0.12559199516592268,0.05529561963046936,0.021767052525018094,0.015627466697738967,0.02110708158995144,0.0011580356773632165,0.30584744559754057,0.008323769890468818,0.013443282634549275,0.0073036968072701484,0.012783311699482623,0.006139585827279127,0.4567028748990498,0.0006599709350666519,0.04909298963710873,0.021767052525018094,0.004181812701728779,0.005536404770294665,0.005856060588560799,0.5326971314524193,0.008323769890468818,0.013443282634549275,0.004141957188740039,0.0027873651201741536,0.009301325445809236,0.6918939145045424,0.010655917514375121,0.7926574040026044
18,2000,5,1.0,1.0,1.0,1.0,3,False,10,0.6,0.1615,0.493,0.008323769890468818,GMM,,0.0076495733055945885,0.05065371644656323,0.05065371644656322,0.13054916860393437,0.009816706371479344,0.02094425208370263,0.05377004235303878,0.9926050516265609,0.007394948373439125,0.6617490601381026,0.07805966037985002,0.20183748548351754,0.0047156311448262045,0.054237816575209985,0.021767052525018094,0.016940377234283037,0.025538125526837936,0.0005662699089402042,0.18658403221169087,0.008323769890468818,0.013443282634549275,0.008616607343814219,0.017214355636369118,0.004826675290735057,0.35903993257796185,-0.0037710730018198427,-0.28051727426515405,0.021767052525018094,0.004181812701728779,0.005536404770294665,0.005856060588560799,0.5326971314524193,0.008323769890468818,0.013443282634549275,0.004141957188740039,0.0027873651201741536,0.009301325445809236,0.6918939145045424,0.010655917514375121,0.7926574040026044
18,2000,5,1.0,1.0,1.0,1.0,3,False,10,0.6,0.1615,0.493,0.008323769890468818,Prognostic_score,,0.03125918138274936,0.11938606490801995,0.11938606490801995,0.32955619012525555,0.0138788122565359,0.10497161212418095,0.1494688715019908,0.989666020809483,0.01033397919051704,0.9208093268399271,0.37044411010589207,0.8594256926785007,0.015639070423712043,0.0013741726445849478,0.021767052525018094,0.020879197288798314,0.023911830778104937,0.0,0.0,0.008323769890468818,0.013443282634549275,0.012555427398329495,0.015588060887636118,0.0008878552362197797,0.06604452650113812,-0.002144778253086843,-0.15954274795761236,0.021767052525018094,0.004181812701728779,0.005536404770294665,0.005856060588560799,0.5326971314524193,0.008323769890468818,0.013443282634549275,0.004141957188740039,0.0027873651201741536,0.009301325445809236,0.6918939145045424,0.010655917514375121,0.7926574040026044
18,2000,5,1.0,1.0,1.0,1.0,3,False,10,0.6,0.1615,0.493,0.008323769890468818,2A_PCA_cum60,,0.017578793235398134,0.06415335430789826,0.06415335430789824,0.15108709583190497,0.03521888534425219,0.05013063010051165,0.0788122037588896,0.974033605359639,0.02596639464036099,0.6584786088123662,0.14738636527550575,0.4415072951731015,0.09429620875922551,0.04548368862198493,0.021767052525018094,0.011484395725302974,0.017937346625942124,0.0007792332221304992,0.2843926329146558,0.008323769890468818,0.013443282634549275,0.003160625834834155,0.009613576735473306,0.01028265679971512,0.7648918109694921,0.003829705899075969,0.2848787757562735,0.021767052525018094,0.004181812701728779,0.005536404770294665,0.005856060588560799,0.5326971314524193,0.008323769890468818,0.013443282634549275,0.004141957188740039,0.0027873651201741536,0.009301325445809236,0.6918939145045424,0.010655917514375121,0.7926574040026044
18,2000,5,1.0,1.0,1.0,1.0,3,False,10,0.6,0.1615,0.493,0.008323769890468818,2B_clustering,,0.02083374981395925,0.08722299456661468,0.08722299456661468,0.2487463342278561,0.015545628741674008,0.07525208762189602,0.11318135019714204,0.9884263875937381,0.011573612406261868,1.0,0.21150477284444635,0.5345552915343343,0.10044824009276765,0.03464839654412155,0.021767052525018094,0.01902793577057911,0.028735202640641565,0.0,0.0,0.008323769890468818,0.013443282634549275,0.010704165880110292,0.020411432750172747,0.0027391167544389833,0.20375356443071768,-0.006968150115623472,-0.5183369497651791,0.021767052525018094,0.004181812701728779,0.005536404770294665,0.005856060588560799,0.5326971314524193,0.008323769890468818,0.013443282634549275,0.004141957188740039,0.0027873651201741536,0.009301325445809236,0.6918939145045424,0.010655917514375121,0.7926574040026044
18,2000,5,1.0,1.0,1.0,1.0,3,False,10,0.6,0.1615,0.493,0.008323769890468818,baseline_random,,0.00023870552980259491,0.01674436971811011,0.01674436971811011,0.005041131153935452,0.006135852175758491,0.005107657604502041,0.005428213644731995,0.9952723221693687,0.004727677830631327,1.0,0.000763771179377648,0.004421852751931743,0.006016719894319178,0.005855223628959072,0.021767052525018094,0.021664486478529955,0.021618201476573534,0.0,0.0,0.008323769890468818,0.013443282634549275,0.013340716588061137,0.013294431586104716,0.00010256604648813811,0.007629538802118363,0.00014885104844455932,0.01107252242558765,0.021767052525018094,0.004181812701728779,0.005536404770294665,0.005856060588560799,0.5326971314524193,0.008323769890468818,0.013443282634549275,0.004141957188740039,0.0027873651201741536,0.009301325445809236,0.6918939145045424,0.010655917514375121,0.7926574040026044
18,2000,5,1.0,1.0,1.0,1.0,3,False,10,0.6,0.1615,0.493,0.008323769890468818,baseline_oracle_kmeans,,0.3527182891012388,0.6245430308683283,0.6245430308683284,0.316806545248649,0.9880977681571604,0.6395641895754712,0.6481561676604269,0.02499104573758327,0.9750089542624167,0.4318793419033642,0.435121243264767,0.21214117104596175,0.008198336672581075,0.001981044922993447,0.021767052525018094,0.012329222614496194,0.027291035357922513,0.0016084050379185368,0.4631679566826357,0.008323769890468818,0.013443282634549275,0.004005452724027376,0.018967265467453694,0.0094378299105219,0.7020480166255412,-0.005523982832904419,-0.4109102652285066,0.021767052525018094,0.004181812701728779,0.005536404770294665,0.005856060588560799,0.5326971314524193,0.008323769890468818,0.013443282634549275,0.004141957188740039,0.0027873651201741536,0.009301325445809236,0.6918939145045424,0.010655917514375121,0.7926574040026044
18,2000,5,1.0,1.0,1.0,1.0,3,False,10,0.6,0.1615,0.493,0.008323769890468818,baseline_oracle_quantile,,0.1007516226299311,0.3198138972379733,0.3198138972379733,0.8951015153637459,0.0037249945859665116,0.0036551956885558724,0.3008272352127561,0.9970206537078947,0.0029793462921052782,0.512958007598906,0.44621667939530063,0.33992148381964793,0.004317662190586713,0.006672074296019792,0.021767052525018094,0.02008866374341873,0.022019706912803416,0.0012434643871237102,0.4352038172728203,0.008323769890468818,0.013443282634549275,0.01176489385294991,0.013695937022334598,0.0016783887815993645,0.12484962395166044,-0.0002526543877853227,-0.0187940992281157,0.021767052525018094,0.004181812701728779,0.005536404770294665,0.005856060588560799,0.5326971314524193,0.008323769890468818,0.013443282634549275,0.004141957188740039,0.0027873651201741536,0.009301325445809236,0.6918939145045424,0.010655917514375121,0.7926574040026044
19,2000,5,1.0,1.0,1.0,1.0,3,False,10,0.6,0.156,0.496,0.009102325184341467,1A_predicted_prob,,0.030104311819124336,0.11450917132001144,0.11450917132001144,0.35657946917701366,0.0040088553788634835,0.08482506293819954,0.1484711291646922,0.997091733105146,0.002908266894854017,1.0,0.371137246652132,0.73108921849856,0.07008385151073471,0.02170186835766419,0.05136820547282189,0.048595400568451776,0.017775437408459827,0.0,0.0,0.009102325184341467,0.042265880288480426,0.03949307538411031,0.00867311222411836,0.0027728049043701172,0.0656038602637562,0.033592768064362066,0.7947963661250842,0.05136820547282189,0.050784721740448145,0.0525259698113747,0.0013857877732801685,0.2068589084749005,0.009102325184341467,0.042265880288480426,0.04168239655610668,0.043423644627033235,0.0005834837323737477,0.013805077012267408,-0.0011577643385528094,-0.027392410394640576
19,2000,5,1.0,1.0,1.0,1.0,3,False,10,0.6,0.156,0.496,0.009102325184341467,1B_residual,,0.030549166765968614,0.12049591411335105,0.12049591411335105,0.36708345067568166,0.004730761508963419,0.07412212675788991,0.14864544631417834,0.9965693384408607,0.003430661559139292,1.0,0.3781772386273631,0.6798104819903228,0.0640736722965306,0.02265127444178716,0.05136820547282189,0.027286512204071904,0.0034125858533957535,0.0,0.0,0.009102325184341467,0.042265880288480426,0.018184187019730437,0.005689739330945714,0.02408169326874999,0.5697667504943333,0.03657614095753471,0.8653822115590373,0.05136820547282189,0.050784721740448145,0.0525259698113747,0.0013857877732801685,0.2068589084749005,0.009102325184341467,0.042265880288480426,0.04168239655610668,0.043423644627033235,0.0005834837323737477,0.013805077012267408,-0.0011577643385528094,-0.027392410394640576
19,2000,5,1.0,1.0,1.0,1.0,3,False,10,0.6,0.156,0.496,0.009102325184341467,1C_cv_decision,,0.030104311819124336,0.11450917132001144,0.11450917132001144,0.35657946917701366,0.0040088553788634835,0.08482506293819954,0.1484711291646922,0.997091733105146,0.002908266894854017,1.0,0.371137246652132,0.73108921849856,0.07008385151073471,0.02170186835766419,0.05136820547282189,0.048595400568451776,0.017775437408459827,0.0,0.0,0.009102325184341467,0.042265880288480426,0.03949307538411031,0.00867311222411836,0.0027728049043701172,0.0656038602637562,0.033592768064362066,0.7947963661250842,0.05136820547282189,0.050784721740448145,0.0525259698113747,0.0013857877732801685,0.2068589084749005,0.009102325184341467,0.042265880288480426,0.04168239655610668,0.043423644627033235,0.0005834837323737477,0.013805077012267408,-0.0011577643385528094,-0.027392410394640576
19,2000,5,1.0,1.0,1.0,1.0,3,False,10,0.6,0.156,0.496,0.009102325184341467,PS_propensity_score,,0.0056388823131501105,0.035251861013907995,0.035251861013907995,0.0657843457282496,0.006497353311762438,0.019282236356400754,0.030521311798804258,0.9952924007174624,0.004707599282537611,1.0,0.06511422860567961,0.10984007026617915,0.019585643339793513,0.012770433817524851,0.05136820547282189,0.04626798594027967,0.043748499636403405,0.0,0.0,0.009102325184341467,0.042265880288480426,0.037165660755938204,0.03464617445206194,0.005100219532542222,0.12066989963846297,0.0076197058364184875,0.18028030611006207,0.05136820547282189,0.050784721740448145,0.0525259698113747,0.0013857877732801685,0.2068589084749005,0.009102325184341467,0.042265880288480426,0.04168239655610668,0.043423644627033235,0.0005834837323737477,0.013805077012267408,-0.0011577643385528094,-0.027392410394640576
19,2000,5,1.0,1.0,1.0,1.0,3,False,10,0.6,0.156,0.496,0.009102325184341467,GMM,,0.007829762930525353,0.04399451369436599,0.04399451369436599,0.12430528271226626,0.00973033400857164,0.0097020382969599,0.04791255167259927,0.9929552987198432,0.007044701280156773,0.5940826116087383,0.08140767839414476,0.20740770912675,0.08645151629605363,0.037453329708731276,0.05136820547282189,0.05514596139911176,0.0401207830861446,0.0042563740402447765,0.6678579340955959,0.009102325184341467,0.042265880288480426,0.04604363621477029,0.03101845790180313,-0.003777755926289865,-0.08938074637284887,0.011247422386677294,0.26611115892794457,0.05136820547282189,0.050784721740448145,0.0525259698113747,0.0013857877732801685,0.2068589084749005,0.009102325184341467,0.042265880288480426,0.04168239655610668,0.043423644627033235,0.0005834837323737477,0.013805077012267408,-0.0011577643385528094,-0.027392410394640576
19,2000,5,1.0,1.0,1.0,1.0,3,False,10,0.6,0.156,0.496,0.009102325184341467,Prognostic_score,,0.03245230794910318,0.11719184892432677,0.11719184892432676,0.3347906225316837,0.002712408900464283,0.10187794323038757,0.14646032488751184,0.9980294750526109,0.0019705249473891406,1.0,0.3718826966851235,0.7047649874918183,0.06407798354741712,0.023306071935057626,0.05136820547282189,0.046467480070648534,0.018506517540593775,0.0,0.0,0.009102325184341467,0.042265880288480426,0.03736515488630707,0.009404192356252308,0.004900725402173359,0.11594991914811847,0.032861687932228115,0.77749919575636,0.05136820547282189,0.050784721740448145,0.0525259698113747,0.0013857877732801685,0.2068589084749005,0.009102325184341467,0.042265880288480426,0.04168239655610668,0.043423644627033235,0.0005834837323737477,0.013805077012267408,-0.0011577643385528094,-0.027392410394640576
19,2000,5,1.0,1.0,1.0,1.0,3,False,10,0.6,0.156,0.496,0.009102325184341467,2A_PCA_cum60,,0.014092020149579675,0.062328141621682466,0.062328141621682466,0.1869393706504914,0.010993413569966854,0.04278297941491854,0.08023858787845893,0.9920405719478562,0.00795942805214378,1.0,0.1957261141296054,0.5647531631507051,0.07147143457277427,0.04660858151371461,0.05136820547282189,0.055656014838659174,0.034045324466183226,0.0010485010062571878,0.3951742599166262,0.009102325184341467,0.042265880288480426,0.046553689654317706,0.02494299928184176,-0.004287809365837281,-0.10144848129440054,0.017322881006638667,0.4098549678464882,0.05136820547282189,0.050784721740448145,0.0525259698113747,0.0013857877732801685,0.2068589084749005,0.009102325184341467,0.042265880288480426,0.04168239655610668,0.043423644627033235,0.0005834837323737477,0.013805077012267408,-0.0011577643385528094,-0.027392410394640576
19,2000,5,1.0,1.0,1.0,1.0,3,False,10,0.6,0.156,0.496,0.009102325184341467,2B_clustering,,0.024237040116171376,0.09648073927060016,0.09648073927060016,0.28149341155459157,0.030015359901772662,0.06249542306402324,0.12466806484012916,0.9781938477944836,0.021806152205516405,1.0,0.22142386827485216,0.5440433505193809,0.05071512405356937,0.028964709264624466,0.05136820547282189,0.0439817204468163,0.04062045855658081,0.0,0.0,0.009102325184341467,0.042265880288480426,0.034879395262474834,0.03151813337223934,0.007386485026005592,0.17476236093014208,0.010747746916241085,0.2542889641215017,0.05136820547282189,0.050784721740448145,0.0525259698113747,0.0013857877732801685,0.2068589084749005,0.009102325184341467,0.042265880288480426,0.04168239655610668,0.043423644627033235,0.0005834837323737477,0.013805077012267408,-0.0011577643385528094,-0.027392410394640576
19,2000,5,1.0,1.0,1.0,1.0,3,False,10,0.6,0.156,0.496,0.009102325184341467,baseline_random,,-0.0011403120260335315,0.015754280750172853,0.01575428075017285,0.003726370368536135,0.0016230535205884816,0.011629363399397808,0.005659595762840808,0.9988168312788255,0.0011831687211745212,0.599324227106304,0.011566098354092835,0.004059548834111859,0.004484184835396365,0.00640541201674627,0.05136820547282189,0.05289743466874482,0.05382919907946268,0.0012480817368400892,0.3206747345869346,0.009102325184341467,0.042265880288480426,0.04379510948440335,0.044726873895121214,-0.0015292291959229237,-0.036181174637446745,-0.002460993606640788,-0.058226484101208564,0.05136820547282189,0.050784721740448145,0.0525259698113747,0.0013857877732801685,0.2068589084749005,0.009102325184341467,0.042265880288480426,0.04168239655610668,0.043423644627033235,0.0005834837323737477,0.013805077012267408,-0.0011577643385528094,-0.027392410394640576
19,2000,5,1.0,1.0,1.0,1.0,3,False,10,0.6,0.156,0.496,0.009102325184341467,baseline_oracle_kmeans,,0.3896784104094038,0.6600046239536067,0.6600046239536068,0.26786855782224683,0.9920974345345627,0.7020071693892594,0.6539910539153563,0.015582828290056533,0.9844171717099435,0.9917479905201255,0.34296064938552606,0.13969248504463483,0.03372453759240157,0.019269853307468554,0.05136820547282189,0.051095775689617914,0.051703372418821156,0.0,0.0,0.009102325184341467,0.042265880288480426,0.04199345050527645,0.04260104723447969,0.0002724297832039785,0.006445619524414137,-0.0003351669459992629,-0.00792996487264963,0.05136820547282189,0.050784721740448145,0.0525259698113747,0.0013857877732801685,0.2068589084749005,0.009102325184341467,0.042265880288480426,0.04168239655610668,0.043423644627033235,0.0005834837323737477,0.013805077012267408,-0.0011577643385528094,-0.027392410394640576
19,2000,5,1.0,1.0,1.0,1.0,3,False,10,0.6,0.156,0.496,0.009102325184341467,baseline_oracle_quantile,,0.10688107745662076,0.3434645954908883,0.3434645954908883,0.900132257867823,0.004386721754954297,0.0013226968256524342,0.3019472254828099,0.996817658189451,0.0031823418105489942,0.774857231338641,0.4235697736158398,0.34626516453102574,0.020311675525554018,0.008837297706450697,0.05136820547282189,0.04409031428594554,0.03682183128444455,2.8590850375920575e-05,0.01853240171150136,0.009102325184341467,0.042265880288480426,0.03498798910160407,0.027719506100103083,0.007277891186876356,0.172193058258861,0.014546374188377342,0.34416352123965954,0.05136820547282189,0.050784721740448145,0.0525259698113747,0.0013857877732801685,0.2068589084749005,0.009102325184341467,0.042265880288480426,0.04168239655610668,0.043423644627033235,0.0005834837323737477,0.013805077012267408,-0.0011577643385528094,-0.027392410394640576
20,2000,5,1.0,1.0,1.0,1.0,3,False,10,0.6,0.1505,0.513,0.008744133029112753,1A_predicted_prob,,0.02449992829239091,0.09856426365663612,0.09856426365663612,0.27524221420548634,0.013158492226118338,0.07265703250857747,0.12035257964672737,0.9793686626316327,0.02063133736836731,1.0,0.3186671297575936,0.8181842803500882,0.01678616337478256,0.014258004741635966,0.0067201075217203365,0.004606405374216498,0.0012681395804518734,0.0,0.0,0.008744133029112753,0.0020240255073924168,0.004137727654896255,0.0074759934486608795,-0.0021137021475038384,-1.044306082005337,-0.005451967941268463,-2.6936261037007965,0.0067201075217203365,0.007832591183691862,0.010504887388146174,0.006564421422067764,0.5608708141520022,0.008744133029112753,0.0020240255073924168,0.0009115418454208914,0.0017607543590334208,0.0011124836619715254,0.5496391512401221,0.0002632711483589959,0.13007303880185395
20,2000,5,1.0,1.0,1.0,1.0,3,False,10,0.6,0.1505,0.513,0.008744133029112753,1B_residual,,0.026361762421715746,0.10495928097240433,0.10495928097240433,0.2992791323072403,0.019535654975962418,0.07501786380872857,0.13127755036397712,0.9746956309230868,0.025304369076913247,1.0,0.3273264565412982,0.7106238464303025,0.019339765198713943,0.015541046770879752,0.0067201075217203365,0.005117144573943435,0.0009234106298015576,0.0,0.0,0.008744133029112753,0.0020240255073924168,0.0036269884551693183,0.007820722399311196,-0.0016029629477769015,-0.7919677602492388,-0.005796696891918779,-2.86394458505948,0.0067201075217203365,0.007832591183691862,0.010504887388146174,0.006564421422067764,0.5608708141520022,0.008744133029112753,0.0020240255073924168,0.0009115418454208914,0.0017607543590334208,0.0011124836619715254,0.5496391512401221,0.0002632711483589959,0.13007303880185395
20,2000,5,1.0,1.0,1.0,1.0,3,False,10,0.6,0.1505,0.513,0.008744133029112753,1C_cv_decision,,0.02449992829239091,0.09856426365663612,0.09856426365663612,0.27524221420548634,0.013158492226118338,0.07265703250857747,0.12035257964672737,0.9793686626316327,0.02063133736836731,1.0,0.3186671297575936,0.8181842803500882,0.01678616337478256,0.014258004741635966,0.0067201075217203365,0.004606405374216498,0.0012681395804518734,0.0,0.0,0.008744133029112753,0.0020240255073924168,0.004137727654896255,0.0074759934486608795,-0.0021137021475038384,-1.044306082005337,-0.005451967941268463,-2.6936261037007965,0.0067201075217203365,0.007832591183691862,0.010504887388146174,0.006564421422067764,0.5608708141520022,0.008744133029112753,0.0020240255073924168,0.0009115418454208914,0.0017607543590334208,0.0011124836619715254,0.5496391512401221,0.0002632711483589959,0.13007303880185395
20,2000,5,1.0,1.0,1.0,1.0,3,False,10,0.6,0.1505,0.513,0.008744133029112753,PS_propensity_score,,0.010120389655420921,0.04023638174823017,0.04023638174823017,0.026566155684646417,0.00757848923452845,0.06397890317966798,0.032707849366280954,0.983404649119616,0.016595350880383997,1.0,0.006291810207598836,0.0015959014990747367,0.008770457802038556,0.006454249825360581,0.0067201075217203365,0.006176763608712687,0.004899660309657881,0.0,0.0,0.008744133029112753,0.0020240255073924168,0.0025673694204000662,0.0038444727194548722,-0.0005433439130076495,-0.2684471668085091,-0.0018204472120624555,-0.8994191058430709,0.0067201075217203365,0.007832591183691862,0.010504887388146174,0.006564421422067764,0.5608708141520022,0.008744133029112753,0.0020240255073924168,0.0009115418454208914,0.0017607543590334208,0.0011124836619715254,0.5496391512401221,0.0002632711483589959,0.13007303880185395
20,2000,5,1.0,1.0,1.0,1.0,3,False,10,0.6,0.1505,0.513,0.008744133029112753,GMM,,0.00570659065559511,0.02591798736691818,0.025917987366918176,0.01084707907063162,0.005103912821476116,0.028791180935354786,0.014914057609154175,0.9852154605897718,0.01478453941022817,0.6948604401610063,0.02995561879125741,0.07388783057250137,0.039961988732852616,0.05377663937561228,0.0067201075217203365,0.00767678388808425,0.00636716774673419,0.0013637320660320584,0.3375054013516444,0.008744133029112753,0.0020240255073924168,0.0010673491410285035,0.0023769652823785632,0.0009566763663639132,0.4726602322301827,-0.00035293977498614647,-0.17437516162572675,0.0067201075217203365,0.007832591183691862,0.010504887388146174,0.006564421422067764,0.5608708141520022,0.008744133029112753,0.0020240255073924168,0.0009115418454208914,0.0017607543590334208,0.0011124836619715254,0.5496391512401221,0.0002632711483589959,0.13007303880185395
20,2000,5,1.0,1.0,1.0,1.0,3,False,10,0.6,0.1505,0.513,0.008744133029112753,Prognostic_score,,0.02708751015457217,0.09406487511802147,0.09406487511802147,0.2556792828941499,0.01982261584242927,0.07780553354898168,0.11776914409518695,0.9744001549359638,0.02559984506403623,1.0,0.28530985208490167,0.7645193368569325,0.015728416596141437,0.01271689418548827,0.0067201075217203365,0.006250280820921128,-0.004506122070566105,0.0,0.0,0.008744133029112753,0.0020240255073924168,0.002493852208191625,0.013250255099678858,-0.00046982670079920817,-0.2321248912542082,-0.011226229592286441,-5.546486223263741,0.0067201075217203365,0.007832591183691862,0.010504887388146174,0.006564421422067764,0.5608708141520022,0.008744133029112753,0.0020240255073924168,0.0009115418454208914,0.0017607543590334208,0.0011124836619715254,0.5496391512401221,0.0002632711483589959,0.13007303880185395
20,2000,5,1.0,1.0,1.0,1.0,3,False,10,0.6,0.1505,0.513,0.008744133029112753,2A_PCA_cum60,,0.016620142865058623,0.062446612630919565,0.062446612630919565,0.11135477613995769,0.024120705751134244,0.07310417445452763,0.06952655211520652,0.9714139948435203,0.028586005156479688,1.0,0.1746605022615021,0.45860702247740104,0.09895704248804149,0.056419826237710136,0.0067201075217203365,0.0041803143067851295,-0.008193607387131225,0.0,0.0,0.008744133029112753,0.0020240255073924168,0.004563818722327624,0.016937740416243977,-0.002539793214935207,-1.2548227310668936,-0.01491371490885156,-7.368343360487156,0.0067201075217203365,0.007832591183691862,0.010504887388146174,0.006564421422067764,0.5608708141520022,0.008744133029112753,0.0020240255073924168,0.0009115418454208914,0.0017607543590334208,0.0011124836619715254,0.5496391512401221,0.0002632711483589959,0.13007303880185395
20,2000,5,1.0,1.0,1.0,1.0,3,False,10,0.6,0.1505,0.513,0.008744133029112753,2B_clustering,,0.025400339407618305,0.09317838173833692,0.09317838173833692,0.17550891891466985,0.03432071208861783,0.10589882330639853,0.10524281810322873,0.9640249686017259,0.03597503139827407,1.0,0.23539432840406682,0.5253229843412336,0.01431569925711429,0.019234171288129653,0.0067201075217203365,0.004374019435719948,0.0006761336316559684,0.0,0.0,0.008744133029112753,0.0020240255073924168,0.0043701135933928055,0.008067999397456786,-0.0023460880860003887,-1.1591198220732357,-0.006043973890064369,-2.986115475318744,0.0067201075217203365,0.007832591183691862,0.010504887388146174,0.006564421422067764,0.5608708141520022,0.008744133029112753,0.0020240255073924168,0.0009115418454208914,0.0017607543590334208,0.0011124836619715254,0.5496391512401221,0.0002632711483589959,0.13007303880185395
20,2000,5,1.0,1.0,1.0,1.0,3,False,10,0.6,0.1505,0.513,0.008744133029112753,baseline_random,,-0.0009143888022470199,0.01563063421463955,0.01563063421463955,0.0035040570081864785,0.00388387320093235,0.003023749430340493,0.003470559879819774,0.9860709518861497,0.013929048113850317,1.0,0.0018876699875958192,0.0034291962666501696,0.003957359117817472,0.005788853898497592,0.0067201075217203365,0.008385501976467482,0.012820570387864022,0.0,0.0,0.008744133029112753,0.0020240255073924168,0.0003586310526452717,0.004076437358751269,0.001665394454747145,0.8228129777340101,-0.002052411851358852,-1.0140246967554307,0.0067201075217203365,0.007832591183691862,0.010504887388146174,0.006564421422067764,0.5608708141520022,0.008744133029112753,0.0020240255073924168,0.0009115418454208914,0.0017607543590334208,0.0011124836619715254,0.5496391512401221,0.0002632711483589959,0.13007303880185395
20,2000,5,1.0,1.0,1.0,1.0,3,False,10,0.6,0.1505,0.513,0.008744133029112753,baseline_oracle_kmeans,,0.36187007302173035,0.6278550078956987,0.6278550078956988,0.32083680040075885,0.991957141082086,0.6668317617993389,0.6598752344273946,0.016129481329181836,0.9838705186708182,1.0,0.2939715618310539,0.12136250876530352,0.012256491798059765,0.004122634167741612,0.0067201075217203365,-0.007330192927953949,-0.0044816432211100595,0.0,0.0,0.008744133029112753,0.0020240255073924168,0.016074325957066704,0.013225776250222813,-0.014050300449674287,-6.941760564952319,-0.011201750742830396,-5.534392082470237,0.0067201075217203365,0.007832591183691862,0.010504887388146174,0.006564421422067764,0.5608708141520022,0.008744133029112753,0.0020240255073924168,0.0009115418454208914,0.0017607543590334208,0.0011124836619715254,0.5496391512401221,0.0002632711483589959,0.13007303880185395
20,2000,5,1.0,1.0,1.0,1.0,3,False,10,0.6,0.1505,0.513,0.008744133029112753,baseline_oracle_quantile,,0.09922004131283672,0.32117845545582546,0.32117845545582546,0.9089798793864738,0.001427718359014104,0.0026811346054838735,0.3043629107836573,0.9878509264957946,0.012149073504205354,0.42356879038782613,0.39508771929903264,0.2543926355841979,0.009195610416375954,0.0035381446748981027,0.0067201075217203365,0.004834155063820171,0.0032809365227948516,0.0024464410260783133,0.6302452413047301,0.008744133029112753,0.0020240255073924168,0.003909977965292582,0.005463196506317902,-0.0018859524579001655,-0.9317829498749091,-0.003439170998925485,-1.6991737437915106,0.0067201075217203365,0.007832591183691862,0.010504887388146174,0.006564421422067764,0.5608708141520022,0.008744133029112753,0.0020240255073924168,0.0009115418454208914,0.0017607543590334208,0.0011124836619715254,0.5496391512401221,0.0002632711483589959,0.13007303880185395
21,2000,5,1.0,1.0,1.0,1.0,3,False,10,0.6,0.1535,0.4815,0.009039805727239163,1A_predicted_prob,,0.019432399985950213,0.09351681667738755,0.09351681667738754,0.3054448289823998,0.006485169492174241,0.058618672111657256,0.12351622352874377,0.9951303420540125,0.004869657945987482,1.0,0.3170256394847796,0.8210261279590368,0.1873369876932408,0.04161916112864272,0.02077633242131874,0.0014999589345464793,0.011801770704225098,0.0,0.0,0.009039805727239163,0.011736526694079576,0.007539846792692683,0.0027619649769859353,0.004196679901386892,0.35757426458237285,0.00897456171709364,0.7646693055809098,0.02077633242131874,0.006584805793526169,0.0156767478129689,0.0,0.0,0.009039805727239163,0.011736526694079576,0.0024549999337129935,0.006636942085729736,0.009281526760366582,0.7908239807479496,0.00509958460834984,0.4345054325929576
21,2000,5,1.0,1.0,1.0,1.0,3,False,10,0.6,0.1535,0.4815,0.009039805727239163,1B_residual,,0.0232588755041679,0.1012775198893849,0.1012775198893849,0.33053237968473964,0.01058486804958589,0.07077006554289682,0.13729577109240745,0.9921584283624899,0.007841571637510092,1.0,0.36059288192028083,0.6931352568201099,0.09322801267134317,0.033296458301449006,0.02077633242131874,-0.0066196619792239664,2.109652364887305e-05,0.0,0.0,0.009039805727239163,0.011736526694079576,0.015659467706463127,0.00901870920359029,-0.003922941012383552,-0.3342505934368518,0.0027178174904892854,0.23156914829497832,0.02077633242131874,0.006584805793526169,0.0156767478129689,0.0,0.0,0.009039805727239163,0.011736526694079576,0.0024549999337129935,0.006636942085729736,0.009281526760366582,0.7908239807479496,0.00509958460834984,0.4345054325929576
21,2000,5,1.0,1.0,1.0,1.0,3,False,10,0.6,0.1535,0.4815,0.009039805727239163,1C_cv_decision,,0.019432399985950213,0.09351681667738755,0.09351681667738754,0.3054448289823998,0.006485169492174241,0.058618672111657256,0.12351622352874377,0.9951303420540125,0.004869657945987482,1.0,0.3170256394847796,0.8210261279590368,0.1873369876932408,0.04161916112864272,0.02077633242131874,0.0014999589345464793,0.011801770704225098,0.0,0.0,0.009039805727239163,0.011736526694079576,0.007539846792692683,0.0027619649769859353,0.004196679901386892,0.35757426458237285,0.00897456171709364,0.7646693055809098,0.02077633242131874,0.006584805793526169,0.0156767478129689,0.0,0.0,0.009039805727239163,0.011736526694079576,0.0024549999337129935,0.006636942085729736,0.009281526760366582,0.7908239807479496,0.00509958460834984,0.4345054325929576
21,2000,5,1.0,1.0,1.0,1.0,3,False,10,0.6,0.1535,0.4815,0.009039805727239163,PS_propensity_score,,0.010138275773150426,0.04481421071600129,0.04481421071600129,0.06371489875152375,0.0010349676097372647,0.08274260431606303,0.04916415689244135,0.9990685288055801,0.0009314711944199416,1.0,0.10829694216233787,0.20303835142062465,0.0012935149024155823,0.0016779505060289246,0.02077633242131874,0.007868062235921229,0.014846809875938043,0.0,0.0,0.009039805727239163,0.011736526694079576,0.0011717434913179336,0.005807004148698881,0.010564783202761642,0.9001626697693268,0.005929522545380695,0.505219533848273,0.02077633242131874,0.006584805793526169,0.0156767478129689,0.0,0.0,0.009039805727239163,0.011736526694079576,0.0024549999337129935,0.006636942085729736,0.009281526760366582,0.7908239807479496,0.00509958460834984,0.4345054325929576
21,2000,5,1.0,1.0,1.0,1.0,3,False,10,0.6,0.1535,0.4815,0.009039805727239163,GMM,,0.002189022454466796,0.020778915864979063,0.020778915864979066,0.01586552871269708,0.002455650491084105,0.019112613559117066,0.012477930920966085,0.9980425893743752,0.0019574106256248225,1.0,0.022046788181000032,0.053939616007360525,0.11986025931234257,0.031736072405381344,0.02077633242131874,0.011281259464712253,0.011486833289749638,0.0,0.0,0.009039805727239163,0.011736526694079576,0.0022414537374730904,0.002447027562510475,0.009495072956606485,0.8090189886754333,0.0092894991315691,0.7915032593292815,0.02077633242131874,0.006584805793526169,0.0156767478129689,0.0,0.0,0.009039805727239163,0.011736526694079576,0.0024549999337129935,0.006636942085729736,0.009281526760366582,0.7908239807479496,0.00509958460834984,0.4345054325929576
21,2000,5,1.0,1.0,1.0,1.0,3,False,10,0.6,0.1535,0.4815,0.009039805727239163,Prognostic_score,,0.018050929178194095,0.09264564876530233,0.09264564876530236,0.32725835064170866,0.005194369747540391,0.045048672833728334,0.12583379774099246,0.9960594306096242,0.003940569390375792,1.0,0.31528730062807564,0.7214461363328816,0.2345589009162462,0.0923281156080703,0.02077633242131874,0.0013507452879928175,0.009251094227937984,0.0,0.0,0.009039805727239163,0.011736526694079576,0.007689060439246345,0.0002112885006988214,0.0040474662548332305,0.3448606525876988,0.011525238193380754,0.981997356951831,0.02077633242131874,0.006584805793526169,0.0156767478129689,0.0,0.0,0.009039805727239163,0.011736526694079576,0.0024549999337129935,0.006636942085729736,0.009281526760366582,0.7908239807479496,0.00509958460834984,0.4345054325929576
21,2000,5,1.0,1.0,1.0,1.0,3,False,10,0.6,0.1535,0.4815,0.009039805727239163,2A_PCA_cum60,,0.020220629893661617,0.06894840257625476,0.06894840257625476,0.1134882020030152,0.03576150281781372,0.08808647915692876,0.07911206132591923,0.9737448928974131,0.02625510710258694,1.0,0.1784293933757184,0.44629056880558615,0.03350383355051445,0.007350352355569689,0.02077633242131874,0.012608967199058331,0.012674308635122396,0.0,0.0,0.009039805727239163,0.011736526694079576,0.0035691614718191683,0.0036345029078832334,0.008167365222260407,0.6958928680646539,0.008102023786196342,0.690325510892704,0.02077633242131874,0.006584805793526169,0.0156767478129689,0.0,0.0,0.009039805727239163,0.011736526694079576,0.0024549999337129935,0.006636942085729736,0.009281526760366582,0.7908239807479496,0.00509958460834984,0.4345054325929576
21,2000,5,1.0,1.0,1.0,1.0,3,False,10,0.6,0.1535,0.4815,0.009039805727239163,2B_clustering,,0.017686689713963474,0.07037543197946065,0.07037543197946064,0.18542952602702484,0.024017684177686682,0.061038267391540994,0.0901618258654175,0.9823465702424341,0.017653429757565897,0.5025249211198791,0.1835973785995575,0.5169628948576759,0.10953378447141637,0.04090377618213814,0.02077633242131874,0.016619300805985178,0.0266095508466159,0.001072102465789242,0.345050793572705,0.009039805727239163,0.011736526694079576,0.007579495078746015,0.01756974511937674,0.00415703161533356,0.3541960687083472,-0.005833218425297163,-0.4970140295629113,0.02077633242131874,0.006584805793526169,0.0156767478129689,0.0,0.0,0.009039805727239163,0.011736526694079576,0.0024549999337129935,0.006636942085729736,0.009281526760366582,0.7908239807479496,0.00509958460834984,0.4345054325929576
21,2000,5,1.0,1.0,1.0,1.0,3,False,10,0.6,0.1535,0.4815,0.009039805727239163,baseline_random,,-0.0013108604965974434,0.01683315792937751,0.016833157929377514,0.0074628180673378865,0.002113210169268264,0.0019458145618803083,0.0038406142661621527,0.998289494832055,0.00171050516794502,1.0,0.008303195996304247,0.0022664936445169204,0.0027430506032146695,0.0004518828695588839,0.02077633242131874,0.02520769773700687,0.024767188270360466,0.0,0.0,0.009039805727239163,0.011736526694079576,0.016167892009767707,0.015727382543121303,-0.0044313653156881315,-0.37757042020988285,-0.003990855849041727,-0.34003721484780436,0.02077633242131874,0.006584805793526169,0.0156767478129689,0.0,0.0,0.009039805727239163,0.011736526694079576,0.0024549999337129935,0.006636942085729736,0.009281526760366582,0.7908239807479496,0.00509958460834984,0.4345054325929576
21,2000,5,1.0,1.0,1.0,1.0,3,False,10,0.6,0.1535,0.4815,0.009039805727239163,baseline_oracle_kmeans,,0.39229262716793106,0.6558875176785595,0.6558875176785596,0.2787693034002411,0.9805902692041543,0.6984472022626811,0.6526022582890255,0.032456997412729276,0.9675430025872708,1.0,0.39571431982860983,0.13106584310023062,0.03017901967461767,0.012796716089951143,0.02077633242131874,0.010996164989631472,0.0007939091686432478,0.0,0.0,0.009039805727239163,0.011736526694079576,0.001956359262392309,0.008245896558595915,0.009780167431687267,0.8333102021248601,0.0034906301354836605,0.29741594139980865,0.02077633242131874,0.006584805793526169,0.0156767478129689,0.0,0.0,0.009039805727239163,0.011736526694079576,0.0024549999337129935,0.006636942085729736,0.009281526760366582,0.7908239807479496,0.00509958460834984,0.4345054325929576
21,2000,5,1.0,1.0,1.0,1.0,3,False,10,0.6,0.1535,0.4815,0.009039805727239163,baseline_oracle_quantile,,0.09949773412927197,0.32573451024974776,0.32573451024974776,0.8962691199483188,0.00214438505260687,0.0006338581021027944,0.29968245436767615,0.9982671934231024,0.001732806576897561,0.6623866383370709,0.42325953694411655,0.26840188208965987,0.07274096658974705,0.016645532165591836,0.02077633242131874,0.011651584863069154,0.01567545946722444,0.0004098715435053148,0.2316764041096522,0.009039805727239163,0.011736526694079576,0.002611779135829991,0.006635653739985276,0.009124747558249584,0.7774657525256183,0.0051008729540942994,0.4346152049112968,0.02077633242131874,0.006584805793526169,0.0156767478129689,0.0,0.0,0.009039805727239163,0.011736526694079576,0.0024549999337129935,0.006636942085729736,0.009281526760366582,0.7908239807479496,0.00509958460834984,0.4345054325929576
22,2000,5,1.0,1.0,1.0,1.0,3,False,10,0.6,0.1665,0.5095,0.00884167455695514,1A_predicted_prob,,0.027889494932395554,0.09388371369840422,0.09388371369840422,0.28435612210336775,0.005305078993041147,0.098541940737196,0.1294010472778683,0.9959326217511802,0.004067378248819753,1.0,0.2857829270140648,0.6912378944780599,0.20851891965763347,0.09668809620661933,0.027301351064808715,0.016564455172829902,0.002562374786928994,0.0,0.0,0.00884167455695514,0.018459676507853573,0.007722780615874761,0.006279299770026147,0.010736895891978812,0.5816405226500505,0.012180376737827426,0.6598369550325189,0.027301351064808715,0.042839425837856694,0.03855752436860463,0.0,0.0,0.00884167455695514,0.018459676507853573,0.03399775128090155,0.029715849811649486,-0.015538074773047979,-0.8417306103082243,-0.011256173303795913,-0.6097708862344924
22,2000,5,1.0,1.0,1.0,1.0,3,False,10,0.6,0.1665,0.5095,0.00884167455695514,1B_residual,,0.02865922000636938,0.10225516111041069,0.1022551611104107,0.2847559045825151,0.006546323181470377,0.11376308119121914,0.13502176965173487,0.9950364411984165,0.004963558801583501,1.0,0.3083298236850842,0.600219409885395,0.14225661334597262,0.05043167743327648,0.027301351064808715,0.010936070789421356,0.001963081668649852,0.0,0.0,0.00884167455695514,0.018459676507853573,0.002094396232466215,0.006878592888305289,0.016365280275387358,0.8865420945174655,0.011581083619548283,0.6273719701762472,0.027301351064808715,0.042839425837856694,0.03855752436860463,0.0,0.0,0.00884167455695514,0.018459676507853573,0.03399775128090155,0.029715849811649486,-0.015538074773047979,-0.8417306103082243,-0.011256173303795913,-0.6097708862344924
22,2000,5,1.0,1.0,1.0,1.0,3,False,10,0.6,0.1665,0.5095,0.00884167455695514,1C_cv_decision,,0.027889494932395554,0.09388371369840422,0.09388371369840422,0.28435612210336775,0.005305078993041147,0.098541940737196,0.1294010472778683,0.9959326217511802,0.004067378248819753,1.0,0.2857829270140648,0.6912378944780599,0.20851891965763347,0.09668809620661933,0.027301351064808715,0.016564455172829902,0.002562374786928994,0.0,0.0,0.00884167455695514,0.018459676507853573,0.007722780615874761,0.006279299770026147,0.010736895891978812,0.5816405226500505,0.012180376737827426,0.6598369550325189,0.027301351064808715,0.042839425837856694,0.03855752436860463,0.0,0.0,0.00884167455695514,0.018459676507853573,0.03399775128090155,0.029715849811649486,-0.015538074773047979,-0.8417306103082243,-0.011256173303795913,-0.6097708862344924
22,2000,5,1.0,1.0,1.0,1.0,3,False,10,0.6,0.1665,0.5095,0.00884167455695514,PS_propensity_score,,0.0059045325855158134,0.04018988027866093,0.040189880278660925,0.10698707471985658,0.02606475158270724,0.013840767986648446,0.04896419809640409,0.9807837262577189,0.019216273742281076,1.0,0.06594595858051577,0.2823931200455062,0.2258608972422611,0.06904602604804089,0.027301351064808715,0.014895390415641084,0.005778452710231937,0.0,0.0,0.00884167455695514,0.018459676507853573,0.006053715858685943,0.0030632218467232034,0.01240596064916763,0.6720573160580349,0.01539645466113037,0.8340587471606031,0.027301351064808715,0.042839425837856694,0.03855752436860463,0.0,0.0,0.00884167455695514,0.018459676507853573,0.03399775128090155,0.029715849811649486,-0.015538074773047979,-0.8417306103082243,-0.011256173303795913,-0.6097708862344924
22,2000,5,1.0,1.0,1.0,1.0,3,False,10,0.6,0.1665,0.5095,0.00884167455695514,GMM,,0.00648337382526404,0.04875781852006014,0.04875781852006014,0.12335353413480513,0.009841896872670905,0.037869983470282316,0.057021804825919446,0.9926539031327943,0.007346096867205665,1.0,0.07591494223874617,0.21082163850056046,0.03393159824066305,0.017557630824524217,0.027301351064808715,0.01769620535044591,0.021937284444372512,0.0,0.0,0.00884167455695514,0.018459676507853573,0.00885453079349077,0.013095609887417372,0.009605145714362802,0.5203312046273586,0.005364066620436201,0.2905829155865265,0.027301351064808715,0.042839425837856694,0.03855752436860463,0.0,0.0,0.00884167455695514,0.018459676507853573,0.03399775128090155,0.029715849811649486,-0.015538074773047979,-0.8417306103082243,-0.011256173303795913,-0.6097708862344924
22,2000,5,1.0,1.0,1.0,1.0,3,False,10,0.6,0.1665,0.5095,0.00884167455695514,Prognostic_score,,0.026765402877054825,0.09093884511105048,0.09093884511105048,0.21662458636434462,0.00766678056926341,0.13451041767879995,0.11960059487080266,0.9942249271748195,0.005775072825180527,1.0,0.25694122130104113,0.6166990274100501,0.19532947674091428,0.07784772494745584,0.027301351064808715,0.018988858231755567,0.005544701812755006,0.0,0.0,0.00884167455695514,0.018459676507853573,0.010147183674800426,0.003296972744200135,0.008312492833053147,0.4503054443839598,0.015162703763653439,0.8213959630984078,0.027301351064808715,0.042839425837856694,0.03855752436860463,0.0,0.0,0.00884167455695514,0.018459676507853573,0.03399775128090155,0.029715849811649486,-0.015538074773047979,-0.8417306103082243,-0.011256173303795913,-0.6097708862344924
22,2000,5,1.0,1.0,1.0,1.0,3,False,10,0.6,0.1665,0.5095,0.00884167455695514,2A_PCA_cum60,,0.024471190718873655,0.08209529184689371,0.0820952918468937,0.14693775937742626,0.010720272989243808,0.1335960045500688,0.09708467897224628,0.9920175870960443,0.007982412903955738,1.0,0.19453060717020043,0.4619723468938275,0.10946096694847274,0.040345444057323876,0.027301351064808715,0.017705078962086875,0.010615838503455047,0.0,0.0,0.00884167455695514,0.018459676507853573,0.008863404405131734,0.0017741639464999067,0.00959627210272184,0.5198505021818316,0.016685512561353665,0.9038897596203759,0.027301351064808715,0.042839425837856694,0.03855752436860463,0.0,0.0,0.00884167455695514,0.018459676507853573,0.03399775128090155,0.029715849811649486,-0.015538074773047979,-0.8417306103082243,-0.011256173303795913,-0.6097708862344924
22,2000,5,1.0,1.0,1.0,1.0,3,False,10,0.6,0.1665,0.5095,0.00884167455695514,2B_clustering,,0.021022539972866877,0.084857474932576,0.08485747493257602,0.2516803439094156,0.016086268779311113,0.08471675768217661,0.11749445679030113,0.9881085220411708,0.011891477958829166,1.0,0.18959472661346766,0.5302328530080691,0.11016432930201236,0.04064180726743538,0.027301351064808715,0.021800690949727027,0.020966664937019385,0.0,0.0,0.00884167455695514,0.018459676507853573,0.012959016392771886,0.012124990380064244,0.0055006601150816865,0.29798247616860785,0.0063346861277893286,0.3431634419538322,0.027301351064808715,0.042839425837856694,0.03855752436860463,0.0,0.0,0.00884167455695514,0.018459676507853573,0.03399775128090155,0.029715849811649486,-0.015538074773047979,-0.8417306103082243,-0.011256173303795913,-0.6097708862344924
22,2000,5,1.0,1.0,1.0,1.0,3,False,10,0.6,0.1665,0.5095,0.00884167455695514,baseline_random,,-0.0002454294973079497,0.019354686903646022,0.019354686903646025,0.008303560356905474,0.001107859509258461,0.0010524848839165068,0.003487968250026814,0.9989668492765031,0.0010331507234968562,1.0,0.0019949366814476788,0.006152225315485649,0.001487968252805616,0.004070784345368339,0.027301351064808715,0.02732399916928297,0.02834971427431193,0.0,0.0,0.00884167455695514,0.018459676507853573,0.01848232461232783,0.01950803971735679,-2.2648104474255748e-05,-0.0012268960653032401,-0.001048363209503217,-0.0567920683256391,0.027301351064808715,0.042839425837856694,0.03855752436860463,0.0,0.0,0.00884167455695514,0.018459676507853573,0.03399775128090155,0.029715849811649486,-0.015538074773047979,-0.8417306103082243,-0.011256173303795913,-0.6097708862344924
22,2000,5,1.0,1.0,1.0,1.0,3,False,10,0.6,0.1665,0.5095,0.00884167455695514,baseline_oracle_kmeans,,0.4039815006742423,0.6583921666094943,0.6583921666094943,0.2889590274631404,0.9882254844200093,0.6915423527243825,0.6562422882025107,0.021415442806807163,0.9785845571931928,1.0,0.3402803003666227,0.18881429190514387,0.033666912824752426,0.01572921882855205,0.027301351064808715,0.02976739912139162,0.019848914657951532,0.0,0.0,0.00884167455695514,0.018459676507853573,0.020925724564436476,0.011007240100996392,-0.0024660480565829035,-0.133591076503087,0.007452436406857181,0.40371435564900504,0.027301351064808715,0.042839425837856694,0.03855752436860463,0.0,0.0,0.00884167455695514,0.018459676507853573,0.03399775128090155,0.029715849811649486,-0.015538074773047979,-0.8417306103082243,-0.011256173303795913,-0.6097708862344924
22,2000,5,1.0,1.0,1.0,1.0,3,False,10,0.6,0.1665,0.5095,0.00884167455695514,baseline_oracle_quantile,,0.09154413588232216,0.30308232876776836,0.3030823287677684,0.9070423499822329,0.00867503391580616,0.004116516968510048,0.3066113002888497,0.9934898437408838,0.006510156259116218,1.0,0.4574161663597692,0.34369276105254076,0.034965489326981514,0.015436536245362897,0.027301351064808715,0.017148012231168165,0.005655440157710876,0.0,0.0,0.00884167455695514,0.018459676507853573,0.008306337674213024,0.003186234399244265,0.010153338833640549,0.5500279936823846,0.015273442108609307,0.8273948951440889,0.027301351064808715,0.042839425837856694,0.03855752436860463,0.0,0.0,0.00884167455695514,0.018459676507853573,0.03399775128090155,0.029715849811649486,-0.015538074773047979,-0.8417306103082243,-0.011256173303795913,-0.6097708862344924
23,2000,5,1.0,1.0,1.0,1.0,3,False,10,0.6,0.1495,0.4905,0.009208848907496266,1A_predicted_prob,,0.03633428784532673,0.11709753544932254,0.11709753544932254,0.3504831867689427,0.006156860728174039,0.07716589118357169,0.1446019795602295,0.9943870443922396,0.005612955607760428,1.0,0.36343215572685206,0.8460222904140753,0.029059207762866746,0.025883149245216286,0.0173880695522782,0.009682397555897783,0.002561976728647762,0.0,0.0,0.009208848907496266,0.008179220644781935,0.0004735486484015172,0.0066468721788485036,0.007705671996380418,0.9421034510539064,0.0015323484659334318,0.18734651288702153,0.0173880695522782,0.02193411305565985,0.02036768411671895,0.0014817483503056406,0.2353660088405597,0.009208848907496266,0.008179220644781935,0.012725264148163584,0.011158835209222685,-0.0045460435033816485,-0.5558039941472748,-0.0029796145644407496,-0.36429076728008836
23,2000,5,1.0,1.0,1.0,1.0,3,False,10,0.6,0.1495,0.4905,0.009208848907496266,1B_residual,,0.041599690080207044,0.13188247744593862,0.13188247744593862,0.336296605665478,0.013218752491979166,0.11253326006304665,0.15401620607350128,0.9892119472767719,0.010788052723228136,1.0,0.40033461782488056,0.724536741227511,0.021276584222479356,0.036738067885279446,0.0173880695522782,0.012123151655770244,0.0008018884844052552,0.0,0.0,0.009208848907496266,0.008179220644781935,0.002914302748273978,0.008406960423091012,0.005264917896507957,0.6436943231097203,-0.00022773977830907628,-0.02784370152116722,0.0173880695522782,0.02193411305565985,0.02036768411671895,0.0014817483503056406,0.2353660088405597,0.009208848907496266,0.008179220644781935,0.012725264148163584,0.011158835209222685,-0.0045460435033816485,-0.5558039941472748,-0.0029796145644407496,-0.36429076728008836
23,2000,5,1.0,1.0,1.0,1.0,3,False,10,0.6,0.1495,0.4905,0.009208848907496266,1C_cv_decision,,0.03633428784532673,0.11709753544932254,0.11709753544932254,0.3504831867689427,0.006156860728174039,0.07716589118357169,0.1446019795602295,0.9943870443922396,0.005612955607760428,1.0,0.36343215572685206,0.8460222904140753,0.029059207762866746,0.025883149245216286,0.0173880695522782,0.009682397555897783,0.002561976728647762,0.0,0.0,0.009208848907496266,0.008179220644781935,0.0004735486484015172,0.0066468721788485036,0.007705671996380418,0.9421034510539064,0.0015323484659334318,0.18734651288702153,0.0173880695522782,0.02193411305565985,0.02036768411671895,0.0014817483503056406,0.2353660088405597,0.009208848907496266,0.008179220644781935,0.012725264148163584,0.011158835209222685,-0.0045460435033816485,-0.5558039941472748,-0.0029796145644407496,-0.36429076728008836
23,2000,5,1.0,1.0,1.0,1.0,3,False,10,0.6,0.1495,0.4905,0.009208848907496266,PS_propensity_score,,0.005690435440240322,0.03397860941982593,0.03397860941982593,0.02269360255182298,0.026345115174552593,0.0189803931956914,0.022673036974022325,0.979623033460906,0.020376966539094044,0.5778565222493396,0.0368226476364274,0.06670882714832804,0.09940844609866317,0.05228695178396725,0.0173880695522782,0.011266937836192939,0.010871496098964826,0.0017656398002787231,0.4155786913824623,0.009208848907496266,0.008179220644781935,0.002058088928696673,0.0016626471914685595,0.006121131716085262,0.7483759128065992,0.006516573453313376,0.7967230297755481,0.0173880695522782,0.02193411305565985,0.02036768411671895,0.0014817483503056406,0.2353660088405597,0.009208848907496266,0.008179220644781935,0.012725264148163584,0.011158835209222685,-0.0045460435033816485,-0.5558039941472748,-0.0029796145644407496,-0.36429076728008836
23,2000,5,1.0,1.0,1.0,1.0,3,False,10,0.6,0.1495,0.4905,0.009208848907496266,GMM,,0.003629943367420864,0.03860486300233334,0.03860486300233334,0.060682142112165105,0.005832976636721343,0.023382062601507568,0.029965727116798003,0.9946369212443936,0.005363078755606376,1.0,0.05179059438606004,0.15597051413313334,0.06343093107951714,0.04589467335091979,0.0173880695522782,0.014164241451894578,0.004119156224038907,0.0,0.0,0.009208848907496266,0.008179220644781935,0.004955392544398312,0.005089692683457359,0.003223828100383623,0.39414856749711424,0.0030895279613245763,0.37772889319174807,0.0173880695522782,0.02193411305565985,0.02036768411671895,0.0014817483503056406,0.2353660088405597,0.009208848907496266,0.008179220644781935,0.012725264148163584,0.011158835209222685,-0.0045460435033816485,-0.5558039941472748,-0.0029796145644407496,-0.36429076728008836
23,2000,5,1.0,1.0,1.0,1.0,3,False,10,0.6,0.1495,0.4905,0.009208848907496266,Prognostic_score,,0.03792637172993009,0.11818473483452321,0.11818473483452323,0.3605569145800996,0.010312024131023481,0.06350224604086975,0.14479039491733095,0.9913629824455535,0.008637017554446458,1.0,0.34978340097532346,0.8057042986290446,0.04226142527932375,0.03842631036151112,0.0173880695522782,0.008768611797554293,0.0047742754321244765,0.0,0.0,0.009208848907496266,0.008179220644781935,0.0004402371099419735,0.0044345734753717895,0.007738983534839962,0.9461761542986581,0.003744647169410146,0.457824447100483,0.0173880695522782,0.02193411305565985,0.02036768411671895,0.0014817483503056406,0.2353660088405597,0.009208848907496266,0.008179220644781935,0.012725264148163584,0.011158835209222685,-0.0045460435033816485,-0.5558039941472748,-0.0029796145644407496,-0.36429076728008836
23,2000,5,1.0,1.0,1.0,1.0,3,False,10,0.6,0.1495,0.4905,0.009208848907496266,2A_PCA_cum60,,0.022893437865758117,0.07536560160344288,0.07536560160344287,0.14385695283630304,0.04015789060333568,0.0625805858411144,0.0821984764269177,0.9695546193337031,0.030445380666296873,1.0,0.16788435007858626,0.3498032888587933,0.01699596395039016,0.011366823963942063,0.0173880695522782,0.01649940715072539,0.015554250378829734,0.0,0.0,0.009208848907496266,0.008179220644781935,0.007290558243229125,0.0063454014713334676,0.0008886624015528102,0.10864878698678293,0.0018338191734484678,0.22420463429096782,0.0173880695522782,0.02193411305565985,0.02036768411671895,0.0014817483503056406,0.2353660088405597,0.009208848907496266,0.008179220644781935,0.012725264148163584,0.011158835209222685,-0.0045460435033816485,-0.5558039941472748,-0.0029796145644407496,-0.36429076728008836
23,2000,5,1.0,1.0,1.0,1.0,3,False,10,0.6,0.1495,0.4905,0.009208848907496266,2B_clustering,,0.02606073225252475,0.09500675758864156,0.09500675758864156,0.24592246675980478,0.028255701016085936,0.08172766493988011,0.1186352775719236,0.9782233261565676,0.021776673843432404,1.0,0.22772426891612751,0.522902334709628,0.07342871064615286,0.017048370876053598,0.0173880695522782,0.01335664266859208,0.0007052652141452001,0.0,0.0,0.009208848907496266,0.008179220644781935,0.004147793761095813,0.008503583693351066,0.004031426883686122,0.49288643243265917,-0.00032436304856913074,-0.0396569627665031,0.0173880695522782,0.02193411305565985,0.02036768411671895,0.0014817483503056406,0.2353660088405597,0.009208848907496266,0.008179220644781935,0.012725264148163584,0.011158835209222685,-0.0045460435033816485,-0.5558039941472748,-0.0029796145644407496,-0.36429076728008836
23,2000,5,1.0,1.0,1.0,1.0,3,False,10,0.6,0.1495,0.4905,0.009208848907496266,baseline_random,,0.00040197098637868037,0.018520484965862834,0.018520484965862834,0.009350039062783288,0.003000973865465283,0.006036860343407662,0.006129291090552078,0.9966788557130741,0.00332114428692587,1.0,0.01191476634317723,0.0015618953730351937,0.003770598370475442,0.002373590959548144,0.0173880695522782,0.018812883274422477,0.017426916462610534,0.0,0.0,0.009208848907496266,0.008179220644781935,0.00960403436692621,0.008218067555114268,-0.0014248137221442754,-0.17419920356999508,-3.884691033233245e-05,-0.004749463551532385,0.0173880695522782,0.02193411305565985,0.02036768411671895,0.0014817483503056406,0.2353660088405597,0.009208848907496266,0.008179220644781935,0.012725264148163584,0.011158835209222685,-0.0045460435033816485,-0.5558039941472748,-0.0029796145644407496,-0.36429076728008836
23,2000,5,1.0,1.0,1.0,1.0,3,False,10,0.6,0.1495,0.4905,0.009208848907496266,baseline_oracle_kmeans,,0.3815114932251426,0.657980105573485,0.6579801055734852,0.2881342578841458,0.9960174374236874,0.6823138932244068,0.6554885295107467,0.008830710183664981,0.991169289816335,1.0,0.34945265245761503,0.1720133017302713,0.010900326265233962,0.008371323141831755,0.0173880695522782,0.01634442281226956,0.005735944610741077,0.0,0.0,0.009208848907496266,0.008179220644781935,0.0071355739047732954,0.0034729042967551887,0.00104364674000864,0.12759733296526865,0.004706316348026747,0.5753991183780103,0.0173880695522782,0.02193411305565985,0.02036768411671895,0.0014817483503056406,0.2353660088405597,0.009208848907496266,0.008179220644781935,0.012725264148163584,0.011158835209222685,-0.0045460435033816485,-0.5558039941472748,-0.0029796145644407496,-0.36429076728008836
23,2000,5,1.0,1.0,1.0,1.0,3,False,10,0.6,0.1495,0.4905,0.009208848907496266,baseline_oracle_quantile,,0.09180475040607504,0.28835426192292246,0.28835426192292246,0.9011252536517429,0.002682114723446403,0.0009493618659126652,0.30158557674703396,0.9969083164742799,0.0030916835257200903,1.0,0.41535200342904544,0.2931829703608606,0.016248667119474702,0.015739424825060744,0.0173880695522782,0.010136340451927016,0.021286089477978026,0.0,0.0,0.009208848907496266,0.008179220644781935,0.0009274915444307495,0.01207724057048176,0.007251729100351186,0.8866039217290883,-0.003898019925699825,-0.47657595937170716,0.0173880695522782,0.02193411305565985,0.02036768411671895,0.0014817483503056406,0.2353660088405597,0.009208848907496266,0.008179220644781935,0.012725264148163584,0.011158835209222685,-0.0045460435033816485,-0.5558039941472748,-0.0029796145644407496,-0.36429076728008836
24,2000,5,1.0,1.0,1.0,1.0,3,False,10,0.6,0.151,0.501,0.008589925088692368,1A_predicted_prob,,0.020774188947582827,0.0996704022465953,0.09967040224659532,0.3533729845140466,0.002053049118930144,0.04933571230059612,0.1349205819778576,0.9985067367333316,0.001493263266668432,1.0,0.36669060095143646,0.8331097902470057,0.1512113162948483,0.12065359282285348,0.05257936507936509,0.04796134150430441,0.029788668588846188,0.0,0.0,0.008589925088692368,0.043989439990672716,0.03937141641561204,0.02119874350015382,0.0046180235750606785,0.10498027654000275,0.022790696490518896,0.5180947176265784,0.05257936507936509,0.05169663953449553,0.052542411855053005,0.0,0.0,0.008589925088692368,0.043989439990672716,0.04310671444580316,0.04395248676636064,0.0008827255448695531,0.02006676022828935,3.695322431207515e-05,0.0008400476186991579
24,2000,5,1.0,1.0,1.0,1.0,3,False,10,0.6,0.151,0.501,0.008589925088692368,1B_residual,,0.02560464813547478,0.10914982697554763,0.10914982697554765,0.34761503254117493,0.01159673703857467,0.06164909499035846,0.1402869548567027,0.991592661379862,0.008407338620137983,0.7327660803009092,0.3608942360162668,0.7152963056366191,0.1297579432101459,0.1048618412029253,0.05257936507936509,0.027639620791108203,-0.0009221331360658944,5.276627670108448e-05,0.22525316461536748,0.008589925088692368,0.043989439990672716,0.019049695702415836,0.009512058224758263,0.02493974428825688,0.5669484379329441,0.03447738176591445,0.7837649620732806,0.05257936507936509,0.05169663953449553,0.052542411855053005,0.0,0.0,0.008589925088692368,0.043989439990672716,0.04310671444580316,0.04395248676636064,0.0008827255448695531,0.02006676022828935,3.695322431207515e-05,0.0008400476186991579
24,2000,5,1.0,1.0,1.0,1.0,3,False,10,0.6,0.151,0.501,0.008589925088692368,1C_cv_decision,,0.020774188947582827,0.0996704022465953,0.09967040224659532,0.3533729845140466,0.002053049118930144,0.04933571230059612,0.1349205819778576,0.9985067367333316,0.001493263266668432,1.0,0.36669060095143646,0.8331097902470057,0.1512113162948483,0.12065359282285348,0.05257936507936509,0.04796134150430441,0.029788668588846188,0.0,0.0,0.008589925088692368,0.043989439990672716,0.03937141641561204,0.02119874350015382,0.0046180235750606785,0.10498027654000275,0.022790696490518896,0.5180947176265784,0.05257936507936509,0.05169663953449553,0.052542411855053005,0.0,0.0,0.008589925088692368,0.043989439990672716,0.04310671444580316,0.04395248676636064,0.0008827255448695531,0.02006676022828935,3.695322431207515e-05,0.0008400476186991579
24,2000,5,1.0,1.0,1.0,1.0,3,False,10,0.6,0.151,0.501,0.008589925088692368,PS_propensity_score,,0.003987711318700166,0.03048739850778367,0.03048739850778367,0.05590609737801319,0.004708140186205621,0.034132154834184705,0.03158213079946784,0.9965878718692496,0.0034121281307504248,1.0,0.08977423654398708,0.19518489049649135,0.17999588236386,0.09416799614774629,0.05257936507936509,0.04465634316818104,0.034485441679567505,0.0005110651780425348,0.17514043135153742,0.008589925088692368,0.043989439990672716,0.03606641807948867,0.025895516590875137,0.007923021911184047,0.1801119066954251,0.01809392339979758,0.41132424972070836,0.05257936507936509,0.05169663953449553,0.052542411855053005,0.0,0.0,0.008589925088692368,0.043989439990672716,0.04310671444580316,0.04395248676636064,0.0008827255448695531,0.02006676022828935,3.695322431207515e-05,0.0008400476186991579
24,2000,5,1.0,1.0,1.0,1.0,3,False,10,0.6,0.151,0.501,0.008589925088692368,GMM,,0.00240928613352642,0.025773423833543866,0.025773423833543863,0.03841500359671483,0.013199261010426263,0.00609614098456571,0.019236801863902267,0.9904238400676155,0.009576159932384476,1.0,0.030842869859994848,0.09755468896856823,0.10177771949411707,0.09381422668483141,0.05257936507936509,0.055807546987650274,0.05426116168318967,0.0,0.0,0.008589925088692368,0.043989439990672716,0.04721762189895791,0.0456712365944973,-0.0032281819082851937,-0.07338538315035792,-0.0016817966038245868,-0.03823182573320283,0.05257936507936509,0.05169663953449553,0.052542411855053005,0.0,0.0,0.008589925088692368,0.043989439990672716,0.04310671444580316,0.04395248676636064,0.0008827255448695531,0.02006676022828935,3.695322431207515e-05,0.0008400476186991579
24,2000,5,1.0,1.0,1.0,1.0,3,False,10,0.6,0.151,0.501,0.008589925088692368,Prognostic_score,,0.01728964603786185,0.08479479144272742,0.08479479144272742,0.30678023806124466,0.004375233627769633,0.05382899404032817,0.12166148857644749,0.9968291068655147,0.0031708931344852642,1.0,0.33123622150952936,0.7590886629628488,0.1053974694157469,0.08223153790416904,0.05257936507936509,0.0479224028592412,0.03426127812464701,0.0,0.0,0.008589925088692368,0.043989439990672716,0.03933247777054884,0.02567135303595464,0.004656962220123878,0.10586545818976811,0.018318086954718076,0.4164200989738025,0.05257936507936509,0.05169663953449553,0.052542411855053005,0.0,0.0,0.008589925088692368,0.043989439990672716,0.04310671444580316,0.04395248676636064,0.0008827255448695531,0.02006676022828935,3.695322431207515e-05,0.0008400476186991579
24,2000,5,1.0,1.0,1.0,1.0,3,False,10,0.6,0.151,0.501,0.008589925088692368,2A_PCA_cum60,,0.01655156264740512,0.05811960875277742,0.05811960875277743,0.10372376677193468,0.014456295975221481,0.0682033123367381,0.06212779169463142,0.9895123717245686,0.010487628275431371,1.0,0.15355906081051895,0.49101159430525887,0.04984982412981176,0.0651312938489621,0.05257936507936509,0.04781122687102547,0.034224409267964155,0.0003405248080340637,0.1351134931066068,0.008589925088692368,0.043989439990672716,0.0392213017823331,0.025634484179271787,0.0047681382083396145,0.10839279175526273,0.01835495581140093,0.417258228686085,0.05257936507936509,0.05169663953449553,0.052542411855053005,0.0,0.0,0.008589925088692368,0.043989439990672716,0.04310671444580316,0.04395248676636064,0.0008827255448695531,0.02006676022828935,3.695322431207515e-05,0.0008400476186991579
24,2000,5,1.0,1.0,1.0,1.0,3,False,10,0.6,0.151,0.501,0.008589925088692368,2B_clustering,,0.020833609709825743,0.08266954763992657,0.08266954763992657,0.26554577678454966,0.028971922369292333,0.049116640294432946,0.11454477981609167,0.9789214564845486,0.021078543515451353,1.0,0.2753025850001898,0.5586841886567846,0.08910950657300998,0.06357018712881612,0.05257936507936509,0.05455470217466005,0.047769144796315416,0.0,0.0,0.008589925088692368,0.043989439990672716,0.045964777085967676,0.039179219707623045,-0.00197533709529496,-0.04490480205507952,0.004810220283049671,0.10934943213802228,0.05257936507936509,0.05169663953449553,0.052542411855053005,0.0,0.0,0.008589925088692368,0.043989439990672716,0.04310671444580316,0.04395248676636064,0.0008827255448695531,0.02006676022828935,3.695322431207515e-05,0.0008400476186991579
24,2000,5,1.0,1.0,1.0,1.0,3,False,10,0.6,0.151,0.501,0.008589925088692368,baseline_random,,0.0009789802565871911,0.02142705638863506,0.021427056388635065,0.004095853619483265,0.006417452339934292,0.003376143832549065,0.0046298165973222075,0.9953473943421944,0.004652605657805564,1.0,0.002422943857625537,0.003610312937726623,0.0035361752095005583,0.006749736792918903,0.05257936507936509,0.052622140162744385,0.05202177574942571,0.0,0.0,0.008589925088692368,0.043989439990672716,0.044032215074052014,0.04343185066073334,-4.277508337929836e-05,-0.0009723943607458096,0.0005575893299393786,0.012675526900492673,0.05257936507936509,0.05169663953449553,0.052542411855053005,0.0,0.0,0.008589925088692368,0.043989439990672716,0.04310671444580316,0.04395248676636064,0.0008827255448695531,0.02006676022828935,3.695322431207515e-05,0.0008400476186991579
24,2000,5,1.0,1.0,1.0,1.0,3,False,10,0.6,0.151,0.501,0.008589925088692368,baseline_oracle_kmeans,,0.37617636415699024,0.6316252660964125,0.6316252660964125,0.3571355952581898,0.9625151235124169,0.6288247065778546,0.6494918084494871,0.053872999392476806,0.9461270006075232,1.0,0.39125979650324727,0.17148838848550796,0.05279482216928577,0.036927415014130105,0.05257936507936509,0.047514474636765176,0.0416313555670603,0.0,0.0,0.008589925088692368,0.043989439990672716,0.03892454954807281,0.03304143047836794,0.005064890442599904,0.11513877975427367,0.010948009512304777,0.24887812881059945,0.05257936507936509,0.05169663953449553,0.052542411855053005,0.0,0.0,0.008589925088692368,0.043989439990672716,0.04310671444580316,0.04395248676636064,0.0008827255448695531,0.02006676022828935,3.695322431207515e-05,0.0008400476186991579
24,2000,5,1.0,1.0,1.0,1.0,3,False,10,0.6,0.151,0.501,0.008589925088692368,baseline_oracle_quantile,,0.1078496454146788,0.3387222602533482,0.3387222602533482,0.9053428606170941,0.002159728140516235,0.01205274780306643,0.3065184455202256,0.9984285923092708,0.0015714076907291652,1.0,0.4699681647735465,0.31773635661268396,0.06824059786861869,0.05374560327691991,0.05257936507936509,0.05576245035357168,0.033988043320813295,0.000504549753324042,0.2499430819369387,0.008589925088692368,0.043989439990672716,0.047172525264879306,0.025398118232120927,-0.00318308527420659,-0.07236021360766398,0.01859132175855179,0.4226314716098635,0.05257936507936509,0.05169663953449553,0.052542411855053005,0.0,0.0,0.008589925088692368,0.043989439990672716,0.04310671444580316,0.04395248676636064,0.0008827255448695531,0.02006676022828935,3.695322431207515e-05,0.0008400476186991579
25,2000,5,1.0,1.0,1.0,1.0,3,False,10,0.6,0.1515,0.4935,0.009117365583138387,1A_predicted_prob,,0.030244849464973262,0.1156731127990311,0.1156731127990311,0.3344701011659073,0.00328320191977968,0.10786497246968675,0.14853942518512456,0.9917807416002689,0.008219258399731144,1.0,0.34083443356885024,0.824286372453456,0.05814413455213285,0.06173421380307753,-0.009269816884109272,-0.011264541125371374,-0.024903316119204495,0.0,0.0,0.009117365583138387,0.01838718246724766,0.020381906708509763,0.03402068170234288,-0.001994724241262104,-0.10848449700301965,-0.015633499235095223,-0.8502389783177786,-0.009269816884109272,-0.01013046063933962,-0.007330113229872536,0.0016190345413148407,0.24476603457363752,0.009117365583138387,0.01838718246724766,0.019247826222478007,0.016447478813010924,-0.0008606437552303482,-0.04680672293122545,0.0019397036542367352,0.10549216323337474
25,2000,5,1.0,1.0,1.0,1.0,3,False,10,0.6,0.1515,0.4935,0.009117365583138387,1B_residual,,0.034778310110805774,0.12453517656026851,0.12453517656026851,0.3576842567900609,0.0021578121858834695,0.12599490947025518,0.16194565948206652,0.9925931920492872,0.0074068079507128015,1.0,0.38668563533009503,0.705861047196392,0.042606885675476214,0.034563120029105,-0.009269816884109272,0.0025439104434436146,-0.0012849019304843486,0.0,0.0,0.009117365583138387,0.01838718246724766,0.006573455139694772,0.010402267513622736,0.011813727327552887,0.6424979655581381,0.007984914953624923,0.4342652806022961,-0.009269816884109272,-0.01013046063933962,-0.007330113229872536,0.0016190345413148407,0.24476603457363752,0.009117365583138387,0.01838718246724766,0.019247826222478007,0.016447478813010924,-0.0008606437552303482,-0.04680672293122545,0.0019397036542367352,0.10549216323337474
25,2000,5,1.0,1.0,1.0,1.0,3,False,10,0.6,0.1515,0.4935,0.009117365583138387,1C_cv_decision,,0.030244849464973262,0.1156731127990311,0.1156731127990311,0.3344701011659073,0.00328320191977968,0.10786497246968675,0.14853942518512456,0.9917807416002689,0.008219258399731144,1.0,0.34083443356885024,0.824286372453456,0.05814413455213285,0.06173421380307753,-0.009269816884109272,-0.011264541125371374,-0.024903316119204495,0.0,0.0,0.009117365583138387,0.01838718246724766,0.020381906708509763,0.03402068170234288,-0.001994724241262104,-0.10848449700301965,-0.015633499235095223,-0.8502389783177786,-0.009269816884109272,-0.01013046063933962,-0.007330113229872536,0.0016190345413148407,0.24476603457363752,0.009117365583138387,0.01838718246724766,0.019247826222478007,0.016447478813010924,-0.0008606437552303482,-0.04680672293122545,0.0019397036542367352,0.10549216323337474
25,2000,5,1.0,1.0,1.0,1.0,3,False,10,0.6,0.1515,0.4935,0.009117365583138387,PS_propensity_score,,0.006311264006621533,0.04080489966825668,0.04080489966825668,0.11005811636042444,0.0010930839732929932,0.019779054497327295,0.04364341827701491,0.9933595152411612,0.006640484758838827,1.0,0.07518149714333977,0.13414390406554055,0.2391723024300274,0.1292920303311994,-0.009269816884109272,-0.019781961911432076,-0.021337171053662257,0.0,0.0,0.009117365583138387,0.01838718246724766,0.028899327494570463,0.030454536636800644,-0.010512145027322804,-0.571710486152387,-0.012067354169552985,-0.6562916418025477,-0.009269816884109272,-0.01013046063933962,-0.007330113229872536,0.0016190345413148407,0.24476603457363752,0.009117365583138387,0.01838718246724766,0.019247826222478007,0.016447478813010924,-0.0008606437552303482,-0.04680672293122545,0.0019397036542367352,0.10549216323337474
25,2000,5,1.0,1.0,1.0,1.0,3,False,10,0.6,0.1515,0.4935,0.009117365583138387,GMM,,0.00904988723433047,0.052575620836693884,0.05257562083669389,0.07710349906111492,0.025914269429771576,0.029029686448126812,0.04401581831300444,0.9753618105389821,0.024638189461017923,1.0,0.05373753109754176,0.06673475684145291,0.047003508039019204,0.010048718100692189,-0.009269816884109272,-0.011580557447921589,-0.012120340174861577,0.0,0.0,0.009117365583138387,0.01838718246724766,0.020697923031059974,0.021237705757999964,-0.002310740563812315,-0.12567126953399965,-0.002850523290752305,-0.15502773716581242,-0.009269816884109272,-0.01013046063933962,-0.007330113229872536,0.0016190345413148407,0.24476603457363752,0.009117365583138387,0.01838718246724766,0.019247826222478007,0.016447478813010924,-0.0008606437552303482,-0.04680672293122545,0.0019397036542367352,0.10549216323337474
25,2000,5,1.0,1.0,1.0,1.0,3,False,10,0.6,0.1515,0.4935,0.009117365583138387,Prognostic_score,,0.032635131075347885,0.11565446043792108,0.11565446043792108,0.2939226655864371,0.0077317562552961855,0.13383983357479962,0.14516475180551097,0.9885106592840659,0.011489340715934104,0.8162291751111295,0.3266107404854227,0.8409631531335552,0.010651112479061364,0.018689478961312123,-0.009269816884109272,-0.00875257517366096,-0.008168380329549205,0.001121703137784959,0.40116634424676206,0.009117365583138387,0.01838718246724766,0.017869940756799346,0.01728574591268759,0.0005172417104483129,0.02813055841315848,0.0011014365545600688,0.05990241063425639,-0.009269816884109272,-0.01013046063933962,-0.007330113229872536,0.0016190345413148407,0.24476603457363752,0.009117365583138387,0.01838718246724766,0.019247826222478007,0.016447478813010924,-0.0008606437552303482,-0.04680672293122545,0.0019397036542367352,0.10549216323337474
25,2000,5,1.0,1.0,1.0,1.0,3,False,10,0.6,0.1515,0.4935,0.009117365583138387,2A_PCA_cum60,,0.012875666065231774,0.061620779630068574,0.06162077963006859,0.1504055020614656,0.013415528846284814,0.050393186881643265,0.07140473926313122,0.9844135555809066,0.015586444419093404,0.8361405832654297,0.12710377298020015,0.347827060234037,0.08499837141896083,0.0392753052344359,-0.009269816884109272,-0.015994739020761557,-0.016180082583208945,0.0004956488277333315,0.1719576143928909,0.009117365583138387,0.01838718246724766,0.025112104603899944,0.025297448166347332,-0.0067249221366522845,-0.36573967483224323,-0.006910265699099673,-0.37581971633819644,-0.009269816884109272,-0.01013046063933962,-0.007330113229872536,0.0016190345413148407,0.24476603457363752,0.009117365583138387,0.01838718246724766,0.019247826222478007,0.016447478813010924,-0.0008606437552303482,-0.04680672293122545,0.0019397036542367352,0.10549216323337474
25,2000,5,1.0,1.0,1.0,1.0,3,False,10,0.6,0.1515,0.4935,0.009117365583138387,2B_clustering,,0.02760957559924793,0.10097470860556526,0.10097470860556527,0.2771462961907398,0.025042800130924008,0.08714463815606774,0.1297779114925772,0.9760218960505626,0.023978103949437446,1.0,0.20468053100790884,0.5157735625671431,0.10569090154620842,0.0572237567146171,-0.009269816884109272,-0.016577306438795097,-0.016857910683546196,0.0,0.0,0.009117365583138387,0.01838718246724766,0.025694672021933485,0.025975276266684583,-0.007307489554685825,-0.397423018328249,-0.0075880937994369235,-0.4126838798142829,-0.009269816884109272,-0.01013046063933962,-0.007330113229872536,0.0016190345413148407,0.24476603457363752,0.009117365583138387,0.01838718246724766,0.019247826222478007,0.016447478813010924,-0.0008606437552303482,-0.04680672293122545,0.0019397036542367352,0.10549216323337474
25,2000,5,1.0,1.0,1.0,1.0,3,False,10,0.6,0.1515,0.4935,0.009117365583138387,baseline_random,,-0.0006614685244570792,0.014821003529858165,0.014821003529858167,0.0030629858933233388,0.0004506098869887173,0.0023403847467719004,0.0019513268423613187,0.9938242116212836,0.0061757883787163514,0.7355571967506822,0.001786326145152728,0.0036245724983748895,0.0065126278563324425,0.004522238420910152,-0.009269816884109272,-0.010635460953592128,-0.009848495797421433,0.0011040121109861802,0.2819617487571926,0.009117365583138387,0.01838718246724766,0.019752826536730515,0.01896586138055982,-0.0013656440694828562,-0.07427152430316175,-0.0005786789133121611,-0.031471864400265614,-0.009269816884109272,-0.01013046063933962,-0.007330113229872536,0.0016190345413148407,0.24476603457363752,0.009117365583138387,0.01838718246724766,0.019247826222478007,0.016447478813010924,-0.0008606437552303482,-0.04680672293122545,0.0019397036542367352,0.10549216323337474
25,2000,5,1.0,1.0,1.0,1.0,3,False,10,0.6,0.1515,0.4935,0.009117365583138387,baseline_oracle_kmeans,,0.3659988437548899,0.6302878015046595,0.6302878015046594,0.3552376256222437,0.9959891336038126,0.6585169862377358,0.6699145818212641,0.008970170281027298,0.9910298297189727,1.0,0.44566663558549646,0.2209797799435792,0.024621574119263356,0.01569897807880638,-0.009269816884109272,-0.010984948060115345,-0.006054763512309949,0.0,0.0,0.009117365583138387,0.01838718246724766,0.02010231364325373,0.015172129095448336,-0.0017151311760060725,-0.09327862923322616,0.003215053371799323,0.17485296496764346,-0.009269816884109272,-0.01013046063933962,-0.007330113229872536,0.0016190345413148407,0.24476603457363752,0.009117365583138387,0.01838718246724766,0.019247826222478007,0.016447478813010924,-0.0008606437552303482,-0.04680672293122545,0.0019397036542367352,0.10549216323337474
25,2000,5,1.0,1.0,1.0,1.0,3,False,10,0.6,0.1515,0.4935,0.009117365583138387,baseline_oracle_quantile,,0.09773273095060121,0.3218876252964527,0.3218876252964527,0.9053054759652783,0.006510903858586148,0.010627317751448649,0.30748123252510434,0.9894277718781276,0.010572228121872418,1.0,0.4680342122376042,0.35334524956033597,0.07379974517798882,0.034865373732870575,-0.009269816884109272,0.0015086723390240466,-0.0029009789506887246,0.0,0.0,0.009117365583138387,0.01838718246724766,0.00760869324411434,0.012018344533827111,0.01077848922313332,0.5861958047315081,0.006368837933420548,0.3463737821041968,-0.009269816884109272,-0.01013046063933962,-0.007330113229872536,0.0016190345413148407,0.24476603457363752,0.009117365583138387,0.01838718246724766,0.019247826222478007,0.016447478813010924,-0.0008606437552303482,-0.04680672293122545,0.0019397036542367352,0.10549216323337474
26,2000,5,1.0,1.0,1.0,1.0,3,False,10,0.6,0.16,0.518,0.00884393242864256,1A_predicted_prob,,0.03111275648205851,0.10105024662215023,0.10105024662215023,0.2669154270024429,0.01438982839988472,0.10541797232170252,0.12890774257467671,0.9877454849007723,0.012254515099227703,1.0,0.3365963866059518,0.8256152214967478,0.09764942526133047,0.06679477802307265,0.022832365317845077,0.001169753430571142,-0.0083511443420778,0.0,0.0,0.00884393242864256,0.013988432889202517,0.007674178998071417,0.01719507677072036,0.0063142538911311,0.4513910844155379,-0.0032066438815178417,-0.2292353909059397,0.022832365317845077,0.023824535047100276,0.03078890957014054,0.0013576237605588829,0.21831722905956685,0.00884393242864256,0.013988432889202517,0.014980602618457716,0.021944977141497977,-0.000992169729255199,-0.07092786855495747,-0.00795654425229546,-0.5687945401258643
26,2000,5,1.0,1.0,1.0,1.0,3,False,10,0.6,0.16,0.518,0.00884393242864256,1B_residual,,0.02924983575529784,0.10341794611169412,0.10341794611169412,0.2826734793989639,0.017316044545124202,0.10482021403275002,0.13493657932561273,0.9856021135072811,0.014397886492718892,0.7079590232488053,0.31914687133786845,0.7171239705072713,0.07464558894291018,0.05197402974930032,0.022832365317845077,0.007706147751341608,-0.000372807651202345,0.0,0.0,0.00884393242864256,0.013988432889202517,0.0011377846773009516,0.009216740079844904,0.012850648211901565,0.9186624630283502,0.004771692809357613,0.34111703913887437,0.022832365317845077,0.023824535047100276,0.03078890957014054,0.0013576237605588829,0.21831722905956685,0.00884393242864256,0.013988432889202517,0.014980602618457716,0.021944977141497977,-0.000992169729255199,-0.07092786855495747,-0.00795654425229546,-0.5687945401258643
26,2000,5,1.0,1.0,1.0,1.0,3,False,10,0.6,0.16,0.518,0.00884393242864256,1C_cv_decision,,0.03111275648205851,0.10105024662215023,0.10105024662215023,0.2669154270024429,0.01438982839988472,0.10541797232170252,0.12890774257467671,0.9877454849007723,0.012254515099227703,1.0,0.3365963866059518,0.8256152214967478,0.09764942526133047,0.06679477802307265,0.022832365317845077,0.001169753430571142,-0.0083511443420778,0.0,0.0,0.00884393242864256,0.013988432889202517,0.007674178998071417,0.01719507677072036,0.0063142538911311,0.4513910844155379,-0.0032066438815178417,-0.2292353909059397,0.022832365317845077,0.023824535047100276,0.03078890957014054,0.0013576237605588829,0.21831722905956685,0.00884393242864256,0.013988432889202517,0.014980602618457716,0.021944977141497977,-0.000992169729255199,-0.07092786855495747,-0.00795654425229546,-0.5687945401258643
26,2000,5,1.0,1.0,1.0,1.0,3,False,10,0.6,0.16,0.518,0.00884393242864256,PS_propensity_score,,0.014155308895366633,0.046462207519911584,0.0464622075199116,0.028318478306851268,0.005790422622487513,0.09746172531015494,0.043856875413164575,0.9940095307005364,0.005990469299463563,1.0,0.08655138370114246,0.13036529503662775,0.08331472823403085,0.041092630865908975,0.022832365317845077,0.012731733749567382,0.0033510988534857004,0.0,0.0,0.00884393242864256,0.013988432889202517,0.003887801320924823,0.005492833575156859,0.010100631568277695,0.722070273938565,0.008495599314045659,0.6073303122184113,0.022832365317845077,0.023824535047100276,0.03078890957014054,0.0013576237605588829,0.21831722905956685,0.00884393242864256,0.013988432889202517,0.014980602618457716,0.021944977141497977,-0.000992169729255199,-0.07092786855495747,-0.00795654425229546,-0.5687945401258643
26,2000,5,1.0,1.0,1.0,1.0,3,False,10,0.6,0.16,0.518,0.00884393242864256,GMM,,0.008631472561611342,0.04959820558538575,0.04959820558538576,0.1218755100962257,0.01638770253387585,0.04050264531607984,0.0595886193153938,0.9862326978976697,0.013767302102330348,1.0,0.07832863537684798,0.2538354613248035,0.035575159281372004,0.041403094494447124,0.022832365317845077,0.01562006949526333,0.004002955844390934,0.0,0.0,0.00884393242864256,0.013988432889202517,0.006776137066620771,0.004840976584251626,0.007212295822581746,0.5155899792140991,0.009147456304950893,0.6539300275738313,0.022832365317845077,0.023824535047100276,0.03078890957014054,0.0013576237605588829,0.21831722905956685,0.00884393242864256,0.013988432889202517,0.014980602618457716,0.021944977141497977,-0.000992169729255199,-0.07092786855495747,-0.00795654425229546,-0.5687945401258643
26,2000,5,1.0,1.0,1.0,1.0,3,False,10,0.6,0.16,0.518,0.00884393242864256,Prognostic_score,,0.028067649515543698,0.0932953608062423,0.0932953608062423,0.2470327753115999,0.012383045916024122,0.08588301660292447,0.11509961261018282,0.9891947723460063,0.010805227653993721,1.0,0.2888433262934268,0.7080080237611619,0.021917823473944442,0.013311062536368823,0.022832365317845077,0.006975071675151561,-0.0030763169829645257,0.0,0.0,0.00884393242864256,0.013988432889202517,0.0018688607534909987,0.011920249411607086,0.012119572135711519,0.8663995625318726,0.0020681834775954314,0.14784954783547155,0.022832365317845077,0.023824535047100276,0.03078890957014054,0.0013576237605588829,0.21831722905956685,0.00884393242864256,0.013988432889202517,0.014980602618457716,0.021944977141497977,-0.000992169729255199,-0.07092786855495747,-0.00795654425229546,-0.5687945401258643
26,2000,5,1.0,1.0,1.0,1.0,3,False,10,0.6,0.16,0.518,0.00884393242864256,2A_PCA_cum60,,0.01608048020878479,0.04954048762688864,0.04954048762688864,0.07781627005900334,0.015186948996481868,0.0828015723725504,0.058601597142678534,0.9871993914867379,0.012800608513262146,1.0,0.1531851600725107,0.3161761540546887,0.003932707257147117,0.0024754023304999206,0.022832365317845077,0.012613950242857216,0.018384335874028105,0.0,0.0,0.00884393242864256,0.013988432889202517,0.0037700178142146563,0.009540403445385546,0.010218415074987861,0.7304903384049057,0.004448029443816972,0.31797911024403214,0.022832365317845077,0.023824535047100276,0.03078890957014054,0.0013576237605588829,0.21831722905956685,0.00884393242864256,0.013988432889202517,0.014980602618457716,0.021944977141497977,-0.000992169729255199,-0.07092786855495747,-0.00795654425229546,-0.5687945401258643
26,2000,5,1.0,1.0,1.0,1.0,3,False,10,0.6,0.16,0.518,0.00884393242864256,2B_clustering,,0.020694400126625982,0.07663989036943887,0.07663989036943888,0.2085052574016556,0.021799586339533782,0.04737972865280165,0.09256152413133034,0.9823943175683612,0.017605682431638847,1.0,0.17519276414792606,0.4833408074372456,0.04843115005013676,0.04965157687083188,0.022832365317845077,0.02055614794346198,0.007534159555346702,5.5171581163356904e-05,0.028636004419641745,0.00884393242864256,0.013988432889202517,0.01171221551481942,0.0013097728732958573,0.002276217374383098,0.1627213993456036,0.01267866001590666,0.9063674334594797,0.022832365317845077,0.023824535047100276,0.03078890957014054,0.0013576237605588829,0.21831722905956685,0.00884393242864256,0.013988432889202517,0.014980602618457716,0.021944977141497977,-0.000992169729255199,-0.07092786855495747,-0.00795654425229546,-0.5687945401258643
26,2000,5,1.0,1.0,1.0,1.0,3,False,10,0.6,0.16,0.518,0.00884393242864256,baseline_random,,0.001252413511325199,0.019585534918208157,0.019585534918208157,0.005169904735616903,0.003174777191268366,0.009161756278597721,0.005835479401827663,0.9959059858824886,0.004094014117511424,1.0,0.003970423405916246,0.0016562571917138058,0.0020206024324713745,0.0012629609628981298,0.022832365317845077,0.019929031670530856,0.02003331929569525,0.0,0.0,0.00884393242864256,0.013988432889202517,0.011085099241888297,0.011189386867052691,0.0029033336473142206,0.20755245925762456,0.0027990460221498266,0.20009718346008387,0.022832365317845077,0.023824535047100276,0.03078890957014054,0.0013576237605588829,0.21831722905956685,0.00884393242864256,0.013988432889202517,0.014980602618457716,0.021944977141497977,-0.000992169729255199,-0.07092786855495747,-0.00795654425229546,-0.5687945401258643
26,2000,5,1.0,1.0,1.0,1.0,3,False,10,0.6,0.16,0.518,0.00884393242864256,baseline_oracle_kmeans,,0.38472354970461364,0.6426706965058766,0.6426706965058765,0.3353704458326076,1.0000000000000002,0.6534880842364229,0.6629528433563436,0.0,1.0,1.0,0.24280464443811045,0.12688694328952244,0.013549221577630055,0.019371826790741786,0.022832365317845077,0.01115145463760002,0.007457722893405722,0.0,0.0,0.00884393242864256,0.013988432889202517,0.00230752220895746,0.0013862095352368377,0.011680910680245057,0.8350406920321571,0.012602223353965679,0.9009031571859036,0.022832365317845077,0.023824535047100276,0.03078890957014054,0.0013576237605588829,0.21831722905956685,0.00884393242864256,0.013988432889202517,0.014980602618457716,0.021944977141497977,-0.000992169729255199,-0.07092786855495747,-0.00795654425229546,-0.5687945401258643
26,2000,5,1.0,1.0,1.0,1.0,3,False,10,0.6,0.16,0.518,0.00884393242864256,baseline_oracle_quantile,,0.08956683171294214,0.2942183796564718,0.29421837965647185,0.9005891242710485,0.0030892878605788777,0.001236094368425704,0.30163816883335104,0.9959675875958491,0.004032412404150865,1.0,0.4238229002899585,0.30852511342816513,0.06671203205688647,0.043715952185003015,0.022832365317845077,0.0025573106242369097,-0.0014853843958596178,8.357803610248326e-05,0.07180902669249142,0.00884393242864256,0.013988432889202517,0.00628662180440565,0.010329316824502176,0.007701811084796868,0.5505842681449894,0.003659116064700341,0.2615815576829027,0.022832365317845077,0.023824535047100276,0.03078890957014054,0.0013576237605588829,0.21831722905956685,0.00884393242864256,0.013988432889202517,0.014980602618457716,0.021944977141497977,-0.000992169729255199,-0.07092786855495747,-0.00795654425229546,-0.5687945401258643
27,2000,5,1.0,1.0,1.0,1.0,3,False,10,0.6,0.137,0.5025,0.009076741427207224,1A_predicted_prob,,0.03434119614356437,0.11661840621346463,0.11661840621346464,0.31557500153852586,0.0063644129852090375,0.09323637904284224,0.13839193118885904,0.9953497590933811,0.004650240906618919,1.0,0.36502251239544836,0.8795234105647529,0.13962367128437603,0.07058444730328006,0.022548090192360787,0.017967077674106727,0.0006678319050886306,0.0,0.0,0.009076741427207224,0.013471348765153563,0.008890336246899503,0.008408909522118594,0.00458101251825406,0.34005596604430577,0.005062439243034969,0.37579305022003573,0.022548090192360787,0.021463341766613752,0.021009984993183538,0.0,0.0,0.009076741427207224,0.013471348765153563,0.012386600339406528,0.011933243565976314,0.0010847484257470348,0.08052262951969302,0.001538105199177249,0.1141760358217343
27,2000,5,1.0,1.0,1.0,1.0,3,False,10,0.6,0.137,0.5025,0.009076741427207224,1B_residual,,0.038752893198916345,0.127912550135722,0.127912550135722,0.33843672749657006,0.00486858984697137,0.101266920065867,0.14819074580313615,0.9964380657129454,0.0035619342870546467,1.0,0.40090004170250704,0.7623037669298327,0.1002586444614344,0.05283959638826419,0.022548090192360787,0.0016298839804678837,-0.0009489912857335234,0.0,0.0,0.009076741427207224,0.013471348765153563,0.00744685744673934,0.010025732712940747,0.006024491318414223,0.4472077312702214,0.003445616052212816,0.255773650603243,0.022548090192360787,0.021463341766613752,0.021009984993183538,0.0,0.0,0.009076741427207224,0.013471348765153563,0.012386600339406528,0.011933243565976314,0.0010847484257470348,0.08052262951969302,0.001538105199177249,0.1141760358217343
27,2000,5,1.0,1.0,1.0,1.0,3,False,10,0.6,0.137,0.5025,0.009076741427207224,1C_cv_decision,,0.03434119614356437,0.11661840621346463,0.11661840621346464,0.31557500153852586,0.0063644129852090375,0.09323637904284224,0.13839193118885904,0.9953497590933811,0.004650240906618919,1.0,0.36502251239544836,0.8795234105647529,0.13962367128437603,0.07058444730328006,0.022548090192360787,0.017967077674106727,0.0006678319050886306,0.0,0.0,0.009076741427207224,0.013471348765153563,0.008890336246899503,0.008408909522118594,0.00458101251825406,0.34005596604430577,0.005062439243034969,0.37579305022003573,0.022548090192360787,0.021463341766613752,0.021009984993183538,0.0,0.0,0.009076741427207224,0.013471348765153563,0.012386600339406528,0.011933243565976314,0.0010847484257470348,0.08052262951969302,0.001538105199177249,0.1141760358217343
27,2000,5,1.0,1.0,1.0,1.0,3,False,10,0.6,0.137,0.5025,0.009076741427207224,PS_propensity_score,,0.01136780018777157,0.05798536279630952,0.05798536279630952,0.1732254973986333,0.005522918106897609,0.009635287693869019,0.06279456773313331,0.9959623523546335,0.0040376476453665155,0.8630557514634895,0.14925330918066726,0.3553115639635106,0.11463169299088671,0.04655484470297577,0.022548090192360787,0.01213818271151987,0.004664809501761013,0.00045054400999631437,0.20352989091358847,0.009076741427207224,0.013471348765153563,0.003061441284312646,0.004411931925446211,0.010409907480840917,0.7727442635713138,0.009059416839707353,0.672495159737933,0.022548090192360787,0.021463341766613752,0.021009984993183538,0.0,0.0,0.009076741427207224,0.013471348765153563,0.012386600339406528,0.011933243565976314,0.0010847484257470348,0.08052262951969302,0.001538105199177249,0.1141760358217343
27,2000,5,1.0,1.0,1.0,1.0,3,False,10,0.6,0.137,0.5025,0.009076741427207224,GMM,,0.011983331007799579,0.04433671426750835,0.04433671426750834,0.02214382306173143,0.013818974568238242,0.0821359185721775,0.03936623873404906,0.9899429147773726,0.010057085222627382,1.0,0.07212436607020323,0.11928482708825672,0.02149714457248253,0.00578784644445085,0.022548090192360787,0.01860135836301694,0.011262019681593903,0.0,0.0,0.009076741427207224,0.013471348765153563,0.009524616935809718,0.002185278254386679,0.0039467318293438455,0.2929722849691848,0.011286070510766884,0.8377832619077197,0.022548090192360787,0.021463341766613752,0.021009984993183538,0.0,0.0,0.009076741427207224,0.013471348765153563,0.012386600339406528,0.011933243565976314,0.0010847484257470348,0.08052262951969302,0.001538105199177249,0.1141760358217343
27,2000,5,1.0,1.0,1.0,1.0,3,False,10,0.6,0.137,0.5025,0.009076741427207224,Prognostic_score,,0.022414330573359793,0.09229982406115847,0.09229982406115846,0.27024182480843784,0.010042669061143877,0.05510632012607321,0.11179693799855163,0.9926922701175391,0.007307729882460867,0.3454091797680817,0.2740387298301593,0.6444737153042286,0.12770427483192814,0.0599110278396735,0.022548090192360787,0.01807038965226065,0.01586520890808743,0.0026888881115400944,0.6657534805922711,0.009076741427207224,0.013471348765153563,0.008993648225053427,0.006788467480880207,0.004477700540100136,0.332386950865873,0.0066828812842733565,0.49608108295436715,0.022548090192360787,0.021463341766613752,0.021009984993183538,0.0,0.0,0.009076741427207224,0.013471348765153563,0.012386600339406528,0.011933243565976314,0.0010847484257470348,0.08052262951969302,0.001538105199177249,0.1141760358217343
27,2000,5,1.0,1.0,1.0,1.0,3,False,10,0.6,0.137,0.5025,0.009076741427207224,2A_PCA_cum60,,0.01052278028327426,0.04753210846658522,0.04753210846658522,0.10051970940927589,0.008596780114878057,0.05183583894567668,0.05365077615661021,0.9937381452993624,0.006261854700637559,1.0,0.11754911543142188,0.2874700140700629,0.007139182163285462,0.003763072860926475,0.022548090192360787,0.02462572941407919,0.02551704227151221,0.0,0.0,0.009076741427207224,0.013471348765153563,0.015548987986871966,0.016440300844304985,-0.0020776392217184032,-0.1542265186610452,-0.002968952079151422,-0.22039011318831214,0.022548090192360787,0.021463341766613752,0.021009984993183538,0.0,0.0,0.009076741427207224,0.013471348765153563,0.012386600339406528,0.011933243565976314,0.0010847484257470348,0.08052262951969302,0.001538105199177249,0.1141760358217343
27,2000,5,1.0,1.0,1.0,1.0,3,False,10,0.6,0.137,0.5025,0.009076741427207224,2B_clustering,,0.02229586618215231,0.07980919560551865,0.07980919560551865,0.22310081606535032,0.03318772284856622,0.04946437961943098,0.10191763951111583,0.975608207174067,0.024391792825932956,0.8131432154535986,0.24175731996188077,0.6095201577474503,0.12360421593162252,0.053167257020702685,0.022548090192360787,0.01594431601485373,6.516019023554573e-05,0.000762160322410682,0.2982001941714788,0.009076741427207224,0.013471348765153563,0.006867574587646506,0.009011581236971678,0.006603774177507057,0.4902088345147064,0.004459767528181885,0.3310557543961744,0.022548090192360787,0.021463341766613752,0.021009984993183538,0.0,0.0,0.009076741427207224,0.013471348765153563,0.012386600339406528,0.011933243565976314,0.0010847484257470348,0.08052262951969302,0.001538105199177249,0.1141760358217343
27,2000,5,1.0,1.0,1.0,1.0,3,False,10,0.6,0.137,0.5025,0.009076741427207224,baseline_random,,-0.0004147208575047583,0.015445690410100002,0.015445690410100004,0.0008122376704986963,0.004091568425661525,0.0049045253137280295,0.003269443803296084,0.9969977979395195,0.003002202060480519,1.0,0.0026434110973370117,0.002806804129123819,0.0021163195573244975,0.0011137568832320088,0.022548090192360787,0.01844726689481764,0.012731552386323647,0.0,0.0,0.009076741427207224,0.013471348765153563,0.009370525467610417,0.003654810959116423,0.004100823297543146,0.3044107437965511,0.00981653780603714,0.7286974732203245,0.022548090192360787,0.021463341766613752,0.021009984993183538,0.0,0.0,0.009076741427207224,0.013471348765153563,0.012386600339406528,0.011933243565976314,0.0010847484257470348,0.08052262951969302,0.001538105199177249,0.1141760358217343
27,2000,5,1.0,1.0,1.0,1.0,3,False,10,0.6,0.137,0.5025,0.009076741427207224,baseline_oracle_kmeans,,0.36624933920561936,0.62873302978156,0.62873302978156,0.32695126180295303,0.9843626355723128,0.6435907786077674,0.6516348919943443,0.027542427071403468,0.9724575729285966,0.4751346886111394,0.32411523615482496,0.13237837550460052,0.029023493915665277,0.02436317311784575,0.022548090192360787,0.030567101042970182,0.01928212508869628,0.0031097065769836786,0.6191788223350683,0.009076741427207224,0.013471348765153563,0.02149035961576296,0.010205383661489056,-0.008019010850609395,-0.5952641409858106,0.0032659651036645067,0.24243787022370045,0.022548090192360787,0.021463341766613752,0.021009984993183538,0.0,0.0,0.009076741427207224,0.013471348765153563,0.012386600339406528,0.011933243565976314,0.0010847484257470348,0.08052262951969302,0.001538105199177249,0.1141760358217343
27,2000,5,1.0,1.0,1.0,1.0,3,False,10,0.6,0.137,0.5025,0.009076741427207224,baseline_oracle_quantile,,0.09619779416484801,0.3120262137396453,0.31202621373964523,0.9017757325827988,0.007535411218942398,0.0028098632600089286,0.30404033568725003,0.9945058159665505,0.0054941840334494785,1.0,0.49193463893385114,0.32875793955230737,0.032719068632238724,0.008035009971176343,0.022548090192360787,0.015638275602811953,-0.001701766113530649,0.0,0.0,0.009076741427207224,0.013471348765153563,0.0065615341756047295,0.010778507540737873,0.006909814589548834,0.5129267091222893,0.0026928412244156905,0.19989395801118914,0.022548090192360787,0.021463341766613752,0.021009984993183538,0.0,0.0,0.009076741427207224,0.013471348765153563,0.012386600339406528,0.011933243565976314,0.0010847484257470348,0.08052262951969302,0.001538105199177249,0.1141760358217343
28,2000,5,1.0,1.0,1.0,1.0,3,False,10,0.6,0.1665,0.4965,0.009060668999093838,1A_predicted_prob,,0.02325392782838843,0.08754309768757192,0.0875430976875719,0.29235911332102155,0.001151066370981083,0.07889465719936323,0.12413494563045528,0.9991664674214118,0.0008335325785882031,1.0,0.32831499885004867,0.8407433776657963,0.05285523294051975,0.0485624876116344,0.024642464246424634,0.022514204643222333,0.023812045859998056,0.0,0.0,0.009060668999093838,0.015581795247330795,0.013453535644128494,0.014751376860904218,0.002128259603202301,0.13658628992489663,0.0008304183864265777,0.05329414058170423,0.024642464246424634,0.010040341382771382,0.016171882894186883,0.0010695930020875332,0.16383148659286403,0.009060668999093838,0.015581795247330795,0.0009796723836775437,0.007111213895093045,0.014602122863653252,0.9371271173746578,0.00847058135223775,0.5436203735053433
28,2000,5,1.0,1.0,1.0,1.0,3,False,10,0.6,0.1665,0.4965,0.009060668999093838,1B_residual,,0.0294691861216225,0.10231309023418252,0.10231309023418252,0.297880842306273,0.0036903306485411287,0.09892953304314213,0.13350023533265207,0.9973314884493993,0.0026685115506006607,1.0,0.3435112826947794,0.6987934707317793,0.02385272295016383,0.023789930980196106,0.024642464246424634,-0.01342857142857143,-0.001298648998714492,0.0,0.0,0.009060668999093838,0.015581795247330795,0.02248924042766527,0.01035931799780833,-0.006907445180334473,-0.4433022684929542,0.005222477249522465,0.3351653109687146,0.024642464246424634,0.010040341382771382,0.016171882894186883,0.0010695930020875332,0.16383148659286403,0.009060668999093838,0.015581795247330795,0.0009796723836775437,0.007111213895093045,0.014602122863653252,0.9371271173746578,0.00847058135223775,0.5436203735053433
28,2000,5,1.0,1.0,1.0,1.0,3,False,10,0.6,0.1665,0.4965,0.009060668999093838,1C_cv_decision,,0.02325392782838843,0.08754309768757192,0.0875430976875719,0.29235911332102155,0.001151066370981083,0.07889465719936323,0.12413494563045528,0.9991664674214118,0.0008335325785882031,1.0,0.32831499885004867,0.8407433776657963,0.05285523294051975,0.0485624876116344,0.024642464246424634,0.022514204643222333,0.023812045859998056,0.0,0.0,0.009060668999093838,0.015581795247330795,0.013453535644128494,0.014751376860904218,0.002128259603202301,0.13658628992489663,0.0008304183864265777,0.05329414058170423,0.024642464246424634,0.010040341382771382,0.016171882894186883,0.0010695930020875332,0.16383148659286403,0.009060668999093838,0.015581795247330795,0.0009796723836775437,0.007111213895093045,0.014602122863653252,0.9371271173746578,0.00847058135223775,0.5436203735053433
28,2000,5,1.0,1.0,1.0,1.0,3,False,10,0.6,0.1665,0.4965,0.009060668999093838,PS_propensity_score,,0.011384344260989178,0.06391933291664119,0.06391933291664119,0.23574010197485584,0.001227326467586683,0.00949470285840699,0.08215404376694983,0.9991115048870266,0.0008884951129733976,1.0,0.13950783169396175,0.35656318800270514,0.07329455093250248,0.046402393465579506,0.024642464246424634,0.012465902123981817,0.003625141948301458,0.0,0.0,0.009060668999093838,0.015581795247330795,0.003405233124887979,0.00543552705079238,0.012176562122442816,0.7814607963436495,0.010146268196538416,0.6511616944957931,0.024642464246424634,0.010040341382771382,0.016171882894186883,0.0010695930020875332,0.16383148659286403,0.009060668999093838,0.015581795247330795,0.0009796723836775437,0.007111213895093045,0.014602122863653252,0.9371271173746578,0.00847058135223775,0.5436203735053433
28,2000,5,1.0,1.0,1.0,1.0,3,False,10,0.6,0.1665,0.4965,0.009060668999093838,GMM,,0.009913633179755703,0.038212474629848454,0.038212474629848454,0.04605776112772052,0.009087831006381565,0.05167748855101166,0.03560769356170458,0.9934210277756814,0.00657897222431858,0.34953809376949085,0.09547392954850598,0.09007395461094359,0.1285534161494285,0.12844706062115796,0.024642464246424634,0.026773260877076006,0.02945545664895051,0.004047742673954179,0.6027043337327805,0.009060668999093838,0.015581795247330795,0.017712591877982166,0.020394787649856673,-0.0021307966306513704,-0.1367491098958178,-0.0048129924025258775,-0.3088856146630701,0.024642464246424634,0.010040341382771382,0.016171882894186883,0.0010695930020875332,0.16383148659286403,0.009060668999093838,0.015581795247330795,0.0009796723836775437,0.007111213895093045,0.014602122863653252,0.9371271173746578,0.00847058135223775,0.5436203735053433
28,2000,5,1.0,1.0,1.0,1.0,3,False,10,0.6,0.1665,0.4965,0.009060668999093838,Prognostic_score,,0.021872333137543738,0.0811200994336435,0.0811200994336435,0.21343004813734787,0.003048357003524346,0.09747754492905476,0.10465198335664233,0.9977964097692255,0.0022035902307745436,0.37936585484639274,0.3012741082917437,0.7216586232802555,0.13996936219228584,0.10669449584924973,0.024642464246424634,0.025393019151234156,0.0324962731966891,0.0026704073928441575,0.5681250832128405,0.009060668999093838,0.015581795247330795,0.016332350152140317,0.023435604197595265,-0.0007505549048095212,-0.048168705396003375,-0.00785380895026447,-0.5040374889799588,0.024642464246424634,0.010040341382771382,0.016171882894186883,0.0010695930020875332,0.16383148659286403,0.009060668999093838,0.015581795247330795,0.0009796723836775437,0.007111213895093045,0.014602122863653252,0.9371271173746578,0.00847058135223775,0.5436203735053433
28,2000,5,1.0,1.0,1.0,1.0,3,False,10,0.6,0.1665,0.4965,0.009060668999093838,2A_PCA_cum60,,0.012922573894202689,0.050451959368000614,0.05045195936800062,0.12609631538149033,0.00879844840567083,0.0391545590619773,0.05801644094971281,0.9936272973889165,0.0063727026110834695,1.0,0.13796185695515972,0.4581053014117087,0.017707793438486497,0.013984596158884033,0.024642464246424634,0.02713678999443461,0.03083817550242885,0.0,0.0,0.009060668999093838,0.015581795247330795,0.01807612099534077,0.021777506503335015,-0.0024943257480099738,-0.16007948432240227,-0.006195711256004219,-0.39762499491613856,0.024642464246424634,0.010040341382771382,0.016171882894186883,0.0010695930020875332,0.16383148659286403,0.009060668999093838,0.015581795247330795,0.0009796723836775437,0.007111213895093045,0.014602122863653252,0.9371271173746578,0.00847058135223775,0.5436203735053433
28,2000,5,1.0,1.0,1.0,1.0,3,False,10,0.6,0.1665,0.4965,0.009060668999093838,2B_clustering,,0.029032902625421242,0.0853342105138782,0.0853342105138782,0.2147198994572946,0.02552294019001263,0.09499114166101609,0.11174466043610777,0.9813425533773853,0.018657446622614704,0.428923052535229,0.1927698258542765,0.5103591590233709,0.20290470465668276,0.14922739341024083,0.024642464246424634,0.027405224568383534,0.031003537874813834,0.0029444948232791998,0.5706037694789337,0.009060668999093838,0.015581795247330795,0.018344555569289697,0.021942868875719994,-0.0027627603219589018,-0.17730693274461884,-0.006361073628389198,-0.408237531517998,0.024642464246424634,0.010040341382771382,0.016171882894186883,0.0010695930020875332,0.16383148659286403,0.009060668999093838,0.015581795247330795,0.0009796723836775437,0.007111213895093045,0.014602122863653252,0.9371271173746578,0.00847058135223775,0.5436203735053433
28,2000,5,1.0,1.0,1.0,1.0,3,False,10,0.6,0.1665,0.4965,0.009060668999093838,baseline_random,,0.001116014464559608,0.0183020369653031,0.0183020369653031,0.010571526868677097,0.0013214384632011184,0.004001572710848142,0.005298179347575452,0.9990435749334249,0.0009564250665751173,1.0,0.011976982212765108,0.003948812437375215,0.002747509179515495,0.0061600753735659985,0.024642464246424634,0.02377712075461837,0.0233215452446585,0.0,0.0,0.009060668999093838,0.015581795247330795,0.014716451755524532,0.014260876245564663,0.0008653434918062634,0.055535545042828094,0.0013209190017661326,0.08477322290526246,0.024642464246424634,0.010040341382771382,0.016171882894186883,0.0010695930020875332,0.16383148659286403,0.009060668999093838,0.015581795247330795,0.0009796723836775437,0.007111213895093045,0.014602122863653252,0.9371271173746578,0.00847058135223775,0.5436203735053433
28,2000,5,1.0,1.0,1.0,1.0,3,False,10,0.6,0.1665,0.4965,0.009060668999093838,baseline_oracle_kmeans,,0.41775712035371393,0.6692034320884727,0.6692034320884727,0.27307684272012417,0.9882352470586355,0.7180223954942927,0.6597781617576842,0.021302648855430126,0.9786973511445699,0.6937231237172881,0.38296518765316245,0.1578743977020216,0.07682705436956161,0.044307699635906195,0.024642464246424634,0.029444057729229887,0.04297259945299149,0.0,0.0,0.009060668999093838,0.015581795247330795,0.02038338873013605,0.033911930453897655,-0.004801593482805256,-0.3081540609788067,-0.018330135206566858,-1.1763814705309303,0.024642464246424634,0.010040341382771382,0.016171882894186883,0.0010695930020875332,0.16383148659286403,0.009060668999093838,0.015581795247330795,0.0009796723836775437,0.007111213895093045,0.014602122863653252,0.9371271173746578,0.00847058135223775,0.5436203735053433
28,2000,5,1.0,1.0,1.0,1.0,3,False,10,0.6,0.1665,0.4965,0.009060668999093838,baseline_oracle_quantile,,0.08905781665132362,0.2945858743003737,0.2945858743003737,0.9024798376623601,0.006231314586709454,0.0034192577488793095,0.30404346999931625,0.9954947125847242,0.004505287415275783,0.5114102443383435,0.4020952302508465,0.2858145720412639,0.004470684780210621,0.006373245066186195,0.024642464246424634,0.0030450605360952156,0.002328629996778068,0.002539604612926155,0.5650144571124942,0.009060668999093838,0.015581795247330795,0.0060156084629986225,0.0067320390023157695,0.009566186784332173,0.6139335444014955,0.008849756245015026,0.5679548540166457,0.024642464246424634,0.010040341382771382,0.016171882894186883,0.0010695930020875332,0.16383148659286403,0.009060668999093838,0.015581795247330795,0.0009796723836775437,0.007111213895093045,0.014602122863653252,0.9371271173746578,0.00847058135223775,0.5436203735053433
29,2000,5,1.0,1.0,1.0,1.0,3,False,10,0.6,0.138,0.51,0.008470865072115889,1A_predicted_prob,,0.031418571313230365,0.11203338897601767,0.11203338897601765,0.2700900400119353,0.032214364135841736,0.09894340410764997,0.13374926941847567,0.9736530841337699,0.02634691586623006,1.0,0.3076319897594376,0.8113267121898702,0.07724208504950403,0.08734892466854993,0.04479451342234883,0.033508222719128594,0.017540295487734264,0.0,0.0,0.008470865072115889,0.03632364835023294,0.025037357647012703,0.009069430415618375,0.011286290703220236,0.3107146780631098,0.027254217934614564,0.7503160935770866,0.04479451342234883,0.03973728649943025,0.04416725585798921,0.003333042844898012,0.4095523895080739,0.008470865072115889,0.03632364835023294,0.03126642142731436,0.03569639078587332,0.00505722692291858,0.1392268440151373,0.0006272575643596207,0.01726857275765903
29,2000,5,1.0,1.0,1.0,1.0,3,False,10,0.6,0.138,0.51,0.008470865072115889,1B_residual,,0.0335588867011673,0.11486967121586936,0.11486967121586934,0.29269883531813984,0.027564105924432862,0.09896256077030877,0.13974183400429382,0.9770578617683426,0.02294213823165736,1.0,0.3368966901610354,0.7094408309396503,0.06300255174981062,0.0730858915113678,0.04479451342234883,0.02036451070892132,-0.000322036933205525,0.0,0.0,0.008470865072115889,0.03632364835023294,0.011893645636805431,0.008792902005321413,0.02443000271342751,0.6725646740622859,0.027530746344911525,0.7579289965440648,0.04479451342234883,0.03973728649943025,0.04416725585798921,0.003333042844898012,0.4095523895080739,0.008470865072115889,0.03632364835023294,0.03126642142731436,0.03569639078587332,0.00505722692291858,0.1392268440151373,0.0006272575643596207,0.01726857275765903
29,2000,5,1.0,1.0,1.0,1.0,3,False,10,0.6,0.138,0.51,0.008470865072115889,1C_cv_decision,,0.031418571313230365,0.11203338897601767,0.11203338897601765,0.2700900400119353,0.032214364135841736,0.09894340410764997,0.13374926941847567,0.9736530841337699,0.02634691586623006,1.0,0.3076319897594376,0.8113267121898702,0.07724208504950403,0.08734892466854993,0.04479451342234883,0.033508222719128594,0.017540295487734264,0.0,0.0,0.008470865072115889,0.03632364835023294,0.025037357647012703,0.009069430415618375,0.011286290703220236,0.3107146780631098,0.027254217934614564,0.7503160935770866,0.04479451342234883,0.03973728649943025,0.04416725585798921,0.003333042844898012,0.4095523895080739,0.008470865072115889,0.03632364835023294,0.03126642142731436,0.03569639078587332,0.00505722692291858,0.1392268440151373,0.0006272575643596207,0.01726857275765903
29,2000,5,1.0,1.0,1.0,1.0,3,False,10,0.6,0.138,0.51,0.008470865072115889,PS_propensity_score,,0.004275276643436888,0.038016854611282944,0.038016854611282944,0.11569788567867323,0.0016435165921029932,0.011104473038747786,0.042815291769841335,0.9960372619193714,0.003962738080628636,0.6077031196525642,0.10464965595302533,0.23980281888995214,0.17785202859191496,0.1729552321483847,0.04479451342234883,0.032172657180637304,0.02677232083999829,0.002348625491849512,0.5197087047211443,0.008470865072115889,0.03632364835023294,0.023701792108521413,0.018301455767882398,0.012621856241711527,0.34748316358564746,0.018022192582350542,0.4961559039604282,0.04479451342234883,0.03973728649943025,0.04416725585798921,0.003333042844898012,0.4095523895080739,0.008470865072115889,0.03632364835023294,0.03126642142731436,0.03569639078587332,0.00505722692291858,0.1392268440151373,0.0006272575643596207,0.01726857275765903
29,2000,5,1.0,1.0,1.0,1.0,3,False,10,0.6,0.138,0.51,0.008470865072115889,GMM,,0.002901760982757215,0.03489005676044754,0.034890056760447534,0.08039149384420254,0.0007857866226627951,0.02494262419291875,0.035373301553261356,0.9966582872527717,0.003341712747228276,0.7959183211897058,0.07117907366197651,0.18248732281561908,0.16056673592421022,0.15526082075072412,0.04479451342234883,0.03606274377165687,0.025444402209279657,0.0016996443470340486,0.4485910330948744,0.008470865072115889,0.03632364835023294,0.02759187869954098,0.01697353713716377,0.008731769650691959,0.24038801296885592,0.01935011121306917,0.5327138680149974,0.04479451342234883,0.03973728649943025,0.04416725585798921,0.003333042844898012,0.4095523895080739,0.008470865072115889,0.03632364835023294,0.03126642142731436,0.03569639078587332,0.00505722692291858,0.1392268440151373,0.0006272575643596207,0.01726857275765903
29,2000,5,1.0,1.0,1.0,1.0,3,False,10,0.6,0.138,0.51,0.008470865072115889,Prognostic_score,,0.027912827160427055,0.10446990050041056,0.10446990050041058,0.23924008705551128,0.039705278206665674,0.08800297655638178,0.12231611393951958,0.9682353827119659,0.03176461728803415,1.0,0.26073562741996825,0.7094701609333904,0.033062061392766684,0.04298100916086578,0.04479451342234883,0.040753551076101326,0.03022545381368856,0.0,0.0,0.008470865072115889,0.03632364835023294,0.032282686003985435,0.02175458874157267,0.004040962346247505,0.11124880153239314,0.01456905960866027,0.4010902062531073,0.04479451342234883,0.03973728649943025,0.04416725585798921,0.003333042844898012,0.4095523895080739,0.008470865072115889,0.03632364835023294,0.03126642142731436,0.03569639078587332,0.00505722692291858,0.1392268440151373,0.0006272575643596207,0.01726857275765903
29,2000,5,1.0,1.0,1.0,1.0,3,False,10,0.6,0.138,0.51,0.008470865072115889,2A_PCA_cum60,,0.02183778767820981,0.06933217418741701,0.06933217418741701,0.10925813821824362,0.04025787277033583,0.06793260859698373,0.07248287319518772,0.9678382555477989,0.0321617444522011,1.0,0.1306208497501712,0.3857873226936779,0.01854431758966657,0.025400360915131315,0.04479451342234883,0.04018001110159383,0.02632856482265057,0.0,0.0,0.008470865072115889,0.03632364835023294,0.03170914602947794,0.01785769975053468,0.0046145023207549984,0.12703851431062008,0.01846594859969826,0.5083726288078063,0.04479451342234883,0.03973728649943025,0.04416725585798921,0.003333042844898012,0.4095523895080739,0.008470865072115889,0.03632364835023294,0.03126642142731436,0.03569639078587332,0.00505722692291858,0.1392268440151373,0.0006272575643596207,0.01726857275765903
29,2000,5,1.0,1.0,1.0,1.0,3,False,10,0.6,0.138,0.51,0.008470865072115889,2B_clustering,,0.02268621644456152,0.09550062957655558,0.09550062957655558,0.24933266190478254,0.03745568831896867,0.06634911850325269,0.11771248957566798,0.970035188320402,0.02996481167959797,1.0,0.1799198560842179,0.514228797904259,0.17565760222333016,0.19003792560456745,0.04479451342234883,0.028449977505844208,0.020527342017021735,0.0,0.0,0.008470865072115889,0.03632364835023294,0.019979112433728317,0.012056476944905846,0.016344535916504623,0.4499695558912602,0.024267171405327095,0.6680818834975719,0.04479451342234883,0.03973728649943025,0.04416725585798921,0.003333042844898012,0.4095523895080739,0.008470865072115889,0.03632364835023294,0.03126642142731436,0.03569639078587332,0.00505722692291858,0.1392268440151373,0.0006272575643596207,0.01726857275765903
29,2000,5,1.0,1.0,1.0,1.0,3,False,10,0.6,0.138,0.51,0.008470865072115889,baseline_random,,-0.0010329533626873971,0.014810411602574418,0.01481041160257442,0.002248004018062477,0.004307388232231694,0.004084095516235325,0.0035464959221764986,0.9941116589698722,0.005888341030127808,1.0,0.0004957128045580683,0.0024416178224576646,0.003089282310028141,0.001520553230383137,0.04479451342234883,0.043575822458220566,0.04109432847622244,0.00021707115903062376,0.08075090545420581,0.008470865072115889,0.03632364835023294,0.035104957386104675,0.03262346340410655,0.0012186909641282648,0.033550896440182276,0.0037001849461263878,0.10186710625676065,0.04479451342234883,0.03973728649943025,0.04416725585798921,0.003333042844898012,0.4095523895080739,0.008470865072115889,0.03632364835023294,0.03126642142731436,0.03569639078587332,0.00505722692291858,0.1392268440151373,0.0006272575643596207,0.01726857275765903
29,2000,5,1.0,1.0,1.0,1.0,3,False,10,0.6,0.138,0.51,0.008470865072115889,baseline_oracle_kmeans,,0.37283283511654836,0.6372405442173193,0.6372405442173195,0.3093684205067923,1.0,0.6674466927887966,0.6589383710985297,0.0,1.0,1.0,0.4829369393932669,0.22633681339986644,0.039397245872871745,0.03563299108578266,0.04479451342234883,0.03204065528180686,0.011834699061602578,0.0,0.0,0.008470865072115889,0.03632364835023294,0.023569790209690966,0.003363833989486689,0.012753858140541974,0.3511172120589089,0.03295981436074625,0.907392727815979,0.04479451342234883,0.03973728649943025,0.04416725585798921,0.003333042844898012,0.4095523895080739,0.008470865072115889,0.03632364835023294,0.03126642142731436,0.03569639078587332,0.00505722692291858,0.1392268440151373,0.0006272575643596207,0.01726857275765903
29,2000,5,1.0,1.0,1.0,1.0,3,False,10,0.6,0.138,0.51,0.008470865072115889,baseline_oracle_quantile,,0.10204394956757538,0.32575623583917174,0.3257562358391718,0.8978553162702858,0.0023256340339993073,0.0024675962658236143,0.3008828488567029,0.9955487928699968,0.004451207130003243,0.786364384655562,0.46108961881372035,0.3251757380737843,0.04823135622572239,0.040589756071430116,0.04479451342234883,0.018574829376107993,0.0030196332225456684,0.0006038290603044195,0.33282556048331086,0.008470865072115889,0.03632364835023294,0.010103964303992104,0.0054512318495702206,0.026219684046240838,0.7218350919332335,0.03087241650066272,0.8499260923074303,0.04479451342234883,0.03973728649943025,0.04416725585798921,0.003333042844898012,0.4095523895080739,0.008470865072115889,0.03632364835023294,0.03126642142731436,0.03569639078587332,0.00505722692291858,0.1392268440151373,0.0006272575643596207,0.01726857275765903
30,2000,5,1.0,1.0,1.0,1.0,3,False,10,0.6,0.1465,0.4755,0.009277849893105363,1A_predicted_prob,,0.03195667725193767,0.10903742371999638,0.10903742371999638,0.2860461805476171,0.019660179147378127,0.1113462761805925,0.13901754529186258,0.9846913635149914,0.015308636485008575,1.0,0.376412534409833,0.6848897951562563,0.007225988260034177,0.011606991468146921,0.037718904355635394,0.028784502359805706,0.022099128171675034,0.0,0.0,0.009277849893105363,0.02844105446253003,0.019506652466700344,0.012821278278569671,0.008934401995829684,0.31413750877628,0.015619776183960358,0.549198209389135,0.037718904355635394,0.032077086424616166,0.03231958244985954,0.0,0.0,0.009277849893105363,0.02844105446253003,0.0227992365315108,0.023041732556754173,0.005641817931019227,0.19836880304322402,0.005399321905775856,0.18984253600334156
30,2000,5,1.0,1.0,1.0,1.0,3,False,10,0.6,0.1465,0.4755,0.009277849893105363,1B_residual,,0.03227778669004959,0.11131734257847103,0.11131734257847102,0.2976255951874647,0.01741787010726002,0.10718963925606287,0.14074436818359584,0.9863243824452343,0.013675617554765651,1.0,0.3476831101465425,0.5730703514346618,0.017623222331829225,0.005815913058326294,0.037718904355635394,-0.0012366787803202914,0.0005006625926806033,0.0,0.0,0.009277849893105363,0.02844105446253003,0.010514528673425654,0.00877718730042476,0.017926525789104374,0.63030454137071,0.019663867162105268,0.6913902291496132,0.037718904355635394,0.032077086424616166,0.03231958244985954,0.0,0.0,0.009277849893105363,0.02844105446253003,0.0227992365315108,0.023041732556754173,0.005641817931019227,0.19836880304322402,0.005399321905775856,0.18984253600334156
30,2000,5,1.0,1.0,1.0,1.0,3,False,10,0.6,0.1465,0.4755,0.009277849893105363,1C_cv_decision,,0.03195667725193767,0.10903742371999638,0.10903742371999638,0.2860461805476171,0.019660179147378127,0.1113462761805925,0.13901754529186258,0.9846913635149914,0.015308636485008575,1.0,0.376412534409833,0.6848897951562563,0.007225988260034177,0.011606991468146921,0.037718904355635394,0.028784502359805706,0.022099128171675034,0.0,0.0,0.009277849893105363,0.02844105446253003,0.019506652466700344,0.012821278278569671,0.008934401995829684,0.31413750877628,0.015619776183960358,0.549198209389135,0.037718904355635394,0.032077086424616166,0.03231958244985954,0.0,0.0,0.009277849893105363,0.02844105446253003,0.0227992365315108,0.023041732556754173,0.005641817931019227,0.19836880304322402,0.005399321905775856,0.18984253600334156
30,2000,5,1.0,1.0,1.0,1.0,3,False,10,0.6,0.1465,0.4755,0.009277849893105363,PS_propensity_score,,0.009179428877812538,0.049758990914317285,0.04975899091431729,0.1386667697558414,0.002290437668887773,0.006843317635938819,0.049266841686889336,0.9973066243663102,0.002693375633689765,0.8421005354631537,0.06358882254496256,0.05382016113003418,0.10801795832513661,0.06674283349836518,0.037718904355635394,0.03325834190178467,0.03112625408609871,0.0008436561026841851,0.262478269175918,0.009277849893105363,0.02844105446253003,0.023980492008679306,0.021848404192993345,0.004460562453850722,0.15683534025531076,0.006592650269536683,0.23180048680059462,0.037718904355635394,0.032077086424616166,0.03231958244985954,0.0,0.0,0.009277849893105363,0.02844105446253003,0.0227992365315108,0.023041732556754173,0.005641817931019227,0.19836880304322402,0.005399321905775856,0.18984253600334156
30,2000,5,1.0,1.0,1.0,1.0,3,False,10,0.6,0.1465,0.4755,0.009277849893105363,GMM,,0.004649861803732612,0.030870829846211725,0.030870829846211725,0.06624840111964463,0.020714797024597855,0.024238458281891945,0.03706721880871148,0.9838474792679222,0.016152520732077846,0.6882851213626706,0.05110530202711805,0.08478982955068992,0.019976578555576996,0.07177360864920401,0.037718904355635394,0.03290659555052752,0.027937590506482545,0.001895278478747952,0.438105710213565,0.009277849893105363,0.02844105446253003,0.023628745657422158,0.018659740613377183,0.0048123088051078705,0.16920289687036383,0.009781313849152845,0.34391530250889046,0.037718904355635394,0.032077086424616166,0.03231958244985954,0.0,0.0,0.009277849893105363,0.02844105446253003,0.0227992365315108,0.023041732556754173,0.005641817931019227,0.19836880304322402,0.005399321905775856,0.18984253600334156
30,2000,5,1.0,1.0,1.0,1.0,3,False,10,0.6,0.1465,0.4755,0.009277849893105363,Prognostic_score,,0.02987595889716164,0.10238601702608212,0.1023860170260821,0.2611960679546522,0.02812522056215376,0.09629210463264458,0.12853779771648352,0.9784973784925435,0.02150262150745652,1.0,0.3242241511767333,0.6541241384593651,0.008841497853717128,0.009896479778260026,0.037718904355635394,0.026271382910144466,0.02668333723854966,0.0,0.0,0.009277849893105363,0.02844105446253003,0.016993533017039104,0.017405487345444295,0.011447521445490924,0.40249989537387176,0.011035567117085733,0.3880153997674263,0.037718904355635394,0.032077086424616166,0.03231958244985954,0.0,0.0,0.009277849893105363,0.02844105446253003,0.0227992365315108,0.023041732556754173,0.005641817931019227,0.19836880304322402,0.005399321905775856,0.18984253600334156
30,2000,5,1.0,1.0,1.0,1.0,3,False,10,0.6,0.1465,0.4755,0.009277849893105363,2A_PCA_cum60,,0.016126224763931978,0.06579699973726252,0.06579699973726252,0.1358305365057663,0.015956430483785186,0.05686243461464867,0.06954980053473338,0.9873828759339738,0.01261712406602622,1.0,0.1886496405633621,0.3215515725378426,0.09092664244335602,0.02947915793651812,0.037718904355635394,0.02744424007664495,0.02703141188805462,0.0,0.0,0.009277849893105363,0.02844105446253003,0.018166390183539584,0.017753561994949256,0.010274664278990445,0.36126172088756103,0.010687492467580773,0.3757769418029533,0.037718904355635394,0.032077086424616166,0.03231958244985954,0.0,0.0,0.009277849893105363,0.02844105446253003,0.0227992365315108,0.023041732556754173,0.005641817931019227,0.19836880304322402,0.005399321905775856,0.18984253600334156
30,2000,5,1.0,1.0,1.0,1.0,3,False,10,0.6,0.1465,0.4755,0.009277849893105363,2B_clustering,,0.029219366279204947,0.09700128592355024,0.09700128592355024,0.25229414384501075,0.04867656522734727,0.09236906237000764,0.13111325714745523,0.9634477645135395,0.03655223548646047,1.0,0.24829768880514758,0.5212736333750569,0.21201324663399257,0.12194532710127493,0.037718904355635394,0.026578203995560233,0.018399777519888628,0.0,0.0,0.009277849893105363,0.02844105446253003,0.017300354102454868,0.009121927626783264,0.01114070036007516,0.39171193089034706,0.019319126835746762,0.6792690074553654,0.037718904355635394,0.032077086424616166,0.03231958244985954,0.0,0.0,0.009277849893105363,0.02844105446253003,0.0227992365315108,0.023041732556754173,0.005641817931019227,0.19836880304322402,0.005399321905775856,0.18984253600334156
30,2000,5,1.0,1.0,1.0,1.0,3,False,10,0.6,0.1465,0.4755,0.009277849893105363,baseline_random,,-0.0007453836050853315,0.014589957192629241,0.014589957192629241,0.0029200944362012867,0.005365449580279618,0.001716647130880796,0.0033340637157872337,0.9950797757749199,0.004920224225080094,1.0,0.0014536905379476384,0.001968151802218099,0.0059838201078111775,0.004551577054122458,0.037718904355635394,0.035720570432731094,0.03673831480881204,0.0,0.0,0.009277849893105363,0.02844105446253003,0.02644272053962573,0.027460464915706674,0.0019983339229042996,0.07026230077147899,0.0009805895468233544,0.0344779603061216,0.037718904355635394,0.032077086424616166,0.03231958244985954,0.0,0.0,0.009277849893105363,0.02844105446253003,0.0227992365315108,0.023041732556754173,0.005641817931019227,0.19836880304322402,0.005399321905775856,0.18984253600334156
30,2000,5,1.0,1.0,1.0,1.0,3,False,10,0.6,0.1465,0.4755,0.009277849893105363,baseline_oracle_kmeans,,0.40484626412326374,0.6720657491501228,0.6720657491501231,0.2378163206325629,1.0,0.7263970478432996,0.6547377894919543,0.0,1.0,1.0,0.32284212785692235,0.14187968075077662,0.023802930036052827,0.011260558122558217,0.037718904355635394,0.03632420761932341,0.031174195366361086,0.0,0.0,0.009277849893105363,0.02844105446253003,0.027046357726218044,0.021896345473255724,0.0013946967363119844,0.04903815145635482,0.006544708989274305,0.23011485027380763,0.037718904355635394,0.032077086424616166,0.03231958244985954,0.0,0.0,0.009277849893105363,0.02844105446253003,0.0227992365315108,0.023041732556754173,0.005641817931019227,0.19836880304322402,0.005399321905775856,0.18984253600334156
30,2000,5,1.0,1.0,1.0,1.0,3,False,10,0.6,0.1465,0.4755,0.009277849893105363,baseline_oracle_quantile,,0.08177421830720373,0.28199452402469943,0.2819945240246995,0.904544456562951,0.0030770090249715326,0.0012629518727555824,0.3029614724868927,0.996736585642205,0.0032634143577949803,1.0,0.43020226727474786,0.3182220571967199,0.08183845470483642,0.03582797858380915,0.037718904355635394,0.022025398260476926,0.012405648124803272,0.0,0.0,0.009277849893105363,0.02844105446253003,0.012747548367371563,0.0031277982316979085,0.015693506095158467,0.5517905855366243,0.02531325623083212,0.8900252367288751,0.037718904355635394,0.032077086424616166,0.03231958244985954,0.0,0.0,0.009277849893105363,0.02844105446253003,0.0227992365315108,0.023041732556754173,0.005641817931019227,0.19836880304322402,0.005399321905775856,0.18984253600334156
31,2000,5,1.0,1.0,1.0,1.0,3,False,10,0.6,0.1415,0.505,0.009019644268197251,1A_predicted_prob,,0.029030545316418792,0.11956053597307506,0.11956053597307507,0.366682310702423,0.004964606985652387,0.06721450207594068,0.14628713992133868,0.9953764548193013,0.00462354518069874,0.7194055356239416,0.39796639567902514,0.8144223867135035,0.007515044627045442,0.006635787074529609,-0.01178842438327779,-0.018473115962052124,-0.025018614030030875,0.00014800856070310098,0.08550827823942243,0.009019644268197251,0.02080806865147504,0.027492760230249373,0.034038258298228125,-0.0066846915787743336,-0.32125478297576016,-0.013230189646753085,-0.6358201651653637,-0.01178842438327779,-0.013342473550414735,-0.00834724671381033,0.0037004227782369576,0.43120284701989076,0.009019644268197251,0.02080806865147504,0.022362117818611985,0.017366890982007582,-0.001554049167136945,-0.07468493079134375,0.0034411776694674573,0.16537708170352083
31,2000,5,1.0,1.0,1.0,1.0,3,False,10,0.6,0.1415,0.505,0.009019644268197251,1B_residual,,0.027987733214195225,0.12254110047103857,0.12254110047103856,0.3744157962090788,0.011167644328620389,0.07418073685082445,0.15325472579617452,0.9908644100913865,0.009135589908613517,1.0,0.3796895380356399,0.705471572108084,0.013281174802005302,0.005499696361379813,-0.01178842438327779,-0.015468467964189174,-0.0005957385017168827,0.0,0.0,0.009019644268197251,0.02080806865147504,0.024488112232386425,0.009615382769914135,-0.003680043580911386,-0.17685656667854732,0.011192685881560905,0.5379012376897112,-0.01178842438327779,-0.013342473550414735,-0.00834724671381033,0.0037004227782369576,0.43120284701989076,0.009019644268197251,0.02080806865147504,0.022362117818611985,0.017366890982007582,-0.001554049167136945,-0.07468493079134375,0.0034411776694674573,0.16537708170352083
31,2000,5,1.0,1.0,1.0,1.0,3,False,10,0.6,0.1415,0.505,0.009019644268197251,1C_cv_decision,,0.029030545316418792,0.11956053597307506,0.11956053597307507,0.366682310702423,0.004964606985652387,0.06721450207594068,0.14628713992133868,0.9953764548193013,0.00462354518069874,0.7194055356239416,0.39796639567902514,0.8144223867135035,0.007515044627045442,0.006635787074529609,-0.01178842438327779,-0.018473115962052124,-0.025018614030030875,0.00014800856070310098,0.08550827823942243,0.009019644268197251,0.02080806865147504,0.027492760230249373,0.034038258298228125,-0.0066846915787743336,-0.32125478297576016,-0.013230189646753085,-0.6358201651653637,-0.01178842438327779,-0.013342473550414735,-0.00834724671381033,0.0037004227782369576,0.43120284701989076,0.009019644268197251,0.02080806865147504,0.022362117818611985,0.017366890982007582,-0.001554049167136945,-0.07468493079134375,0.0034411776694674573,0.16537708170352083
31,2000,5,1.0,1.0,1.0,1.0,3,False,10,0.6,0.1415,0.505,0.009019644268197251,PS_propensity_score,,0.009726888680189682,0.03916400846227301,0.03916400846227301,0.019987376486468488,0.0016494166296543873,0.0842599812322273,0.035298924782783396,0.9977679061665076,0.0022320938334924323,0.5783306846152931,0.053404535630752537,0.08597011530164989,0.032844460610940374,0.013721688352631545,-0.01178842438327779,-0.02175595546858528,-0.021376592689095808,0.002574630480968842,0.5235533735993562,0.009019644268197251,0.02080806865147504,0.03077559973678253,0.030396236957293057,-0.009967531085307492,-0.4790224048304894,-0.009588168305818018,-0.4607908819609903,-0.01178842438327779,-0.013342473550414735,-0.00834724671381033,0.0037004227782369576,0.43120284701989076,0.009019644268197251,0.02080806865147504,0.022362117818611985,0.017366890982007582,-0.001554049167136945,-0.07468493079134375,0.0034411776694674573,0.16537708170352083
31,2000,5,1.0,1.0,1.0,1.0,3,False,10,0.6,0.1415,0.505,0.009019644268197251,GMM,,0.00547159418302062,0.03292030174849452,0.032920301748494515,0.038994079310677054,0.018014857435490316,0.033915545893845586,0.03030816088000432,0.9858075786667768,0.014192421333223182,1.0,0.06618332063063759,0.09855085370742067,0.031764813458650454,0.04907098445691349,-0.01178842438327779,-0.011063220235837062,-0.008568590987699855,0.0,0.0,0.009019644268197251,0.02080806865147504,0.020082864504034313,0.017588235255897106,0.0007252041474407264,0.03485206434040278,0.0032198333955779333,0.154739656500974,-0.01178842438327779,-0.013342473550414735,-0.00834724671381033,0.0037004227782369576,0.43120284701989076,0.009019644268197251,0.02080806865147504,0.022362117818611985,0.017366890982007582,-0.001554049167136945,-0.07468493079134375,0.0034411776694674573,0.16537708170352083
31,2000,5,1.0,1.0,1.0,1.0,3,False,10,0.6,0.1415,0.505,0.009019644268197251,Prognostic_score,,0.025885287187127612,0.10886250268410802,0.10886250268410805,0.32476852653948646,0.004507260693381035,0.06906766591667628,0.13278115104984792,0.9957029853224748,0.0042970146775251905,1.0,0.3640530914675735,0.7064904810712286,0.0050289660108271406,0.018862579883778152,-0.01178842438327779,-0.020937238164324176,-0.025559062390293284,0.0,0.0,0.009019644268197251,0.02080806865147504,0.029956882432521426,0.034578706658490534,-0.009148813781046386,-0.43967625896879414,-0.013770638007015494,-0.6617931840608053,-0.01178842438327779,-0.013342473550414735,-0.00834724671381033,0.0037004227782369576,0.43120284701989076,0.009019644268197251,0.02080806865147504,0.022362117818611985,0.017366890982007582,-0.001554049167136945,-0.07468493079134375,0.0034411776694674573,0.16537708170352083
31,2000,5,1.0,1.0,1.0,1.0,3,False,10,0.6,0.1415,0.505,0.009019644268197251,2A_PCA_cum60,,0.009019985450302444,0.05659689648599209,0.05659689648599208,0.1814497259013401,0.012370114010369113,0.016239928168278038,0.07001992269332909,0.9900065358942632,0.00999346410573676,1.0,0.12611883581749717,0.27863337333548044,0.006335219055883967,0.005179458278466442,-0.01178842438327779,-0.01419620746400034,-0.019371912086538424,0.0,0.0,0.009019644268197251,0.02080806865147504,0.02321585173219759,0.028391556354735677,-0.0024077830807225503,-0.11571391468625647,-0.007583487703260637,-0.36444937924227094,-0.01178842438327779,-0.013342473550414735,-0.00834724671381033,0.0037004227782369576,0.43120284701989076,0.009019644268197251,0.02080806865147504,0.022362117818611985,0.017366890982007582,-0.001554049167136945,-0.07468493079134375,0.0034411776694674573,0.16537708170352083
31,2000,5,1.0,1.0,1.0,1.0,3,False,10,0.6,0.1415,0.505,0.009019644268197251,2B_clustering,,0.025610779906032662,0.10326405539359566,0.10326405539359565,0.25881733224295417,0.02768568390295442,0.0969080484787098,0.12780368820820612,0.9787925330912127,0.021207466908787276,0.8497884787694396,0.23629264245487225,0.46465467497126833,0.06106622460493161,0.02341285337232979,-0.01178842438327779,-0.01918671060425476,-0.037528697892081665,2.0416918279506463e-05,0.009543958344869187,0.009019644268197251,0.02080806865147504,0.02820635487245201,0.046548342160278915,-0.00739828622097697,-0.3555489144569177,-0.025740273508803875,-1.2370332845369192,-0.01178842438327779,-0.013342473550414735,-0.00834724671381033,0.0037004227782369576,0.43120284701989076,0.009019644268197251,0.02080806865147504,0.022362117818611985,0.017366890982007582,-0.001554049167136945,-0.07468493079134375,0.0034411776694674573,0.16537708170352083
31,2000,5,1.0,1.0,1.0,1.0,3,False,10,0.6,0.1415,0.505,0.009019644268197251,baseline_random,,-0.00016053914652935616,0.014992816320827461,0.014992816320827461,0.00403685907831944,0.001306420457705147,0.00481059165154029,0.0033846237291882924,0.9980153707132986,0.0019846292867014004,0.6608803135096808,0.002467771903043814,0.00703744673340112,0.0061208066417017815,0.007973876592484497,-0.01178842438327779,-0.014154130728700375,-0.013312658794449208,0.0014429243732167986,0.36593193247880185,0.009019644268197251,0.02080806865147504,0.023173774996897628,0.02233230306264646,-0.0023657063454225885,-0.11369177913851658,-0.0015242344111714191,-0.073252084885993,-0.01178842438327779,-0.013342473550414735,-0.00834724671381033,0.0037004227782369576,0.43120284701989076,0.009019644268197251,0.02080806865147504,0.022362117818611985,0.017366890982007582,-0.001554049167136945,-0.07468493079134375,0.0034411776694674573,0.16537708170352083
31,2000,5,1.0,1.0,1.0,1.0,3,False,10,0.6,0.1415,0.505,0.009019644268197251,baseline_oracle_kmeans,,0.3492554931987065,0.6221679689765874,0.6221679689765874,0.3510059355630377,0.9693701351159913,0.6334269986210195,0.6512676897666828,0.047281422180906814,0.9527185778190932,1.0,0.1958603371768891,0.1449902297084842,0.032511028886391236,0.014861529172208732,-0.01178842438327779,-0.023738760870856978,-0.017903277200285964,0.0,0.0,0.009019644268197251,0.02080806865147504,0.03275840513905423,0.026922921468483213,-0.011950336487579191,-0.5743126230377973,-0.006114852817008173,-0.29386931192072474,-0.01178842438327779,-0.013342473550414735,-0.00834724671381033,0.0037004227782369576,0.43120284701989076,0.009019644268197251,0.02080806865147504,0.022362117818611985,0.017366890982007582,-0.001554049167136945,-0.07468493079134375,0.0034411776694674573,0.16537708170352083
31,2000,5,1.0,1.0,1.0,1.0,3,False,10,0.6,0.1415,0.505,0.009019644268197251,baseline_oracle_quantile,,0.09240434021074045,0.31425791546358695,0.3142579154635869,0.9041523722261552,0.0026733561901876733,0.001963097475187347,0.30292960863051005,0.9970288653767742,0.002971134623225846,1.0,0.4480390475362306,0.3231139813964373,0.0051689949686131165,0.006572558925176386,-0.01178842438327779,0.0021496146193615085,0.00519952261201614,0.0,0.0,0.009019644268197251,0.02080806865147504,0.006870029648835743,0.0038201216561811113,0.013938039002639298,0.6698381880651503,0.016987946995293927,0.8164115218876735,-0.01178842438327779,-0.013342473550414735,-0.00834724671381033,0.0037004227782369576,0.43120284701989076,0.009019644268197251,0.02080806865147504,0.022362117818611985,0.017366890982007582,-0.001554049167136945,-0.07468493079134375,0.0034411776694674573,0.16537708170352083
32,2000,5,1.0,1.0,1.0,1.0,3,False,10,0.6,0.1425,0.517,0.009026937055428256,1A_predicted_prob,,0.034231558701978235,0.10653543760038751,0.1065354376003875,0.2760454845062919,0.004239351477569029,0.1487941640966971,0.14302633336018603,0.9949835197578921,0.005016480242107879,0.6585811903613346,0.32557208890593925,0.7072137651229882,0.09995090506100945,0.060892056183323495,0.04355307969057022,0.029504225393894565,0.014937739493674072,0.0018259090315120227,0.5559124816453634,0.009026937055428256,0.03452614263514196,0.020477288338466307,0.005910802438245816,0.014048854296675656,0.40690483281431566,0.028615340196896148,0.8288021195791044,0.04355307969057022,0.040538330217865404,0.029325444553597715,0.00029334731607058665,0.059278449056574055,0.009026937055428256,0.03452614263514196,0.031511393162437146,0.020298507498169457,0.003014749472704817,0.0873178769074624,0.014227635136972505,0.4120829623895228
32,2000,5,1.0,1.0,1.0,1.0,3,False,10,0.6,0.1425,0.517,0.009026937055428256,1B_residual,,0.03727857571513044,0.11503735052749962,0.11503735052749964,0.3020285007268369,0.0056489075397026765,0.14934881533811098,0.1523420745348835,0.9939645111890664,0.006035488810933631,1.0,0.3577763942863039,0.6312887004663461,0.08629619941159672,0.058574231078764805,0.04355307969057022,0.018360181518151813,0.0014319469019956582,0.0,0.0,0.009026937055428256,0.03452614263514196,0.009333244462723557,0.007594990153432598,0.025192898172418404,0.7296760150314665,0.026931152481709367,0.7800220478234907,0.04355307969057022,0.040538330217865404,0.029325444553597715,0.00029334731607058665,0.059278449056574055,0.009026937055428256,0.03452614263514196,0.031511393162437146,0.020298507498169457,0.003014749472704817,0.0873178769074624,0.014227635136972505,0.4120829623895228
32,2000,5,1.0,1.0,1.0,1.0,3,False,10,0.6,0.1425,0.517,0.009026937055428256,1C_cv_decision,,0.034231558701978235,0.10653543760038751,0.1065354376003875,0.2760454845062919,0.004239351477569029,0.1487941640966971,0.14302633336018603,0.9949835197578921,0.005016480242107879,0.6585811903613346,0.32557208890593925,0.7072137651229882,0.09995090506100945,0.060892056183323495,0.04355307969057022,0.029504225393894565,0.014937739493674072,0.0018259090315120227,0.5559124816453634,0.009026937055428256,0.03452614263514196,0.020477288338466307,0.005910802438245816,0.014048854296675656,0.40690483281431566,0.028615340196896148,0.8288021195791044,0.04355307969057022,0.040538330217865404,0.029325444553597715,0.00029334731607058665,0.059278449056574055,0.009026937055428256,0.03452614263514196,0.031511393162437146,0.020298507498169457,0.003014749472704817,0.0873178769074624,0.014227635136972505,0.4120829623895228
32,2000,5,1.0,1.0,1.0,1.0,3,False,10,0.6,0.1425,0.517,0.009026937055428256,PS_propensity_score,,0.008388862811992795,0.04878889399324344,0.04878889399324344,0.13731929183951572,0.00577163052823839,0.03156662195830152,0.05821918144201854,0.9938779355679834,0.006122064432016572,1.0,0.1087361271053362,0.20592652264007227,0.10371081394864656,0.05416278448910794,0.04355307969057022,0.03378666437394916,0.02177807067655456,0.00034339578099856896,0.13172893115658507,0.009026937055428256,0.03452614263514196,0.0247597273185209,0.012751133621126303,0.009766415316621063,0.2828701549382019,0.02177500901401566,0.6306817776930651,0.04355307969057022,0.040538330217865404,0.029325444553597715,0.00029334731607058665,0.059278449056574055,0.009026937055428256,0.03452614263514196,0.031511393162437146,0.020298507498169457,0.003014749472704817,0.0873178769074624,0.014227635136972505,0.4120829623895228
32,2000,5,1.0,1.0,1.0,1.0,3,False,10,0.6,0.1425,0.517,0.009026937055428256,GMM,,0.002690609716797667,0.02536654897924271,0.025366548979242714,0.04835542187916425,0.003979192920122725,0.0071423297293807956,0.01982564817622259,0.9951569500686825,0.004843049931317456,1.0,0.026518416708656956,0.027405896767670135,0.05139041440187164,0.02971674411099101,0.04355307969057022,0.04045629340899486,0.039268255614400414,0.0,0.0,0.009026937055428256,0.03452614263514196,0.031429356353566605,0.030241318558972156,0.0030967862815753575,0.0896939549344078,0.004284824076169806,0.12410375875029134,0.04355307969057022,0.040538330217865404,0.029325444553597715,0.00029334731607058665,0.059278449056574055,0.009026937055428256,0.03452614263514196,0.031511393162437146,0.020298507498169457,0.003014749472704817,0.0873178769074624,0.014227635136972505,0.4120829623895228
32,2000,5,1.0,1.0,1.0,1.0,3,False,10,0.6,0.1425,0.517,0.009026937055428256,Prognostic_score,,0.028446366733422924,0.09184538177896197,0.09184538177896197,0.23438411197212752,0.003823021370895097,0.13727803619492585,0.12516172317931615,0.9952849230049118,0.004715076995088219,0.6516256914294426,0.28552370396154125,0.6279176352298507,0.05907099268432148,0.03772180991180296,0.04355307969057022,0.03647367009250954,0.019694352256520668,0.002274897091849827,0.5964405537824852,0.009026937055428256,0.03452614263514196,0.027446733037081283,0.010667415201092411,0.007079409598060679,0.20504490388263064,0.02385872743404955,0.6910336809466017,0.04355307969057022,0.040538330217865404,0.029325444553597715,0.00029334731607058665,0.059278449056574055,0.009026937055428256,0.03452614263514196,0.031511393162437146,0.020298507498169457,0.003014749472704817,0.0873178769074624,0.014227635136972505,0.4120829623895228
32,2000,5,1.0,1.0,1.0,1.0,3,False,10,0.6,0.1425,0.517,0.009026937055428256,2A_PCA_cum60,,0.022829958344075682,0.06638045346134058,0.06638045346134058,0.08075330659536605,0.014740598466028015,0.12662535135474684,0.07403975213871362,0.987368008714778,0.012631991285221966,0.6331237218714769,0.1536461256394065,0.4043001245430896,0.08520052476119844,0.057612963739819056,0.04355307969057022,0.034075168991794885,0.02566387999594752,0.0017417406745618134,0.46981396329319247,0.009026937055428256,0.03452614263514196,0.025048231936366627,0.01663694294051926,0.009477910698775335,0.27451403416054865,0.0178891996946227,0.5181349067478631,0.04355307969057022,0.040538330217865404,0.029325444553597715,0.00029334731607058665,0.059278449056574055,0.009026937055428256,0.03452614263514196,0.031511393162437146,0.020298507498169457,0.003014749472704817,0.0873178769074624,0.014227635136972505,0.4120829623895228
32,2000,5,1.0,1.0,1.0,1.0,3,False,10,0.6,0.1425,0.517,0.009026937055428256,2B_clustering,,0.025916811405889577,0.09824070274873167,0.09824070274873166,0.2602450362223149,0.008535737269295489,0.12008781157950858,0.129622861690373,0.991889454447715,0.008110545552284965,0.7657507669861672,0.2293571445756134,0.506700939607341,0.1857879396484603,0.11526087848509325,0.04355307969057022,0.031420907461299316,0.01795105206637739,0.0016452332756878507,0.4578546980767439,0.009026937055428256,0.03452614263514196,0.022393970405871058,0.008924115010949132,0.012132172229270904,0.3513908969640396,0.02560202762419283,0.7415258604108921,0.04355307969057022,0.040538330217865404,0.029325444553597715,0.00029334731607058665,0.059278449056574055,0.009026937055428256,0.03452614263514196,0.031511393162437146,0.020298507498169457,0.003014749472704817,0.0873178769074624,0.014227635136972505,0.4120829623895228
32,2000,5,1.0,1.0,1.0,1.0,3,False,10,0.6,0.1425,0.517,0.009026937055428256,baseline_random,,-0.0005718549318019607,0.017548394089282906,0.017548394089282902,0.01083487115600713,0.0022634992710220945,0.0017688745108307188,0.0049557483126199805,0.996413855716015,0.00358614428398496,1.0,0.007247912246897914,0.00542283578567615,0.0021534995808443202,0.0009596068781099198,0.04355307969057022,0.04466003941442395,0.043960061822238744,0.0,0.0,0.009026937055428256,0.03452614263514196,0.035633102358995694,0.034933124766810486,-0.0011069597238537315,-0.03206149425818072,-0.0004069821316685235,-0.011787651344934202,0.04355307969057022,0.040538330217865404,0.029325444553597715,0.00029334731607058665,0.059278449056574055,0.009026937055428256,0.03452614263514196,0.031511393162437146,0.020298507498169457,0.003014749472704817,0.0873178769074624,0.014227635136972505,0.4120829623895228
32,2000,5,1.0,1.0,1.0,1.0,3,False,10,0.6,0.1425,0.517,0.009026937055428256,baseline_oracle_kmeans,,0.41570547424575754,0.6745843278608423,0.6745843278608423,0.22582987382872186,0.9999999999999998,0.7357045753338406,0.6538448163875207,0.0,1.0,1.0,0.3488588432640355,0.13135947634705103,0.030729066954929718,0.01827994402635269,0.04355307969057022,0.04365668498352361,0.02799108877261346,0.00023773084115560038,0.11426855438603586,0.009026937055428256,0.03452614263514196,0.03462974792809535,0.018964151717185206,-0.00010360529295339038,-0.0030007781074257167,0.015561990917956757,0.45073065596726114,0.04355307969057022,0.040538330217865404,0.029325444553597715,0.00029334731607058665,0.059278449056574055,0.009026937055428256,0.03452614263514196,0.031511393162437146,0.020298507498169457,0.003014749472704817,0.0873178769074624,0.014227635136972505,0.4120829623895228
32,2000,5,1.0,1.0,1.0,1.0,3,False,10,0.6,0.1425,0.517,0.009026937055428256,baseline_oracle_quantile,,0.10128565828957901,0.32672242681683317,0.32672242681683317,0.8996430380663777,0.006226029253139898,0.003659661297118695,0.30317624287221207,0.9935450161517029,0.0064549838482971245,0.7869991056988793,0.43128008181260313,0.3011703037831258,0.06971696235305447,0.04590776797914409,0.04355307969057022,0.029395948143962958,0.014928030341318376,0.0009641229292361228,0.4024128998200632,0.009026937055428256,0.03452614263514196,0.0203690110885347,0.00590109328589012,0.014157131546607263,0.41004092742748566,0.028625049349251842,0.8290833311948445,0.04355307969057022,0.040538330217865404,0.029325444553597715,0.00029334731607058665,0.059278449056574055,0.009026937055428256,0.03452614263514196,0.031511393162437146,0.020298507498169457,0.003014749472704817,0.0873178769074624,0.014227635136972505,0.4120829623895228
33,2000,5,1.0,1.0,1.0,1.0,3,False,10,0.6,0.1455,0.4845,0.008689842692351691,1A_predicted_prob,,0.03288517664144585,0.11968248609420752,0.11968248609420751,0.3474379682041781,0.009557448527601032,0.09856901120834802,0.15185480931337572,0.9920383311755743,0.007961668824425727,1.0,0.35671845578139705,0.8676659723290281,0.18742466048911421,0.14247878305441097,0.025821850058667828,0.023536649722311766,0.0060326428612785575,0.0005579128049169734,0.2901769120787587,0.008689842692351691,0.017132007366316135,0.014846807029960074,0.0026571998310731338,0.0022852003363560604,0.1333877745610288,0.014474807535243002,0.8448985122258614,0.025821850058667828,0.024531750252707926,0.022848949548443697,0.0,0.0,0.008689842692351691,0.017132007366316135,0.015841907560356236,0.014159106856092006,0.001290099805959899,0.07530348186146663,0.002972900510224129,0.17352902357894484
33,2000,5,1.0,1.0,1.0,1.0,3,False,10,0.6,0.1455,0.4845,0.008689842692351691,1B_residual,,0.03931881758118778,0.13171747632622152,0.13171747632622152,0.3560823762553629,0.008557393805858552,0.11746713663575907,0.16070230223232684,0.9927661922530975,0.007233807746902521,1.0,0.41031450851862594,0.7562421767054197,0.1389199170160077,0.10455506867999032,0.025821850058667828,0.01857010309788499,0.0045932785244505074,0.0,0.0,0.008689842692351691,0.017132007366316135,0.009880260405533298,0.004096564167901184,0.007251746960782837,0.4232864722578138,0.013035443198414952,0.7608824184867217,0.025821850058667828,0.024531750252707926,0.022848949548443697,0.0,0.0,0.008689842692351691,0.017132007366316135,0.015841907560356236,0.014159106856092006,0.001290099805959899,0.07530348186146663,0.002972900510224129,0.17352902357894484
33,2000,5,1.0,1.0,1.0,1.0,3,False,10,0.6,0.1455,0.4845,0.008689842692351691,1C_cv_decision,,0.03288517664144585,0.11968248609420752,0.11968248609420751,0.3474379682041781,0.009557448527601032,0.09856901120834802,0.15185480931337572,0.9920383311755743,0.007961668824425727,1.0,0.35671845578139705,0.8676659723290281,0.18742466048911421,0.14247878305441097,0.025821850058667828,0.023536649722311766,0.0060326428612785575,0.0005579128049169734,0.2901769120787587,0.008689842692351691,0.017132007366316135,0.014846807029960074,0.0026571998310731338,0.0022852003363560604,0.1333877745610288,0.014474807535243002,0.8448985122258614,0.025821850058667828,0.024531750252707926,0.022848949548443697,0.0,0.0,0.008689842692351691,0.017132007366316135,0.015841907560356236,0.014159106856092006,0.001290099805959899,0.07530348186146663,0.002972900510224129,0.17352902357894484
33,2000,5,1.0,1.0,1.0,1.0,3,False,10,0.6,0.1455,0.4845,0.008689842692351691,PS_propensity_score,,0.008062091807047199,0.029668914357948183,0.029668914357948183,0.006329945729656657,0.016944858246525408,0.053182453705812524,0.025485752560664862,0.9866735011177943,0.013326498882205717,0.7535448916321781,0.03756367722281484,0.08416146050025874,0.01101712670775401,0.011739011686369816,0.025821850058667828,0.011525771239742662,0.015005143323035347,0.0005916055925932264,0.19238427182799253,0.008689842692351691,0.017132007366316135,0.002835928547390971,0.006315300630683656,0.014296078818925164,0.8344660677086333,0.010816706735632479,0.6313741585763967,0.025821850058667828,0.024531750252707926,0.022848949548443697,0.0,0.0,0.008689842692351691,0.017132007366316135,0.015841907560356236,0.014159106856092006,0.001290099805959899,0.07530348186146663,0.002972900510224129,0.17352902357894484
33,2000,5,1.0,1.0,1.0,1.0,3,False,10,0.6,0.1455,0.4845,0.008689842692351691,GMM,,0.0033467418131315867,0.03288911218146034,0.03288911218146034,0.09191313501405285,0.007436903060633263,0.004215688780419197,0.03452190895170177,0.9935818623981953,0.006418137601804652,1.0,0.037401944756475625,0.08220268781858164,0.12303328123386892,0.0774299084851936,0.025821850058667828,0.02838912154571989,0.025735228429805936,0.0,0.0,0.008689842692351691,0.017132007366316135,0.019699278853368196,0.017045385737454247,-0.0025672714870520613,-0.149852345505038,8.662162886188818e-05,0.005056128392297965,0.025821850058667828,0.024531750252707926,0.022848949548443697,0.0,0.0,0.008689842692351691,0.017132007366316135,0.015841907560356236,0.014159106856092006,0.001290099805959899,0.07530348186146663,0.002972900510224129,0.17352902357894484
33,2000,5,1.0,1.0,1.0,1.0,3,False,10,0.6,0.1455,0.4845,0.008689842692351691,Prognostic_score,,0.026370165293242657,0.1094645969176422,0.1094645969176422,0.33196241329908327,0.003239994224013579,0.0788151898075677,0.13800586577688817,0.9966166588697486,0.003383341130251405,1.0,0.3158207869669669,0.6922328441681915,0.07646482969964086,0.0738112973080376,0.025821850058667828,0.019369777761116126,0.00508636317839315,0.0,0.0,0.008689842692351691,0.017132007366316135,0.010679935068764435,0.0036034795139585412,0.0064520722975517,0.3766092413803974,0.013528527852357593,0.7896639058745986,0.025821850058667828,0.024531750252707926,0.022848949548443697,0.0,0.0,0.008689842692351691,0.017132007366316135,0.015841907560356236,0.014159106856092006,0.001290099805959899,0.07530348186146663,0.002972900510224129,0.17352902357894484
33,2000,5,1.0,1.0,1.0,1.0,3,False,10,0.6,0.1455,0.4845,0.008689842692351691,2A_PCA_cum60,,0.02452058888925406,0.0748638868836366,0.0748638868836366,0.11906685267574327,0.007149562841630095,0.1306674519623493,0.08562795582657423,0.9937921446813186,0.006207855318681399,1.0,0.1717210977762309,0.39457213868575414,0.2297642037551798,0.1414221977763026,0.025821850058667828,0.03570531863591867,0.01453178555417188,8.166568193151812e-05,0.042348914820707864,0.008689842692351691,0.017132007366316135,0.02701547594356698,0.005841942861820189,-0.009883468577250844,-0.5769007896110931,0.011290064504495946,0.6590041822357462,0.025821850058667828,0.024531750252707926,0.022848949548443697,0.0,0.0,0.008689842692351691,0.017132007366316135,0.015841907560356236,0.014159106856092006,0.001290099805959899,0.07530348186146663,0.002972900510224129,0.17352902357894484
33,2000,5,1.0,1.0,1.0,1.0,3,False,10,0.6,0.1455,0.4845,0.008689842692351691,2B_clustering,,0.028655812282032324,0.101938775491169,0.101938775491169,0.27547663382060367,0.058583280410136315,0.09237383131122152,0.1421445818473205,0.9554543206549172,0.0445456793450828,0.40572311174504183,0.15627397013090516,0.4455986611971313,0.21871544026448986,0.15899386470099774,0.025821850058667828,0.024562348658435103,0.012180462280547364,0.0038452755462400822,0.678854043391895,0.008689842692351691,0.017132007366316135,0.01587250596608341,0.003490619588195673,0.0012595014002327251,0.07351744447116437,0.013641387778120462,0.796251570901218,0.025821850058667828,0.024531750252707926,0.022848949548443697,0.0,0.0,0.008689842692351691,0.017132007366316135,0.015841907560356236,0.014159106856092006,0.001290099805959899,0.07530348186146663,0.002972900510224129,0.17352902357894484
33,2000,5,1.0,1.0,1.0,1.0,3,False,10,0.6,0.1455,0.4845,0.008689842692351691,baseline_random,,-0.0013477953725317422,0.017716228719557744,0.017716228719557747,0.0023773553369571625,0.002329975521405306,0.0029916176102351044,0.002566316156199191,0.9972765239147025,0.0027234760852975493,0.5788620684026841,0.004614454305461813,0.004276217147874739,0.0026015509982045826,0.004842804387665711,0.025821850058667828,0.02738916757253667,0.027875093541315604,0.0017381720019009267,0.42049929880568926,0.008689842692351691,0.017132007366316135,0.018699324880184977,0.019185250848963914,-0.001567317513868842,-0.0914847560099934,-0.002053243482647779,-0.11984838896840166,0.025821850058667828,0.024531750252707926,0.022848949548443697,0.0,0.0,0.008689842692351691,0.017132007366316135,0.015841907560356236,0.014159106856092006,0.001290099805959899,0.07530348186146663,0.002972900510224129,0.17352902357894484
33,2000,5,1.0,1.0,1.0,1.0,3,False,10,0.6,0.1455,0.4845,0.008689842692351691,baseline_oracle_kmeans,,0.3809287919853424,0.6366902918475253,0.6366902918475253,0.2909404525315644,0.9960144468814989,0.670101612322041,0.652352170578368,0.00906840234285659,0.9909315976571434,1.0,0.23685340185918058,0.12841589959677047,0.03155164809945954,0.01872687347438573,0.025821850058667828,0.020380026214850522,0.01037861631591981,0.0,0.0,0.008689842692351691,0.017132007366316135,0.01169018352249883,0.0016887736235681183,0.005441823843817304,0.3176407602133462,0.015443233742748017,0.9014258173336723,0.025821850058667828,0.024531750252707926,0.022848949548443697,0.0,0.0,0.008689842692351691,0.017132007366316135,0.015841907560356236,0.014159106856092006,0.001290099805959899,0.07530348186146663,0.002972900510224129,0.17352902357894484
33,2000,5,1.0,1.0,1.0,1.0,3,False,10,0.6,0.1455,0.4845,0.008689842692351691,baseline_oracle_quantile,,0.08356925464549657,0.29236374770652923,0.2923637477065292,0.8955793598937547,0.0004886197880514105,0.005316768786643369,0.3004615828228165,0.9986054826516598,0.001394517348340174,0.6988569022823218,0.4170011314576516,0.32100823140099544,0.06511858988808938,0.051259910978398326,0.025821850058667828,0.021865234942196436,-0.003204937028221683,0.0009050045484975326,0.4118584204795224,0.008689842692351691,0.017132007366316135,0.013175392249844745,0.011894779720573375,0.00395661511647139,0.23094871674236117,0.00523722764574276,0.30569842364414723,0.025821850058667828,0.024531750252707926,0.022848949548443697,0.0,0.0,0.008689842692351691,0.017132007366316135,0.015841907560356236,0.014159106856092006,0.001290099805959899,0.07530348186146663,0.002972900510224129,0.17352902357894484
34,2000,5,1.0,1.0,1.0,1.0,3,False,10,0.6,0.146,0.4855,0.009090259042756742,1A_predicted_prob,,0.02384189150017564,0.09215686835407667,0.09215686835407667,0.31395897728889344,0.0025222545568063235,0.05649401630684728,0.12432508271751568,0.9963747329880218,0.003625267011978184,1.0,0.3098680116685725,0.9010029851782365,0.05308640890227556,0.05481187918468111,0.016709181627119735,0.01616694775739945,0.0003438624225140267,0.0,0.0,0.009090259042756742,0.007618922584362992,0.007076688714642707,0.008746396620242715,0.000542233869720285,0.07116936334714319,-0.0011274740358797226,-0.14798339573547326,0.016709181627119735,0.015441356908793068,0.01258710420114091,0.002846052371616187,0.38409798197478157,0.009090259042756742,0.007618922584362992,0.006351097866036326,0.003496845158384167,0.0012678247183266662,0.16640472511543014,0.004122077425978825,0.5410315409214079
34,2000,5,1.0,1.0,1.0,1.0,3,False,10,0.6,0.146,0.4855,0.009090259042756742,1B_residual,,0.024947395755556594,0.09770966849393733,0.09770966849393733,0.30673116446822946,0.016698330074269917,0.06489179887490956,0.1294404311391363,0.9859808736027216,0.014019126397278425,1.0,0.3017931837526,0.7539131205356224,0.04243423802128832,0.023868334413920445,0.016709181627119735,0.02567832167832166,0.0013504776316339707,1.4307341139822464e-05,0.10026856641836591,0.009090259042756742,0.007618922584362992,0.016588062635564917,0.0077397814111227715,-0.008969140051201925,-1.1772189508277862,-0.00012085882675977929,-0.01586298133647257,0.016709181627119735,0.015441356908793068,0.01258710420114091,0.002846052371616187,0.38409798197478157,0.009090259042756742,0.007618922584362992,0.006351097866036326,0.003496845158384167,0.0012678247183266662,0.16640472511543014,0.004122077425978825,0.5410315409214079
34,2000,5,1.0,1.0,1.0,1.0,3,False,10,0.6,0.146,0.4855,0.009090259042756742,1C_cv_decision,,0.02384189150017564,0.09215686835407667,0.09215686835407667,0.31395897728889344,0.0025222545568063235,0.05649401630684728,0.12432508271751568,0.9963747329880218,0.003625267011978184,1.0,0.3098680116685725,0.9010029851782365,0.05308640890227556,0.05481187918468111,0.016709181627119735,0.01616694775739945,0.0003438624225140267,0.0,0.0,0.009090259042756742,0.007618922584362992,0.007076688714642707,0.008746396620242715,0.000542233869720285,0.07116936334714319,-0.0011274740358797226,-0.14798339573547326,0.016709181627119735,0.015441356908793068,0.01258710420114091,0.002846052371616187,0.38409798197478157,0.009090259042756742,0.007618922584362992,0.006351097866036326,0.003496845158384167,0.0012678247183266662,0.16640472511543014,0.004122077425978825,0.5410315409214079
34,2000,5,1.0,1.0,1.0,1.0,3,False,10,0.6,0.146,0.4855,0.009090259042756742,PS_propensity_score,,0.0009677295965671822,0.020011494611179004,0.020011494611179004,0.021769731097771937,0.005093141353993308,0.006220878889649204,0.011027917113804816,0.9945181345249087,0.00548186547509133,0.4652587594954666,0.02161385271214744,0.016700267992642348,0.1498462349682117,0.0713876089348705,0.016709181627119735,0.014689353206312213,0.012126757195495264,0.003175284037652128,0.5647966994197857,0.009090259042756742,0.007618922584362992,0.00559909416355547,0.003036498152738522,0.002019828420807522,0.2651068308467919,0.00458242443162447,0.6014530769782852,0.016709181627119735,0.015441356908793068,0.01258710420114091,0.002846052371616187,0.38409798197478157,0.009090259042756742,0.007618922584362992,0.006351097866036326,0.003496845158384167,0.0012678247183266662,0.16640472511543014,0.004122077425978825,0.5410315409214079
34,2000,5,1.0,1.0,1.0,1.0,3,False,10,0.6,0.146,0.4855,0.009090259042756742,GMM,,0.003977692144808042,0.03510896468858465,0.035108964688584654,0.04650454044595259,0.007742687398868229,0.030759843035429356,0.02833569029341672,0.9926107246376394,0.007389275362360559,1.0,0.05055835501323258,0.211404415247208,0.09502206460765683,0.14870264325723503,0.016709181627119735,0.011621339780777326,0.013694027187598188,0.0,0.0,0.009090259042756742,0.007618922584362992,0.0025310807380205837,0.0046037681448414455,0.0050878418463424085,0.6677902013054509,0.0030151544395215467,0.3957455146886283,0.016709181627119735,0.015441356908793068,0.01258710420114091,0.002846052371616187,0.38409798197478157,0.009090259042756742,0.007618922584362992,0.006351097866036326,0.003496845158384167,0.0012678247183266662,0.16640472511543014,0.004122077425978825,0.5410315409214079
34,2000,5,1.0,1.0,1.0,1.0,3,False,10,0.6,0.146,0.4855,0.009090259042756742,Prognostic_score,,0.02139838313689708,0.08595762869987332,0.08595762869987332,0.2787160501829382,0.0026961422546437257,0.062437249181789285,0.1146164805397904,0.9962496453759152,0.003750354624084795,0.7107787604868507,0.30026223945649644,0.8450236680955997,0.006340361833026775,0.020855021557094844,0.016709181627119735,0.016414469209429666,0.01014756213495845,0.00018459412358050743,0.12712030567900207,0.009090259042756742,0.007618922584362992,0.007324210166672923,0.001057303092201707,0.0002947124176900691,0.03868163961856419,0.006561619492161285,0.861226691767192,0.016709181627119735,0.015441356908793068,0.01258710420114091,0.002846052371616187,0.38409798197478157,0.009090259042756742,0.007618922584362992,0.006351097866036326,0.003496845158384167,0.0012678247183266662,0.16640472511543014,0.004122077425978825,0.5410315409214079
34,2000,5,1.0,1.0,1.0,1.0,3,False,10,0.6,0.146,0.4855,0.009090259042756742,2A_PCA_cum60,,0.01523226986856418,0.05761586439630667,0.057615864396306664,0.11711410621282631,0.020693121555653858,0.06442941562342235,0.0674122144639675,0.9832106845068271,0.016789315493172863,1.0,0.16057114995526722,0.6006171772067563,0.05056865325407467,0.02752821880257128,0.016709181627119735,0.015529256834871611,0.0031748007532196123,0.0,0.0,0.009090259042756742,0.007618922584362992,0.006438997792114869,0.0059154582895371306,0.0011799247922481236,0.15486767048529804,0.0017034642948258617,0.22358335787819084,0.016709181627119735,0.015441356908793068,0.01258710420114091,0.002846052371616187,0.38409798197478157,0.009090259042756742,0.007618922584362992,0.006351097866036326,0.003496845158384167,0.0012678247183266662,0.16640472511543014,0.004122077425978825,0.5410315409214079
34,2000,5,1.0,1.0,1.0,1.0,3,False,10,0.6,0.146,0.4855,0.009090259042756742,2B_clustering,,0.01961318347038707,0.08374992842619833,0.08374992842619833,0.21818982227705846,0.03378276099982539,0.07256266338924884,0.10817841555537756,0.973621818551066,0.026378181448934,1.0,0.17835824862308547,0.5522460755543774,0.13226350743980186,0.10258176171119959,0.016709181627119735,0.009465329544490402,0.012371005741432652,0.0,0.0,0.009090259042756742,0.007618922584362992,0.00037507050173365974,0.00328074669867591,0.0072438520826293325,0.9507711887631657,0.004338175885687082,0.5693949292240763,0.016709181627119735,0.015441356908793068,0.01258710420114091,0.002846052371616187,0.38409798197478157,0.009090259042756742,0.007618922584362992,0.006351097866036326,0.003496845158384167,0.0012678247183266662,0.16640472511543014,0.004122077425978825,0.5410315409214079
34,2000,5,1.0,1.0,1.0,1.0,3,False,10,0.6,0.146,0.4855,0.009090259042756742,baseline_random,,0.00011837822349981365,0.018580374127164564,0.018580374127164564,0.0045058344383110075,0.014022369360544065,0.0015073944772991492,0.0066785327587180745,0.9880567069920597,0.011943293007940281,0.569146120338505,0.0025269569741882547,0.0031530950685449977,0.0011670506808799663,0.010690051922084054,0.016709181627119735,0.015671586195097814,0.014705675452906207,0.0018628708191832806,0.4439806371914198,0.009090259042756742,0.007618922584362992,0.006581327152341072,0.0056154164101494645,0.0010375954320219205,0.1361866353848341,0.0020035061742135277,0.2629645008239755,0.016709181627119735,0.015441356908793068,0.01258710420114091,0.002846052371616187,0.38409798197478157,0.009090259042756742,0.007618922584362992,0.006351097866036326,0.003496845158384167,0.0012678247183266662,0.16640472511543014,0.004122077425978825,0.5410315409214079
34,2000,5,1.0,1.0,1.0,1.0,3,False,10,0.6,0.146,0.4855,0.009090259042756742,baseline_oracle_kmeans,,0.36942669662273997,0.6320875333946335,0.6320875333946335,0.31738843078505335,0.9730275409193377,0.6674814822914585,0.6526324846652832,0.04263400186713783,0.9573659981328622,1.0,0.19447090171312853,0.13250033292722896,0.0063865113372556515,0.00788272273834345,0.016709181627119735,0.007382825991552992,-0.005102502287379952,0.0,0.0,0.009090259042756742,0.007618922584362992,0.0017074330512037508,0.014192761330136694,0.005911489533159241,0.7758957342986958,-0.006573838745773702,-0.8628304951235217,0.016709181627119735,0.015441356908793068,0.01258710420114091,0.002846052371616187,0.38409798197478157,0.009090259042756742,0.007618922584362992,0.006351097866036326,0.003496845158384167,0.0012678247183266662,0.16640472511543014,0.004122077425978825,0.5410315409214079
34,2000,5,1.0,1.0,1.0,1.0,3,False,10,0.6,0.146,0.4855,0.009090259042756742,baseline_oracle_quantile,,0.09530576838969847,0.3118140894748014,0.3118140894748014,0.8987259541224747,0.0017286881256907212,0.002704755521015305,0.30105313258972694,0.9969490787828863,0.0030509212171137,1.0,0.4287386603657978,0.2805179753447883,0.026647623688967226,0.017280833518660055,0.016709181627119735,0.013868120781486547,-0.007337479433621809,0.0,0.0,0.009090259042756742,0.007618922584362992,0.004777861738729804,0.016427738476378552,0.002841060845633188,0.372895355501335,-0.00880881589201556,-1.1561760596038466,0.016709181627119735,0.015441356908793068,0.01258710420114091,0.002846052371616187,0.38409798197478157,0.009090259042756742,0.007618922584362992,0.006351097866036326,0.003496845158384167,0.0012678247183266662,0.16640472511543014,0.004122077425978825,0.5410315409214079
35,2000,5,1.0,1.0,1.0,1.0,3,False,10,0.6,0.148,0.5005,0.009277656170909868,1A_predicted_prob,,0.023219698563844208,0.09835214007989776,0.09835214007989775,0.3569576493802878,0.004027181542021566,0.05439385190069023,0.13845956094099987,0.9954262693315797,0.004573730668420262,1.0,0.35671814890124887,0.8511942104560479,0.15196602208722443,0.050952489889877106,0.03573429371748699,0.023770337765323363,0.0030245427741644286,0.0,0.0,0.009277656170909868,0.02645663754657712,0.014492681594413494,0.00625311339674544,0.011963955952163624,0.45220999573740184,0.02020352414983168,0.7636467073437891,0.03573429371748699,0.03356312577963749,0.03554427891288138,0.0,0.0,0.009277656170909868,0.02645663754657712,0.024285469608727624,0.026266622741971512,0.002171167937849494,0.08206515034373263,0.0001900148046056066,0.007182122228158616
35,2000,5,1.0,1.0,1.0,1.0,3,False,10,0.6,0.148,0.5005,0.009277656170909868,1B_residual,,0.027785525186436347,0.11133620764963308,0.11133620764963305,0.35274944664573965,0.011230830131049922,0.07388909105091886,0.14595645594256948,0.9901685895179323,0.009831410482067704,1.0,0.391855236777666,0.7252410581858614,0.11298136261680103,0.027330453550089007,0.03573429371748699,-0.0041461760461760505,-0.00040532308373359663,0.0,0.0,0.009277656170909868,0.02645663754657712,0.013423832217085919,0.009682979254643466,0.0130328053294912,0.49261004186744606,0.016773658291933655,0.6340056729583832,0.03573429371748699,0.03356312577963749,0.03554427891288138,0.0,0.0,0.009277656170909868,0.02645663754657712,0.024285469608727624,0.026266622741971512,0.002171167937849494,0.08206515034373263,0.0001900148046056066,0.007182122228158616
35,2000,5,1.0,1.0,1.0,1.0,3,False,10,0.6,0.148,0.5005,0.009277656170909868,1C_cv_decision,,0.023219698563844208,0.09835214007989776,0.09835214007989775,0.3569576493802878,0.004027181542021566,0.05439385190069023,0.13845956094099987,0.9954262693315797,0.004573730668420262,1.0,0.35671814890124887,0.8511942104560479,0.15196602208722443,0.050952489889877106,0.03573429371748699,0.023770337765323363,0.0030245427741644286,0.0,0.0,0.009277656170909868,0.02645663754657712,0.014492681594413494,0.00625311339674544,0.011963955952163624,0.45220999573740184,0.02020352414983168,0.7636467073437891,0.03573429371748699,0.03356312577963749,0.03554427891288138,0.0,0.0,0.009277656170909868,0.02645663754657712,0.024285469608727624,0.026266622741971512,0.002171167937849494,0.08206515034373263,0.0001900148046056066,0.007182122228158616
35,2000,5,1.0,1.0,1.0,1.0,3,False,10,0.6,0.148,0.5005,0.009277656170909868,PS_propensity_score,,0.004850482512445632,0.042110695058861274,0.042110695058861274,0.15840573429925492,0.0013960253420069076,0.0020566543510715596,0.05395280466411113,0.9973304921725012,0.0026695078274987516,1.0,0.0961299604319027,0.2570748753833718,0.12269310725290405,0.03036602217876172,0.03573429371748699,0.029698839485413103,0.02842889610625122,0.0,0.0,0.009277656170909868,0.02645663754657712,0.020421183314503235,0.01915123993534135,0.0060354542320738835,0.22812627725078138,0.0073053976112357685,0.27612721376155824,0.03573429371748699,0.03356312577963749,0.03554427891288138,0.0,0.0,0.009277656170909868,0.02645663754657712,0.024285469608727624,0.026266622741971512,0.002171167937849494,0.08206515034373263,0.0001900148046056066,0.007182122228158616
35,2000,5,1.0,1.0,1.0,1.0,3,False,10,0.6,0.148,0.5005,0.009277656170909868,GMM,,0.010153210274088826,0.05213499108705354,0.05213499108705354,0.12264618811493468,0.0038036085474761746,0.04930799688895457,0.05858593118378847,0.995589011965444,0.004410988034555974,1.0,0.151451428526009,0.2278641386516348,0.048219952713556835,0.0036682706158296385,0.03573429371748699,0.030187864249833236,0.021987556489218785,0.0,0.0,0.009277656170909868,0.02645663754657712,0.020910208078923367,0.012709900318308917,0.005546429467653751,0.20964226681826892,0.013746737228268201,0.5195950242757403,0.03573429371748699,0.03356312577963749,0.03554427891288138,0.0,0.0,0.009277656170909868,0.02645663754657712,0.024285469608727624,0.026266622741971512,0.002171167937849494,0.08206515034373263,0.0001900148046056066,0.007182122228158616
35,2000,5,1.0,1.0,1.0,1.0,3,False,10,0.6,0.148,0.5005,0.009277656170909868,Prognostic_score,,0.023825029380952597,0.09268654275682872,0.09268654275682874,0.3230767644835444,0.003302227645866306,0.06489267650579515,0.13042388954506862,0.995954190688806,0.004045809311194026,1.0,0.3472678889005292,0.778041671905052,0.14644328819879893,0.0444954325673943,0.03573429371748699,0.023542280548745284,0.004298533353732131,0.0,0.0,0.009277656170909868,0.02645663754657712,0.014264624377835416,0.004979122817177738,0.012192013168741703,0.46083003357012275,0.02147751472939938,0.81180061871385,0.03573429371748699,0.03356312577963749,0.03554427891288138,0.0,0.0,0.009277656170909868,0.02645663754657712,0.024285469608727624,0.026266622741971512,0.002171167937849494,0.08206515034373263,0.0001900148046056066,0.007182122228158616
35,2000,5,1.0,1.0,1.0,1.0,3,False,10,0.6,0.148,0.5005,0.009277656170909868,2A_PCA_cum60,,0.016087269271408806,0.0662699850445488,0.06626998504454881,0.1645962092169988,0.010350958715259378,0.08155869443660343,0.08550195412295387,0.9908121562768946,0.009187843723105438,1.0,0.21302839359093217,0.5165878727353825,0.08756166763433104,0.02055891992830383,0.03573429371748699,0.024920272246552484,0.022020216046471603,0.0,0.0,0.009277656170909868,0.02645663754657712,0.015642616075642615,0.012742559875561735,0.010814021470934503,0.4087451193257773,0.013714077671015384,0.5183605681890469,0.03573429371748699,0.03356312577963749,0.03554427891288138,0.0,0.0,0.009277656170909868,0.02645663754657712,0.024285469608727624,0.026266622741971512,0.002171167937849494,0.08206515034373263,0.0001900148046056066,0.007182122228158616
35,2000,5,1.0,1.0,1.0,1.0,3,False,10,0.6,0.148,0.5005,0.009277656170909868,2B_clustering,,0.018819208929934595,0.08791432125649251,0.08791432125649251,0.2890969969865094,0.0191489897450414,0.056991005392598944,0.12174566404138326,0.9844322253381719,0.015567774661828127,1.0,0.2010460613135412,0.5213873844504684,0.08917484650257279,0.03507842832710539,0.03573429371748699,0.028640372797262635,0.022419696701354536,0.0,0.0,0.009277656170909868,0.02645663754657712,0.019362716626352767,0.013142040530444668,0.007093920920224352,0.2681338816293434,0.01331459701613245,0.5032611189797644,0.03573429371748699,0.03356312577963749,0.03554427891288138,0.0,0.0,0.009277656170909868,0.02645663754657712,0.024285469608727624,0.026266622741971512,0.002171167937849494,0.08206515034373263,0.0001900148046056066,0.007182122228158616
35,2000,5,1.0,1.0,1.0,1.0,3,False,10,0.6,0.148,0.5005,0.009277656170909868,baseline_random,,0.002298703162438645,0.016168693153971396,0.016168693153971396,0.002658736412839529,0.006648947386099237,0.0019319046262407736,0.0037465294750598462,0.9935101398117895,0.006489860188210517,1.0,0.005413211939597762,0.004609680752208356,0.01136889660340712,0.01523185803373317,0.03573429371748699,0.03280372515395411,0.031995230245015854,0.0,0.0,0.009277656170909868,0.02645663754657712,0.023526068983044244,0.022717574074105986,0.0029305685635328746,0.11076874596681408,0.0037390634724711325,0.14132799248916206,0.03573429371748699,0.03356312577963749,0.03554427891288138,0.0,0.0,0.009277656170909868,0.02645663754657712,0.024285469608727624,0.026266622741971512,0.002171167937849494,0.08206515034373263,0.0001900148046056066,0.007182122228158616
35,2000,5,1.0,1.0,1.0,1.0,3,False,10,0.6,0.148,0.5005,0.009277656170909868,baseline_oracle_kmeans,,0.3521031741360764,0.6201191556101914,0.6201191556101915,0.35563760303176845,0.9554094585143681,0.6261268730695976,0.6457246448719114,0.06193399670528684,0.9380660032947131,1.0,0.4153040616027228,0.16370207249001711,0.03380397108619426,0.024977963403868375,0.03573429371748699,0.03738071973106759,0.0208058008692455,0.0,0.0,0.009277656170909868,0.02645663754657712,0.02810306356015772,0.011528144698335633,-0.0016464260135806014,-0.06223111348454835,0.014928492848241486,0.5642626664843466,0.03573429371748699,0.03356312577963749,0.03554427891288138,0.0,0.0,0.009277656170909868,0.02645663754657712,0.024285469608727624,0.026266622741971512,0.002171167937849494,0.08206515034373263,0.0001900148046056066,0.007182122228158616
35,2000,5,1.0,1.0,1.0,1.0,3,False,10,0.6,0.148,0.5005,0.009277656170909868,baseline_oracle_quantile,,0.09531338277148231,0.3062708838110207,0.30627088381102063,0.898469790611709,0.0053641876326063365,0.0035140579226833036,0.30244934538899954,0.9944680010907367,0.005531998909263258,0.7558917901572901,0.46110364668346904,0.3755006654746589,0.07736968977448033,0.03916900790040123,0.03573429371748699,0.035993138305081926,0.020044232898700196,0.0014534685000587254,0.5096294029462671,0.009277656170909868,0.02645663754657712,0.026715482134172058,0.010766576727790328,-0.0002588445875949391,-0.009783729589190715,0.01569006081878679,0.5930481827543018,0.03573429371748699,0.03356312577963749,0.03554427891288138,0.0,0.0,0.009277656170909868,0.02645663754657712,0.024285469608727624,0.026266622741971512,0.002171167937849494,0.08206515034373263,0.0001900148046056066,0.007182122228158616
36,2000,5,1.0,1.0,1.0,1.0,3,False,10,0.6,0.1585,0.483,0.00883654750113922,1A_predicted_prob,,0.023617820890217717,0.105752373640875,0.10575237364087499,0.3819138511798548,0.0033323325287515568,0.03594524874870975,0.1403971441524387,0.9961983276695852,0.0038016723304148403,1.0,0.36340679352514027,0.8126163931476181,0.19087151459692964,0.1004605607172474,0.051328320802005,0.03949244982350573,0.024756064608820173,0.0,0.0,0.00883654750113922,0.04249177330086578,0.030655902322366507,0.015919517107680952,0.011835870978499273,0.2785449996330964,0.026572256193184828,0.6253506062229559,0.051328320802005,0.04923939789406558,0.04617393651584266,0.0020835475253622206,0.29499115186706215,0.00883654750113922,0.04249177330086578,0.04040285039292636,0.03733738901470344,0.002088922907939418,0.049160643241426105,0.005154384286162342,0.1213031108319812
36,2000,5,1.0,1.0,1.0,1.0,3,False,10,0.6,0.1585,0.483,0.00883654750113922,1B_residual,,0.021771326399175252,0.10073813098844882,0.10073813098844882,0.3776789368128673,0.005184927493148486,0.036721384660404886,0.13986174965547354,0.9948615306603901,0.00513846933960993,0.36855484772289204,0.34960448270179756,0.6748160188153143,0.10901794521969299,0.05108361906083492,0.051328320802005,0.020866313742236495,0.011647511537107075,0.00019140300825915346,0.4349317157745919,0.00883654750113922,0.04249177330086578,0.012029766241097275,0.0028109640359678546,0.030462007059768505,0.7168918756127279,0.03968080926489793,0.9338468645197592,0.051328320802005,0.04923939789406558,0.04617393651584266,0.0020835475253622206,0.29499115186706215,0.00883654750113922,0.04249177330086578,0.04040285039292636,0.03733738901470344,0.002088922907939418,0.049160643241426105,0.005154384286162342,0.1213031108319812
36,2000,5,1.0,1.0,1.0,1.0,3,False,10,0.6,0.1585,0.483,0.00883654750113922,1C_cv_decision,,0.023617820890217717,0.105752373640875,0.10575237364087499,0.3819138511798548,0.0033323325287515568,0.03594524874870975,0.1403971441524387,0.9961983276695852,0.0038016723304148403,1.0,0.36340679352514027,0.8126163931476181,0.19087151459692964,0.1004605607172474,0.051328320802005,0.03949244982350573,0.024756064608820173,0.0,0.0,0.00883654750113922,0.04249177330086578,0.030655902322366507,0.015919517107680952,0.011835870978499273,0.2785449996330964,0.026572256193184828,0.6253506062229559,0.051328320802005,0.04923939789406558,0.04617393651584266,0.0020835475253622206,0.29499115186706215,0.00883654750113922,0.04249177330086578,0.04040285039292636,0.03733738901470344,0.002088922907939418,0.049160643241426105,0.005154384286162342,0.1213031108319812
36,2000,5,1.0,1.0,1.0,1.0,3,False,10,0.6,0.1585,0.483,0.00883654750113922,PS_propensity_score,,0.0077328540755454206,0.04945742875580659,0.049457428755806596,0.1389061253013624,0.0124920844362519,0.0068576237675606715,0.05275194450172499,0.9895239859599498,0.010476014040050163,1.0,0.09353950819427692,0.22283808443199216,0.004414655630928355,0.004588708608643577,0.051328320802005,0.035104048144449174,0.0422316477533433,0.0,0.0,0.00883654750113922,0.04249177330086578,0.026267500643309953,0.03339510025220408,0.016224272657555827,0.3818215008980398,0.0090966730486617,0.21408080534206253,0.051328320802005,0.04923939789406558,0.04617393651584266,0.0020835475253622206,0.29499115186706215,0.00883654750113922,0.04249177330086578,0.04040285039292636,0.03733738901470344,0.002088922907939418,0.049160643241426105,0.005154384286162342,0.1213031108319812
36,2000,5,1.0,1.0,1.0,1.0,3,False,10,0.6,0.1585,0.483,0.00883654750113922,GMM,,0.009427527607199837,0.04781321565572968,0.047813215655729685,0.07760233929039435,0.02085075908558252,0.019411011506939354,0.039288036627638745,0.9834676576689425,0.016532342331057492,0.6186080306608193,0.07771052448490012,0.12889618364871136,0.009841804171311419,0.013408382196566038,0.051328320802005,0.05200182075327621,0.05327324381548577,0.0008435057332399823,0.24892099438906895,0.00883654750113922,0.04249177330086578,0.04316527325213699,0.04443669631434655,-0.0006734999512712087,-0.01585012577616962,-0.0019449230134807663,-0.04577175444549253,0.051328320802005,0.04923939789406558,0.04617393651584266,0.0020835475253622206,0.29499115186706215,0.00883654750113922,0.04249177330086578,0.04040285039292636,0.03733738901470344,0.002088922907939418,0.049160643241426105,0.005154384286162342,0.1213031108319812
36,2000,5,1.0,1.0,1.0,1.0,3,False,10,0.6,0.1585,0.483,0.00883654750113922,Prognostic_score,,0.022175051396722743,0.10097625397093846,0.10097625397093847,0.3534917230599862,0.006541674252360598,0.039959555684563185,0.1333309843323033,0.9938752130869137,0.0061247869130862664,1.0,0.3448697970287866,0.7923678003550599,0.19413285258317103,0.1005173100321175,0.051328320802005,0.03881788859500805,0.02573960619251515,0.0002823110306958379,0.13518263576898337,0.00883654750113922,0.04249177330086578,0.02998134109386883,0.01690305869137593,0.01251043220699695,0.29442010147272546,0.02558871460948985,0.6022039708323605,0.051328320802005,0.04923939789406558,0.04617393651584266,0.0020835475253622206,0.29499115186706215,0.00883654750113922,0.04249177330086578,0.04040285039292636,0.03733738901470344,0.002088922907939418,0.049160643241426105,0.005154384286162342,0.1213031108319812
36,2000,5,1.0,1.0,1.0,1.0,3,False,10,0.6,0.1585,0.483,0.00883654750113922,2A_PCA_cum60,,0.012601955333770776,0.058752596033311,0.058752596033311004,0.16687949994436774,0.025928636367659384,0.026122371370420658,0.07297683589414926,0.9796943481291832,0.020305651870816788,1.0,0.13143456777286155,0.49662433939413053,0.009337512773160084,0.007357284326963809,0.051328320802005,0.0451512799439586,0.039337755251112626,0.0,0.0,0.00883654750113922,0.04249177330086578,0.03631473244281938,0.030501207749973405,0.0061770408580463995,0.14537027707244543,0.011990565550892375,0.28218557662897215,0.051328320802005,0.04923939789406558,0.04617393651584266,0.0020835475253622206,0.29499115186706215,0.00883654750113922,0.04249177330086578,0.04040285039292636,0.03733738901470344,0.002088922907939418,0.049160643241426105,0.005154384286162342,0.1213031108319812
36,2000,5,1.0,1.0,1.0,1.0,3,False,10,0.6,0.1585,0.483,0.00883654750113922,2B_clustering,,0.01791458407156224,0.09001694697601456,0.09001694697601456,0.26927973138009403,0.024987385382841534,0.06577343044315892,0.12001351573536483,0.9804634356786986,0.019536564321301353,0.6915718917260889,0.21182201199345652,0.5351711602185909,0.09341599435164416,0.06549876635392748,0.051328320802005,0.046084589540715704,0.03340145242968999,0.002651577194244244,0.5759759381058287,0.00883654750113922,0.04249177330086578,0.03724804203957648,0.02456490492855077,0.005243731261289297,0.12340579961586251,0.01792686837231501,0.42189033263880626,0.051328320802005,0.04923939789406558,0.04617393651584266,0.0020835475253622206,0.29499115186706215,0.00883654750113922,0.04249177330086578,0.04040285039292636,0.03733738901470344,0.002088922907939418,0.049160643241426105,0.005154384286162342,0.1213031108319812
36,2000,5,1.0,1.0,1.0,1.0,3,False,10,0.6,0.1585,0.483,0.00883654750113922,baseline_random,,-0.00040777904665053016,0.015186602323870231,0.015186602323870233,0.0021968051107410197,0.002207303237352847,0.0006675200328389473,0.0016905427936442714,0.9970097136230289,0.002990286376971074,1.0,0.004149699645126681,0.0035113716221645275,0.0029429285111224335,0.0014310213763393254,0.051328320802005,0.05414751358325391,0.053276751648534654,0.0,0.0,0.00883654750113922,0.04249177330086578,0.04531096608211469,0.04444020414739543,-0.002819192781248911,-0.06634679050195036,-0.001948430846529653,-0.045854307673479866,0.051328320802005,0.04923939789406558,0.04617393651584266,0.0020835475253622206,0.29499115186706215,0.00883654750113922,0.04249177330086578,0.04040285039292636,0.03733738901470344,0.002088922907939418,0.049160643241426105,0.005154384286162342,0.1213031108319812
36,2000,5,1.0,1.0,1.0,1.0,3,False,10,0.6,0.1585,0.483,0.00883654750113922,baseline_oracle_kmeans,,0.34868829318890815,0.6215795788848267,0.6215795788848266,0.3144920198759442,0.976724993062505,0.6450355161094644,0.6454175096826379,0.03828738343260096,0.961712616567399,1.0,0.3587424143417396,0.198314621432101,0.014850618180944353,0.014691961936616038,0.051328320802005,0.041115401793074643,0.02927464091554099,0.0,0.0,0.00883654750113922,0.04249177330086578,0.03227885429193542,0.02043809341440177,0.010212919008930357,0.24035050118094903,0.02205367988646401,0.5190105795376316,0.051328320802005,0.04923939789406558,0.04617393651584266,0.0020835475253622206,0.29499115186706215,0.00883654750113922,0.04249177330086578,0.04040285039292636,0.03733738901470344,0.002088922907939418,0.049160643241426105,0.005154384286162342,0.1213031108319812
36,2000,5,1.0,1.0,1.0,1.0,3,False,10,0.6,0.1585,0.483,0.00883654750113922,baseline_oracle_quantile,,0.10489765231610168,0.3335369687007843,0.33353696870078425,0.9076640435933326,0.002732929651531605,0.011165700908262079,0.3071875580510421,0.9966304078216093,0.0033695921783907234,1.0,0.4083302111229926,0.32120550271053394,0.05561849307614286,0.03586438770248024,0.051328320802005,0.04031531821466258,0.026490788540458693,0.0005641112117102356,0.26502305694299416,0.00883654750113922,0.04249177330086578,0.03147877071352336,0.017654241039319472,0.011013002587342419,0.259179641888893,0.024837532261546308,0.5845256700793007,0.051328320802005,0.04923939789406558,0.04617393651584266,0.0020835475253622206,0.29499115186706215,0.00883654750113922,0.04249177330086578,0.04040285039292636,0.03733738901470344,0.002088922907939418,0.049160643241426105,0.005154384286162342,0.1213031108319812
37,2000,5,1.0,1.0,1.0,1.0,3,False,10,0.6,0.127,0.493,0.00943433832397282,1A_predicted_prob,,0.026020331246735792,0.10030818173876858,0.10030818173876858,0.2958137920094396,0.006462889308858866,0.07558181810392352,0.12595283314074066,0.9948424553058922,0.005157544694107785,1.0,0.31826947973124253,0.7546232884196715,0.06514748073375498,0.035575394583161835,0.03258325832583257,0.03254717667524572,0.01761234812219596,0.0,0.0,0.00943433832397282,0.023148920001859752,0.023112838351272896,0.008178009798223142,3.608165058685553e-05,0.001558675332756665,0.01497091020363661,0.6467217564548959,0.03258325832583257,0.03139475449360009,0.033371311470153334,0.0,0.0,0.00943433832397282,0.023148920001859752,0.021960416169627267,0.023936973146180512,0.0011885038322324848,0.05134165361222043,-0.0007880531443207606,-0.03404276071010881
37,2000,5,1.0,1.0,1.0,1.0,3,False,10,0.6,0.127,0.493,0.00943433832397282,1B_residual,,0.030940496203789063,0.11232983570470613,0.11232983570470613,0.32106704617741183,0.014610299879073665,0.08661593862309927,0.14076442822652824,0.9889256091262443,0.011074390873755724,1.0,0.3475429928632401,0.6569650812572831,0.06798630262008398,0.034789947492406714,0.03258325832583257,0.016683462565288357,0.0001443174447152463,0.0,0.0,0.00943433832397282,0.023148920001859752,0.007249124241315538,0.009290020879257573,0.015899795760544212,0.6868482745314618,0.01385889912260218,0.5986844795130302,0.03258325832583257,0.03139475449360009,0.033371311470153334,0.0,0.0,0.00943433832397282,0.023148920001859752,0.021960416169627267,0.023936973146180512,0.0011885038322324848,0.05134165361222043,-0.0007880531443207606,-0.03404276071010881
37,2000,5,1.0,1.0,1.0,1.0,3,False,10,0.6,0.127,0.493,0.00943433832397282,1C_cv_decision,,0.026020331246735792,0.10030818173876858,0.10030818173876858,0.2958137920094396,0.006462889308858866,0.07558181810392352,0.12595283314074066,0.9948424553058922,0.005157544694107785,1.0,0.31826947973124253,0.7546232884196715,0.06514748073375498,0.035575394583161835,0.03258325832583257,0.03254717667524572,0.01761234812219596,0.0,0.0,0.00943433832397282,0.023148920001859752,0.023112838351272896,0.008178009798223142,3.608165058685553e-05,0.001558675332756665,0.01497091020363661,0.6467217564548959,0.03258325832583257,0.03139475449360009,0.033371311470153334,0.0,0.0,0.00943433832397282,0.023148920001859752,0.021960416169627267,0.023936973146180512,0.0011885038322324848,0.05134165361222043,-0.0007880531443207606,-0.03404276071010881
37,2000,5,1.0,1.0,1.0,1.0,3,False,10,0.6,0.127,0.493,0.00943433832397282,PS_propensity_score,,0.0034820807241787615,0.025291091936952143,0.025291091936952143,0.0015711145499992894,0.00683674747313932,0.01954688836328896,0.009318250128809191,0.994570815574064,0.0054291844259359845,1.0,0.004400273038334457,0.02216765401440346,0.011094717744133398,0.011344774830727378,0.03258325832583257,0.033126552347919405,0.034078036633360696,0.0,0.0,0.00943433832397282,0.023148920001859752,0.023692214023946584,0.024643698309387875,-0.0005432940220868321,-0.023469519184617926,-0.0014947783075281232,-0.06457226978226349,0.03258325832583257,0.03139475449360009,0.033371311470153334,0.0,0.0,0.00943433832397282,0.023148920001859752,0.021960416169627267,0.023936973146180512,0.0011885038322324848,0.05134165361222043,-0.0007880531443207606,-0.03404276071010881
37,2000,5,1.0,1.0,1.0,1.0,3,False,10,0.6,0.127,0.493,0.00943433832397282,GMM,,0.0032035698781690495,0.021515389892228683,0.021515389892228686,0.03164169097900295,0.010458912762389336,0.009312006507696341,0.017137536749696206,0.9919105402866004,0.008089459713399583,0.7388830652853957,0.02913113507291798,0.05984403540025729,0.028271570501922416,0.02208848948857578,0.03258325832583257,0.03224097755744816,0.028652978977594425,0.0010883665909897568,0.3245911703417346,0.00943433832397282,0.023148920001859752,0.02280663923347534,0.019218640653621603,0.000342280768384412,0.014786036167428684,0.0039302793482381485,0.16978240660568167,0.03258325832583257,0.03139475449360009,0.033371311470153334,0.0,0.0,0.00943433832397282,0.023148920001859752,0.021960416169627267,0.023936973146180512,0.0011885038322324848,0.05134165361222043,-0.0007880531443207606,-0.03404276071010881
37,2000,5,1.0,1.0,1.0,1.0,3,False,10,0.6,0.127,0.493,0.00943433832397282,Prognostic_score,,0.026926008196417894,0.09974993611390888,0.09974993611390887,0.32253330583721873,0.006052799747938903,0.07056607707417438,0.13305072755311068,0.9951416723340611,0.004858327665938855,1.0,0.333590060127135,0.8328058455221412,0.11376044002227415,0.0584909684627587,0.03258325832583257,0.03603064350863097,0.022121647853827392,0.0,0.0,0.00943433832397282,0.023148920001859752,0.02659630518465815,0.012687309529854572,-0.0034473851827983987,-0.1489220742272832,0.01046161047200518,0.4519265033169888,0.03258325832583257,0.03139475449360009,0.033371311470153334,0.0,0.0,0.00943433832397282,0.023148920001859752,0.021960416169627267,0.023936973146180512,0.0011885038322324848,0.05134165361222043,-0.0007880531443207606,-0.03404276071010881
37,2000,5,1.0,1.0,1.0,1.0,3,False,10,0.6,0.127,0.493,0.00943433832397282,2A_PCA_cum60,,0.023218829090013434,0.07011313927516148,0.07011313927516148,0.09216393970441081,0.02083033249844801,0.10781492854512216,0.07360306691599366,0.9844223152525075,0.015577684747492548,0.6020424086768504,0.17623750535182936,0.4331194220521062,0.2744216115743877,0.1899287056049469,0.03258325832583257,0.03879715154707908,0.024580205522176497,0.0026320407854574243,0.5931508950988019,0.00943433832397282,0.023148920001859752,0.029362813223106257,0.015145867198203678,-0.006213893221246505,-0.2684312365651309,0.008003052803656074,0.3457203533907033,0.03258325832583257,0.03139475449360009,0.033371311470153334,0.0,0.0,0.00943433832397282,0.023148920001859752,0.021960416169627267,0.023936973146180512,0.0011885038322324848,0.05134165361222043,-0.0007880531443207606,-0.03404276071010881
37,2000,5,1.0,1.0,1.0,1.0,3,False,10,0.6,0.127,0.493,0.00943433832397282,2B_clustering,,0.017311961737406487,0.07300266172935815,0.07300266172935815,0.2237443911874845,0.02043151709778454,0.051808686131218945,0.09866153147216265,0.9845486176726536,0.015451382327346441,1.0,0.21524972838173295,0.5601099723536479,0.10129590732860605,0.06849587776444166,0.03258325832583257,0.03755218566907658,0.020477172758379455,0.0006664938744988537,0.28990189722628995,0.00943433832397282,0.023148920001859752,0.02811784734510376,0.011042834434406635,-0.004968927343244008,-0.2146505039044937,0.012106085567453117,0.5229654587117036,0.03258325832583257,0.03139475449360009,0.033371311470153334,0.0,0.0,0.00943433832397282,0.023148920001859752,0.021960416169627267,0.023936973146180512,0.0011885038322324848,0.05134165361222043,-0.0007880531443207606,-0.03404276071010881
37,2000,5,1.0,1.0,1.0,1.0,3,False,10,0.6,0.127,0.493,0.00943433832397282,baseline_random,,0.00015826172003151895,0.01717744683160828,0.017177446831608278,0.002086991734135925,0.0007874632538800244,0.0008500428236629771,0.0012414992705596423,0.9989441450840435,0.0010558549159565,0.8877977536987569,0.0014247745424416092,0.0006577770526169369,0.00033968038989107274,0.001628403606834139,0.03258325832583257,0.03217137715938065,0.03496957576191448,0.00019714179139912602,0.08106666438466827,0.00943433832397282,0.023148920001859752,0.022737038835407827,0.025535237437941657,0.0004118811664519245,0.017792673110401447,-0.0023863174360819056,-0.10308547594834638,0.03258325832583257,0.03139475449360009,0.033371311470153334,0.0,0.0,0.00943433832397282,0.023148920001859752,0.021960416169627267,0.023936973146180512,0.0011885038322324848,0.05134165361222043,-0.0007880531443207606,-0.03404276071010881
37,2000,5,1.0,1.0,1.0,1.0,3,False,10,0.6,0.127,0.493,0.00943433832397282,baseline_oracle_kmeans,,0.3639843852410928,0.6278473109967908,0.6278473109967908,0.3186151427919417,0.9767978746853211,0.6553965277331399,0.6502698484034676,0.037803627314875084,0.9621963726851249,0.9567665613977909,0.3252932240203349,0.11242444461834034,0.021030501636659205,0.013167299421179557,0.03258325832583257,0.034039834709247575,0.012491700219129178,0.0013954220909253618,0.4893313952939316,0.00943433832397282,0.023148920001859752,0.024605496385274754,0.0030573618951563585,-0.0014565763834150022,-0.06292200168724871,0.02009155810670339,0.8679263700029749,0.03258325832583257,0.03139475449360009,0.033371311470153334,0.0,0.0,0.00943433832397282,0.023148920001859752,0.021960416169627267,0.023936973146180512,0.0011885038322324848,0.05134165361222043,-0.0007880531443207606,-0.03404276071010881
37,2000,5,1.0,1.0,1.0,1.0,3,False,10,0.6,0.127,0.493,0.00943433832397282,baseline_oracle_quantile,,0.08932109744374207,0.2944863669408866,0.2944863669408866,0.9005570231936364,0.00034352263523030035,0.0022309389332194306,0.3010438282540287,0.9992644919331991,0.000735508066800894,1.0,0.4231697559073403,0.286821265375103,0.04597496530345169,0.028511113067235416,0.03258325832583257,0.0325093428260082,0.006536036209509349,0.0,0.0,0.00943433832397282,0.023148920001859752,0.02307500450203538,0.00289830211446347,7.391549982437018e-05,0.0031930431233263556,0.02025061788739628,0.8747975234166162,0.03258325832583257,0.03139475449360009,0.033371311470153334,0.0,0.0,0.00943433832397282,0.023148920001859752,0.021960416169627267,0.023936973146180512,0.0011885038322324848,0.05134165361222043,-0.0007880531443207606,-0.03404276071010881
38,2000,5,1.0,1.0,1.0,1.0,3,False,10,0.6,0.141,0.4935,0.009190568456403031,1A_predicted_prob,,0.0282818950151529,0.11972710111311526,0.11972710111311526,0.39316896430436465,0.007783913371604654,0.07492973576413599,0.15862753781336844,0.9781195917890941,0.021880408210905866,1.0,0.3947515666665563,0.8277367261746424,0.10322855058996627,0.05522637786661566,0.008356300826829755,0.01117278388747004,-0.004836738580549212,0.0,0.0,0.009190568456403031,0.0008342676295732768,0.001982215431067009,0.014027307036952243,-0.0011479478014937324,-1.375994657830487,-0.013193039407378966,-15.813917428544041,0.008356300826829755,0.01312589982194258,0.009235607292230795,0.0,0.0,0.009190568456403031,0.0008342676295732768,0.0039353313655395485,4.503883582776362e-05,-0.0031010637359662717,-3.7171090259758106,0.0007892287937455132,0.9460139237922959
38,2000,5,1.0,1.0,1.0,1.0,3,False,10,0.6,0.141,0.4935,0.009190568456403031,1B_residual,,0.030394109002397918,0.12405882861621971,0.1240588286162197,0.3769991816197106,0.007738281839329813,0.08178786749142544,0.15550844365015526,0.9781532595857061,0.021846740414293908,1.0,0.3848398198127493,0.721563651740265,0.0485246075721848,0.026926896240237586,0.008356300826829755,0.017660393355394693,0.0019741527986623,0.0,0.0,0.009190568456403031,0.0008342676295732768,0.008469824898991661,0.007216415657740731,-0.007635557269418385,-9.152407451460066,-0.006382148028167454,-7.650000793428706,0.008356300826829755,0.01312589982194258,0.009235607292230795,0.0,0.0,0.009190568456403031,0.0008342676295732768,0.0039353313655395485,4.503883582776362e-05,-0.0031010637359662717,-3.7171090259758106,0.0007892287937455132,0.9460139237922959
38,2000,5,1.0,1.0,1.0,1.0,3,False,10,0.6,0.141,0.4935,0.009190568456403031,1C_cv_decision,,0.0282818950151529,0.11972710111311526,0.11972710111311526,0.39316896430436465,0.007783913371604654,0.07492973576413599,0.15862753781336844,0.9781195917890941,0.021880408210905866,1.0,0.3947515666665563,0.8277367261746424,0.10322855058996627,0.05522637786661566,0.008356300826829755,0.01117278388747004,-0.004836738580549212,0.0,0.0,0.009190568456403031,0.0008342676295732768,0.001982215431067009,0.014027307036952243,-0.0011479478014937324,-1.375994657830487,-0.013193039407378966,-15.813917428544041,0.008356300826829755,0.01312589982194258,0.009235607292230795,0.0,0.0,0.009190568456403031,0.0008342676295732768,0.0039353313655395485,4.503883582776362e-05,-0.0031010637359662717,-3.7171090259758106,0.0007892287937455132,0.9460139237922959
38,2000,5,1.0,1.0,1.0,1.0,3,False,10,0.6,0.141,0.4935,0.009190568456403031,PS_propensity_score,,0.002573603022927108,0.03381556421679517,0.03381556421679518,0.07299914860105051,0.009222397980771459,0.0011106670171234835,0.027777404532981817,0.977020626657839,0.022979373342161047,1.0,0.034769813051980236,0.043216175453915984,0.05813318540570289,0.02300195202346611,0.008356300826829755,0.010888496553754564,0.006806161198624203,0.0,0.0,0.009190568456403031,0.0008342676295732768,0.0016979280973515327,0.0023844072577788285,-0.0008636604677782558,-1.0352319054018833,-0.0015501396282055517,-1.8580843523779524,0.008356300826829755,0.01312589982194258,0.009235607292230795,0.0,0.0,0.009190568456403031,0.0008342676295732768,0.0039353313655395485,4.503883582776362e-05,-0.0031010637359662717,-3.7171090259758106,0.0007892287937455132,0.9460139237922959
38,2000,5,1.0,1.0,1.0,1.0,3,False,10,0.6,0.141,0.4935,0.009190568456403031,GMM,,0.0013853779865088762,0.02971896995892335,0.02971896995892335,0.05847051241780264,0.004029045682642705,0.005235439914899607,0.02257833267178165,0.9807978704168694,0.01920212958313061,0.8187424863328112,0.03296543423516696,0.0941536738072507,0.05542671648044284,0.028650097508535644,0.008356300826829755,0.005918133265559769,-0.0018538079898200405,0.0010180792840723356,0.32006969620227843,0.009190568456403031,0.0008342676295732768,0.003272435190843262,0.011044376446223072,-0.002438167561269985,-2.9225244691767487,-0.010210108816649795,-12.238409420094854,0.008356300826829755,0.01312589982194258,0.009235607292230795,0.0,0.0,0.009190568456403031,0.0008342676295732768,0.0039353313655395485,4.503883582776362e-05,-0.0031010637359662717,-3.7171090259758106,0.0007892287937455132,0.9460139237922959
38,2000,5,1.0,1.0,1.0,1.0,3,False,10,0.6,0.141,0.4935,0.009190568456403031,Prognostic_score,,0.023405329212447416,0.10804453926554615,0.10804453926554616,0.37664152129134404,0.005618588942023254,0.04960839438767662,0.14395616820701465,0.979658289279335,0.02034171072066504,1.0,0.3449491638433899,0.7789022983598373,0.05955258120700235,0.027306449460278936,0.008356300826829755,0.014040136408937866,-0.0009321275259046617,0.0,0.0,0.009190568456403031,0.0008342676295732768,0.004849567952534835,0.010122695982307693,-0.004015300322961558,-4.812964306208742,-0.009288428352734416,-11.133631491234286,0.008356300826829755,0.01312589982194258,0.009235607292230795,0.0,0.0,0.009190568456403031,0.0008342676295732768,0.0039353313655395485,4.503883582776362e-05,-0.0031010637359662717,-3.7171090259758106,0.0007892287937455132,0.9460139237922959
38,2000,5,1.0,1.0,1.0,1.0,3,False,10,0.6,0.141,0.4935,0.009190568456403031,2A_PCA_cum60,,0.01831768716200451,0.0733181561888144,0.0733181561888144,0.1843324943915159,0.003608830098919924,0.08609069172658634,0.09134400540567406,0.981110035018439,0.018889964981561036,1.0,0.2434336622987564,0.47071973140721657,0.00789730546623002,0.0032232635010833732,0.008356300826829755,0.00360370064508061,0.003069390021582138,0.0,0.0,0.009190568456403031,0.0008342676295732768,0.005586867811322421,0.006121178434820893,-0.0047526001817491444,-5.6967332943027795,-0.0052869108052476166,-6.337187993200505,0.008356300826829755,0.01312589982194258,0.009235607292230795,0.0,0.0,0.009190568456403031,0.0008342676295732768,0.0039353313655395485,4.503883582776362e-05,-0.0031010637359662717,-3.7171090259758106,0.0007892287937455132,0.9460139237922959
38,2000,5,1.0,1.0,1.0,1.0,3,False,10,0.6,0.141,0.4935,0.009190568456403031,2B_clustering,,0.02343833387845932,0.09952983837737565,0.09952983837737567,0.30092089927784443,0.054212126070162445,0.042201754781004935,0.1324449267096706,0.9441087675236624,0.05589123247633765,1.0,0.19751775986573006,0.4286044868815152,0.017241591083680397,0.0061167549449863134,0.008356300826829755,0.010478159565137778,3.52860458874776e-05,0.0,0.0,0.009190568456403031,0.0008342676295732768,0.0012875911087347463,0.009155282410515555,-0.00045332347916146945,-0.543378962687719,-0.008321014780942278,-9.974035292725464,0.008356300826829755,0.01312589982194258,0.009235607292230795,0.0,0.0,0.009190568456403031,0.0008342676295732768,0.0039353313655395485,4.503883582776362e-05,-0.0031010637359662717,-3.7171090259758106,0.0007892287937455132,0.9460139237922959
38,2000,5,1.0,1.0,1.0,1.0,3,False,10,0.6,0.141,0.4935,0.009190568456403031,baseline_random,,-2.3693292841397427e-05,0.017673834119082372,0.01767383411908238,0.0028962019174178445,0.0021999306034210654,0.0089307486781662,0.004675627066335037,0.9821119131359777,0.017888086864022323,1.0,0.006487120605442542,0.005152581813782864,0.005412040428772857,0.0025874400338697923,0.008356300826829755,0.008133714839350508,0.005812914587731226,0.0,0.0,0.009190568456403031,0.0008342676295732768,0.0010568536170525236,0.003377653868671805,-0.00022258598747924678,-0.26680405614334846,-0.002543386239098528,-3.0486454813061075,0.008356300826829755,0.01312589982194258,0.009235607292230795,0.0,0.0,0.009190568456403031,0.0008342676295732768,0.0039353313655395485,4.503883582776362e-05,-0.0031010637359662717,-3.7171090259758106,0.0007892287937455132,0.9460139237922959
38,2000,5,1.0,1.0,1.0,1.0,3,False,10,0.6,0.141,0.4935,0.009190568456403031,baseline_oracle_kmeans,,0.3716056560499174,0.6319473810503963,0.6319473810503963,0.3084439872382248,0.9918934315947685,0.6774131428483863,0.6592501872271265,0.016313870212311565,0.9836861297876884,1.0,0.3846688774846385,0.21280513799395095,0.01491843683980243,0.002378494150685362,0.008356300826829755,0.008951016929200889,-0.008507390954541985,0.0,0.0,0.009190568456403031,0.0008342676295732768,0.00023955152720214236,0.017697959410945017,0.0005947161023711345,0.7128600958367861,-0.016863691781371738,-20.21376736143703,0.008356300826829755,0.01312589982194258,0.009235607292230795,0.0,0.0,0.009190568456403031,0.0008342676295732768,0.0039353313655395485,4.503883582776362e-05,-0.0031010637359662717,-3.7171090259758106,0.0007892287937455132,0.9460139237922959
38,2000,5,1.0,1.0,1.0,1.0,3,False,10,0.6,0.141,0.4935,0.009190568456403031,baseline_oracle_quantile,,0.10019952768522764,0.3247747498568392,0.32477474985683913,0.8959082912631605,0.004284729810030943,0.009172885203831343,0.3031219687590076,0.980637018205171,0.019362981794828982,1.0,0.45668868200210144,0.3490212762507584,0.07372252052382589,0.023265566516366687,0.008356300826829755,0.007717534257217226,0.0034960676040521337,0.0,0.0,0.009190568456403031,0.0008342676295732768,0.0014730341991858057,0.005694500852350898,-0.0006387665696125288,-0.7656614579895116,-0.004860233222777621,-5.825748297657914,0.008356300826829755,0.01312589982194258,0.009235607292230795,0.0,0.0,0.009190568456403031,0.0008342676295732768,0.0039353313655395485,4.503883582776362e-05,-0.0031010637359662717,-3.7171090259758106,0.0007892287937455132,0.9460139237922959
39,2000,5,1.0,1.0,1.0,1.0,3,False,10,0.6,0.1355,0.5065,0.00851963751350342,1A_predicted_prob,,0.02855630341075095,0.1098410854594127,0.1098410854594127,0.324445654316689,0.004567068395224562,0.10683553325525491,0.14528275198905616,0.9965959966316591,0.003404003368340902,1.0,0.3680720408553566,0.8363903940767525,0.06665190911094143,0.02929967749723661,0.006389252293449527,-0.006323366855895478,-0.013278501981993665,0.0,0.0,0.00851963751350342,0.0021303852200538938,0.014843004369398899,0.021798139495497085,-0.012712619149345005,-5.967286587269604,-0.01966775427544319,-9.232017801431068,0.006389252293449527,0.01468305610162135,0.01581597383484939,0.0011586653522756684,0.2268221765901152,0.00851963751350342,0.0021303852200538938,0.00616341858811793,0.007296336321345971,-0.004033033368064036,-1.8931005200843485,-0.005165951101292077,-2.424890603194004
39,2000,5,1.0,1.0,1.0,1.0,3,False,10,0.6,0.1355,0.5065,0.00851963751350342,1B_residual,,0.03386871121606189,0.11611996301136904,0.11611996301136901,0.33030436803223184,0.008236323805013115,0.10656381595167126,0.14836816926297205,0.9939396925844245,0.0060603074155755055,1.0,0.3560353901527604,0.7055998404742027,0.0594082854505521,0.026262259707547697,0.006389252293449527,-0.003432620686724451,-0.0006342958780728984,0.0,0.0,0.00851963751350342,0.0021303852200538938,0.011952258200227871,0.00915393339157632,-0.009821872980173977,-4.610374165065559,-0.007023548171522426,-3.2968442070513175,0.006389252293449527,0.01468305610162135,0.01581597383484939,0.0011586653522756684,0.2268221765901152,0.00851963751350342,0.0021303852200538938,0.00616341858811793,0.007296336321345971,-0.004033033368064036,-1.8931005200843485,-0.005165951101292077,-2.424890603194004
39,2000,5,1.0,1.0,1.0,1.0,3,False,10,0.6,0.1355,0.5065,0.00851963751350342,1C_cv_decision,,0.02855630341075095,0.1098410854594127,0.1098410854594127,0.324445654316689,0.004567068395224562,0.10683553325525491,0.14528275198905616,0.9965959966316591,0.003404003368340902,1.0,0.3680720408553566,0.8363903940767525,0.06665190911094143,0.02929967749723661,0.006389252293449527,-0.006323366855895478,-0.013278501981993665,0.0,0.0,0.00851963751350342,0.0021303852200538938,0.014843004369398899,0.021798139495497085,-0.012712619149345005,-5.967286587269604,-0.01966775427544319,-9.232017801431068,0.006389252293449527,0.01468305610162135,0.01581597383484939,0.0011586653522756684,0.2268221765901152,0.00851963751350342,0.0021303852200538938,0.00616341858811793,0.007296336321345971,-0.004033033368064036,-1.8931005200843485,-0.005165951101292077,-2.424890603194004
39,2000,5,1.0,1.0,1.0,1.0,3,False,10,0.6,0.1355,0.5065,0.00851963751350342,PS_propensity_score,,0.0041663204471630855,0.021610955778443606,0.021610955778443613,0.0019468222534050402,0.010340182063448031,0.024228559069501974,0.012171854462118348,0.9924144110387636,0.0075855889612364,1.0,0.00724496449712464,0.002918573243063549,0.017469505853621725,0.015632826677589695,0.006389252293449527,0.005945992332800091,0.00657470272055403,0.0,0.0,0.00851963751350342,0.0021303852200538938,0.0025736451807033293,0.0019449347929493908,-0.00044325996064943553,-0.20806563830658864,0.000185450427104503,0.08705018480170057,0.006389252293449527,0.01468305610162135,0.01581597383484939,0.0011586653522756684,0.2268221765901152,0.00851963751350342,0.0021303852200538938,0.00616341858811793,0.007296336321345971,-0.004033033368064036,-1.8931005200843485,-0.005165951101292077,-2.424890603194004
39,2000,5,1.0,1.0,1.0,1.0,3,False,10,0.6,0.1355,0.5065,0.00851963751350342,GMM,,0.004021042031238005,0.028368043289308895,0.028368043289308892,0.05141670995862985,0.0031896318268129754,0.021486033018868665,0.0253641249347705,0.9975935602004832,0.002406439799516824,1.0,0.04535492410699338,0.11252973064950778,0.02726396894128269,0.025385353434502655,0.006389252293449527,0.007678778570550051,0.007039664464888025,0.0,0.0,0.00851963751350342,0.0021303852200538938,0.0008408589429533698,0.0014799730486153954,0.001289526277100524,0.6053019261314168,0.0006504121714384983,0.3053026116197166,0.006389252293449527,0.01468305610162135,0.01581597383484939,0.0011586653522756684,0.2268221765901152,0.00851963751350342,0.0021303852200538938,0.00616341858811793,0.007296336321345971,-0.004033033368064036,-1.8931005200843485,-0.005165951101292077,-2.424890603194004
39,2000,5,1.0,1.0,1.0,1.0,3,False,10,0.6,0.1355,0.5065,0.00851963751350342,Prognostic_score,,0.025548092843445096,0.09878040572669221,0.09878040572669221,0.27420091405138813,0.006828001264168882,0.10503119775897808,0.12868670435817836,0.9949605892695444,0.005039410730455551,0.8393306016425777,0.30132627189944916,0.7354196898284223,0.06574559093277121,0.03155152129899719,0.006389252293449527,-0.009860505068388908,-0.021104939104298785,6.317209981912306e-05,0.040816448235759854,0.00851963751350342,0.0021303852200538938,0.018380142581892328,0.029624576617802205,-0.016249757361838434,-7.6276145782814595,-0.02749419139774831,-12.905737018327969,0.006389252293449527,0.01468305610162135,0.01581597383484939,0.0011586653522756684,0.2268221765901152,0.00851963751350342,0.0021303852200538938,0.00616341858811793,0.007296336321345971,-0.004033033368064036,-1.8931005200843485,-0.005165951101292077,-2.424890603194004
39,2000,5,1.0,1.0,1.0,1.0,3,False,10,0.6,0.1355,0.5065,0.00851963751350342,2A_PCA_cum60,,0.010780073280688819,0.05296628817461239,0.05296628817461239,0.13555990270083915,0.025752562083478238,0.03809221956690845,0.06646822811707527,0.9811189140849566,0.01888108591504345,1.0,0.1356853188994207,0.4465823639842589,0.10005914111458614,0.0652454510501782,0.006389252293449527,0.00032171259384814344,-0.015067822111400854,0.0,0.0,0.00851963751350342,0.0021303852200538938,0.008197924919655278,0.023587459624904272,-0.006067539699601384,-2.8480950968331866,-0.02145707440485038,-10.071922299717967,0.006389252293449527,0.01468305610162135,0.01581597383484939,0.0011586653522756684,0.2268221765901152,0.00851963751350342,0.0021303852200538938,0.00616341858811793,0.007296336321345971,-0.004033033368064036,-1.8931005200843485,-0.005165951101292077,-2.424890603194004
39,2000,5,1.0,1.0,1.0,1.0,3,False,10,0.6,0.1355,0.5065,0.00851963751350342,2B_clustering,,0.016126050093588046,0.07644581495484148,0.07644581495484147,0.2661435799663358,0.018721774092835822,0.060623875487070704,0.11516307651541412,0.9863102535519748,0.01368974644802523,0.8596100245383975,0.23495399219827062,0.5834817983587155,0.12471774122332269,0.04123481306396837,0.006389252293449527,0.0030382110075954415,-0.007681904935204436,0.00037248683458716614,0.19232330559043462,0.00851963751350342,0.0021303852200538938,0.005481426505907979,0.016201542448707855,-0.003351041285854085,-1.5729743401849698,-0.014071157228653961,-6.604982561932153,0.006389252293449527,0.01468305610162135,0.01581597383484939,0.0011586653522756684,0.2268221765901152,0.00851963751350342,0.0021303852200538938,0.00616341858811793,0.007296336321345971,-0.004033033368064036,-1.8931005200843485,-0.005165951101292077,-2.424890603194004
39,2000,5,1.0,1.0,1.0,1.0,3,False,10,0.6,0.1355,0.5065,0.00851963751350342,baseline_random,,0.0005787590286767728,0.017453718492116008,0.017453718492116004,0.0030621262288957852,0.00037906210653825944,0.0029828113679206555,0.0021413332344515667,0.9996226029688253,0.0003773970311746755,0.9348582870735566,0.008233203908739828,0.007090374481846351,0.002016040895135962,0.0012068241968234972,0.006389252293449527,0.0036221019328232782,0.00848089912553035,0.00011034384139373078,0.046887609626207354,0.00851963751350342,0.0021303852200538938,0.004897535580680143,3.8738387973070304e-05,-0.002767150360626249,-1.2988967134104725,0.0020916468320808235,0.9818162520053109,0.006389252293449527,0.01468305610162135,0.01581597383484939,0.0011586653522756684,0.2268221765901152,0.00851963751350342,0.0021303852200538938,0.00616341858811793,0.007296336321345971,-0.004033033368064036,-1.8931005200843485,-0.005165951101292077,-2.424890603194004
39,2000,5,1.0,1.0,1.0,1.0,3,False,10,0.6,0.1355,0.5065,0.00851963751350342,baseline_oracle_kmeans,,0.3505493490726072,0.6224733423902447,0.6224733423902445,0.3139513159821186,0.9806069635003052,0.6448184536552362,0.6464589110458866,0.03228049839271642,0.9677195016072836,1.0,0.42663755431167827,0.21975076871087917,0.013384621568145016,0.010987999282334626,0.006389252293449527,-0.0008365988661267337,-0.013858207321215227,0.0,0.0,0.00851963751350342,0.0021303852200538938,0.009356236379630154,0.02237784483471865,-0.00722585115957626,-3.3918049616366863,-0.020247459614664755,-9.504130719679205,0.006389252293449527,0.01468305610162135,0.01581597383484939,0.0011586653522756684,0.2268221765901152,0.00851963751350342,0.0021303852200538938,0.00616341858811793,0.007296336321345971,-0.004033033368064036,-1.8931005200843485,-0.005165951101292077,-2.424890603194004
39,2000,5,1.0,1.0,1.0,1.0,3,False,10,0.6,0.1355,0.5065,0.00851963751350342,baseline_oracle_quantile,,0.08507850540940448,0.2914677995165423,0.2914677995165422,0.9015776032149784,0.005285870191006179,0.0037348531542600824,0.3035327755200815,0.9960797033166433,0.003920296683356694,1.0,0.45840500332424694,0.2783682851164423,0.011415189749747867,0.004038022983392731,0.006389252293449527,0.006183972209414575,-0.006712494550729492,0.0,0.0,0.00851963751350342,0.0021303852200538938,0.002335665304088845,0.015232132064232913,-0.00020528008403495127,-0.09635819949490543,-0.01310174684417902,-6.149942611715817,0.006389252293449527,0.01468305610162135,0.01581597383484939,0.0011586653522756684,0.2268221765901152,0.00851963751350342,0.0021303852200538938,0.00616341858811793,0.007296336321345971,-0.004033033368064036,-1.8931005200843485,-0.005165951101292077,-2.424890603194004
40,2000,5,1.0,1.0,1.0,1.0,3,False,10,0.6,0.152,0.513,0.008887936178628151,1A_predicted_prob,,0.034593715856255196,0.11786371981558018,0.11786371981558018,0.3504402695804258,0.005010681720483567,0.09567400459135957,0.15037498529742296,0.9963000128246444,0.003699987175355579,1.0,0.38983831644836786,0.8708880261748501,0.04485204600076531,0.0044644363550604416,0.017775483994863006,-0.008844270161417872,-0.017728850385665,0.0,0.0,0.008887936178628151,0.008887547816234855,0.017732206340046023,0.02661678656429315,-0.008844658523811168,-0.9951742265346419,-0.017729238748058297,-1.9948403220596296,0.017775483994863006,0.02163643959675996,0.021510784333780418,0.003403971447067567,0.4167185492193655,0.008887936178628151,0.008887547816234855,0.01274850341813181,0.012622848155152267,-0.003860955601896955,-0.434423046911113,-0.003735300338917412,-0.42028469676350433
40,2000,5,1.0,1.0,1.0,1.0,3,False,10,0.6,0.152,0.513,0.008887936178628151,1B_residual,,0.034207750434055,0.12276467034647429,0.12276467034647429,0.354697862192474,0.0038289999357418837,0.10394574292737738,0.1541575350185311,0.9971591326386477,0.0028408673613522506,1.0,0.38920722886606274,0.7519913982633688,0.015071054912572768,0.005358918755006825,0.017775483994863006,-0.002214979505196884,0.0028910097741131394,0.0,0.0,0.008887936178628151,0.008887547816234855,0.011102915683825036,0.005996926404515011,-0.0022153678675901813,-0.24926649210746032,0.0028906214117198435,0.3252439785966107,0.017775483994863006,0.02163643959675996,0.021510784333780418,0.003403971447067567,0.4167185492193655,0.008887936178628151,0.008887547816234855,0.01274850341813181,0.012622848155152267,-0.003860955601896955,-0.434423046911113,-0.003735300338917412,-0.42028469676350433
40,2000,5,1.0,1.0,1.0,1.0,3,False,10,0.6,0.152,0.513,0.008887936178628151,1C_cv_decision,,0.034593715856255196,0.11786371981558018,0.11786371981558018,0.3504402695804258,0.005010681720483567,0.09567400459135957,0.15037498529742296,0.9963000128246444,0.003699987175355579,1.0,0.38983831644836786,0.8708880261748501,0.04485204600076531,0.0044644363550604416,0.017775483994863006,-0.008844270161417872,-0.017728850385665,0.0,0.0,0.008887936178628151,0.008887547816234855,0.017732206340046023,0.02661678656429315,-0.008844658523811168,-0.9951742265346419,-0.017729238748058297,-1.9948403220596296,0.017775483994863006,0.02163643959675996,0.021510784333780418,0.003403971447067567,0.4167185492193655,0.008887936178628151,0.008887547816234855,0.01274850341813181,0.012622848155152267,-0.003860955601896955,-0.434423046911113,-0.003735300338917412,-0.42028469676350433
40,2000,5,1.0,1.0,1.0,1.0,3,False,10,0.6,0.152,0.513,0.008887936178628151,PS_propensity_score,,0.02002486015678499,0.06915204720236343,0.06915204720236341,0.1499276601930141,0.017338270134686883,0.08333206012544023,0.08353266348438042,0.9873339412472985,0.012666058752701548,0.843110676751275,0.17165013435628262,0.4301690249129293,0.014470744665662005,0.010216202509449657,0.017775483994863006,-0.0074386590916519345,-0.010249666440649292,0.0003256226112748487,0.14509711221736107,0.008887936178628151,0.008887547816234855,0.016326595270280086,0.019137602619277445,-0.007439047454045231,-0.8370191202185542,-0.01025005480304259,-1.1533051652694177,0.017775483994863006,0.02163643959675996,0.021510784333780418,0.003403971447067567,0.4167185492193655,0.008887936178628151,0.008887547816234855,0.01274850341813181,0.012622848155152267,-0.003860955601896955,-0.434423046911113,-0.003735300338917412,-0.42028469676350433
40,2000,5,1.0,1.0,1.0,1.0,3,False,10,0.6,0.152,0.513,0.008887936178628151,GMM,,0.005661127173952382,0.029146986893317718,0.029146986893317718,0.07316664508827948,0.010914997620941528,0.006108690645733297,0.030063444451651437,0.9919536358013255,0.00804636419867455,0.3450261322129128,0.028185081176197446,0.07978816307384995,0.1611732009107565,0.13456918914869953,0.017775483994863006,0.017322854582625846,0.01802184970403493,0.006460534099368607,0.7208399919070807,0.008887936178628151,0.008887547816234855,0.008434918403997694,0.00913391352540678,0.0004526294122371606,0.050928492492647304,-0.00024636570917192444,-0.027720324465865476,0.017775483994863006,0.02163643959675996,0.021510784333780418,0.003403971447067567,0.4167185492193655,0.008887936178628151,0.008887547816234855,0.01274850341813181,0.012622848155152267,-0.003860955601896955,-0.434423046911113,-0.003735300338917412,-0.42028469676350433
40,2000,5,1.0,1.0,1.0,1.0,3,False,10,0.6,0.152,0.513,0.008887936178628151,Prognostic_score,,0.03600125085241026,0.12406577039165803,0.12406577039165802,0.31362285377678123,0.002882715818110097,0.13052761637054042,0.14901106198847724,0.9978457723832254,0.00215422761677464,0.7355440919477161,0.42109557731363767,0.8206369069809657,0.07185833199367664,0.014988145235550476,0.017775483994863006,-0.0030209247417126175,-0.0110817966833506,0.0003863265402447,0.20028875095040266,0.008887936178628151,0.008887547816234855,0.01190886092034077,0.01996973286197875,-0.0030213131041059143,-0.339949012548421,-0.011082185045743894,-1.2469339434101387,0.017775483994863006,0.02163643959675996,0.021510784333780418,0.003403971447067567,0.4167185492193655,0.008887936178628151,0.008887547816234855,0.01274850341813181,0.012622848155152267,-0.003860955601896955,-0.434423046911113,-0.003735300338917412,-0.42028469676350433
40,2000,5,1.0,1.0,1.0,1.0,3,False,10,0.6,0.152,0.513,0.008887936178628151,2A_PCA_cum60,,0.01664987893626676,0.06011349314455814,0.06011349314455815,0.1326341578667015,0.009998929004912439,0.08321448540977865,0.07528252409379753,0.9926872470100627,0.007312752989937277,1.0,0.16033148645785833,0.3731752243184978,0.00979528638360394,0.015142605558729483,0.017775483994863006,0.0035961847218507707,0.006696272788976109,0.0,0.0,0.008887936178628151,0.008887547816234855,0.005291751456777381,0.0021916633896520423,0.0035957963594574743,0.4045881309228002,0.0066958844265828125,0.7534006640562273,0.017775483994863006,0.02163643959675996,0.021510784333780418,0.003403971447067567,0.4167185492193655,0.008887936178628151,0.008887547816234855,0.01274850341813181,0.012622848155152267,-0.003860955601896955,-0.434423046911113,-0.003735300338917412,-0.42028469676350433
40,2000,5,1.0,1.0,1.0,1.0,3,False,10,0.6,0.152,0.513,0.008887936178628151,2B_clustering,,0.024326730176298984,0.09358650802060568,0.09358650802060568,0.2767953846176256,0.01606076045435164,0.0876935851177988,0.12684991006325866,0.9882972782216843,0.011702721778315661,1.0,0.2578966923257632,0.6028205845059829,0.270172469327432,0.09361344788908765,0.017775483994863006,-0.0015246270464573121,0.0032944566699874243,0.0,0.0,0.008887936178628151,0.008887547816234855,0.010412563225085464,0.005593479508640727,-0.001525015408850609,-0.17159012141289054,0.003294068307594128,0.3706386031000434,0.017775483994863006,0.02163643959675996,0.021510784333780418,0.003403971447067567,0.4167185492193655,0.008887936178628151,0.008887547816234855,0.01274850341813181,0.012622848155152267,-0.003860955601896955,-0.434423046911113,-0.003735300338917412,-0.42028469676350433
40,2000,5,1.0,1.0,1.0,1.0,3,False,10,0.6,0.152,0.513,0.008887936178628151,baseline_random,,-0.0005569820742967968,0.016721144847815114,0.016721144847815117,0.002483947927032849,0.0038246831362521087,0.0036861090308034443,0.0033315800313628006,0.9971655560347448,0.002834443965255229,1.0,0.0022495226346114228,0.0010134691062179124,0.006501583289060586,0.0033543934544201237,0.017775483994863006,0.017873144429924083,0.017545865851921045,0.00014268483332170387,0.05284586631468123,0.008887936178628151,0.008887547816234855,0.008985208251295932,0.008657929673292894,-9.766043506107686e-05,-0.01098845678024718,0.00022961814294196123,0.02583593896648506,0.017775483994863006,0.02163643959675996,0.021510784333780418,0.003403971447067567,0.4167185492193655,0.008887936178628151,0.008887547816234855,0.01274850341813181,0.012622848155152267,-0.003860955601896955,-0.434423046911113,-0.003735300338917412,-0.42028469676350433
40,2000,5,1.0,1.0,1.0,1.0,3,False,10,0.6,0.152,0.513,0.008887936178628151,baseline_oracle_kmeans,,0.3599222071062563,0.6283311328624478,0.6283311328624478,0.32879114412870086,0.9732147127756254,0.6581148273701568,0.6533735614248277,0.041541005655035275,0.9584589943449647,0.7489511059043013,0.211581414448356,0.13287886111082203,0.018549068528986634,0.014381798693050563,0.017775483994863006,0.0023102731327230668,0.0019431678685825962,2.5873006115432353e-05,0.017878503128290393,0.008887936178628151,0.008887547816234855,0.0065776630459050845,0.006944768310045555,0.0023098847703297704,0.2599012481384698,0.0019427795061893,0.2185956741228926,0.017775483994863006,0.02163643959675996,0.021510784333780418,0.003403971447067567,0.4167185492193655,0.008887936178628151,0.008887547816234855,0.01274850341813181,0.012622848155152267,-0.003860955601896955,-0.434423046911113,-0.003735300338917412,-0.42028469676350433
40,2000,5,1.0,1.0,1.0,1.0,3,False,10,0.6,0.152,0.513,0.008887936178628151,baseline_oracle_quantile,,0.09738423122476061,0.3143619545741437,0.31436195457414373,0.8967497974076408,0.0008575376810915719,0.0015410662433934098,0.29971613377737527,0.9993091389455786,0.0006908610544213989,1.0,0.43782371376833984,0.3450812990207822,0.0026073103549589804,0.0019331662582899867,0.017775483994863006,0.00036436558548170756,0.0057680099285697985,0.0,0.0,0.008887936178628151,0.008887547816234855,0.008523570593146443,0.003119926250058353,0.00036397722308841203,0.040953616297122575,0.005767621566176502,0.6489553345232986,0.017775483994863006,0.02163643959675996,0.021510784333780418,0.003403971447067567,0.4167185492193655,0.008887936178628151,0.008887547816234855,0.01274850341813181,0.012622848155152267,-0.003860955601896955,-0.434423046911113,-0.003735300338917412,-0.42028469676350433
41,2000,5,1.0,1.0,1.0,1.0,3,False,10,0.6,0.154,0.501,0.00837073561692406,1A_predicted_prob,,0.027465418324616235,0.10713096072561942,0.10713096072561941,0.31294641646457466,0.018203207791559203,0.07814373110434794,0.13643111845349395,0.9866475831352777,0.013352416864722327,0.5919659304711125,0.3741751064497939,0.7615510274644808,0.019172822214341467,0.00950396130312825,0.0016885470892569199,-0.004244864105483552,0.0008436004753746113,0.001266158308630504,0.42609927725415947,0.00837073561692406,0.0066821885276671395,0.012615599722407611,0.007527135141549448,-0.0059334111947404716,-0.8879442970178997,-0.0008449466138823088,-0.12644758680241752,0.0016885470892569199,0.006907548909848594,0.01920190088324196,9.1912479170992e-05,0.019355672706036664,0.00837073561692406,0.0066821885276671395,0.001463186707075465,0.0108311652663179,0.0052190018205916745,0.7810318130029942,-0.004148976738650761,-0.620900880223928
41,2000,5,1.0,1.0,1.0,1.0,3,False,10,0.6,0.154,0.501,0.00837073561692406,1B_residual,,0.031705837383076314,0.11615365028046389,0.11615365028046387,0.31953187306774344,0.03324742738847323,0.09043380475075288,0.1477377017356565,0.9755606992770693,0.024439300722930657,1.0,0.38142461051225207,0.654820903002294,0.032171129274525145,0.02341264113371333,0.0016885470892569199,-0.012374802462971313,-0.001372224683502455,0.0,0.0,0.00837073561692406,0.0066821885276671395,0.020745538079895372,0.009742960300426514,-0.014063349552228233,-2.1046023311075266,-0.003060771772759374,-0.4580492992806864,0.0016885470892569199,0.006907548909848594,0.01920190088324196,9.1912479170992e-05,0.019355672706036664,0.00837073561692406,0.0066821885276671395,0.001463186707075465,0.0108311652663179,0.0052190018205916745,0.7810318130029942,-0.004148976738650761,-0.620900880223928
41,2000,5,1.0,1.0,1.0,1.0,3,False,10,0.6,0.154,0.501,0.00837073561692406,1C_cv_decision,,0.027465418324616235,0.10713096072561942,0.10713096072561941,0.31294641646457466,0.018203207791559203,0.07814373110434794,0.13643111845349395,0.9866475831352777,0.013352416864722327,0.5919659304711125,0.3741751064497939,0.7615510274644808,0.019172822214341467,0.00950396130312825,0.0016885470892569199,-0.004244864105483552,0.0008436004753746113,0.001266158308630504,0.42609927725415947,0.00837073561692406,0.0066821885276671395,0.012615599722407611,0.007527135141549448,-0.0059334111947404716,-0.8879442970178997,-0.0008449466138823088,-0.12644758680241752,0.0016885470892569199,0.006907548909848594,0.01920190088324196,9.1912479170992e-05,0.019355672706036664,0.00837073561692406,0.0066821885276671395,0.001463186707075465,0.0108311652663179,0.0052190018205916745,0.7810318130029942,-0.004148976738650761,-0.620900880223928
41,2000,5,1.0,1.0,1.0,1.0,3,False,10,0.6,0.154,0.501,0.00837073561692406,PS_propensity_score,,0.01400283259334191,0.057305995541195295,0.05730599554119528,0.026186709625758836,0.010766201124442425,0.11156057419124192,0.04950449498048106,0.992055594188518,0.007944405811482036,1.0,0.11385281096945177,0.13430795297346,0.009542719505226005,0.003878713769527864,0.0016885470892569199,-0.009252523995958266,-0.006124724637097585,0.0,0.0,0.00837073561692406,0.0066821885276671395,0.017623259612882324,0.014495460254021646,-0.010941071085215184,-1.6373484585049396,-0.007813271726354506,-1.1692683757730262,0.0016885470892569199,0.006907548909848594,0.01920190088324196,9.1912479170992e-05,0.019355672706036664,0.00837073561692406,0.0066821885276671395,0.001463186707075465,0.0108311652663179,0.0052190018205916745,0.7810318130029942,-0.004148976738650761,-0.620900880223928
41,2000,5,1.0,1.0,1.0,1.0,3,False,10,0.6,0.154,0.501,0.00837073561692406,GMM,,-0.0011374965493621872,0.03418886459945564,0.034188864599455644,0.06660490678513976,0.018212478406778112,0.01101316477227561,0.03194351665473116,0.9865671163609315,0.013432883639068471,1.0,0.06586592299878324,0.22953006236404527,0.005090854988162197,0.004379885479288692,0.0016885470892569199,0.0021471070145878753,-0.0029268408558181173,0.0,0.0,0.00837073561692406,0.0066821885276671395,0.0062236286023361845,0.011297576472742177,0.00045855992533095496,0.06862421247654404,-0.004615387945075038,-0.6907000492376627,0.0016885470892569199,0.006907548909848594,0.01920190088324196,9.1912479170992e-05,0.019355672706036664,0.00837073561692406,0.0066821885276671395,0.001463186707075465,0.0108311652663179,0.0052190018205916745,0.7810318130029942,-0.004148976738650761,-0.620900880223928
41,2000,5,1.0,1.0,1.0,1.0,3,False,10,0.6,0.154,0.501,0.00837073561692406,Prognostic_score,,0.03276736326496023,0.11947835343373811,0.11947835343373814,0.30552671574358636,0.020854373709439506,0.10565016563554558,0.14401041836285713,0.9847075213938227,0.015292478606177329,0.907042318526227,0.39532014228618084,0.8475926016035056,0.09745151122485196,0.042567754663320634,0.0016885470892569199,-0.005423895775345375,0.007493758873697068,0.00013943249657628572,0.0816656381323618,0.00837073561692406,0.0066821885276671395,0.013794631392269434,0.000876976743226991,-0.007112442864602294,-1.0643882367511357,0.0058052117844401485,0.8687590540739865,0.0016885470892569199,0.006907548909848594,0.01920190088324196,9.1912479170992e-05,0.019355672706036664,0.00837073561692406,0.0066821885276671395,0.001463186707075465,0.0108311652663179,0.0052190018205916745,0.7810318130029942,-0.004148976738650761,-0.620900880223928
41,2000,5,1.0,1.0,1.0,1.0,3,False,10,0.6,0.154,0.501,0.00837073561692406,2A_PCA_cum60,,0.01948467192404428,0.06907372722389281,0.06907372722389281,0.15011999241311627,0.028654409592053332,0.07762223169998667,0.08546554456838544,0.9789561120379201,0.0210438879620799,1.0,0.19964210304766783,0.4462461609334407,0.020966645517997096,0.008873184579314741,0.0016885470892569199,-0.0006803094724856033,0.002783577406776487,4.055130559156963e-05,0.020924057817548573,0.00837073561692406,0.0066821885276671395,0.009051045089409663,0.005587158210147573,-0.002368856561742523,-0.35450310208016966,0.0010950303175195665,0.16387300552590955,0.0016885470892569199,0.006907548909848594,0.01920190088324196,9.1912479170992e-05,0.019355672706036664,0.00837073561692406,0.0066821885276671395,0.001463186707075465,0.0108311652663179,0.0052190018205916745,0.7810318130029942,-0.004148976738650761,-0.620900880223928
41,2000,5,1.0,1.0,1.0,1.0,3,False,10,0.6,0.154,0.501,0.00837073561692406,2B_clustering,,0.019444434703741194,0.08990437436506353,0.08990437436506353,0.2589896287851741,0.01627012453702459,0.07900800565115415,0.11808925299111761,0.9880421304580868,0.011957869541913246,1.0,0.24417412797500238,0.5909753260802176,0.06332839035071436,0.06304869617091202,0.0016885470892569199,0.003379858090529415,0.0025006382155405957,0.0,0.0,0.00837073561692406,0.0066821885276671395,0.004990877526394644,0.005870097401383464,0.0016913110012724952,0.2531073456353018,0.0008120911262836754,0.12153071152082406,0.0016885470892569199,0.006907548909848594,0.01920190088324196,9.1912479170992e-05,0.019355672706036664,0.00837073561692406,0.0066821885276671395,0.001463186707075465,0.0108311652663179,0.0052190018205916745,0.7810318130029942,-0.004148976738650761,-0.620900880223928
41,2000,5,1.0,1.0,1.0,1.0,3,False,10,0.6,0.154,0.501,0.00837073561692406,baseline_random,,0.0014892072473891957,0.015214177685118652,0.015214177685118653,0.002182184297485102,0.006187634427775629,0.004930146434837256,0.0044333217200326624,0.9953867877962563,0.004613212203743666,0.6889835239119686,0.006541395843657649,0.0030911607094127325,0.0012540528361880687,0.0010420966829837175,0.0016885470892569199,0.002521238368722774,0.0017449364303663768,0.0013297978860492177,0.33561359085543235,0.00837073561692406,0.0066821885276671395,0.005849497248201285,0.006625799186557682,0.0008326912794658541,0.12461355677382546,5.638934110945709e-05,0.008438753392841392,0.0016885470892569199,0.006907548909848594,0.01920190088324196,9.1912479170992e-05,0.019355672706036664,0.00837073561692406,0.0066821885276671395,0.001463186707075465,0.0108311652663179,0.0052190018205916745,0.7810318130029942,-0.004148976738650761,-0.620900880223928
41,2000,5,1.0,1.0,1.0,1.0,3,False,10,0.6,0.154,0.501,0.00837073561692406,baseline_oracle_kmeans,,0.38231052839079877,0.6303562508284118,0.630356250828412,0.3630020489968141,0.9625404286246473,0.6366069659881111,0.6540498145365242,0.05368434193616624,0.9463156580638338,0.42771982085646165,0.36036151427569707,0.18822283663984918,0.055761688116538255,0.032330225357115716,0.0016885470892569199,0.0028536295453464302,-0.004608141809562909,0.002705214801017167,0.5799260869063566,0.00837073561692406,0.0066821885276671395,0.005517106071577629,0.012978877426486969,0.0011650824560895104,0.17435641800071444,-0.006296688898819829,-0.9423093755509628,0.0016885470892569199,0.006907548909848594,0.01920190088324196,9.1912479170992e-05,0.019355672706036664,0.00837073561692406,0.0066821885276671395,0.001463186707075465,0.0108311652663179,0.0052190018205916745,0.7810318130029942,-0.004148976738650761,-0.620900880223928
41,2000,5,1.0,1.0,1.0,1.0,3,False,10,0.6,0.154,0.501,0.00837073561692406,baseline_oracle_quantile,,0.08816770753149933,0.2999313605036383,0.2999313605036383,0.8882253411702864,0.0038217458778487226,0.0013568284442503089,0.29780130516412845,0.9971000995787423,0.0028999004212576507,1.0,0.43433603951821886,0.31338113684514035,0.00967043345310259,0.008399593732149935,0.0016885470892569199,0.012051137058263064,0.002101764968936235,0.0,0.0,0.00837073561692406,0.0066821885276671395,0.003680401441339005,0.006268970647987824,0.0030017870863281344,0.4492221483873797,0.0004132178796793151,0.06183870418627291,0.0016885470892569199,0.006907548909848594,0.01920190088324196,9.1912479170992e-05,0.019355672706036664,0.00837073561692406,0.0066821885276671395,0.001463186707075465,0.0108311652663179,0.0052190018205916745,0.7810318130029942,-0.004148976738650761,-0.620900880223928
42,2000,5,1.0,1.0,1.0,1.0,3,False,10,0.6,0.1535,0.514,0.009726306854196797,1A_predicted_prob,,0.026646672745671687,0.11102116806719813,0.11102116806719814,0.39456712103788705,0.005640383626083222,0.04380578260694563,0.14800442909030528,0.9943980663992269,0.005601933600773101,0.6026941624729392,0.35108908744264333,0.8322566025313738,0.2147816327737041,0.14418101893359914,0.012840205443287095,0.005755190700443849,0.018519567373429212,0.0010516134355628977,0.3905563520971804,0.009726306854196797,0.0031138985890902977,0.003971116153752948,0.008793260519232415,-0.0008572175646626504,-0.2752875664178518,-0.005679361930142117,-1.8238750452696344,0.012840205443287095,0.01188290982337836,0.012237487873673602,0.0,0.0,0.009726306854196797,0.0031138985890902977,0.0021566029691815636,0.002511181019476805,0.0009572956199087341,0.3074267168695436,0.0006027175696134927,0.19355722492862948
42,2000,5,1.0,1.0,1.0,1.0,3,False,10,0.6,0.1535,0.514,0.009726306854196797,1B_residual,,0.026408006501677708,0.1135539330200574,0.11355393302005738,0.3707410651921337,0.007313870721103584,0.06731920770825688,0.14845804787383138,0.9931935270586385,0.006806472941361497,1.0,0.36239739898676016,0.6893710080260187,0.14080107728492253,0.09801895401070715,0.012840205443287095,-0.0019668604092645484,0.0010674369539365727,0.0,0.0,0.009726306854196797,0.0031138985890902977,0.011693167263461346,0.008658869900260224,-0.008579268674371048,-2.755153525047011,-0.005544971311169926,-1.7807167293748791,0.012840205443287095,0.01188290982337836,0.012237487873673602,0.0,0.0,0.009726306854196797,0.0031138985890902977,0.0021566029691815636,0.002511181019476805,0.0009572956199087341,0.3074267168695436,0.0006027175696134927,0.19355722492862948
42,2000,5,1.0,1.0,1.0,1.0,3,False,10,0.6,0.1535,0.514,0.009726306854196797,1C_cv_decision,,0.026646672745671687,0.11102116806719813,0.11102116806719814,0.39456712103788705,0.005640383626083222,0.04380578260694563,0.14800442909030528,0.9943980663992269,0.005601933600773101,0.6026941624729392,0.35108908744264333,0.8322566025313738,0.2147816327737041,0.14418101893359914,0.012840205443287095,0.005755190700443849,0.018519567373429212,0.0010516134355628977,0.3905563520971804,0.009726306854196797,0.0031138985890902977,0.003971116153752948,0.008793260519232415,-0.0008572175646626504,-0.2752875664178518,-0.005679361930142117,-1.8238750452696344,0.012840205443287095,0.01188290982337836,0.012237487873673602,0.0,0.0,0.009726306854196797,0.0031138985890902977,0.0021566029691815636,0.002511181019476805,0.0009572956199087341,0.3074267168695436,0.0006027175696134927,0.19355722492862948
42,2000,5,1.0,1.0,1.0,1.0,3,False,10,0.6,0.1535,0.514,0.009726306854196797,PS_propensity_score,,-0.000596866070987024,0.022074531894968854,0.022074531894968857,0.01721292593843242,0.0010003175197833768,0.0071518163528186155,0.008455019937011471,0.9977516418815785,0.0022483581184215007,1.0,0.02114952116928359,0.028207871452653244,0.0065430716114146525,0.01580637414099506,0.012840205443287095,0.009707520910369848,0.011536118308127053,0.0,0.0,0.009726306854196797,0.0031138985890902977,1.8785943826949217e-05,0.001809811453930256,0.0030951126452633485,0.9939670662709548,0.0013040871351600418,0.41879563442720247,0.012840205443287095,0.01188290982337836,0.012237487873673602,0.0,0.0,0.009726306854196797,0.0031138985890902977,0.0021566029691815636,0.002511181019476805,0.0009572956199087341,0.3074267168695436,0.0006027175696134927,0.19355722492862948
42,2000,5,1.0,1.0,1.0,1.0,3,False,10,0.6,0.1535,0.514,0.009726306854196797,GMM,,0.0027833722838791243,0.03244068924613124,0.03244068924613124,0.050540916339102765,0.004594793815939133,0.026377396598251873,0.02717103558443126,0.995158664818419,0.00484133518158103,0.8087825690492958,0.01691918442348972,0.06994856016690931,0.0340163610648927,0.03573634133054715,0.012840205443287095,0.015045582273250861,0.014047576362511027,0.0007049353069635201,0.21939860162461597,0.009726306854196797,0.0031138985890902977,0.005319275419054064,0.00432126950831423,-0.0022053768299637663,-0.7082365616177793,-0.0012073709192239324,-0.3877361078662027,0.012840205443287095,0.01188290982337836,0.012237487873673602,0.0,0.0,0.009726306854196797,0.0031138985890902977,0.0021566029691815636,0.002511181019476805,0.0009572956199087341,0.3074267168695436,0.0006027175696134927,0.19355722492862948
42,2000,5,1.0,1.0,1.0,1.0,3,False,10,0.6,0.1535,0.514,0.009726306854196797,Prognostic_score,,0.02285503417562294,0.0951828851543666,0.09518288515436658,0.32501001346634784,0.00014439416631994152,0.0529414456109068,0.12603195108119153,0.9983688811772368,0.0016311188227632334,0.6568956716271075,0.30610764831257686,0.6918610262655289,0.13467792118959432,0.07599424529647636,0.012840205443287095,0.0084383132142492,0.02218255930375734,0.0004576983944714389,0.20314230713610398,0.009726306854196797,0.0031138985890902977,0.0012879936399475978,0.012456252449560543,0.0018259049491427,0.5863726440995384,-0.009342353860470245,-3.000211340601026,0.012840205443287095,0.01188290982337836,0.012237487873673602,0.0,0.0,0.009726306854196797,0.0031138985890902977,0.0021566029691815636,0.002511181019476805,0.0009572956199087341,0.3074267168695436,0.0006027175696134927,0.19355722492862948
42,2000,5,1.0,1.0,1.0,1.0,3,False,10,0.6,0.1535,0.514,0.009726306854196797,2A_PCA_cum60,,0.016887283858704614,0.06821594823951298,0.06821594823951299,0.18282779207808958,0.00944691106024812,0.0579779331794018,0.0834175454392465,0.9916488850426575,0.008351114957342531,0.9700374725013466,0.18551853536147966,0.5390804522200272,0.05941336206924952,0.05741703861265146,0.012840205443287095,0.00915478929111317,0.017146278980127338,0.0,0.0,0.009726306854196797,0.0031138985890902977,0.0005715175630836272,0.007419972125930541,0.0025423810260066706,0.8164623712904563,-0.004306073536840243,-1.3828560608642784,0.012840205443287095,0.01188290982337836,0.012237487873673602,0.0,0.0,0.009726306854196797,0.0031138985890902977,0.0021566029691815636,0.002511181019476805,0.0009572956199087341,0.3074267168695436,0.0006027175696134927,0.19355722492862948
42,2000,5,1.0,1.0,1.0,1.0,3,False,10,0.6,0.1535,0.514,0.009726306854196797,2B_clustering,,0.02255371907126464,0.09072269576348091,0.09072269576348091,0.28638196010525624,0.01790708110275901,0.05212832825450186,0.11880578982083904,0.9854993631428024,0.014500636857197602,0.9319249283045797,0.23543289433478265,0.526118780100548,0.1804017913862288,0.124708951111417,0.012840205443287095,0.007710552948293228,0.02407833434429915,0.0,0.0,0.009726306854196797,0.0031138985890902977,0.0020157539059035695,0.014352027490102354,0.0010981446831867282,0.3526591029759717,-0.011238128901012057,-3.609022124350939,0.012840205443287095,0.01188290982337836,0.012237487873673602,0.0,0.0,0.009726306854196797,0.0031138985890902977,0.0021566029691815636,0.002511181019476805,0.0009572956199087341,0.3074267168695436,0.0006027175696134927,0.19355722492862948
42,2000,5,1.0,1.0,1.0,1.0,3,False,10,0.6,0.1535,0.514,0.009726306854196797,baseline_random,,0.0011138260309086294,0.020003827299651354,0.020003827299651354,0.009221181590024415,0.004686966824188336,0.006045246399704619,0.006651131604639124,0.9950765692043674,0.004923430795632622,0.37548516708940416,0.007108934134017364,0.005911282056124234,0.00022363355062215984,0.0016693070070136207,0.012840205443287095,0.015063239987475217,0.011856480202988049,0.004628240753135822,0.6532718550507791,0.009726306854196797,0.0031138985890902977,0.00533693313327842,0.002130173348791252,-0.002223034544188122,-0.7139071747476418,0.0009837252402990458,0.3159143472897856,0.012840205443287095,0.01188290982337836,0.012237487873673602,0.0,0.0,0.009726306854196797,0.0031138985890902977,0.0021566029691815636,0.002511181019476805,0.0009572956199087341,0.3074267168695436,0.0006027175696134927,0.19355722492862948
42,2000,5,1.0,1.0,1.0,1.0,3,False,10,0.6,0.1535,0.514,0.009726306854196797,baseline_oracle_kmeans,,0.3518592286626302,0.6253965766376746,0.6253965766376746,0.3494194230124609,0.9881549358442465,0.6266493850493994,0.6547412479687024,0.022472142019875352,0.9775278579801246,0.7535548737586265,0.3665523703556083,0.16946866811211048,0.0558441159675539,0.03516982363800125,0.012840205443287095,0.013480536290456906,0.02015736045101171,0.0002931068813236756,0.12922528268982741,0.009726306854196797,0.0031138985890902977,0.003754229436260109,0.010431053596814913,-0.0006403308471698115,-0.20563638437463672,-0.007317155007724615,-2.349837285440393,0.012840205443287095,0.01188290982337836,0.012237487873673602,0.0,0.0,0.009726306854196797,0.0031138985890902977,0.0021566029691815636,0.002511181019476805,0.0009572956199087341,0.3074267168695436,0.0006027175696134927,0.19355722492862948
42,2000,5,1.0,1.0,1.0,1.0,3,False,10,0.6,0.1535,0.514,0.009726306854196797,baseline_oracle_quantile,,0.08917982952645018,0.2905676059201462,0.2905676059201462,0.895276014393492,0.002251342574929442,0.0008355896102114488,0.299454315526211,0.9968452474642931,0.0031547525357068507,0.3740762227052503,0.4596345196915932,0.33172677871912626,0.08231118051577746,0.058300561847703714,0.012840205443287095,0.004948200036111999,0.01990586667799734,0.002007869857027962,0.5454741176829314,0.009726306854196797,0.0031138985890902977,0.0047781068180847985,0.010179559823800543,-0.0016642082289945008,-0.5344452240111925,-0.007065661234710245,-2.26907236461237,0.012840205443287095,0.01188290982337836,0.012237487873673602,0.0,0.0,0.009726306854196797,0.0031138985890902977,0.0021566029691815636,0.002511181019476805,0.0009572956199087341,0.3074267168695436,0.0006027175696134927,0.19355722492862948
43,2000,5,1.0,1.0,1.0,1.0,3,False,10,0.6,0.1445,0.514,0.008810161864978622,1A_predicted_prob,,0.024731439152549814,0.09964589849562472,0.09964589849562472,0.31111583627960643,0.006937773594154474,0.06446257259419427,0.12750539415598505,0.9903289226357849,0.00967107736421513,1.0,0.34356210960034905,0.7148308663236054,0.2549729927013711,0.23722216668697127,0.06507949847726298,0.05312493281688001,0.03131975528554248,0.0020677636629463825,0.5681191000986501,0.008810161864978622,0.05626933661228436,0.04431477095190139,0.022509593420563863,0.01195456566038297,0.21245257861762545,0.033759743191720495,0.5999669664552307,0.06507949847726298,0.06170777493854527,0.05755405879666271,0.0021164422097831796,0.2900660597173668,0.008810161864978622,0.05626933661228436,0.05289761307356665,0.04874389693168409,0.0033717235387177094,0.059921153184194775,0.0075254396806002655,0.13373961972313997
43,2000,5,1.0,1.0,1.0,1.0,3,False,10,0.6,0.1445,0.514,0.008810161864978622,1B_residual,,0.029180109211509986,0.10917783845057118,0.10917783845057118,0.32249387017913494,0.010725038495118536,0.0694002261905495,0.13420637828826765,0.9876241850041189,0.01237581499588114,1.0,0.3524678677696711,0.6355708703566301,0.1704802221644497,0.17349429385289306,0.06507949847726298,0.017456300221517618,0.0017972505052613837,0.0,0.0,0.008810161864978622,0.05626933661228436,0.008646138356538996,0.007012911359717239,0.04762319825574536,0.8463436948597075,0.04925642525256712,0.8753688637198856,0.06507949847726298,0.06170777493854527,0.05755405879666271,0.0021164422097831796,0.2900660597173668,0.008810161864978622,0.05626933661228436,0.05289761307356665,0.04874389693168409,0.0033717235387177094,0.059921153184194775,0.0075254396806002655,0.13373961972313997
43,2000,5,1.0,1.0,1.0,1.0,3,False,10,0.6,0.1445,0.514,0.008810161864978622,1C_cv_decision,,0.024731439152549814,0.09964589849562472,0.09964589849562472,0.31111583627960643,0.006937773594154474,0.06446257259419427,0.12750539415598505,0.9903289226357849,0.00967107736421513,1.0,0.34356210960034905,0.7148308663236054,0.2549729927013711,0.23722216668697127,0.06507949847726298,0.05312493281688001,0.03131975528554248,0.0020677636629463825,0.5681191000986501,0.008810161864978622,0.05626933661228436,0.04431477095190139,0.022509593420563863,0.01195456566038297,0.21245257861762545,0.033759743191720495,0.5999669664552307,0.06507949847726298,0.06170777493854527,0.05755405879666271,0.0021164422097831796,0.2900660597173668,0.008810161864978622,0.05626933661228436,0.05289761307356665,0.04874389693168409,0.0033717235387177094,0.059921153184194775,0.0075254396806002655,0.13373961972313997
43,2000,5,1.0,1.0,1.0,1.0,3,False,10,0.6,0.1445,0.514,0.008810161864978622,PS_propensity_score,,0.008767333014870333,0.048178002689163495,0.04817800268916349,0.11819644133239644,0.008340221419149927,0.03276620549393047,0.053100956081825613,0.9893578285277478,0.010642171472252215,1.0,0.1275979815724162,0.30500731044817886,0.14390480632984948,0.13313205880758805,0.06507949847726298,0.04549611016609561,0.03430130943615699,0.001281916924652553,0.3678097263647702,0.008810161864978622,0.05626933661228436,0.03668594830111699,0.025491147571178367,0.01958338831116737,0.3480294862209563,0.03077818904110599,0.5469797743161361,0.06507949847726298,0.06170777493854527,0.05755405879666271,0.0021164422097831796,0.2900660597173668,0.008810161864978622,0.05626933661228436,0.05289761307356665,0.04874389693168409,0.0033717235387177094,0.059921153184194775,0.0075254396806002655,0.13373961972313997
43,2000,5,1.0,1.0,1.0,1.0,3,False,10,0.6,0.1445,0.514,0.008810161864978622,GMM,,0.004287085234574217,0.0354280006361669,0.0354280006361669,0.08482231807444582,0.006005888160325965,0.006477184537168634,0.032435130257313476,0.9910396340503679,0.00896036594963212,0.808021755019814,0.07101038448158559,0.14117822630486898,0.13493659321545326,0.16346125649380094,0.06507949847726298,0.06341511574905272,0.05136241205651169,0.002407421803779907,0.5194353833983872,0.008810161864978622,0.05626933661228436,0.054604953884074096,0.04255225019153307,0.001664382728210262,0.029578858191957158,0.013717086420751291,0.24377551338959036,0.06507949847726298,0.06170777493854527,0.05755405879666271,0.0021164422097831796,0.2900660597173668,0.008810161864978622,0.05626933661228436,0.05289761307356665,0.04874389693168409,0.0033717235387177094,0.059921153184194775,0.0075254396806002655,0.13373961972313997
43,2000,5,1.0,1.0,1.0,1.0,3,False,10,0.6,0.1445,0.514,0.008810161864978622,Prognostic_score,,0.01631849651694549,0.08539772846539673,0.08539772846539671,0.3181362924102977,0.0020549529763022505,0.021089038852470047,0.11376009474635668,0.9938969742465759,0.0061030257534241406,1.0,0.27103816517362034,0.678667461571112,0.2553714416598829,0.21571949404268698,0.06507949847726298,0.0469384506291122,0.02605280486512037,0.0017817783925483893,0.5167828430836899,0.008810161864978622,0.05626933661228436,0.03812828876413358,0.01724264300014175,0.01814104784815078,0.32239668957089396,0.03902669361214261,0.6935694636147985,0.06507949847726298,0.06170777493854527,0.05755405879666271,0.0021164422097831796,0.2900660597173668,0.008810161864978622,0.05626933661228436,0.05289761307356665,0.04874389693168409,0.0033717235387177094,0.059921153184194775,0.0075254396806002655,0.13373961972313997
43,2000,5,1.0,1.0,1.0,1.0,3,False,10,0.6,0.1445,0.514,0.008810161864978622,2A_PCA_cum60,,0.01796584503996246,0.06523356898986574,0.06523356898986572,0.1406900957541163,0.0032511282764628433,0.09754905555217165,0.08049675986091694,0.9930232267795159,0.006976773220484067,1.0,0.18288856530641362,0.35612386306766675,0.10154043527701173,0.0654651241274109,0.06507949847726298,0.052392417614480456,0.03748171906896437,0.0,0.0,0.008810161864978622,0.05626933661228436,0.043582255749501836,0.028671557203985752,0.012687080862782522,0.22547059600508534,0.027597779408298606,0.49045858845745904,0.06507949847726298,0.06170777493854527,0.05755405879666271,0.0021164422097831796,0.2900660597173668,0.008810161864978622,0.05626933661228436,0.05289761307356665,0.04874389693168409,0.0033717235387177094,0.059921153184194775,0.0075254396806002655,0.13373961972313997
43,2000,5,1.0,1.0,1.0,1.0,3,False,10,0.6,0.1445,0.514,0.008810161864978622,2B_clustering,,0.019300808249153097,0.0705407694449201,0.07054076944492012,0.19905697542248044,0.01841260034762946,0.06532810453148563,0.09426589343386517,0.9820031899987668,0.01799681000123321,0.8070436130541829,0.19602718065376423,0.5539317067598306,0.14504722443120932,0.11933682329508188,0.06507949847726298,0.06090784519072441,0.04782380330179903,0.0030525153328919107,0.6156883273146709,0.008810161864978622,0.05626933661228436,0.05209768332574579,0.03901364143682041,0.004171653286538568,0.07413723952856843,0.01725569517546395,0.3066624953189301,0.06507949847726298,0.06170777493854527,0.05755405879666271,0.0021164422097831796,0.2900660597173668,0.008810161864978622,0.05626933661228436,0.05289761307356665,0.04874389693168409,0.0033717235387177094,0.059921153184194775,0.0075254396806002655,0.13373961972313997
43,2000,5,1.0,1.0,1.0,1.0,3,False,10,0.6,0.1445,0.514,0.008810161864978622,baseline_random,,0.0005703901914389328,0.015846318271351335,0.015846318271351335,0.007477964662612318,0.0046406050810328895,0.0046245541681333956,0.005581041303926201,0.9920155267202407,0.007984473279759263,0.9140394882579991,0.0023249168024226385,0.009027806125506355,0.005440015840633694,0.004166479346893515,0.06507949847726298,0.06510972352937242,0.0647194563630864,0.00017478768729065576,0.06259962695218504,0.008810161864978622,0.05626933661228436,0.056299561664393795,0.05590929449810778,-3.02250521094366e-05,-0.0005371496081016947,0.00036004211417657583,0.006398549118454944,0.06507949847726298,0.06170777493854527,0.05755405879666271,0.0021164422097831796,0.2900660597173668,0.008810161864978622,0.05626933661228436,0.05289761307356665,0.04874389693168409,0.0033717235387177094,0.059921153184194775,0.0075254396806002655,0.13373961972313997
43,2000,5,1.0,1.0,1.0,1.0,3,False,10,0.6,0.1445,0.514,0.008810161864978622,baseline_oracle_kmeans,,0.409118918766209,0.6608222996004486,0.6608222996004487,0.3033572490388136,0.984232420826624,0.7020026647203633,0.6631974448619337,0.028050096023066202,0.9719499039769338,0.5959156408051136,0.35432537710584056,0.1490389168260826,0.03780180678613121,0.021520940119265863,0.06507949847726298,0.05882819958166456,0.05745526619299596,0.0001454285276226357,0.0650743915804367,0.008810161864978622,0.05626933661228436,0.05001803771668594,0.04864510432801734,0.006251298895598417,0.11109601200156449,0.007624232284267021,0.1354953291310449,0.06507949847726298,0.06170777493854527,0.05755405879666271,0.0021164422097831796,0.2900660597173668,0.008810161864978622,0.05626933661228436,0.05289761307356665,0.04874389693168409,0.0033717235387177094,0.059921153184194775,0.0075254396806002655,0.13373961972313997
43,2000,5,1.0,1.0,1.0,1.0,3,False,10,0.6,0.1445,0.514,0.008810161864978622,baseline_oracle_quantile,,0.09905525555097956,0.3221190019720703,0.3221190019720703,0.8968660838882148,0.001697880195061321,0.0034764461418374144,0.3006801367417045,0.9941539659805865,0.005846034019413526,1.0,0.4425933857214216,0.31086913201701705,0.06968052092372856,0.06111870706528355,0.06507949847726298,0.06185366981291587,0.04290045511190853,0.001375817822302318,0.4575658783356687,0.008810161864978622,0.05626933661228436,0.053043507947937246,0.03409029324692991,0.003225828664347112,0.05732835783322299,0.02217904336535445,0.3941586075232396,0.06507949847726298,0.06170777493854527,0.05755405879666271,0.0021164422097831796,0.2900660597173668,0.008810161864978622,0.05626933661228436,0.05289761307356665,0.04874389693168409,0.0033717235387177094,0.059921153184194775,0.0075254396806002655,0.13373961972313997
44,2000,5,1.0,1.0,1.0,1.0,3,False,10,0.6,0.157,0.5185,0.009409424096527437,1A_predicted_prob,,0.021471032822368286,0.09823710270881977,0.09823710270881977,0.3681951146881383,0.003948248346266872,0.02928195248954429,0.13380843850798316,0.9970767413017609,0.002923258698239062,1.0,0.32623081947687516,0.72972558402886,0.004669564604267151,0.005283777443694682,0.011802313253397645,-0.0009690611642559112,0.004941536589187719,0.0,0.0,0.009409424096527437,0.0023928891568702083,0.010378485260783348,0.004467887507339717,-0.00798559610391314,-3.337219394799691,-0.002074998350469509,-0.8671518881315481,0.011802313253397645,0.006315287664708647,0.007237076268051417,0.0019105251073792693,0.2725689417278517,0.009409424096527437,0.0023928891568702083,0.00309413643181879,0.0021723478284760194,-0.0007012472749485816,-0.2930546418897988,0.0002205413283941889,0.09216529222049175
44,2000,5,1.0,1.0,1.0,1.0,3,False,10,0.6,0.157,0.5185,0.009409424096527437,1B_residual,,0.02791377097683369,0.11404617086790364,0.11404617086790365,0.3811270844986574,0.005293805716586457,0.06349360303790044,0.1499714977510481,0.9961007098769156,0.0038992901230844312,1.0,0.37946907865504353,0.6292905568664757,0.0018695906959315112,0.0040148096454907245,0.011802313253397645,-0.012173672549250721,-0.0010206411659710083,0.0,0.0,0.009409424096527437,0.0023928891568702083,0.021583096645778156,0.010430065262498445,-0.01919020748890795,-8.019680909084764,-0.008037176105628237,-3.3587749280206953,0.011802313253397645,0.006315287664708647,0.007237076268051417,0.0019105251073792693,0.2725689417278517,0.009409424096527437,0.0023928891568702083,0.00309413643181879,0.0021723478284760194,-0.0007012472749485816,-0.2930546418897988,0.0002205413283941889,0.09216529222049175
44,2000,5,1.0,1.0,1.0,1.0,3,False,10,0.6,0.157,0.5185,0.009409424096527437,1C_cv_decision,,0.021471032822368286,0.09823710270881977,0.09823710270881977,0.3681951146881383,0.003948248346266872,0.02928195248954429,0.13380843850798316,0.9970767413017609,0.002923258698239062,1.0,0.32623081947687516,0.72972558402886,0.004669564604267151,0.005283777443694682,0.011802313253397645,-0.0009690611642559112,0.004941536589187719,0.0,0.0,0.009409424096527437,0.0023928891568702083,0.010378485260783348,0.004467887507339717,-0.00798559610391314,-3.337219394799691,-0.002074998350469509,-0.8671518881315481,0.011802313253397645,0.006315287664708647,0.007237076268051417,0.0019105251073792693,0.2725689417278517,0.009409424096527437,0.0023928891568702083,0.00309413643181879,0.0021723478284760194,-0.0007012472749485816,-0.2930546418897988,0.0002205413283941889,0.09216529222049175
44,2000,5,1.0,1.0,1.0,1.0,3,False,10,0.6,0.157,0.5185,0.009409424096527437,PS_propensity_score,,0.01794749943397047,0.07344208504600215,0.07344208504600214,0.19447152909412102,0.02179633840969837,0.05996017859625827,0.09207601536669256,0.9840661895976408,0.015933810402359194,0.8350518383963763,0.2369207956526984,0.6247782394490782,0.050072378992570665,0.01431675190357995,0.011802313253397645,-0.0005146863327172672,0.004007335336171805,0.00033245268164304947,0.16423899073947454,0.009409424096527437,0.0023928891568702083,0.009924110429244704,0.005402088760355632,-0.007531221272374496,-3.147333945975582,-0.0030091996034854237,-1.2575591288237193,0.011802313253397645,0.006315287664708647,0.007237076268051417,0.0019105251073792693,0.2725689417278517,0.009409424096527437,0.0023928891568702083,0.00309413643181879,0.0021723478284760194,-0.0007012472749485816,-0.2930546418897988,0.0002205413283941889,0.09216529222049175
44,2000,5,1.0,1.0,1.0,1.0,3,False,10,0.6,0.157,0.5185,0.009409424096527437,GMM,,0.003967301381521285,0.030354443938225426,0.030354443938225423,0.0379651523954494,0.007303789745048993,0.02537183606790129,0.023546926069466557,0.9946372585400967,0.005362741459903342,1.0,0.027457496427773842,0.041127449212371325,0.051102693113205144,0.05168469886635341,0.011802313253397645,0.011580436071302574,0.014197109329866458,0.0,0.0,0.009409424096527437,0.0023928891568702083,0.002171011974775138,0.004787685233339022,0.00022187718209507046,0.09272355196981874,-0.0023947960764688133,-1.0007969109614332,0.011802313253397645,0.006315287664708647,0.007237076268051417,0.0019105251073792693,0.2725689417278517,0.009409424096527437,0.0023928891568702083,0.00309413643181879,0.0021723478284760194,-0.0007012472749485816,-0.2930546418897988,0.0002205413283941889,0.09216529222049175
44,2000,5,1.0,1.0,1.0,1.0,3,False,10,0.6,0.157,0.5185,0.009409424096527437,Prognostic_score,,0.02337545699424253,0.10199545313553152,0.10199545313553153,0.37860124201186096,0.005877746150789487,0.03773099351617339,0.14073666055960796,0.9956786610077331,0.004321338992266943,1.0,0.3516867741317341,0.7985324734292769,0.00118149329538908,0.002667278962973696,0.011802313253397645,0.004066191630279294,0.006154436654392528,0.0,0.0,0.009409424096527437,0.0023928891568702083,0.005343232466248142,0.0032549874421349085,-0.002950343309377934,-1.2329627976737756,-0.0008620982852647003,-0.3602750602925069,0.011802313253397645,0.006315287664708647,0.007237076268051417,0.0019105251073792693,0.2725689417278517,0.009409424096527437,0.0023928891568702083,0.00309413643181879,0.0021723478284760194,-0.0007012472749485816,-0.2930546418897988,0.0002205413283941889,0.09216529222049175
44,2000,5,1.0,1.0,1.0,1.0,3,False,10,0.6,0.157,0.5185,0.009409424096527437,2A_PCA_cum60,,0.01781575346305164,0.0652515988685923,0.0652515988685923,0.12775290416084795,0.020329605114638667,0.08547860019169587,0.0778537031557275,0.9851843789958098,0.014815621004190205,1.0,0.21654970438659538,0.5393058839901957,0.0014201618038522934,0.0048103113461044344,0.011802313253397645,-0.0015045760473667118,0.0027663199007285258,0.0,0.0,0.009409424096527437,0.0023928891568702083,0.010914000143894148,0.0066431041957989104,-0.00852111098702394,-3.561013665241883,-0.004250215038928702,-1.7761855064309762,0.011802313253397645,0.006315287664708647,0.007237076268051417,0.0019105251073792693,0.2725689417278517,0.009409424096527437,0.0023928891568702083,0.00309413643181879,0.0021723478284760194,-0.0007012472749485816,-0.2930546418897988,0.0002205413283941889,0.09216529222049175
44,2000,5,1.0,1.0,1.0,1.0,3,False,10,0.6,0.157,0.5185,0.009409424096527437,2B_clustering,,0.014584569968571057,0.08138056399627845,0.08138056399627845,0.23089693853935325,0.017452800345645256,0.051146751924196175,0.09983216360306489,0.9872479485491857,0.012752051450814261,1.0,0.15640007225763708,0.4642899632858596,0.046244501465015575,0.03574973668315562,0.011802313253397645,0.00015608675627803645,0.011697818214667007,0.0,0.0,0.009409424096527437,0.0023928891568702083,0.0092533373402494,0.00228839411813957,-0.006860448183379192,-2.867014614397079,0.00010449503873063808,0.04366898417781828,0.011802313253397645,0.006315287664708647,0.007237076268051417,0.0019105251073792693,0.2725689417278517,0.009409424096527437,0.0023928891568702083,0.00309413643181879,0.0021723478284760194,-0.0007012472749485816,-0.2930546418897988,0.0002205413283941889,0.09216529222049175
44,2000,5,1.0,1.0,1.0,1.0,3,False,10,0.6,0.157,0.5185,0.009409424096527437,baseline_random,,-0.0005388337718589225,0.014090819258701546,0.014090819258701547,0.004734881844673787,0.000999533666245716,0.0032439964353138196,0.002992803982077774,0.999206689176613,0.0007933108233869612,1.0,0.0010192401034430087,0.004576090917897679,0.010574851516236827,0.009660632537907943,0.011802313253397645,0.010340885437041217,0.008238517480220855,0.0,0.0,0.009409424096527437,0.0023928891568702083,0.0009314613405137801,0.0011709066163065815,0.0014614278163564282,0.6107377820491737,0.0012219825405636268,0.5106724384015869,0.011802313253397645,0.006315287664708647,0.007237076268051417,0.0019105251073792693,0.2725689417278517,0.009409424096527437,0.0023928891568702083,0.00309413643181879,0.0021723478284760194,-0.0007012472749485816,-0.2930546418897988,0.0002205413283941889,0.09216529222049175
44,2000,5,1.0,1.0,1.0,1.0,3,False,10,0.6,0.157,0.5185,0.009409424096527437,baseline_oracle_kmeans,,0.35209617421906586,0.6254498563997138,0.6254498563997137,0.3233314076070835,0.9843793903199846,0.6356591950044649,0.6477899976438444,0.02727079826946601,0.972729201730534,1.0,0.47738820153612016,0.22831892880276017,0.003488973660521588,0.0073123570546735905,0.011802313253397645,-0.0036831769030412492,-0.003574989345171462,0.0,0.0,0.009409424096527437,0.0023928891568702083,0.013092600999568686,0.012984413441698898,-0.010699711842698478,-4.471461543456205,-0.01059152428482869,-4.426249437596988,0.011802313253397645,0.006315287664708647,0.007237076268051417,0.0019105251073792693,0.2725689417278517,0.009409424096527437,0.0023928891568702083,0.00309413643181879,0.0021723478284760194,-0.0007012472749485816,-0.2930546418897988,0.0002205413283941889,0.09216529222049175
44,2000,5,1.0,1.0,1.0,1.0,3,False,10,0.6,0.157,0.5185,0.009409424096527437,baseline_oracle_quantile,,0.09176123362463601,0.30328302093528403,0.30328302093528403,0.9000466936305523,0.0023225365933351796,0.0024686325087326945,0.30161262091087343,0.9982515399195531,0.0017484600804469341,1.0,0.4242418773540886,0.2960451182036914,0.016165117222872394,0.013869886747667648,0.011802313253397645,-0.007924715769620744,0.0044381776278705366,0.0,0.0,0.009409424096527437,0.0023928891568702083,0.01733413986614818,0.0049712464686569,-0.014941250709277971,-6.244021235325608,-0.002578357311786692,-1.0775080426872208,0.011802313253397645,0.006315287664708647,0.007237076268051417,0.0019105251073792693,0.2725689417278517,0.009409424096527437,0.0023928891568702083,0.00309413643181879,0.0021723478284760194,-0.0007012472749485816,-0.2930546418897988,0.0002205413283941889,0.09216529222049175
45,2000,5,1.0,1.0,1.0,1.0,3,False,10,0.6,0.149,0.514,0.00854460610640166,1A_predicted_prob,,0.03023440917268263,0.10526941363715428,0.10526941363715428,0.3657633866759201,0.005106227826070246,0.06554408292779652,0.14547123247659563,0.9931600303455499,0.0068399696544501065,1.0,0.36173702422928744,0.7153107680240887,0.014084256705623854,0.031549398391299555,0.03224902412170952,0.027266448824273065,0.01209375238300221,0.0,0.0,0.00854460610640166,0.023704418015307857,0.018721842717871404,0.003549146276600551,0.0049825752974364534,0.2101960610979271,0.020155271738707306,0.8502749034248138,0.03224902412170952,0.0352562366812562,0.03390046189197867,0.0018403609365229725,0.2830241326409618,0.00854460610640166,0.023704418015307857,0.02671163057485454,0.02535585578557701,-0.003007212559546682,-0.12686295683803261,-0.0016514377702691527,-0.06966793148866546
45,2000,5,1.0,1.0,1.0,1.0,3,False,10,0.6,0.149,0.514,0.00854460610640166,1B_residual,,0.03560938240829364,0.11330511585642383,0.11330511585642385,0.35149629513949726,0.016998200332293014,0.08380836861764501,0.1507676213631451,0.9844332025650806,0.0155667974349194,0.740990732628012,0.3611679718689811,0.6347125698223176,0.004068891149685561,0.008212183981998078,0.03224902412170952,0.019936868686868687,0.002343041550162973,0.0,0.0,0.00854460610640166,0.023704418015307857,0.011392262580467027,0.006201564556238687,0.01231215543484083,0.5194034051749289,0.01750285345906917,0.7383793792265292,0.03224902412170952,0.0352562366812562,0.03390046189197867,0.0018403609365229725,0.2830241326409618,0.00854460610640166,0.023704418015307857,0.02671163057485454,0.02535585578557701,-0.003007212559546682,-0.12686295683803261,-0.0016514377702691527,-0.06966793148866546
45,2000,5,1.0,1.0,1.0,1.0,3,False,10,0.6,0.149,0.514,0.00854460610640166,1C_cv_decision,,0.03023440917268263,0.10526941363715428,0.10526941363715428,0.3657633866759201,0.005106227826070246,0.06554408292779652,0.14547123247659563,0.9931600303455499,0.0068399696544501065,1.0,0.36173702422928744,0.7153107680240887,0.014084256705623854,0.031549398391299555,0.03224902412170952,0.027266448824273065,0.01209375238300221,0.0,0.0,0.00854460610640166,0.023704418015307857,0.018721842717871404,0.003549146276600551,0.0049825752974364534,0.2101960610979271,0.020155271738707306,0.8502749034248138,0.03224902412170952,0.0352562366812562,0.03390046189197867,0.0018403609365229725,0.2830241326409618,0.00854460610640166,0.023704418015307857,0.02671163057485454,0.02535585578557701,-0.003007212559546682,-0.12686295683803261,-0.0016514377702691527,-0.06966793148866546
45,2000,5,1.0,1.0,1.0,1.0,3,False,10,0.6,0.149,0.514,0.00854460610640166,PS_propensity_score,,0.011027893297502492,0.052395711317090456,0.052395711317090456,0.15006473126513953,0.013750429444927947,0.03786916117803905,0.0672281072960355,0.9869142365689654,0.013085763431034625,1.0,0.14117508187177952,0.28124041812859724,0.013967355546759763,0.01620050477866042,0.03224902412170952,0.01926543101585976,0.008382700716996911,0.0,0.0,0.00854460610640166,0.023704418015307857,0.010720824909458101,0.0001619053894047484,0.012983593105849756,0.5477288283334019,0.02354251262590311,0.9931698222120369,0.03224902412170952,0.0352562366812562,0.03390046189197867,0.0018403609365229725,0.2830241326409618,0.00854460610640166,0.023704418015307857,0.02671163057485454,0.02535585578557701,-0.003007212559546682,-0.12686295683803261,-0.0016514377702691527,-0.06966793148866546
45,2000,5,1.0,1.0,1.0,1.0,3,False,10,0.6,0.149,0.514,0.00854460610640166,GMM,,0.006374435598880825,0.02993479082952397,0.02993479082952397,0.03733775744684421,0.032383930983406785,0.014284110770411336,0.028001933066887443,0.9733633963356132,0.026636603664386804,1.0,0.03804831913287954,0.09481203156827367,0.03412382444570028,0.024168197993507334,0.03224902412170952,0.02826529204794555,0.032914450506454904,0.0,0.0,0.00854460610640166,0.023704418015307857,0.019720685941543893,0.024369844400053242,0.003983732073763964,0.16805863241153385,-0.0006654263847453851,-0.028071829661275194,0.03224902412170952,0.0352562366812562,0.03390046189197867,0.0018403609365229725,0.2830241326409618,0.00854460610640166,0.023704418015307857,0.02671163057485454,0.02535585578557701,-0.003007212559546682,-0.12686295683803261,-0.0016514377702691527,-0.06966793148866546
45,2000,5,1.0,1.0,1.0,1.0,3,False,10,0.6,0.149,0.514,0.00854460610640166,Prognostic_score,,0.026917888411802846,0.10224867837956293,0.1022486783795629,0.3606648116058297,0.008703090620236536,0.05128227228408793,0.14021672483671807,0.9905644182241946,0.00943558177580539,1.0,0.34242539972960095,0.6712452609019797,0.015127837594720583,0.02287493182351552,0.03224902412170952,0.024950425810099895,0.019102247328737474,0.0,0.0,0.00854460610640166,0.023704418015307857,0.016405819703698234,0.010557641222335814,0.007298598311609623,0.30790033768795033,0.013146776792972043,0.5546129326812457,0.03224902412170952,0.0352562366812562,0.03390046189197867,0.0018403609365229725,0.2830241326409618,0.00854460610640166,0.023704418015307857,0.02671163057485454,0.02535585578557701,-0.003007212559546682,-0.12686295683803261,-0.0016514377702691527,-0.06966793148866546
45,2000,5,1.0,1.0,1.0,1.0,3,False,10,0.6,0.149,0.514,0.00854460610640166,2A_PCA_cum60,,0.01727801674101768,0.0664336079101869,0.0664336079101869,0.1639150807662726,0.010874551051128178,0.06828522440595759,0.08102495207445277,0.9890175813958215,0.010982418604178479,0.738679696923301,0.21315704351517495,0.4493942303341657,0.014930107830437023,0.019849979735349632,0.03224902412170952,0.023250822992716916,0.02461764497637193,0.0004957610400446278,0.19153793516440684,0.00854460610640166,0.023704418015307857,0.014706216886315257,0.016073038869970267,0.0089982011289926,0.3796001708703304,0.00763137914533759,0.3219391060522723,0.03224902412170952,0.0352562366812562,0.03390046189197867,0.0018403609365229725,0.2830241326409618,0.00854460610640166,0.023704418015307857,0.02671163057485454,0.02535585578557701,-0.003007212559546682,-0.12686295683803261,-0.0016514377702691527,-0.06966793148866546
45,2000,5,1.0,1.0,1.0,1.0,3,False,10,0.6,0.149,0.514,0.00854460610640166,2B_clustering,,0.02105822879726372,0.08703615444638814,0.08703615444638814,0.30124471381906875,0.011658546111714225,0.05977763993725539,0.12422696662267946,0.9884224434442952,0.011577556555704804,0.6695078794758752,0.22795340458150548,0.5109294737616757,0.09243738265188706,0.03217934628213548,0.03224902412170952,0.021768422835942675,0.013056231232970008,0.0013961886848274608,0.40427331731202953,0.00854460610640166,0.023704418015307857,0.013223816729541015,0.004511625126568348,0.010480601285766842,0.4421370429343032,0.01919279288873951,0.8096715505246816,0.03224902412170952,0.0352562366812562,0.03390046189197867,0.0018403609365229725,0.2830241326409618,0.00854460610640166,0.023704418015307857,0.02671163057485454,0.02535585578557701,-0.003007212559546682,-0.12686295683803261,-0.0016514377702691527,-0.06966793148866546
45,2000,5,1.0,1.0,1.0,1.0,3,False,10,0.6,0.149,0.514,0.00854460610640166,baseline_random,,-4.8739543102491306e-05,0.018588029570367308,0.018588029570367308,0.0018313013533521974,0.0015021409841004653,0.0025102580914163615,0.0019479001429563412,0.9957713036503091,0.004228696349690919,1.0,0.0024203468628930525,0.002833984550661417,0.004254852044563662,0.0021866222184574458,0.03224902412170952,0.031947366268901274,0.030647867499608378,0.0,0.0,0.00854460610640166,0.023704418015307857,0.023402760162499613,0.022103261393206716,0.0003016578528082445,0.012725807172883963,0.0016011566221011408,0.06754675947189026,0.03224902412170952,0.0352562366812562,0.03390046189197867,0.0018403609365229725,0.2830241326409618,0.00854460610640166,0.023704418015307857,0.02671163057485454,0.02535585578557701,-0.003007212559546682,-0.12686295683803261,-0.0016514377702691527,-0.06966793148866546
45,2000,5,1.0,1.0,1.0,1.0,3,False,10,0.6,0.149,0.514,0.00854460610640166,baseline_oracle_kmeans,,0.39343370468891825,0.6636393448263332,0.6636393448263332,0.25109132798742634,1.0000000000000002,0.7088288655154646,0.6533067311676304,0.0,1.0,1.0,0.2598605756022363,0.16703553505709556,0.03702772640453955,0.030000657397636243,0.03224902412170952,0.013977525912819031,0.01570890472385324,0.0,0.0,0.00854460610640166,0.023704418015307857,0.005432919806417372,0.007164298617451581,0.018271498208890485,0.7708056024447048,0.016540119397856275,0.6977652599264401,0.03224902412170952,0.0352562366812562,0.03390046189197867,0.0018403609365229725,0.2830241326409618,0.00854460610640166,0.023704418015307857,0.02671163057485454,0.02535585578557701,-0.003007212559546682,-0.12686295683803261,-0.0016514377702691527,-0.06966793148866546
45,2000,5,1.0,1.0,1.0,1.0,3,False,10,0.6,0.149,0.514,0.00854460610640166,baseline_oracle_quantile,,0.10492210642179142,0.3296701328991062,0.3296701328991062,0.9051942839193746,0.003919912243162941,0.003933218745985676,0.30434913830284105,0.9940226385337076,0.005977361466292352,1.0,0.4318418754129786,0.3473432909226064,0.012253563237752507,0.013228150946728912,0.03224902412170952,0.024906373967719622,0.01181674430650498,0.0,0.0,0.00854460610640166,0.023704418015307857,0.01636176786131796,0.00327213820010332,0.007342650153989896,0.30975871878601513,0.020432279815204537,0.8619608294964156,0.03224902412170952,0.0352562366812562,0.03390046189197867,0.0018403609365229725,0.2830241326409618,0.00854460610640166,0.023704418015307857,0.02671163057485454,0.02535585578557701,-0.003007212559546682,-0.12686295683803261,-0.0016514377702691527,-0.06966793148866546
46,2000,5,1.0,1.0,1.0,1.0,3,False,10,0.6,0.1525,0.503,0.009053507286444504,1A_predicted_prob,,0.025990819446908713,0.10722686350330009,0.10722686350330007,0.309971821738828,0.0036302517684881374,0.10848033206834194,0.14069413519188603,0.9958491521192641,0.004150847880735942,1.0,0.3671761781064625,0.7129875958495164,0.43166244419033295,0.231030649716379,0.046349084420546416,0.03499584226241145,0.016530867154486602,0.0012125580656713198,0.397716061260779,0.009053507286444504,0.037295577134101913,0.02594233497596695,0.007477359868042098,0.011353242158134963,0.3044125612351475,0.029818217266059814,0.7995108148841319,0.046349084420546416,0.05139137939195482,0.05281661763296652,0.0,0.0,0.009053507286444504,0.037295577134101913,0.042337872105510314,0.04376311034652202,-0.005042294971408401,-0.1351982020087279,-0.006467533212420107,-0.1734128738419869
46,2000,5,1.0,1.0,1.0,1.0,3,False,10,0.6,0.1525,0.503,0.009053507286444504,1B_residual,,0.02813057474051458,0.11480469774342074,0.11480469774342074,0.31717557494465193,0.004918681095825939,0.11200987742092447,0.14470137782046744,0.994916384642791,0.005083615357209026,1.0,0.3551248259043158,0.615867728352086,0.3290564471899847,0.17851193898044204,0.046349084420546416,0.02064895007509202,0.0021097967428712386,0.0,0.0,0.009053507286444504,0.037295577134101913,0.011595442788647515,0.006943710543573265,0.0257001343454544,0.6890933542346231,0.03035186659052865,0.8138194639378793,0.046349084420546416,0.05139137939195482,0.05281661763296652,0.0,0.0,0.009053507286444504,0.037295577134101913,0.042337872105510314,0.04376311034652202,-0.005042294971408401,-0.1351982020087279,-0.006467533212420107,-0.1734128738419869
46,2000,5,1.0,1.0,1.0,1.0,3,False,10,0.6,0.1525,0.503,0.009053507286444504,1C_cv_decision,,0.025990819446908713,0.10722686350330009,0.10722686350330007,0.309971821738828,0.0036302517684881374,0.10848033206834194,0.14069413519188603,0.9958491521192641,0.004150847880735942,1.0,0.3671761781064625,0.7129875958495164,0.43166244419033295,0.231030649716379,0.046349084420546416,0.03499584226241145,0.016530867154486602,0.0012125580656713198,0.397716061260779,0.009053507286444504,0.037295577134101913,0.02594233497596695,0.007477359868042098,0.011353242158134963,0.3044125612351475,0.029818217266059814,0.7995108148841319,0.046349084420546416,0.05139137939195482,0.05281661763296652,0.0,0.0,0.009053507286444504,0.037295577134101913,0.042337872105510314,0.04376311034652202,-0.005042294971408401,-0.1351982020087279,-0.006467533212420107,-0.1734128738419869
46,2000,5,1.0,1.0,1.0,1.0,3,False,10,0.6,0.1525,0.503,0.009053507286444504,PS_propensity_score,,0.005172244013483469,0.029702073352215537,0.029702073352215537,0.03614556079316492,0.016269194910054834,0.021918161487942574,0.02477763906372078,0.9866884827009753,0.013311517299024689,0.6618518706372014,0.04530713350693394,0.06813997759807577,0.14757166703516944,0.09189723655379523,0.046349084420546416,0.042811886773520054,0.04616367356062518,0.0008513888913172609,0.25537806529944795,0.009053507286444504,0.037295577134101913,0.03375837948707555,0.03711016627418068,0.003537197647026362,0.09484228208368595,0.00018541085992123535,0.00497139001910496,0.046349084420546416,0.05139137939195482,0.05281661763296652,0.0,0.0,0.009053507286444504,0.037295577134101913,0.042337872105510314,0.04376311034652202,-0.005042294971408401,-0.1351982020087279,-0.006467533212420107,-0.1734128738419869
46,2000,5,1.0,1.0,1.0,1.0,3,False,10,0.6,0.1525,0.503,0.009053507286444504,GMM,,0.009601776318022016,0.047077526649884203,0.0470775266498842,0.06791047143293366,0.0035276245010698285,0.06493262439283334,0.04545690677561228,0.9959231952859728,0.00407680471402716,0.9543822086167831,0.0944723795959096,0.2505268753147587,0.10461477100571781,0.08132943654956759,0.046349084420546416,0.045390032909157746,0.035267954008126184,0.0012953953632971916,0.36122128556621047,0.009053507286444504,0.037295577134101913,0.036336525622713244,0.026214446721681682,0.00095905151138867,0.02571488592173421,0.011081130412420231,0.2971164750333892,0.046349084420546416,0.05139137939195482,0.05281661763296652,0.0,0.0,0.009053507286444504,0.037295577134101913,0.042337872105510314,0.04376311034652202,-0.005042294971408401,-0.1351982020087279,-0.006467533212420107,-0.1734128738419869
46,2000,5,1.0,1.0,1.0,1.0,3,False,10,0.6,0.1525,0.503,0.009053507286444504,Prognostic_score,,0.022816587267055696,0.09633657665230992,0.0963365766523099,0.28467308143323605,0.007757098092977097,0.08148989283949402,0.12464002412190239,0.9928639768452026,0.007136023154797444,0.8121392285556626,0.32284436689979945,0.7045595992330994,0.41916335770449564,0.22040315487724838,0.046349084420546416,0.0336257430462925,0.017439526489974537,0.0016182980404734137,0.4647749006366907,0.009053507286444504,0.037295577134101913,0.024572235759847995,0.008386019203530033,0.012723341374253919,0.3411487997224232,0.02890955793057188,0.7751470858494339,0.046349084420546416,0.05139137939195482,0.05281661763296652,0.0,0.0,0.009053507286444504,0.037295577134101913,0.042337872105510314,0.04376311034652202,-0.005042294971408401,-0.1351982020087279,-0.006467533212420107,-0.1734128738419869
46,2000,5,1.0,1.0,1.0,1.0,3,False,10,0.6,0.1525,0.503,0.009053507286444504,2A_PCA_cum60,,0.010229794420848266,0.050137776958350144,0.05013777695835015,0.09879887605641478,0.017721996352401907,0.058043830337638214,0.058188234248818305,0.9855833938540786,0.01441660614592144,0.4743542566135621,0.13114395220360775,0.5200072754634304,0.1583495867568947,0.08920289265044423,0.046349084420546416,0.043472625290574454,0.038114709310785116,0.003599966386945111,0.6316366975620846,0.009053507286444504,0.037295577134101913,0.03441911800412995,0.029061202024340614,0.0028764591299719616,0.07712601201019675,0.0082343751097613,0.22078690671961865,0.046349084420546416,0.05139137939195482,0.05281661763296652,0.0,0.0,0.009053507286444504,0.037295577134101913,0.042337872105510314,0.04376311034652202,-0.005042294971408401,-0.1351982020087279,-0.006467533212420107,-0.1734128738419869
46,2000,5,1.0,1.0,1.0,1.0,3,False,10,0.6,0.1525,0.503,0.009053507286444504,2B_clustering,,0.017340648865093646,0.08413536873273722,0.08413536873273722,0.21864406709707984,0.015255538363219027,0.07137682831141967,0.10175881125723951,0.987441227458002,0.012558772541997998,1.0,0.1506158518932792,0.44091398030386386,0.2072641406354031,0.11360103339031902,0.046349084420546416,0.04048715082698323,0.028747607931777507,0.001615556865856189,0.4280063493155142,0.009053507286444504,0.037295577134101913,0.03143364354053873,0.019694100645333,0.0058619335935631844,0.15717503371742214,0.017601476488768912,0.4719454112609688,0.046349084420546416,0.05139137939195482,0.05281661763296652,0.0,0.0,0.009053507286444504,0.037295577134101913,0.042337872105510314,0.04376311034652202,-0.005042294971408401,-0.1351982020087279,-0.006467533212420107,-0.1734128738419869
46,2000,5,1.0,1.0,1.0,1.0,3,False,10,0.6,0.1525,0.503,0.009053507286444504,baseline_random,,-0.0011584466158065618,0.017980406021340566,0.017980406021340566,0.005139374656011851,0.005218739216399771,0.002325950291369917,0.004228021387927179,0.9946990042069257,0.0053009957930743035,0.41591682862509527,0.0017577801893812195,0.0018703856787040118,0.005379148276163037,0.002170171657752684,0.046349084420546416,0.04605295162976974,0.046843824146166405,0.004643942761043713,0.6376048890912203,0.009053507286444504,0.037295577134101913,0.036999444343325236,0.0377903168597219,0.0002961327907766778,0.007940158419103893,-0.0004947397256199887,-0.013265372562571542,0.046349084420546416,0.05139137939195482,0.05281661763296652,0.0,0.0,0.009053507286444504,0.037295577134101913,0.042337872105510314,0.04376311034652202,-0.005042294971408401,-0.1351982020087279,-0.006467533212420107,-0.1734128738419869
46,2000,5,1.0,1.0,1.0,1.0,3,False,10,0.6,0.1525,0.503,0.009053507286444504,baseline_oracle_kmeans,,0.36069823664668765,0.6524959815530685,0.6524959815530686,0.254040567184912,0.9999999999999999,0.6864481843111249,0.6468295838320123,0.0,1.0,0.5819937201761725,0.2728350132206714,0.12964618527280103,0.09606652043812669,0.05330710966415475,0.046349084420546416,0.047063333405897766,0.03496173472525698,0.003761074746375294,0.6416911295328819,0.009053507286444504,0.037295577134101913,0.03800982611945326,0.02590822743881248,-0.0007142489853513498,-0.01915103720698985,0.011387349695289435,0.3053270808585289,0.046349084420546416,0.05139137939195482,0.05281661763296652,0.0,0.0,0.009053507286444504,0.037295577134101913,0.042337872105510314,0.04376311034652202,-0.005042294971408401,-0.1351982020087279,-0.006467533212420107,-0.1734128738419869
46,2000,5,1.0,1.0,1.0,1.0,3,False,10,0.6,0.1525,0.503,0.009053507286444504,baseline_oracle_quantile,,0.11204584850306562,0.34394084303765765,0.34394084303765765,0.9055978560154445,0.004474408375033663,0.0023840062149318606,0.30415209020180334,0.9952420718559584,0.004757928144041634,1.0,0.4200820473558662,0.31875710400654167,0.1977674524682559,0.11773878374187485,0.046349084420546416,0.04464209694117115,0.02560874716424637,0.001479767635123283,0.4568715991859277,0.009053507286444504,0.037295577134101913,0.035588589654726645,0.016555239877801865,0.0017069874793752687,0.04576916649493146,0.020740337256300048,0.556107153985713,0.046349084420546416,0.05139137939195482,0.05281661763296652,0.0,0.0,0.009053507286444504,0.037295577134101913,0.042337872105510314,0.04376311034652202,-0.005042294971408401,-0.1351982020087279,-0.006467533212420107,-0.1734128738419869
47,2000,5,1.0,1.0,1.0,1.0,3,False,10,0.6,0.1415,0.506,0.008413545053221996,1A_predicted_prob,,0.019328142276510387,0.09795124599544416,0.09795124599544416,0.3484295592485253,0.008906783225101153,0.027532324794280385,0.12828955575596893,0.9917633526443556,0.008236647355644444,0.4130661999845263,0.2872806369375426,0.8512653030883688,0.28795559830898065,0.2153415792416653,0.03001200480192076,0.02526114406967344,0.018168887748359164,0.0031203839227331703,0.6394946380163792,0.008413545053221996,0.021598459748698763,0.016847599016451442,0.009755342695137168,0.004750860732247321,0.21996294122471138,0.011843117053561595,0.548331556571996,0.03001200480192076,0.03824097296173059,0.035153523088569165,0.0,0.0,0.008413545053221996,0.021598459748698763,0.02982742790850859,0.026739978035347167,-0.008228968159809828,-0.3809979163123238,-0.005141518286648404,-0.2380502288807036
47,2000,5,1.0,1.0,1.0,1.0,3,False,10,0.6,0.1415,0.506,0.008413545053221996,1B_residual,,0.02223058159203352,0.10429245325540897,0.10429245325540897,0.3544820985716408,0.011014188573582925,0.03850972319471733,0.1346686701133137,0.9902431630665176,0.009756836933482393,1.0,0.3137421935882524,0.7188144821957476,0.2150942507142457,0.14758882855444333,0.03001200480192076,0.02230824655306054,0.0004950471772797129,0.0,0.0,0.008413545053221996,0.021598459748698763,0.013894701499838543,0.007918497875942282,0.00770375824886022,0.3566809086617553,0.01367996187275648,0.6333767329672966,0.03001200480192076,0.03824097296173059,0.035153523088569165,0.0,0.0,0.008413545053221996,0.021598459748698763,0.02982742790850859,0.026739978035347167,-0.008228968159809828,-0.3809979163123238,-0.005141518286648404,-0.2380502288807036
47,2000,5,1.0,1.0,1.0,1.0,3,False,10,0.6,0.1415,0.506,0.008413545053221996,1C_cv_decision,,0.019328142276510387,0.09795124599544416,0.09795124599544416,0.3484295592485253,0.008906783225101153,0.027532324794280385,0.12828955575596893,0.9917633526443556,0.008236647355644444,0.4130661999845263,0.2872806369375426,0.8512653030883688,0.28795559830898065,0.2153415792416653,0.03001200480192076,0.02526114406967344,0.018168887748359164,0.0031203839227331703,0.6394946380163792,0.008413545053221996,0.021598459748698763,0.016847599016451442,0.009755342695137168,0.004750860732247321,0.21996294122471138,0.011843117053561595,0.548331556571996,0.03001200480192076,0.03824097296173059,0.035153523088569165,0.0,0.0,0.008413545053221996,0.021598459748698763,0.02982742790850859,0.026739978035347167,-0.008228968159809828,-0.3809979163123238,-0.005141518286648404,-0.2380502288807036
47,2000,5,1.0,1.0,1.0,1.0,3,False,10,0.6,0.1415,0.506,0.008413545053221996,PS_propensity_score,,0.004103354592830417,0.022096609435264918,0.022096609435264914,0.006583684117537056,0.029173586903975715,0.008386220989844904,0.014714497337119223,0.9770323595910344,0.022967640408965595,1.0,0.006250000128782629,0.003570039887580645,0.034726022748263974,0.029558437856990305,0.03001200480192076,0.029004758413319398,0.03289961228555356,0.0,0.0,0.008413545053221996,0.021598459748698763,0.0205912133600974,0.024486067232331564,0.0010072463886013627,0.046635102702730746,-0.002887607483632801,-0.13369506516809704,0.03001200480192076,0.03824097296173059,0.035153523088569165,0.0,0.0,0.008413545053221996,0.021598459748698763,0.02982742790850859,0.026739978035347167,-0.008228968159809828,-0.3809979163123238,-0.005141518286648404,-0.2380502288807036
47,2000,5,1.0,1.0,1.0,1.0,3,False,10,0.6,0.1415,0.506,0.008413545053221996,GMM,,0.0006417750835732761,0.023442931436766325,0.023442931436766325,0.027754332318412577,0.015647261896587224,0.007689448393604627,0.017030347536201477,0.9868227356933897,0.013177264306610259,1.0,0.017913969483845382,0.05820597972185382,0.031046612369722726,0.015570984243943431,0.03001200480192076,0.029076788508603405,0.03115156048406767,0.0,0.0,0.008413545053221996,0.021598459748698763,0.02066324345538141,0.022738015430845672,0.0009352162933173522,0.043300138259798615,-0.0011395556821469088,-0.05276096978237366,0.03001200480192076,0.03824097296173059,0.035153523088569165,0.0,0.0,0.008413545053221996,0.021598459748698763,0.02982742790850859,0.026739978035347167,-0.008228968159809828,-0.3809979163123238,-0.005141518286648404,-0.2380502288807036
47,2000,5,1.0,1.0,1.0,1.0,3,False,10,0.6,0.1415,0.506,0.008413545053221996,Prognostic_score,,0.01772932905299684,0.0947623132613894,0.09476231326138938,0.33357862035760155,0.010654998407752277,0.01573812273873912,0.11999058050136431,0.9905019785817442,0.009498021418255842,1.0,0.24521322734548634,0.7777172030750137,0.22191772531238696,0.15747846250212383,0.03001200480192076,0.022051802787611,0.0074864797408521425,0.0,0.0,0.008413545053221996,0.021598459748698763,0.013638257734389004,0.0009270653123698534,0.00796020201430976,0.36855415186674767,0.02067139443632891,0.9570772488799482,0.03001200480192076,0.03824097296173059,0.035153523088569165,0.0,0.0,0.008413545053221996,0.021598459748698763,0.02982742790850859,0.026739978035347167,-0.008228968159809828,-0.3809979163123238,-0.005141518286648404,-0.2380502288807036
47,2000,5,1.0,1.0,1.0,1.0,3,False,10,0.6,0.1415,0.506,0.008413545053221996,2A_PCA_cum60,,0.0092807675167853,0.048139738899374666,0.048139738899374666,0.13514382679273113,0.00161367874633891,0.044691786722357574,0.06048309742047587,0.9970308408802103,0.002969159119789677,1.0,0.15275218380691158,0.3629061077462603,0.04935392410378536,0.02348625953841965,0.03001200480192076,0.02943585224994063,0.02137151375340532,0.0002400272590520443,0.10244704568307995,0.008413545053221996,0.021598459748698763,0.02102230719671863,0.012957968700183323,0.0005761525519801317,0.02667563144241536,0.00864049104851544,0.4000512605550959,0.03001200480192076,0.03824097296173059,0.035153523088569165,0.0,0.0,0.008413545053221996,0.021598459748698763,0.02982742790850859,0.026739978035347167,-0.008228968159809828,-0.3809979163123238,-0.005141518286648404,-0.2380502288807036
47,2000,5,1.0,1.0,1.0,1.0,3,False,10,0.6,0.1415,0.506,0.008413545053221996,2B_clustering,,0.01736005827234839,0.07652331679603402,0.07652331679603404,0.243204198727346,0.009839987635222019,0.06749952308204919,0.10684790314820575,0.9910730602395742,0.0089269397604258,1.0,0.14658881591176742,0.44784632763097865,0.16965136748903253,0.15454662608175473,0.03001200480192076,0.03457551302884601,0.026702036574543564,0.0,0.0,0.008413545053221996,0.021598459748698763,0.026161967975624013,0.018288491521321566,-0.00456350822692525,-0.21128859557682977,0.003309968227377197,0.15325019774044824,0.03001200480192076,0.03824097296173059,0.035153523088569165,0.0,0.0,0.008413545053221996,0.021598459748698763,0.02982742790850859,0.026739978035347167,-0.008228968159809828,-0.3809979163123238,-0.005141518286648404,-0.2380502288807036
47,2000,5,1.0,1.0,1.0,1.0,3,False,10,0.6,0.1415,0.506,0.008413545053221996,baseline_random,,7.585296956010107e-05,0.020346628723928284,0.020346628723928284,0.0007312426525214668,0.002339402876327863,0.00264612498605484,0.0019055901716347233,0.9965067416367656,0.0034932583632344416,0.606424084616052,0.0018381824480599995,0.0009754106170942745,0.00501783657679733,0.003029743122024642,0.03001200480192076,0.028290876594910638,0.022655508977415785,0.0021691612411600006,0.46858487615584665,0.008413545053221996,0.021598459748698763,0.019877331541688643,0.014241963924193789,0.0017211282070101197,0.07968754378949694,0.007356495824504974,0.3406027980744404,0.03001200480192076,0.03824097296173059,0.035153523088569165,0.0,0.0,0.008413545053221996,0.021598459748698763,0.02982742790850859,0.026739978035347167,-0.008228968159809828,-0.3809979163123238,-0.005141518286648404,-0.2380502288807036
47,2000,5,1.0,1.0,1.0,1.0,3,False,10,0.6,0.1415,0.506,0.008413545053221996,baseline_oracle_kmeans,,0.3580705300910671,0.6270139278852174,0.6270139278852174,0.3000860372397507,0.9920716075904049,0.654904536614335,0.6490207271481635,0.01577126118950421,0.9842287388104958,1.0,0.2451753262434987,0.10730753977729457,0.038403233876363574,0.023469702937247483,0.03001200480192076,0.02560914851986449,0.011190574212387333,0.0,0.0,0.008413545053221996,0.021598459748698763,0.017195603466642492,0.0027770291591653375,0.004402856282056271,0.2038504751396233,0.018821430589533426,0.8714246667828874,0.03001200480192076,0.03824097296173059,0.035153523088569165,0.0,0.0,0.008413545053221996,0.021598459748698763,0.02982742790850859,0.026739978035347167,-0.008228968159809828,-0.3809979163123238,-0.005141518286648404,-0.2380502288807036
47,2000,5,1.0,1.0,1.0,1.0,3,False,10,0.6,0.1415,0.506,0.008413545053221996,baseline_oracle_quantile,,0.08873090824158643,0.2996609209177591,0.29966092091775903,0.8974760114476753,0.002210513480927658,0.004247629216351815,0.3013113847149849,0.9966007228398477,0.003399277160152314,1.0,0.4195197871034664,0.3311624546394959,0.11003212164667076,0.08139471178314672,0.03001200480192076,0.035860608553977255,0.015531080435943567,0.0008465793690228568,0.3569790041964808,0.008413545053221996,0.021598459748698763,0.027447063500755257,0.007117535382721571,-0.005848603752056494,-0.27078800155686356,0.014480924365977192,0.6704609742761689,0.03001200480192076,0.03824097296173059,0.035153523088569165,0.0,0.0,0.008413545053221996,0.021598459748698763,0.02982742790850859,0.026739978035347167,-0.008228968159809828,-0.3809979163123238,-0.005141518286648404,-0.2380502288807036
48,2000,5,1.0,1.0,1.0,1.0,3,False,10,0.6,0.143,0.499,0.009518293490931359,1A_predicted_prob,,0.035044545653741904,0.11685985906132407,0.11685985906132408,0.31414872222002693,0.02084145713530946,0.09015064533211095,0.1417136082291491,0.9821373837930836,0.017862616206916426,1.0,0.37948325205535827,0.8429098455086995,0.0551433708051533,0.041467617397161316,0.01971670980155285,0.017589651107751944,0.004912212128673463,0.0,0.0,0.009518293490931359,0.010198416310621492,0.008071357616820585,0.004606081362257895,0.0021270586938009067,0.2085675490208816,0.005592334948363597,0.5483532715309206,0.01971670980155285,0.019392905650941077,0.013773008563135418,0.002610664209496745,0.3544903894901253,0.009518293490931359,0.010198416310621492,0.009874612160009719,0.00425471507220406,0.0003238041506117735,0.03175043465077387,0.0059437012384174325,0.58280629632928
48,2000,5,1.0,1.0,1.0,1.0,3,False,10,0.6,0.143,0.499,0.009518293490931359,1B_residual,,0.03609804264413695,0.1218152054321595,0.1218152054321595,0.32140368940974623,0.01684323270637156,0.09761725393756422,0.14528805868456066,0.9850457693782404,0.014954230621759601,1.0,0.3993096101917286,0.6944027753063329,0.035841887707746656,0.018250117227598728,0.01971670980155285,0.01225638418598946,-0.001347060846762933,0.0,0.0,0.009518293490931359,0.010198416310621492,0.0027380906950581017,0.010865354337694292,0.0074603256155633905,0.7315180502872369,-0.0006669380270727995,-0.06539623474462353,0.01971670980155285,0.019392905650941077,0.013773008563135418,0.002610664209496745,0.3544903894901253,0.009518293490931359,0.010198416310621492,0.009874612160009719,0.00425471507220406,0.0003238041506117735,0.03175043465077387,0.0059437012384174325,0.58280629632928
48,2000,5,1.0,1.0,1.0,1.0,3,False,10,0.6,0.143,0.499,0.009518293490931359,1C_cv_decision,,0.035044545653741904,0.11685985906132407,0.11685985906132408,0.31414872222002693,0.02084145713530946,0.09015064533211095,0.1417136082291491,0.9821373837930836,0.017862616206916426,1.0,0.37948325205535827,0.8429098455086995,0.0551433708051533,0.041467617397161316,0.01971670980155285,0.017589651107751944,0.004912212128673463,0.0,0.0,0.009518293490931359,0.010198416310621492,0.008071357616820585,0.004606081362257895,0.0021270586938009067,0.2085675490208816,0.005592334948363597,0.5483532715309206,0.01971670980155285,0.019392905650941077,0.013773008563135418,0.002610664209496745,0.3544903894901253,0.009518293490931359,0.010198416310621492,0.009874612160009719,0.00425471507220406,0.0003238041506117735,0.03175043465077387,0.0059437012384174325,0.58280629632928
48,2000,5,1.0,1.0,1.0,1.0,3,False,10,0.6,0.143,0.499,0.009518293490931359,PS_propensity_score,,0.0014007642100056664,0.023793587711663105,0.023793587711663105,0.012440605919400551,0.008215468160611642,0.013016183046089112,0.011224085708700435,0.9912700660206857,0.00872993397931432,0.9406462965510374,0.0007666448144147964,0.019944669075827925,0.0031909719863838504,0.015719258483375298,0.01971670980155285,0.014222272797750617,0.01686118881417237,0.0,0.0,0.009518293490931359,0.010198416310621492,0.004703979306819258,0.007342895323241012,0.005494437003802234,0.5387539434019637,0.0028555209873804797,0.27999651126288094,0.01971670980155285,0.019392905650941077,0.013773008563135418,0.002610664209496745,0.3544903894901253,0.009518293490931359,0.010198416310621492,0.009874612160009719,0.00425471507220406,0.0003238041506117735,0.03175043465077387,0.0059437012384174325,0.58280629632928
48,2000,5,1.0,1.0,1.0,1.0,3,False,10,0.6,0.143,0.499,0.009518293490931359,GMM,,0.009599775559006981,0.04933521923392368,0.04933521923392368,0.0938902189720394,0.0068467207584257,0.05923462488621332,0.053323854872226135,0.9922804598690296,0.007719540130970426,0.7725039469077888,0.08864686284534751,0.2029967296347679,0.06550197533878432,0.08117902998286863,0.01971670980155285,0.020556654230144782,0.011079492986738273,0.0011909844978255162,0.35678876753186684,0.009518293490931359,0.010198416310621492,0.011038360739213424,0.0015611994958069138,-0.0008399444285919315,-0.08236028055818267,0.008637216814814578,0.8469174577447923,0.01971670980155285,0.019392905650941077,0.013773008563135418,0.002610664209496745,0.3544903894901253,0.009518293490931359,0.010198416310621492,0.009874612160009719,0.00425471507220406,0.0003238041506117735,0.03175043465077387,0.0059437012384174325,0.58280629632928
48,2000,5,1.0,1.0,1.0,1.0,3,False,10,0.6,0.143,0.499,0.009518293490931359,Prognostic_score,,0.031256871579283585,0.10442448489678376,0.10442448489678374,0.27410327359088343,0.016945280382751057,0.08539428528796007,0.1254809464205315,0.984926256317892,0.01507374368210801,0.6341288247904133,0.3197221558987853,0.7745531736878486,0.1056699763610921,0.07006382403607281,0.01971670980155285,0.02142508196831537,0.014165275611794235,0.000972546332672069,0.41273427042188987,0.009518293490931359,0.010198416310621492,0.011906788477384012,0.004646982120862876,-0.0017083721667625201,-0.167513476085819,0.005551434189758616,0.5443427705512358,0.01971670980155285,0.019392905650941077,0.013773008563135418,0.002610664209496745,0.3544903894901253,0.009518293490931359,0.010198416310621492,0.009874612160009719,0.00425471507220406,0.0003238041506117735,0.03175043465077387,0.0059437012384174325,0.58280629632928
48,2000,5,1.0,1.0,1.0,1.0,3,False,10,0.6,0.143,0.499,0.009518293490931359,2A_PCA_cum60,,0.012597269860247414,0.05303020794667734,0.05303020794667733,0.12613226074226425,0.02014957795094701,0.04771586809491083,0.06466590226270737,0.982608005408582,0.017391994591418047,1.0,0.13794572346877965,0.45323015212914075,0.011380098070395084,0.0034115160995721316,0.01971670980155285,0.019572927357119338,0.021793162076632754,0.0,0.0,0.009518293490931359,0.010198416310621492,0.01005463386618798,0.012274868585701395,0.00014378244443351285,0.014098507067589083,-0.0020764522750799028,-0.2036053649739038,0.01971670980155285,0.019392905650941077,0.013773008563135418,0.002610664209496745,0.3544903894901253,0.009518293490931359,0.010198416310621492,0.009874612160009719,0.00425471507220406,0.0003238041506117735,0.03175043465077387,0.0059437012384174325,0.58280629632928
48,2000,5,1.0,1.0,1.0,1.0,3,False,10,0.6,0.143,0.499,0.009518293490931359,2B_clustering,,0.02440783790600965,0.09600830146300952,0.09600830146300952,0.2499803299493884,0.01939047060793487,0.10242093394787397,0.12393057816839907,0.9831878092660498,0.01681219073395024,0.9508168432180978,0.21316703700667927,0.551462030715717,0.14475177110432957,0.06285924747476945,0.01971670980155285,0.021532629057457897,0.0001292455381199126,0.0005091783245239935,0.23782646549381933,0.009518293490931359,0.010198416310621492,0.012014335566526538,0.009389047952811445,-0.0018159192559050463,-0.17805894568294822,0.0008093683578100468,0.07936216106093863,0.01971670980155285,0.019392905650941077,0.013773008563135418,0.002610664209496745,0.3544903894901253,0.009518293490931359,0.010198416310621492,0.009874612160009719,0.00425471507220406,0.0003238041506117735,0.03175043465077387,0.0059437012384174325,0.58280629632928
48,2000,5,1.0,1.0,1.0,1.0,3,False,10,0.6,0.143,0.499,0.009518293490931359,baseline_random,,9.707430871199427e-05,0.015106953723388283,0.015106953723388283,0.0032289493193332812,0.00329196884370683,0.001221322581398363,0.002580746914812825,0.9948479621652556,0.005152037834744383,0.7556197700779881,0.005741970420660603,0.005088206212196078,0.006275846014095254,0.0036915758163106327,0.01971670980155285,0.01933607668275122,0.0150703985320302,0.0010839944189924954,0.3107518554141754,0.009518293490931359,0.010198416310621492,0.009817783191819862,0.005552105041098841,0.00038063311880163,0.037322767301155024,0.004646311269522651,0.45559144949628994,0.01971670980155285,0.019392905650941077,0.013773008563135418,0.002610664209496745,0.3544903894901253,0.009518293490931359,0.010198416310621492,0.009874612160009719,0.00425471507220406,0.0003238041506117735,0.03175043465077387,0.0059437012384174325,0.58280629632928
48,2000,5,1.0,1.0,1.0,1.0,3,False,10,0.6,0.143,0.499,0.009518293490931359,baseline_oracle_kmeans,,0.3739486747329123,0.6309903912020224,0.6309903912020223,0.32359698123197633,0.9881241605940784,0.6374832989886405,0.6497348136048985,0.022726190260330275,0.9772738097396697,1.0,0.505908763250574,0.19841214658077344,0.016199076671309376,0.00973104266329805,0.01971670980155285,0.024832479365181848,0.015490647625370469,0.0,0.0,0.009518293490931359,0.010198416310621492,0.015314185874250489,0.00597235413443911,-0.005115769563628997,-0.5016239196178922,0.004226062176182382,0.41438415999756784,0.01971670980155285,0.019392905650941077,0.013773008563135418,0.002610664209496745,0.3544903894901253,0.009518293490931359,0.010198416310621492,0.009874612160009719,0.00425471507220406,0.0003238041506117735,0.03175043465077387,0.0059437012384174325,0.58280629632928
48,2000,5,1.0,1.0,1.0,1.0,3,False,10,0.6,0.143,0.499,0.009518293490931359,baseline_oracle_quantile,,0.08858283281222165,0.29061759662721615,0.29061759662721615,0.9003520228439975,0.0033162784976444567,0.0014170006948818767,0.3016951006788413,0.994834667661028,0.005165332338971984,1.0,0.4468434474993114,0.28185303654162874,0.0449495012954485,0.04958600865558316,0.01971670980155285,0.023992282606522662,0.012515916072338087,0.0003800539443128214,0.211045029991448,0.009518293490931359,0.010198416310621492,0.014473989115591303,0.0029976225814067285,-0.004275572804969811,-0.4192388969762755,0.007200793729214764,0.706069796514901,0.01971670980155285,0.019392905650941077,0.013773008563135418,0.002610664209496745,0.3544903894901253,0.009518293490931359,0.010198416310621492,0.009874612160009719,0.00425471507220406,0.0003238041506117735,0.03175043465077387,0.0059437012384174325,0.58280629632928
49,2000,5,1.0,1.0,1.0,1.0,3,False,10,0.6,0.156,0.494,0.00885542533853491,1A_predicted_prob,,0.024526970635367042,0.09729290619237549,0.0972929061923755,0.3206562861475915,0.0038760670951796996,0.06016542032720579,0.12823259118999233,0.997127685976643,0.00287231402335697,1.0,0.2934289075240746,0.7759152852971247,0.022562430991777904,0.010411007104811354,0.039060618225612215,0.03012686283223688,0.014036715618136332,0.0,0.0,0.00885542533853491,0.030205192887077306,0.021271437493701972,0.005181290279601422,0.008933755393375334,0.29576885758599025,0.025023902607475883,0.8284635923706306,0.039060618225612215,0.042449293829676306,0.03343822001475625,0.0,0.0,0.00885542533853491,0.030205192887077306,0.0335938684911414,0.02458279467622134,-0.003388675604064091,-0.11218851065552604,0.005622398210855965,0.186140119411765
49,2000,5,1.0,1.0,1.0,1.0,3,False,10,0.6,0.156,0.494,0.00885542533853491,1B_residual,,0.0225964084700492,0.09322982488880972,0.09322982488880972,0.28843155819230915,0.0048697150532685815,0.06742365708355738,0.12024164344304504,0.9964091138997399,0.003590886100260149,1.0,0.29387121068802613,0.6451774260617569,0.017203939295035497,0.013891025416790437,0.039060618225612215,0.014828055917556867,0.005305676457210826,0.0,0.0,0.00885542533853491,0.030205192887077306,0.005972630579021957,0.003549748881324084,0.02423256230805535,0.8022647760816907,0.02665544400575322,0.8824788540634424,0.039060618225612215,0.042449293829676306,0.03343822001475625,0.0,0.0,0.00885542533853491,0.030205192887077306,0.0335938684911414,0.02458279467622134,-0.003388675604064091,-0.11218851065552604,0.005622398210855965,0.186140119411765
49,2000,5,1.0,1.0,1.0,1.0,3,False,10,0.6,0.156,0.494,0.00885542533853491,1C_cv_decision,,0.024526970635367042,0.09729290619237549,0.0972929061923755,0.3206562861475915,0.0038760670951796996,0.06016542032720579,0.12823259118999233,0.997127685976643,0.00287231402335697,1.0,0.2934289075240746,0.7759152852971247,0.022562430991777904,0.010411007104811354,0.039060618225612215,0.03012686283223688,0.014036715618136332,0.0,0.0,0.00885542533853491,0.030205192887077306,0.021271437493701972,0.005181290279601422,0.008933755393375334,0.29576885758599025,0.025023902607475883,0.8284635923706306,0.039060618225612215,0.042449293829676306,0.03343822001475625,0.0,0.0,0.00885542533853491,0.030205192887077306,0.0335938684911414,0.02458279467622134,-0.003388675604064091,-0.11218851065552604,0.005622398210855965,0.186140119411765
49,2000,5,1.0,1.0,1.0,1.0,3,False,10,0.6,0.156,0.494,0.00885542533853491,PS_propensity_score,,0.0035882633011423155,0.02841308477211823,0.028413084772118225,0.08410775116365159,0.01280415085179634,0.007812787404931108,0.03490822980679301,0.9906518836566754,0.009348116343324553,0.48671670411541645,0.0511159044256132,0.15097416026530774,0.349188366059091,0.11592321808300288,0.039060618225612215,0.03381147197859036,0.026706999115616685,0.0034888869256379587,0.6186226583172271,0.00885542533853491,0.030205192887077306,0.02495604664005545,0.017851573777081776,0.0052491462470218575,0.17378290768232774,0.01235361910999553,0.40898990965493154,0.039060618225612215,0.042449293829676306,0.03343822001475625,0.0,0.0,0.00885542533853491,0.030205192887077306,0.0335938684911414,0.02458279467622134,-0.003388675604064091,-0.11218851065552604,0.005622398210855965,0.186140119411765
49,2000,5,1.0,1.0,1.0,1.0,3,False,10,0.6,0.156,0.494,0.00885542533853491,GMM,,0.005782358210498385,0.03171329119671548,0.03171329119671548,0.06380897473021307,0.013901972082871158,0.029806973030775355,0.03583930661461986,0.9898527232389942,0.010147276761005797,1.0,0.0518349027578886,0.08501079694309965,0.17884289590953995,0.05250522174985217,0.039060618225612215,0.03148857923514321,0.025349048894287806,0.0,0.0,0.00885542533853491,0.030205192887077306,0.022633153896608305,0.016493623555752894,0.007572038990469002,0.2506866623489946,0.013711569331324412,0.45394741833251584,0.039060618225612215,0.042449293829676306,0.03343822001475625,0.0,0.0,0.00885542533853491,0.030205192887077306,0.0335938684911414,0.02458279467622134,-0.003388675604064091,-0.11218851065552604,0.005622398210855965,0.186140119411765
49,2000,5,1.0,1.0,1.0,1.0,3,False,10,0.6,0.156,0.494,0.00885542533853491,Prognostic_score,,0.022372295892467343,0.0893405647935981,0.0893405647935981,0.3088126915535017,0.008897504566414687,0.04663907106254491,0.1214497557274871,0.9934860206802351,0.00651397931976494,1.0,0.2468635310821602,0.7347734702852684,0.033259730421116185,0.007820169201310012,0.039060618225612215,0.032311331567608174,0.019612287504244902,0.0,0.0,0.00885542533853491,0.030205192887077306,0.023455906229073266,0.010756862165709992,0.00674928665800404,0.22344789133565135,0.019448330721367313,0.6438737469439534,0.039060618225612215,0.042449293829676306,0.03343822001475625,0.0,0.0,0.00885542533853491,0.030205192887077306,0.0335938684911414,0.02458279467622134,-0.003388675604064091,-0.11218851065552604,0.005622398210855965,0.186140119411765
49,2000,5,1.0,1.0,1.0,1.0,3,False,10,0.6,0.156,0.494,0.00885542533853491,2A_PCA_cum60,,0.014025156838720288,0.06110727165270635,0.06110727165270636,0.12546164822165312,0.012198102445528129,0.06567281402417682,0.06777752156378603,0.9910886881897967,0.008911311810203326,1.0,0.1564990288614614,0.4005183830365262,0.11965801839428003,0.037803979878216265,0.039060618225612215,0.040144288770786664,0.023842543202131715,0.0005650744427165536,0.23447163210483005,0.00885542533853491,0.030205192887077306,0.031288863432251755,0.014987117863596805,-0.001083670545174449,-0.03587696159484133,0.015218075023480502,0.5038231366498326,0.039060618225612215,0.042449293829676306,0.03343822001475625,0.0,0.0,0.00885542533853491,0.030205192887077306,0.0335938684911414,0.02458279467622134,-0.003388675604064091,-0.11218851065552604,0.005622398210855965,0.186140119411765
49,2000,5,1.0,1.0,1.0,1.0,3,False,10,0.6,0.156,0.494,0.00885542533853491,2B_clustering,,0.01874814240168853,0.07764267899786181,0.07764267899786183,0.2448686078041867,0.031284620558986134,0.06120202392825756,0.11245175076381014,0.9771102258709656,0.022889774129034368,1.0,0.177901755948083,0.5137444769118619,0.04516065751212128,0.008257943920206734,0.039060618225612215,0.03721523553297405,0.03508857689238699,0.0,0.0,0.00885542533853491,0.030205192887077306,0.028359810194439145,0.02623315155385208,0.0018453826926381617,0.06109488191441648,0.003972041333225228,0.13150193571266966,0.039060618225612215,0.042449293829676306,0.03343822001475625,0.0,0.0,0.00885542533853491,0.030205192887077306,0.0335938684911414,0.02458279467622134,-0.003388675604064091,-0.11218851065552604,0.005622398210855965,0.186140119411765
49,2000,5,1.0,1.0,1.0,1.0,3,False,10,0.6,0.156,0.494,0.00885542533853491,baseline_random,,0.0005877075161180589,0.014443814329854893,0.014443814329854893,0.0022997518595679637,0.0013283916724017282,0.0030736515394040923,0.002233931690457928,0.9989690913687845,0.0010309086312154658,1.0,0.0017240506268511036,0.0034120893292289844,0.00188417007261088,0.006653709569177435,0.039060618225612215,0.039015955733296456,0.03794091555882645,0.0,0.0,0.00885542533853491,0.030205192887077306,0.030160530394761548,0.02908549022029154,4.466249231575847e-05,0.0014786362226762995,0.0011197026667857657,0.03706987308347265,0.039060618225612215,0.042449293829676306,0.03343822001475625,0.0,0.0,0.00885542533853491,0.030205192887077306,0.0335938684911414,0.02458279467622134,-0.003388675604064091,-0.11218851065552604,0.005622398210855965,0.186140119411765
49,2000,5,1.0,1.0,1.0,1.0,3,False,10,0.6,0.156,0.494,0.00885542533853491,baseline_oracle_kmeans,,0.39963786515824906,0.6656361408208001,0.6656361408208002,0.29301201811134187,0.9882341175293999,0.6622206180156476,0.6478222512187964,0.021302648855430154,0.9786973511445698,1.0,0.39568756435814445,0.19698540617175564,0.008932497037837273,0.012224826792700427,0.039060618225612215,0.030102419211972195,0.015449909079170434,0.0,0.0,0.00885542533853491,0.030205192887077306,0.021246993873437287,0.006594483740635523,0.00895819901364002,0.2965781098346373,0.023610709146441783,0.7816771518298483,0.039060618225612215,0.042449293829676306,0.03343822001475625,0.0,0.0,0.00885542533853491,0.030205192887077306,0.0335938684911414,0.02458279467622134,-0.003388675604064091,-0.11218851065552604,0.005622398210855965,0.186140119411765
49,2000,5,1.0,1.0,1.0,1.0,3,False,10,0.6,0.156,0.494,0.00885542533853491,baseline_oracle_quantile,,0.09911679054690659,0.3241404181807212,0.3241404181807212,0.8965042890552868,0.0031530811331849096,0.004872290025007086,0.30150988673782625,0.9976500189960275,0.0023499810039725455,0.8636541635087224,0.4430357856686049,0.35960004546269675,0.014161425776989423,0.008577293085778481,0.039060618225612215,0.037358400455282825,0.03689346620577316,0.0,0.0,0.00885542533853491,0.030205192887077306,0.028502975116747917,0.028038040867238254,0.0017022177703293895,0.05635513657181945,0.0021671520198390526,0.0717476636531007,0.039060618225612215,0.042449293829676306,0.03343822001475625,0.0,0.0,0.00885542533853491,0.030205192887077306,0.0335938684911414,0.02458279467622134,-0.003388675604064091,-0.11218851065552604,0.005622398210855965,0.186140119411765
